path,label,source_wav,window_index,shape,start_sec,duration_sec
background/background_20260701_183332_842751_0000_00.npy,background,background/background_20260701_183332_842751_0000.wav,0,64x26,0.0,0.25
background/background_20260701_183332_842751_0000_01.npy,background,background/background_20260701_183332_842751_0000.wav,1,64x26,0.25,0.25
background/background_20260701_183332_842751_0000_02.npy,background,background/background_20260701_183332_842751_0000.wav,2,64x26,0.5,0.25
background/background_20260701_183332_842751_0000_03.npy,background,background/background_20260701_183332_842751_0000.wav,3,64x26,0.75,0.25
background/background_20260701_183332_842751_0000_04.npy,background,background/background_20260701_183332_842751_0000.wav,4,64x26,1.0,0.25
background/background_20260701_183332_842751_0000_05.npy,background,background/background_20260701_183332_842751_0000.wav,5,64x26,1.25,0.25
background/background_20260701_183332_842751_0000_06.npy,background,background/background_20260701_183332_842751_0000.wav,6,64x26,1.5,0.25
background/background_20260701_183332_842751_0000_07.npy,background,background/background_20260701_183332_842751_0000.wav,7,64x26,1.75,0.25
background/background_20260701_183332_842751_0000_08.npy,background,background/background_20260701_183332_842751_0000.wav,8,64x26,2.0,0.25
background/background_20260701_183332_842751_0000_09.npy,background,background/background_20260701_183332_842751_0000.wav,9,64x26,2.25,0.25
background/background_20260701_183332_842751_0000_10.npy,background,background/background_20260701_183332_842751_0000.wav,10,64x26,2.5,0.25
background/background_20260701_183332_842751_0000_11.npy,background,background/background_20260701_183332_842751_0000.wav,11,64x26,2.75,0.25
background/background_20260701_183332_842751_0000_12.npy,background,background/background_20260701_183332_842751_0000.wav,12,64x26,3.0,0.25
background/background_20260701_183332_842751_0000_13.npy,background,background/background_20260701_183332_842751_0000.wav,13,64x26,3.25,0.25
background/background_20260701_183332_842751_0000_14.npy,background,background/background_20260701_183332_842751_0000.wav,14,64x26,3.5,0.25
background/background_20260701_183332_842751_0000_15.npy,background,background/background_20260701_183332_842751_0000.wav,15,64x26,3.75,0.25
background/background_20260701_183332_842751_0000_16.npy,background,background/background_20260701_183332_842751_0000.wav,16,64x26,4.0,0.25
background/background_20260701_183332_842751_0000_17.npy,background,background/background_20260701_183332_842751_0000.wav,17,64x26,4.25,0.25
background/background_20260701_183332_842751_0000_18.npy,background,background/background_20260701_183332_842751_0000.wav,18,64x26,4.5,0.25
background/background_20260701_183332_842751_0000_19.npy,background,background/background_20260701_183332_842751_0000.wav,19,64x26,4.75,0.25
background/background_20260701_183337_845701_0001_00.npy,background,background/background_20260701_183337_845701_0001.wav,0,64x26,0.0,0.25
background/background_20260701_183337_845701_0001_01.npy,background,background/background_20260701_183337_845701_0001.wav,1,64x26,0.25,0.25
background/background_20260701_183337_845701_0001_02.npy,background,background/background_20260701_183337_845701_0001.wav,2,64x26,0.5,0.25
background/background_20260701_183337_845701_0001_03.npy,background,background/background_20260701_183337_845701_0001.wav,3,64x26,0.75,0.25
background/background_20260701_183337_845701_0001_04.npy,background,background/background_20260701_183337_845701_0001.wav,4,64x26,1.0,0.25
background/background_20260701_183337_845701_0001_05.npy,background,background/background_20260701_183337_845701_0001.wav,5,64x26,1.25,0.25
background/background_20260701_183337_845701_0001_06.npy,background,background/background_20260701_183337_845701_0001.wav,6,64x26,1.5,0.25
background/background_20260701_183337_845701_0001_07.npy,background,background/background_20260701_183337_845701_0001.wav,7,64x26,1.75,0.25
background/background_20260701_183337_845701_0001_08.npy,background,background/background_20260701_183337_845701_0001.wav,8,64x26,2.0,0.25
background/background_20260701_183337_845701_0001_09.npy,background,background/background_20260701_183337_845701_0001.wav,9,64x26,2.25,0.25
background/background_20260701_183337_845701_0001_10.npy,background,background/background_20260701_183337_845701_0001.wav,10,64x26,2.5,0.25
background/background_20260701_183337_845701_0001_11.npy,background,background/background_20260701_183337_845701_0001.wav,11,64x26,2.75,0.25
background/background_20260701_183337_845701_0001_12.npy,background,background/background_20260701_183337_845701_0001.wav,12,64x26,3.0,0.25
background/background_20260701_183337_845701_0001_13.npy,background,background/background_20260701_183337_845701_0001.wav,13,64x26,3.25,0.25
background/background_20260701_183337_845701_0001_14.npy,background,background/background_20260701_183337_845701_0001.wav,14,64x26,3.5,0.25
background/background_20260701_183337_845701_0001_15.npy,background,background/background_20260701_183337_845701_0001.wav,15,64x26,3.75,0.25
background/background_20260701_183337_845701_0001_16.npy,background,background/background_20260701_183337_845701_0001.wav,16,64x26,4.0,0.25
background/background_20260701_183337_845701_0001_17.npy,background,background/background_20260701_183337_845701_0001.wav,17,64x26,4.25,0.25
background/background_20260701_183337_845701_0001_18.npy,background,background/background_20260701_183337_845701_0001.wav,18,64x26,4.5,0.25
background/background_20260701_183337_845701_0001_19.npy,background,background/background_20260701_183337_845701_0001.wav,19,64x26,4.75,0.25
background/background_20260701_183342_848291_0002_00.npy,background,background/background_20260701_183342_848291_0002.wav,0,64x26,0.0,0.25
background/background_20260701_183342_848291_0002_01.npy,background,background/background_20260701_183342_848291_0002.wav,1,64x26,0.25,0.25
background/background_20260701_183342_848291_0002_02.npy,background,background/background_20260701_183342_848291_0002.wav,2,64x26,0.5,0.25
background/background_20260701_183342_848291_0002_03.npy,background,background/background_20260701_183342_848291_0002.wav,3,64x26,0.75,0.25
background/background_20260701_183342_848291_0002_04.npy,background,background/background_20260701_183342_848291_0002.wav,4,64x26,1.0,0.25
background/background_20260701_183342_848291_0002_05.npy,background,background/background_20260701_183342_848291_0002.wav,5,64x26,1.25,0.25
background/background_20260701_183342_848291_0002_06.npy,background,background/background_20260701_183342_848291_0002.wav,6,64x26,1.5,0.25
background/background_20260701_183342_848291_0002_07.npy,background,background/background_20260701_183342_848291_0002.wav,7,64x26,1.75,0.25
background/background_20260701_183342_848291_0002_08.npy,background,background/background_20260701_183342_848291_0002.wav,8,64x26,2.0,0.25
background/background_20260701_183342_848291_0002_09.npy,background,background/background_20260701_183342_848291_0002.wav,9,64x26,2.25,0.25
background/background_20260701_183342_848291_0002_10.npy,background,background/background_20260701_183342_848291_0002.wav,10,64x26,2.5,0.25
background/background_20260701_183342_848291_0002_11.npy,background,background/background_20260701_183342_848291_0002.wav,11,64x26,2.75,0.25
background/background_20260701_183342_848291_0002_12.npy,background,background/background_20260701_183342_848291_0002.wav,12,64x26,3.0,0.25
background/background_20260701_183342_848291_0002_13.npy,background,background/background_20260701_183342_848291_0002.wav,13,64x26,3.25,0.25
background/background_20260701_183342_848291_0002_14.npy,background,background/background_20260701_183342_848291_0002.wav,14,64x26,3.5,0.25
background/background_20260701_183342_848291_0002_15.npy,background,background/background_20260701_183342_848291_0002.wav,15,64x26,3.75,0.25
background/background_20260701_183342_848291_0002_16.npy,background,background/background_20260701_183342_848291_0002.wav,16,64x26,4.0,0.25
background/background_20260701_183342_848291_0002_17.npy,background,background/background_20260701_183342_848291_0002.wav,17,64x26,4.25,0.25
background/background_20260701_183342_848291_0002_18.npy,background,background/background_20260701_183342_848291_0002.wav,18,64x26,4.5,0.25
background/background_20260701_183342_848291_0002_19.npy,background,background/background_20260701_183342_848291_0002.wav,19,64x26,4.75,0.25
background/background_20260701_183347_851357_0003_00.npy,background,background/background_20260701_183347_851357_0003.wav,0,64x26,0.0,0.25
background/background_20260701_183347_851357_0003_01.npy,background,background/background_20260701_183347_851357_0003.wav,1,64x26,0.25,0.25
background/background_20260701_183347_851357_0003_02.npy,background,background/background_20260701_183347_851357_0003.wav,2,64x26,0.5,0.25
background/background_20260701_183347_851357_0003_03.npy,background,background/background_20260701_183347_851357_0003.wav,3,64x26,0.75,0.25
background/background_20260701_183347_851357_0003_04.npy,background,background/background_20260701_183347_851357_0003.wav,4,64x26,1.0,0.25
background/background_20260701_183347_851357_0003_05.npy,background,background/background_20260701_183347_851357_0003.wav,5,64x26,1.25,0.25
background/background_20260701_183347_851357_0003_06.npy,background,background/background_20260701_183347_851357_0003.wav,6,64x26,1.5,0.25
background/background_20260701_183347_851357_0003_07.npy,background,background/background_20260701_183347_851357_0003.wav,7,64x26,1.75,0.25
background/background_20260701_183347_851357_0003_08.npy,background,background/background_20260701_183347_851357_0003.wav,8,64x26,2.0,0.25
background/background_20260701_183347_851357_0003_09.npy,background,background/background_20260701_183347_851357_0003.wav,9,64x26,2.25,0.25
background/background_20260701_183347_851357_0003_10.npy,background,background/background_20260701_183347_851357_0003.wav,10,64x26,2.5,0.25
background/background_20260701_183347_851357_0003_11.npy,background,background/background_20260701_183347_851357_0003.wav,11,64x26,2.75,0.25
background/background_20260701_183347_851357_0003_12.npy,background,background/background_20260701_183347_851357_0003.wav,12,64x26,3.0,0.25
background/background_20260701_183347_851357_0003_13.npy,background,background/background_20260701_183347_851357_0003.wav,13,64x26,3.25,0.25
background/background_20260701_183347_851357_0003_14.npy,background,background/background_20260701_183347_851357_0003.wav,14,64x26,3.5,0.25
background/background_20260701_183347_851357_0003_15.npy,background,background/background_20260701_183347_851357_0003.wav,15,64x26,3.75,0.25
background/background_20260701_183347_851357_0003_16.npy,background,background/background_20260701_183347_851357_0003.wav,16,64x26,4.0,0.25
background/background_20260701_183347_851357_0003_17.npy,background,background/background_20260701_183347_851357_0003.wav,17,64x26,4.25,0.25
background/background_20260701_183347_851357_0003_18.npy,background,background/background_20260701_183347_851357_0003.wav,18,64x26,4.5,0.25
background/background_20260701_183347_851357_0003_19.npy,background,background/background_20260701_183347_851357_0003.wav,19,64x26,4.75,0.25
background/background_20260701_183352_854278_0004_00.npy,background,background/background_20260701_183352_854278_0004.wav,0,64x26,0.0,0.25
background/background_20260701_183352_854278_0004_01.npy,background,background/background_20260701_183352_854278_0004.wav,1,64x26,0.25,0.25
background/background_20260701_183352_854278_0004_02.npy,background,background/background_20260701_183352_854278_0004.wav,2,64x26,0.5,0.25
background/background_20260701_183352_854278_0004_03.npy,background,background/background_20260701_183352_854278_0004.wav,3,64x26,0.75,0.25
background/background_20260701_183352_854278_0004_04.npy,background,background/background_20260701_183352_854278_0004.wav,4,64x26,1.0,0.25
background/background_20260701_183352_854278_0004_05.npy,background,background/background_20260701_183352_854278_0004.wav,5,64x26,1.25,0.25
background/background_20260701_183352_854278_0004_06.npy,background,background/background_20260701_183352_854278_0004.wav,6,64x26,1.5,0.25
background/background_20260701_183352_854278_0004_07.npy,background,background/background_20260701_183352_854278_0004.wav,7,64x26,1.75,0.25
background/background_20260701_183352_854278_0004_08.npy,background,background/background_20260701_183352_854278_0004.wav,8,64x26,2.0,0.25
background/background_20260701_183352_854278_0004_09.npy,background,background/background_20260701_183352_854278_0004.wav,9,64x26,2.25,0.25
background/background_20260701_183352_854278_0004_10.npy,background,background/background_20260701_183352_854278_0004.wav,10,64x26,2.5,0.25
background/background_20260701_183352_854278_0004_11.npy,background,background/background_20260701_183352_854278_0004.wav,11,64x26,2.75,0.25
background/background_20260701_183352_854278_0004_12.npy,background,background/background_20260701_183352_854278_0004.wav,12,64x26,3.0,0.25
background/background_20260701_183352_854278_0004_13.npy,background,background/background_20260701_183352_854278_0004.wav,13,64x26,3.25,0.25
background/background_20260701_183352_854278_0004_14.npy,background,background/background_20260701_183352_854278_0004.wav,14,64x26,3.5,0.25
background/background_20260701_183352_854278_0004_15.npy,background,background/background_20260701_183352_854278_0004.wav,15,64x26,3.75,0.25
background/background_20260701_183352_854278_0004_16.npy,background,background/background_20260701_183352_854278_0004.wav,16,64x26,4.0,0.25
background/background_20260701_183352_854278_0004_17.npy,background,background/background_20260701_183352_854278_0004.wav,17,64x26,4.25,0.25
background/background_20260701_183352_854278_0004_18.npy,background,background/background_20260701_183352_854278_0004.wav,18,64x26,4.5,0.25
background/background_20260701_183352_854278_0004_19.npy,background,background/background_20260701_183352_854278_0004.wav,19,64x26,4.75,0.25
background/background_20260701_183357_857197_0005_00.npy,background,background/background_20260701_183357_857197_0005.wav,0,64x26,0.0,0.25
background/background_20260701_183357_857197_0005_01.npy,background,background/background_20260701_183357_857197_0005.wav,1,64x26,0.25,0.25
background/background_20260701_183357_857197_0005_02.npy,background,background/background_20260701_183357_857197_0005.wav,2,64x26,0.5,0.25
background/background_20260701_183357_857197_0005_03.npy,background,background/background_20260701_183357_857197_0005.wav,3,64x26,0.75,0.25
background/background_20260701_183357_857197_0005_04.npy,background,background/background_20260701_183357_857197_0005.wav,4,64x26,1.0,0.25
background/background_20260701_183357_857197_0005_05.npy,background,background/background_20260701_183357_857197_0005.wav,5,64x26,1.25,0.25
background/background_20260701_183357_857197_0005_06.npy,background,background/background_20260701_183357_857197_0005.wav,6,64x26,1.5,0.25
background/background_20260701_183357_857197_0005_07.npy,background,background/background_20260701_183357_857197_0005.wav,7,64x26,1.75,0.25
background/background_20260701_183357_857197_0005_08.npy,background,background/background_20260701_183357_857197_0005.wav,8,64x26,2.0,0.25
background/background_20260701_183357_857197_0005_09.npy,background,background/background_20260701_183357_857197_0005.wav,9,64x26,2.25,0.25
background/background_20260701_183357_857197_0005_10.npy,background,background/background_20260701_183357_857197_0005.wav,10,64x26,2.5,0.25
background/background_20260701_183357_857197_0005_11.npy,background,background/background_20260701_183357_857197_0005.wav,11,64x26,2.75,0.25
background/background_20260701_183357_857197_0005_12.npy,background,background/background_20260701_183357_857197_0005.wav,12,64x26,3.0,0.25
background/background_20260701_183357_857197_0005_13.npy,background,background/background_20260701_183357_857197_0005.wav,13,64x26,3.25,0.25
background/background_20260701_183357_857197_0005_14.npy,background,background/background_20260701_183357_857197_0005.wav,14,64x26,3.5,0.25
background/background_20260701_183357_857197_0005_15.npy,background,background/background_20260701_183357_857197_0005.wav,15,64x26,3.75,0.25
background/background_20260701_183357_857197_0005_16.npy,background,background/background_20260701_183357_857197_0005.wav,16,64x26,4.0,0.25
background/background_20260701_183357_857197_0005_17.npy,background,background/background_20260701_183357_857197_0005.wav,17,64x26,4.25,0.25
background/background_20260701_183357_857197_0005_18.npy,background,background/background_20260701_183357_857197_0005.wav,18,64x26,4.5,0.25
background/background_20260701_183357_857197_0005_19.npy,background,background/background_20260701_183357_857197_0005.wav,19,64x26,4.75,0.25
background/background_20260701_183402_860122_0006_00.npy,background,background/background_20260701_183402_860122_0006.wav,0,64x26,0.0,0.25
background/background_20260701_183402_860122_0006_01.npy,background,background/background_20260701_183402_860122_0006.wav,1,64x26,0.25,0.25
background/background_20260701_183402_860122_0006_02.npy,background,background/background_20260701_183402_860122_0006.wav,2,64x26,0.5,0.25
background/background_20260701_183402_860122_0006_03.npy,background,background/background_20260701_183402_860122_0006.wav,3,64x26,0.75,0.25
background/background_20260701_183402_860122_0006_04.npy,background,background/background_20260701_183402_860122_0006.wav,4,64x26,1.0,0.25
background/background_20260701_183402_860122_0006_05.npy,background,background/background_20260701_183402_860122_0006.wav,5,64x26,1.25,0.25
background/background_20260701_183402_860122_0006_06.npy,background,background/background_20260701_183402_860122_0006.wav,6,64x26,1.5,0.25
background/background_20260701_183402_860122_0006_07.npy,background,background/background_20260701_183402_860122_0006.wav,7,64x26,1.75,0.25
background/background_20260701_183402_860122_0006_08.npy,background,background/background_20260701_183402_860122_0006.wav,8,64x26,2.0,0.25
background/background_20260701_183402_860122_0006_09.npy,background,background/background_20260701_183402_860122_0006.wav,9,64x26,2.25,0.25
background/background_20260701_183402_860122_0006_10.npy,background,background/background_20260701_183402_860122_0006.wav,10,64x26,2.5,0.25
background/background_20260701_183402_860122_0006_11.npy,background,background/background_20260701_183402_860122_0006.wav,11,64x26,2.75,0.25
background/background_20260701_183402_860122_0006_12.npy,background,background/background_20260701_183402_860122_0006.wav,12,64x26,3.0,0.25
background/background_20260701_183402_860122_0006_13.npy,background,background/background_20260701_183402_860122_0006.wav,13,64x26,3.25,0.25
background/background_20260701_183402_860122_0006_14.npy,background,background/background_20260701_183402_860122_0006.wav,14,64x26,3.5,0.25
background/background_20260701_183402_860122_0006_15.npy,background,background/background_20260701_183402_860122_0006.wav,15,64x26,3.75,0.25
background/background_20260701_183402_860122_0006_16.npy,background,background/background_20260701_183402_860122_0006.wav,16,64x26,4.0,0.25
background/background_20260701_183402_860122_0006_17.npy,background,background/background_20260701_183402_860122_0006.wav,17,64x26,4.25,0.25
background/background_20260701_183402_860122_0006_18.npy,background,background/background_20260701_183402_860122_0006.wav,18,64x26,4.5,0.25
background/background_20260701_183402_860122_0006_19.npy,background,background/background_20260701_183402_860122_0006.wav,19,64x26,4.75,0.25
background/background_20260701_183407_863025_0007_00.npy,background,background/background_20260701_183407_863025_0007.wav,0,64x26,0.0,0.25
background/background_20260701_183407_863025_0007_01.npy,background,background/background_20260701_183407_863025_0007.wav,1,64x26,0.25,0.25
background/background_20260701_183407_863025_0007_02.npy,background,background/background_20260701_183407_863025_0007.wav,2,64x26,0.5,0.25
background/background_20260701_183407_863025_0007_03.npy,background,background/background_20260701_183407_863025_0007.wav,3,64x26,0.75,0.25
background/background_20260701_183407_863025_0007_04.npy,background,background/background_20260701_183407_863025_0007.wav,4,64x26,1.0,0.25
background/background_20260701_183407_863025_0007_05.npy,background,background/background_20260701_183407_863025_0007.wav,5,64x26,1.25,0.25
background/background_20260701_183407_863025_0007_06.npy,background,background/background_20260701_183407_863025_0007.wav,6,64x26,1.5,0.25
background/background_20260701_183407_863025_0007_07.npy,background,background/background_20260701_183407_863025_0007.wav,7,64x26,1.75,0.25
background/background_20260701_183407_863025_0007_08.npy,background,background/background_20260701_183407_863025_0007.wav,8,64x26,2.0,0.25
background/background_20260701_183407_863025_0007_09.npy,background,background/background_20260701_183407_863025_0007.wav,9,64x26,2.25,0.25
background/background_20260701_183407_863025_0007_10.npy,background,background/background_20260701_183407_863025_0007.wav,10,64x26,2.5,0.25
background/background_20260701_183407_863025_0007_11.npy,background,background/background_20260701_183407_863025_0007.wav,11,64x26,2.75,0.25
background/background_20260701_183407_863025_0007_12.npy,background,background/background_20260701_183407_863025_0007.wav,12,64x26,3.0,0.25
background/background_20260701_183407_863025_0007_13.npy,background,background/background_20260701_183407_863025_0007.wav,13,64x26,3.25,0.25
background/background_20260701_183407_863025_0007_14.npy,background,background/background_20260701_183407_863025_0007.wav,14,64x26,3.5,0.25
background/background_20260701_183407_863025_0007_15.npy,background,background/background_20260701_183407_863025_0007.wav,15,64x26,3.75,0.25
background/background_20260701_183407_863025_0007_16.npy,background,background/background_20260701_183407_863025_0007.wav,16,64x26,4.0,0.25
background/background_20260701_183407_863025_0007_17.npy,background,background/background_20260701_183407_863025_0007.wav,17,64x26,4.25,0.25
background/background_20260701_183407_863025_0007_18.npy,background,background/background_20260701_183407_863025_0007.wav,18,64x26,4.5,0.25
background/background_20260701_183407_863025_0007_19.npy,background,background/background_20260701_183407_863025_0007.wav,19,64x26,4.75,0.25
background/background_20260701_183412_865928_0008_00.npy,background,background/background_20260701_183412_865928_0008.wav,0,64x26,0.0,0.25
background/background_20260701_183412_865928_0008_01.npy,background,background/background_20260701_183412_865928_0008.wav,1,64x26,0.25,0.25
background/background_20260701_183412_865928_0008_02.npy,background,background/background_20260701_183412_865928_0008.wav,2,64x26,0.5,0.25
background/background_20260701_183412_865928_0008_03.npy,background,background/background_20260701_183412_865928_0008.wav,3,64x26,0.75,0.25
background/background_20260701_183412_865928_0008_04.npy,background,background/background_20260701_183412_865928_0008.wav,4,64x26,1.0,0.25
background/background_20260701_183412_865928_0008_05.npy,background,background/background_20260701_183412_865928_0008.wav,5,64x26,1.25,0.25
background/background_20260701_183412_865928_0008_06.npy,background,background/background_20260701_183412_865928_0008.wav,6,64x26,1.5,0.25
background/background_20260701_183412_865928_0008_07.npy,background,background/background_20260701_183412_865928_0008.wav,7,64x26,1.75,0.25
background/background_20260701_183412_865928_0008_08.npy,background,background/background_20260701_183412_865928_0008.wav,8,64x26,2.0,0.25
background/background_20260701_183412_865928_0008_09.npy,background,background/background_20260701_183412_865928_0008.wav,9,64x26,2.25,0.25
background/background_20260701_183412_865928_0008_10.npy,background,background/background_20260701_183412_865928_0008.wav,10,64x26,2.5,0.25
background/background_20260701_183412_865928_0008_11.npy,background,background/background_20260701_183412_865928_0008.wav,11,64x26,2.75,0.25
background/background_20260701_183412_865928_0008_12.npy,background,background/background_20260701_183412_865928_0008.wav,12,64x26,3.0,0.25
background/background_20260701_183412_865928_0008_13.npy,background,background/background_20260701_183412_865928_0008.wav,13,64x26,3.25,0.25
background/background_20260701_183412_865928_0008_14.npy,background,background/background_20260701_183412_865928_0008.wav,14,64x26,3.5,0.25
background/background_20260701_183412_865928_0008_15.npy,background,background/background_20260701_183412_865928_0008.wav,15,64x26,3.75,0.25
background/background_20260701_183412_865928_0008_16.npy,background,background/background_20260701_183412_865928_0008.wav,16,64x26,4.0,0.25
background/background_20260701_183412_865928_0008_17.npy,background,background/background_20260701_183412_865928_0008.wav,17,64x26,4.25,0.25
background/background_20260701_183412_865928_0008_18.npy,background,background/background_20260701_183412_865928_0008.wav,18,64x26,4.5,0.25
background/background_20260701_183412_865928_0008_19.npy,background,background/background_20260701_183412_865928_0008.wav,19,64x26,4.75,0.25
background/background_20260701_183417_868843_0009_00.npy,background,background/background_20260701_183417_868843_0009.wav,0,64x26,0.0,0.25
background/background_20260701_183417_868843_0009_01.npy,background,background/background_20260701_183417_868843_0009.wav,1,64x26,0.25,0.25
background/background_20260701_183417_868843_0009_02.npy,background,background/background_20260701_183417_868843_0009.wav,2,64x26,0.5,0.25
background/background_20260701_183417_868843_0009_03.npy,background,background/background_20260701_183417_868843_0009.wav,3,64x26,0.75,0.25
background/background_20260701_183417_868843_0009_04.npy,background,background/background_20260701_183417_868843_0009.wav,4,64x26,1.0,0.25
background/background_20260701_183417_868843_0009_05.npy,background,background/background_20260701_183417_868843_0009.wav,5,64x26,1.25,0.25
background/background_20260701_183417_868843_0009_06.npy,background,background/background_20260701_183417_868843_0009.wav,6,64x26,1.5,0.25
background/background_20260701_183417_868843_0009_07.npy,background,background/background_20260701_183417_868843_0009.wav,7,64x26,1.75,0.25
background/background_20260701_183417_868843_0009_08.npy,background,background/background_20260701_183417_868843_0009.wav,8,64x26,2.0,0.25
background/background_20260701_183417_868843_0009_09.npy,background,background/background_20260701_183417_868843_0009.wav,9,64x26,2.25,0.25
background/background_20260701_183417_868843_0009_10.npy,background,background/background_20260701_183417_868843_0009.wav,10,64x26,2.5,0.25
background/background_20260701_183417_868843_0009_11.npy,background,background/background_20260701_183417_868843_0009.wav,11,64x26,2.75,0.25
background/background_20260701_183417_868843_0009_12.npy,background,background/background_20260701_183417_868843_0009.wav,12,64x26,3.0,0.25
background/background_20260701_183417_868843_0009_13.npy,background,background/background_20260701_183417_868843_0009.wav,13,64x26,3.25,0.25
background/background_20260701_183417_868843_0009_14.npy,background,background/background_20260701_183417_868843_0009.wav,14,64x26,3.5,0.25
background/background_20260701_183417_868843_0009_15.npy,background,background/background_20260701_183417_868843_0009.wav,15,64x26,3.75,0.25
background/background_20260701_183417_868843_0009_16.npy,background,background/background_20260701_183417_868843_0009.wav,16,64x26,4.0,0.25
background/background_20260701_183417_868843_0009_17.npy,background,background/background_20260701_183417_868843_0009.wav,17,64x26,4.25,0.25
background/background_20260701_183417_868843_0009_18.npy,background,background/background_20260701_183417_868843_0009.wav,18,64x26,4.5,0.25
background/background_20260701_183417_868843_0009_19.npy,background,background/background_20260701_183417_868843_0009.wav,19,64x26,4.75,0.25
background/background_20260701_183422_871762_0010_00.npy,background,background/background_20260701_183422_871762_0010.wav,0,64x26,0.0,0.25
background/background_20260701_183422_871762_0010_01.npy,background,background/background_20260701_183422_871762_0010.wav,1,64x26,0.25,0.25
background/background_20260701_183422_871762_0010_02.npy,background,background/background_20260701_183422_871762_0010.wav,2,64x26,0.5,0.25
background/background_20260701_183422_871762_0010_03.npy,background,background/background_20260701_183422_871762_0010.wav,3,64x26,0.75,0.25
background/background_20260701_183422_871762_0010_04.npy,background,background/background_20260701_183422_871762_0010.wav,4,64x26,1.0,0.25
background/background_20260701_183422_871762_0010_05.npy,background,background/background_20260701_183422_871762_0010.wav,5,64x26,1.25,0.25
background/background_20260701_183422_871762_0010_06.npy,background,background/background_20260701_183422_871762_0010.wav,6,64x26,1.5,0.25
background/background_20260701_183422_871762_0010_07.npy,background,background/background_20260701_183422_871762_0010.wav,7,64x26,1.75,0.25
background/background_20260701_183422_871762_0010_08.npy,background,background/background_20260701_183422_871762_0010.wav,8,64x26,2.0,0.25
background/background_20260701_183422_871762_0010_09.npy,background,background/background_20260701_183422_871762_0010.wav,9,64x26,2.25,0.25
background/background_20260701_183422_871762_0010_10.npy,background,background/background_20260701_183422_871762_0010.wav,10,64x26,2.5,0.25
background/background_20260701_183422_871762_0010_11.npy,background,background/background_20260701_183422_871762_0010.wav,11,64x26,2.75,0.25
background/background_20260701_183422_871762_0010_12.npy,background,background/background_20260701_183422_871762_0010.wav,12,64x26,3.0,0.25
background/background_20260701_183422_871762_0010_13.npy,background,background/background_20260701_183422_871762_0010.wav,13,64x26,3.25,0.25
background/background_20260701_183422_871762_0010_14.npy,background,background/background_20260701_183422_871762_0010.wav,14,64x26,3.5,0.25
background/background_20260701_183422_871762_0010_15.npy,background,background/background_20260701_183422_871762_0010.wav,15,64x26,3.75,0.25
background/background_20260701_183422_871762_0010_16.npy,background,background/background_20260701_183422_871762_0010.wav,16,64x26,4.0,0.25
background/background_20260701_183422_871762_0010_17.npy,background,background/background_20260701_183422_871762_0010.wav,17,64x26,4.25,0.25
background/background_20260701_183422_871762_0010_18.npy,background,background/background_20260701_183422_871762_0010.wav,18,64x26,4.5,0.25
background/background_20260701_183422_871762_0010_19.npy,background,background/background_20260701_183422_871762_0010.wav,19,64x26,4.75,0.25
background/background_20260701_183427_874675_0011_00.npy,background,background/background_20260701_183427_874675_0011.wav,0,64x26,0.0,0.25
background/background_20260701_183427_874675_0011_01.npy,background,background/background_20260701_183427_874675_0011.wav,1,64x26,0.25,0.25
background/background_20260701_183427_874675_0011_02.npy,background,background/background_20260701_183427_874675_0011.wav,2,64x26,0.5,0.25
background/background_20260701_183427_874675_0011_03.npy,background,background/background_20260701_183427_874675_0011.wav,3,64x26,0.75,0.25
background/background_20260701_183427_874675_0011_04.npy,background,background/background_20260701_183427_874675_0011.wav,4,64x26,1.0,0.25
background/background_20260701_183427_874675_0011_05.npy,background,background/background_20260701_183427_874675_0011.wav,5,64x26,1.25,0.25
background/background_20260701_183427_874675_0011_06.npy,background,background/background_20260701_183427_874675_0011.wav,6,64x26,1.5,0.25
background/background_20260701_183427_874675_0011_07.npy,background,background/background_20260701_183427_874675_0011.wav,7,64x26,1.75,0.25
background/background_20260701_183427_874675_0011_08.npy,background,background/background_20260701_183427_874675_0011.wav,8,64x26,2.0,0.25
background/background_20260701_183427_874675_0011_09.npy,background,background/background_20260701_183427_874675_0011.wav,9,64x26,2.25,0.25
background/background_20260701_183427_874675_0011_10.npy,background,background/background_20260701_183427_874675_0011.wav,10,64x26,2.5,0.25
background/background_20260701_183427_874675_0011_11.npy,background,background/background_20260701_183427_874675_0011.wav,11,64x26,2.75,0.25
background/background_20260701_183427_874675_0011_12.npy,background,background/background_20260701_183427_874675_0011.wav,12,64x26,3.0,0.25
background/background_20260701_183427_874675_0011_13.npy,background,background/background_20260701_183427_874675_0011.wav,13,64x26,3.25,0.25
background/background_20260701_183427_874675_0011_14.npy,background,background/background_20260701_183427_874675_0011.wav,14,64x26,3.5,0.25
background/background_20260701_183427_874675_0011_15.npy,background,background/background_20260701_183427_874675_0011.wav,15,64x26,3.75,0.25
background/background_20260701_183427_874675_0011_16.npy,background,background/background_20260701_183427_874675_0011.wav,16,64x26,4.0,0.25
background/background_20260701_183427_874675_0011_17.npy,background,background/background_20260701_183427_874675_0011.wav,17,64x26,4.25,0.25
background/background_20260701_183427_874675_0011_18.npy,background,background/background_20260701_183427_874675_0011.wav,18,64x26,4.5,0.25
background/background_20260701_183427_874675_0011_19.npy,background,background/background_20260701_183427_874675_0011.wav,19,64x26,4.75,0.25
background/background_20260701_183432_877599_0012_00.npy,background,background/background_20260701_183432_877599_0012.wav,0,64x26,0.0,0.25
background/background_20260701_183432_877599_0012_01.npy,background,background/background_20260701_183432_877599_0012.wav,1,64x26,0.25,0.25
background/background_20260701_183432_877599_0012_02.npy,background,background/background_20260701_183432_877599_0012.wav,2,64x26,0.5,0.25
background/background_20260701_183432_877599_0012_03.npy,background,background/background_20260701_183432_877599_0012.wav,3,64x26,0.75,0.25
background/background_20260701_183432_877599_0012_04.npy,background,background/background_20260701_183432_877599_0012.wav,4,64x26,1.0,0.25
background/background_20260701_183432_877599_0012_05.npy,background,background/background_20260701_183432_877599_0012.wav,5,64x26,1.25,0.25
background/background_20260701_183432_877599_0012_06.npy,background,background/background_20260701_183432_877599_0012.wav,6,64x26,1.5,0.25
background/background_20260701_183432_877599_0012_07.npy,background,background/background_20260701_183432_877599_0012.wav,7,64x26,1.75,0.25
background/background_20260701_183432_877599_0012_08.npy,background,background/background_20260701_183432_877599_0012.wav,8,64x26,2.0,0.25
background/background_20260701_183432_877599_0012_09.npy,background,background/background_20260701_183432_877599_0012.wav,9,64x26,2.25,0.25
background/background_20260701_183432_877599_0012_10.npy,background,background/background_20260701_183432_877599_0012.wav,10,64x26,2.5,0.25
background/background_20260701_183432_877599_0012_11.npy,background,background/background_20260701_183432_877599_0012.wav,11,64x26,2.75,0.25
background/background_20260701_183432_877599_0012_12.npy,background,background/background_20260701_183432_877599_0012.wav,12,64x26,3.0,0.25
background/background_20260701_183432_877599_0012_13.npy,background,background/background_20260701_183432_877599_0012.wav,13,64x26,3.25,0.25
background/background_20260701_183432_877599_0012_14.npy,background,background/background_20260701_183432_877599_0012.wav,14,64x26,3.5,0.25
background/background_20260701_183432_877599_0012_15.npy,background,background/background_20260701_183432_877599_0012.wav,15,64x26,3.75,0.25
background/background_20260701_183432_877599_0012_16.npy,background,background/background_20260701_183432_877599_0012.wav,16,64x26,4.0,0.25
background/background_20260701_183432_877599_0012_17.npy,background,background/background_20260701_183432_877599_0012.wav,17,64x26,4.25,0.25
background/background_20260701_183432_877599_0012_18.npy,background,background/background_20260701_183432_877599_0012.wav,18,64x26,4.5,0.25
background/background_20260701_183432_877599_0012_19.npy,background,background/background_20260701_183432_877599_0012.wav,19,64x26,4.75,0.25
background/background_20260701_183437_880509_0013_00.npy,background,background/background_20260701_183437_880509_0013.wav,0,64x26,0.0,0.25
background/background_20260701_183437_880509_0013_01.npy,background,background/background_20260701_183437_880509_0013.wav,1,64x26,0.25,0.25
background/background_20260701_183437_880509_0013_02.npy,background,background/background_20260701_183437_880509_0013.wav,2,64x26,0.5,0.25
background/background_20260701_183437_880509_0013_03.npy,background,background/background_20260701_183437_880509_0013.wav,3,64x26,0.75,0.25
background/background_20260701_183437_880509_0013_04.npy,background,background/background_20260701_183437_880509_0013.wav,4,64x26,1.0,0.25
background/background_20260701_183437_880509_0013_05.npy,background,background/background_20260701_183437_880509_0013.wav,5,64x26,1.25,0.25
background/background_20260701_183437_880509_0013_06.npy,background,background/background_20260701_183437_880509_0013.wav,6,64x26,1.5,0.25
background/background_20260701_183437_880509_0013_07.npy,background,background/background_20260701_183437_880509_0013.wav,7,64x26,1.75,0.25
background/background_20260701_183437_880509_0013_08.npy,background,background/background_20260701_183437_880509_0013.wav,8,64x26,2.0,0.25
background/background_20260701_183437_880509_0013_09.npy,background,background/background_20260701_183437_880509_0013.wav,9,64x26,2.25,0.25
background/background_20260701_183437_880509_0013_10.npy,background,background/background_20260701_183437_880509_0013.wav,10,64x26,2.5,0.25
background/background_20260701_183437_880509_0013_11.npy,background,background/background_20260701_183437_880509_0013.wav,11,64x26,2.75,0.25
background/background_20260701_183437_880509_0013_12.npy,background,background/background_20260701_183437_880509_0013.wav,12,64x26,3.0,0.25
background/background_20260701_183437_880509_0013_13.npy,background,background/background_20260701_183437_880509_0013.wav,13,64x26,3.25,0.25
background/background_20260701_183437_880509_0013_14.npy,background,background/background_20260701_183437_880509_0013.wav,14,64x26,3.5,0.25
background/background_20260701_183437_880509_0013_15.npy,background,background/background_20260701_183437_880509_0013.wav,15,64x26,3.75,0.25
background/background_20260701_183437_880509_0013_16.npy,background,background/background_20260701_183437_880509_0013.wav,16,64x26,4.0,0.25
background/background_20260701_183437_880509_0013_17.npy,background,background/background_20260701_183437_880509_0013.wav,17,64x26,4.25,0.25
background/background_20260701_183437_880509_0013_18.npy,background,background/background_20260701_183437_880509_0013.wav,18,64x26,4.5,0.25
background/background_20260701_183437_880509_0013_19.npy,background,background/background_20260701_183437_880509_0013.wav,19,64x26,4.75,0.25
background/background_20260701_183442_883426_0014_00.npy,background,background/background_20260701_183442_883426_0014.wav,0,64x26,0.0,0.25
background/background_20260701_183442_883426_0014_01.npy,background,background/background_20260701_183442_883426_0014.wav,1,64x26,0.25,0.25
background/background_20260701_183442_883426_0014_02.npy,background,background/background_20260701_183442_883426_0014.wav,2,64x26,0.5,0.25
background/background_20260701_183442_883426_0014_03.npy,background,background/background_20260701_183442_883426_0014.wav,3,64x26,0.75,0.25
background/background_20260701_183442_883426_0014_04.npy,background,background/background_20260701_183442_883426_0014.wav,4,64x26,1.0,0.25
background/background_20260701_183442_883426_0014_05.npy,background,background/background_20260701_183442_883426_0014.wav,5,64x26,1.25,0.25
background/background_20260701_183442_883426_0014_06.npy,background,background/background_20260701_183442_883426_0014.wav,6,64x26,1.5,0.25
background/background_20260701_183442_883426_0014_07.npy,background,background/background_20260701_183442_883426_0014.wav,7,64x26,1.75,0.25
background/background_20260701_183442_883426_0014_08.npy,background,background/background_20260701_183442_883426_0014.wav,8,64x26,2.0,0.25
background/background_20260701_183442_883426_0014_09.npy,background,background/background_20260701_183442_883426_0014.wav,9,64x26,2.25,0.25
background/background_20260701_183442_883426_0014_10.npy,background,background/background_20260701_183442_883426_0014.wav,10,64x26,2.5,0.25
background/background_20260701_183442_883426_0014_11.npy,background,background/background_20260701_183442_883426_0014.wav,11,64x26,2.75,0.25
background/background_20260701_183442_883426_0014_12.npy,background,background/background_20260701_183442_883426_0014.wav,12,64x26,3.0,0.25
background/background_20260701_183442_883426_0014_13.npy,background,background/background_20260701_183442_883426_0014.wav,13,64x26,3.25,0.25
background/background_20260701_183442_883426_0014_14.npy,background,background/background_20260701_183442_883426_0014.wav,14,64x26,3.5,0.25
background/background_20260701_183442_883426_0014_15.npy,background,background/background_20260701_183442_883426_0014.wav,15,64x26,3.75,0.25
background/background_20260701_183442_883426_0014_16.npy,background,background/background_20260701_183442_883426_0014.wav,16,64x26,4.0,0.25
background/background_20260701_183442_883426_0014_17.npy,background,background/background_20260701_183442_883426_0014.wav,17,64x26,4.25,0.25
background/background_20260701_183442_883426_0014_18.npy,background,background/background_20260701_183442_883426_0014.wav,18,64x26,4.5,0.25
background/background_20260701_183442_883426_0014_19.npy,background,background/background_20260701_183442_883426_0014.wav,19,64x26,4.75,0.25
background/background_20260701_183447_886331_0015_00.npy,background,background/background_20260701_183447_886331_0015.wav,0,64x26,0.0,0.25
background/background_20260701_183447_886331_0015_01.npy,background,background/background_20260701_183447_886331_0015.wav,1,64x26,0.25,0.25
background/background_20260701_183447_886331_0015_02.npy,background,background/background_20260701_183447_886331_0015.wav,2,64x26,0.5,0.25
background/background_20260701_183447_886331_0015_03.npy,background,background/background_20260701_183447_886331_0015.wav,3,64x26,0.75,0.25
background/background_20260701_183447_886331_0015_04.npy,background,background/background_20260701_183447_886331_0015.wav,4,64x26,1.0,0.25
background/background_20260701_183447_886331_0015_05.npy,background,background/background_20260701_183447_886331_0015.wav,5,64x26,1.25,0.25
background/background_20260701_183447_886331_0015_06.npy,background,background/background_20260701_183447_886331_0015.wav,6,64x26,1.5,0.25
background/background_20260701_183447_886331_0015_07.npy,background,background/background_20260701_183447_886331_0015.wav,7,64x26,1.75,0.25
background/background_20260701_183447_886331_0015_08.npy,background,background/background_20260701_183447_886331_0015.wav,8,64x26,2.0,0.25
background/background_20260701_183447_886331_0015_09.npy,background,background/background_20260701_183447_886331_0015.wav,9,64x26,2.25,0.25
background/background_20260701_183447_886331_0015_10.npy,background,background/background_20260701_183447_886331_0015.wav,10,64x26,2.5,0.25
background/background_20260701_183447_886331_0015_11.npy,background,background/background_20260701_183447_886331_0015.wav,11,64x26,2.75,0.25
background/background_20260701_183447_886331_0015_12.npy,background,background/background_20260701_183447_886331_0015.wav,12,64x26,3.0,0.25
background/background_20260701_183447_886331_0015_13.npy,background,background/background_20260701_183447_886331_0015.wav,13,64x26,3.25,0.25
background/background_20260701_183447_886331_0015_14.npy,background,background/background_20260701_183447_886331_0015.wav,14,64x26,3.5,0.25
background/background_20260701_183447_886331_0015_15.npy,background,background/background_20260701_183447_886331_0015.wav,15,64x26,3.75,0.25
background/background_20260701_183447_886331_0015_16.npy,background,background/background_20260701_183447_886331_0015.wav,16,64x26,4.0,0.25
background/background_20260701_183447_886331_0015_17.npy,background,background/background_20260701_183447_886331_0015.wav,17,64x26,4.25,0.25
background/background_20260701_183447_886331_0015_18.npy,background,background/background_20260701_183447_886331_0015.wav,18,64x26,4.5,0.25
background/background_20260701_183447_886331_0015_19.npy,background,background/background_20260701_183447_886331_0015.wav,19,64x26,4.75,0.25
background/background_20260701_183452_889269_0016_00.npy,background,background/background_20260701_183452_889269_0016.wav,0,64x26,0.0,0.25
background/background_20260701_183452_889269_0016_01.npy,background,background/background_20260701_183452_889269_0016.wav,1,64x26,0.25,0.25
background/background_20260701_183452_889269_0016_02.npy,background,background/background_20260701_183452_889269_0016.wav,2,64x26,0.5,0.25
background/background_20260701_183452_889269_0016_03.npy,background,background/background_20260701_183452_889269_0016.wav,3,64x26,0.75,0.25
background/background_20260701_183452_889269_0016_04.npy,background,background/background_20260701_183452_889269_0016.wav,4,64x26,1.0,0.25
background/background_20260701_183452_889269_0016_05.npy,background,background/background_20260701_183452_889269_0016.wav,5,64x26,1.25,0.25
background/background_20260701_183452_889269_0016_06.npy,background,background/background_20260701_183452_889269_0016.wav,6,64x26,1.5,0.25
background/background_20260701_183452_889269_0016_07.npy,background,background/background_20260701_183452_889269_0016.wav,7,64x26,1.75,0.25
background/background_20260701_183452_889269_0016_08.npy,background,background/background_20260701_183452_889269_0016.wav,8,64x26,2.0,0.25
background/background_20260701_183452_889269_0016_09.npy,background,background/background_20260701_183452_889269_0016.wav,9,64x26,2.25,0.25
background/background_20260701_183452_889269_0016_10.npy,background,background/background_20260701_183452_889269_0016.wav,10,64x26,2.5,0.25
background/background_20260701_183452_889269_0016_11.npy,background,background/background_20260701_183452_889269_0016.wav,11,64x26,2.75,0.25
background/background_20260701_183452_889269_0016_12.npy,background,background/background_20260701_183452_889269_0016.wav,12,64x26,3.0,0.25
background/background_20260701_183452_889269_0016_13.npy,background,background/background_20260701_183452_889269_0016.wav,13,64x26,3.25,0.25
background/background_20260701_183452_889269_0016_14.npy,background,background/background_20260701_183452_889269_0016.wav,14,64x26,3.5,0.25
background/background_20260701_183452_889269_0016_15.npy,background,background/background_20260701_183452_889269_0016.wav,15,64x26,3.75,0.25
background/background_20260701_183452_889269_0016_16.npy,background,background/background_20260701_183452_889269_0016.wav,16,64x26,4.0,0.25
background/background_20260701_183452_889269_0016_17.npy,background,background/background_20260701_183452_889269_0016.wav,17,64x26,4.25,0.25
background/background_20260701_183452_889269_0016_18.npy,background,background/background_20260701_183452_889269_0016.wav,18,64x26,4.5,0.25
background/background_20260701_183452_889269_0016_19.npy,background,background/background_20260701_183452_889269_0016.wav,19,64x26,4.75,0.25
background/background_20260701_183457_892148_0017_00.npy,background,background/background_20260701_183457_892148_0017.wav,0,64x26,0.0,0.25
background/background_20260701_183457_892148_0017_01.npy,background,background/background_20260701_183457_892148_0017.wav,1,64x26,0.25,0.25
background/background_20260701_183457_892148_0017_02.npy,background,background/background_20260701_183457_892148_0017.wav,2,64x26,0.5,0.25
background/background_20260701_183457_892148_0017_03.npy,background,background/background_20260701_183457_892148_0017.wav,3,64x26,0.75,0.25
background/background_20260701_183457_892148_0017_04.npy,background,background/background_20260701_183457_892148_0017.wav,4,64x26,1.0,0.25
background/background_20260701_183457_892148_0017_05.npy,background,background/background_20260701_183457_892148_0017.wav,5,64x26,1.25,0.25
background/background_20260701_183457_892148_0017_06.npy,background,background/background_20260701_183457_892148_0017.wav,6,64x26,1.5,0.25
background/background_20260701_183457_892148_0017_07.npy,background,background/background_20260701_183457_892148_0017.wav,7,64x26,1.75,0.25
background/background_20260701_183457_892148_0017_08.npy,background,background/background_20260701_183457_892148_0017.wav,8,64x26,2.0,0.25
background/background_20260701_183457_892148_0017_09.npy,background,background/background_20260701_183457_892148_0017.wav,9,64x26,2.25,0.25
background/background_20260701_183457_892148_0017_10.npy,background,background/background_20260701_183457_892148_0017.wav,10,64x26,2.5,0.25
background/background_20260701_183457_892148_0017_11.npy,background,background/background_20260701_183457_892148_0017.wav,11,64x26,2.75,0.25
background/background_20260701_183457_892148_0017_12.npy,background,background/background_20260701_183457_892148_0017.wav,12,64x26,3.0,0.25
background/background_20260701_183457_892148_0017_13.npy,background,background/background_20260701_183457_892148_0017.wav,13,64x26,3.25,0.25
background/background_20260701_183457_892148_0017_14.npy,background,background/background_20260701_183457_892148_0017.wav,14,64x26,3.5,0.25
background/background_20260701_183457_892148_0017_15.npy,background,background/background_20260701_183457_892148_0017.wav,15,64x26,3.75,0.25
background/background_20260701_183457_892148_0017_16.npy,background,background/background_20260701_183457_892148_0017.wav,16,64x26,4.0,0.25
background/background_20260701_183457_892148_0017_17.npy,background,background/background_20260701_183457_892148_0017.wav,17,64x26,4.25,0.25
background/background_20260701_183457_892148_0017_18.npy,background,background/background_20260701_183457_892148_0017.wav,18,64x26,4.5,0.25
background/background_20260701_183457_892148_0017_19.npy,background,background/background_20260701_183457_892148_0017.wav,19,64x26,4.75,0.25
background/background_20260701_183502_895083_0018_00.npy,background,background/background_20260701_183502_895083_0018.wav,0,64x26,0.0,0.25
background/background_20260701_183502_895083_0018_01.npy,background,background/background_20260701_183502_895083_0018.wav,1,64x26,0.25,0.25
background/background_20260701_183502_895083_0018_02.npy,background,background/background_20260701_183502_895083_0018.wav,2,64x26,0.5,0.25
background/background_20260701_183502_895083_0018_03.npy,background,background/background_20260701_183502_895083_0018.wav,3,64x26,0.75,0.25
background/background_20260701_183502_895083_0018_04.npy,background,background/background_20260701_183502_895083_0018.wav,4,64x26,1.0,0.25
background/background_20260701_183502_895083_0018_05.npy,background,background/background_20260701_183502_895083_0018.wav,5,64x26,1.25,0.25
background/background_20260701_183502_895083_0018_06.npy,background,background/background_20260701_183502_895083_0018.wav,6,64x26,1.5,0.25
background/background_20260701_183502_895083_0018_07.npy,background,background/background_20260701_183502_895083_0018.wav,7,64x26,1.75,0.25
background/background_20260701_183502_895083_0018_08.npy,background,background/background_20260701_183502_895083_0018.wav,8,64x26,2.0,0.25
background/background_20260701_183502_895083_0018_09.npy,background,background/background_20260701_183502_895083_0018.wav,9,64x26,2.25,0.25
background/background_20260701_183502_895083_0018_10.npy,background,background/background_20260701_183502_895083_0018.wav,10,64x26,2.5,0.25
background/background_20260701_183502_895083_0018_11.npy,background,background/background_20260701_183502_895083_0018.wav,11,64x26,2.75,0.25
background/background_20260701_183502_895083_0018_12.npy,background,background/background_20260701_183502_895083_0018.wav,12,64x26,3.0,0.25
background/background_20260701_183502_895083_0018_13.npy,background,background/background_20260701_183502_895083_0018.wav,13,64x26,3.25,0.25
background/background_20260701_183502_895083_0018_14.npy,background,background/background_20260701_183502_895083_0018.wav,14,64x26,3.5,0.25
background/background_20260701_183502_895083_0018_15.npy,background,background/background_20260701_183502_895083_0018.wav,15,64x26,3.75,0.25
background/background_20260701_183502_895083_0018_16.npy,background,background/background_20260701_183502_895083_0018.wav,16,64x26,4.0,0.25
background/background_20260701_183502_895083_0018_17.npy,background,background/background_20260701_183502_895083_0018.wav,17,64x26,4.25,0.25
background/background_20260701_183502_895083_0018_18.npy,background,background/background_20260701_183502_895083_0018.wav,18,64x26,4.5,0.25
background/background_20260701_183502_895083_0018_19.npy,background,background/background_20260701_183502_895083_0018.wav,19,64x26,4.75,0.25
background/background_20260701_183507_897991_0019_00.npy,background,background/background_20260701_183507_897991_0019.wav,0,64x26,0.0,0.25
background/background_20260701_183507_897991_0019_01.npy,background,background/background_20260701_183507_897991_0019.wav,1,64x26,0.25,0.25
background/background_20260701_183507_897991_0019_02.npy,background,background/background_20260701_183507_897991_0019.wav,2,64x26,0.5,0.25
background/background_20260701_183507_897991_0019_03.npy,background,background/background_20260701_183507_897991_0019.wav,3,64x26,0.75,0.25
background/background_20260701_183507_897991_0019_04.npy,background,background/background_20260701_183507_897991_0019.wav,4,64x26,1.0,0.25
background/background_20260701_183507_897991_0019_05.npy,background,background/background_20260701_183507_897991_0019.wav,5,64x26,1.25,0.25
background/background_20260701_183507_897991_0019_06.npy,background,background/background_20260701_183507_897991_0019.wav,6,64x26,1.5,0.25
background/background_20260701_183507_897991_0019_07.npy,background,background/background_20260701_183507_897991_0019.wav,7,64x26,1.75,0.25
background/background_20260701_183507_897991_0019_08.npy,background,background/background_20260701_183507_897991_0019.wav,8,64x26,2.0,0.25
background/background_20260701_183507_897991_0019_09.npy,background,background/background_20260701_183507_897991_0019.wav,9,64x26,2.25,0.25
background/background_20260701_183507_897991_0019_10.npy,background,background/background_20260701_183507_897991_0019.wav,10,64x26,2.5,0.25
background/background_20260701_183507_897991_0019_11.npy,background,background/background_20260701_183507_897991_0019.wav,11,64x26,2.75,0.25
background/background_20260701_183507_897991_0019_12.npy,background,background/background_20260701_183507_897991_0019.wav,12,64x26,3.0,0.25
background/background_20260701_183507_897991_0019_13.npy,background,background/background_20260701_183507_897991_0019.wav,13,64x26,3.25,0.25
background/background_20260701_183507_897991_0019_14.npy,background,background/background_20260701_183507_897991_0019.wav,14,64x26,3.5,0.25
background/background_20260701_183507_897991_0019_15.npy,background,background/background_20260701_183507_897991_0019.wav,15,64x26,3.75,0.25
background/background_20260701_183507_897991_0019_16.npy,background,background/background_20260701_183507_897991_0019.wav,16,64x26,4.0,0.25
background/background_20260701_183507_897991_0019_17.npy,background,background/background_20260701_183507_897991_0019.wav,17,64x26,4.25,0.25
background/background_20260701_183507_897991_0019_18.npy,background,background/background_20260701_183507_897991_0019.wav,18,64x26,4.5,0.25
background/background_20260701_183507_897991_0019_19.npy,background,background/background_20260701_183507_897991_0019.wav,19,64x26,4.75,0.25
background/background_20260701_183512_900915_0020_00.npy,background,background/background_20260701_183512_900915_0020.wav,0,64x26,0.0,0.25
background/background_20260701_183512_900915_0020_01.npy,background,background/background_20260701_183512_900915_0020.wav,1,64x26,0.25,0.25
background/background_20260701_183512_900915_0020_02.npy,background,background/background_20260701_183512_900915_0020.wav,2,64x26,0.5,0.25
background/background_20260701_183512_900915_0020_03.npy,background,background/background_20260701_183512_900915_0020.wav,3,64x26,0.75,0.25
background/background_20260701_183512_900915_0020_04.npy,background,background/background_20260701_183512_900915_0020.wav,4,64x26,1.0,0.25
background/background_20260701_183512_900915_0020_05.npy,background,background/background_20260701_183512_900915_0020.wav,5,64x26,1.25,0.25
background/background_20260701_183512_900915_0020_06.npy,background,background/background_20260701_183512_900915_0020.wav,6,64x26,1.5,0.25
background/background_20260701_183512_900915_0020_07.npy,background,background/background_20260701_183512_900915_0020.wav,7,64x26,1.75,0.25
background/background_20260701_183512_900915_0020_08.npy,background,background/background_20260701_183512_900915_0020.wav,8,64x26,2.0,0.25
background/background_20260701_183512_900915_0020_09.npy,background,background/background_20260701_183512_900915_0020.wav,9,64x26,2.25,0.25
background/background_20260701_183512_900915_0020_10.npy,background,background/background_20260701_183512_900915_0020.wav,10,64x26,2.5,0.25
background/background_20260701_183512_900915_0020_11.npy,background,background/background_20260701_183512_900915_0020.wav,11,64x26,2.75,0.25
background/background_20260701_183512_900915_0020_12.npy,background,background/background_20260701_183512_900915_0020.wav,12,64x26,3.0,0.25
background/background_20260701_183512_900915_0020_13.npy,background,background/background_20260701_183512_900915_0020.wav,13,64x26,3.25,0.25
background/background_20260701_183512_900915_0020_14.npy,background,background/background_20260701_183512_900915_0020.wav,14,64x26,3.5,0.25
background/background_20260701_183512_900915_0020_15.npy,background,background/background_20260701_183512_900915_0020.wav,15,64x26,3.75,0.25
background/background_20260701_183512_900915_0020_16.npy,background,background/background_20260701_183512_900915_0020.wav,16,64x26,4.0,0.25
background/background_20260701_183512_900915_0020_17.npy,background,background/background_20260701_183512_900915_0020.wav,17,64x26,4.25,0.25
background/background_20260701_183512_900915_0020_18.npy,background,background/background_20260701_183512_900915_0020.wav,18,64x26,4.5,0.25
background/background_20260701_183512_900915_0020_19.npy,background,background/background_20260701_183512_900915_0020.wav,19,64x26,4.75,0.25
background/background_20260701_183517_903811_0021_00.npy,background,background/background_20260701_183517_903811_0021.wav,0,64x26,0.0,0.25
background/background_20260701_183517_903811_0021_01.npy,background,background/background_20260701_183517_903811_0021.wav,1,64x26,0.25,0.25
background/background_20260701_183517_903811_0021_02.npy,background,background/background_20260701_183517_903811_0021.wav,2,64x26,0.5,0.25
background/background_20260701_183517_903811_0021_03.npy,background,background/background_20260701_183517_903811_0021.wav,3,64x26,0.75,0.25
background/background_20260701_183517_903811_0021_04.npy,background,background/background_20260701_183517_903811_0021.wav,4,64x26,1.0,0.25
background/background_20260701_183517_903811_0021_05.npy,background,background/background_20260701_183517_903811_0021.wav,5,64x26,1.25,0.25
background/background_20260701_183517_903811_0021_06.npy,background,background/background_20260701_183517_903811_0021.wav,6,64x26,1.5,0.25
background/background_20260701_183517_903811_0021_07.npy,background,background/background_20260701_183517_903811_0021.wav,7,64x26,1.75,0.25
background/background_20260701_183517_903811_0021_08.npy,background,background/background_20260701_183517_903811_0021.wav,8,64x26,2.0,0.25
background/background_20260701_183517_903811_0021_09.npy,background,background/background_20260701_183517_903811_0021.wav,9,64x26,2.25,0.25
background/background_20260701_183517_903811_0021_10.npy,background,background/background_20260701_183517_903811_0021.wav,10,64x26,2.5,0.25
background/background_20260701_183517_903811_0021_11.npy,background,background/background_20260701_183517_903811_0021.wav,11,64x26,2.75,0.25
background/background_20260701_183517_903811_0021_12.npy,background,background/background_20260701_183517_903811_0021.wav,12,64x26,3.0,0.25
background/background_20260701_183517_903811_0021_13.npy,background,background/background_20260701_183517_903811_0021.wav,13,64x26,3.25,0.25
background/background_20260701_183517_903811_0021_14.npy,background,background/background_20260701_183517_903811_0021.wav,14,64x26,3.5,0.25
background/background_20260701_183517_903811_0021_15.npy,background,background/background_20260701_183517_903811_0021.wav,15,64x26,3.75,0.25
background/background_20260701_183517_903811_0021_16.npy,background,background/background_20260701_183517_903811_0021.wav,16,64x26,4.0,0.25
background/background_20260701_183517_903811_0021_17.npy,background,background/background_20260701_183517_903811_0021.wav,17,64x26,4.25,0.25
background/background_20260701_183517_903811_0021_18.npy,background,background/background_20260701_183517_903811_0021.wav,18,64x26,4.5,0.25
background/background_20260701_183517_903811_0021_19.npy,background,background/background_20260701_183517_903811_0021.wav,19,64x26,4.75,0.25
background/background_20260701_183522_906738_0022_00.npy,background,background/background_20260701_183522_906738_0022.wav,0,64x26,0.0,0.25
background/background_20260701_183522_906738_0022_01.npy,background,background/background_20260701_183522_906738_0022.wav,1,64x26,0.25,0.25
background/background_20260701_183522_906738_0022_02.npy,background,background/background_20260701_183522_906738_0022.wav,2,64x26,0.5,0.25
background/background_20260701_183522_906738_0022_03.npy,background,background/background_20260701_183522_906738_0022.wav,3,64x26,0.75,0.25
background/background_20260701_183522_906738_0022_04.npy,background,background/background_20260701_183522_906738_0022.wav,4,64x26,1.0,0.25
background/background_20260701_183522_906738_0022_05.npy,background,background/background_20260701_183522_906738_0022.wav,5,64x26,1.25,0.25
background/background_20260701_183522_906738_0022_06.npy,background,background/background_20260701_183522_906738_0022.wav,6,64x26,1.5,0.25
background/background_20260701_183522_906738_0022_07.npy,background,background/background_20260701_183522_906738_0022.wav,7,64x26,1.75,0.25
background/background_20260701_183522_906738_0022_08.npy,background,background/background_20260701_183522_906738_0022.wav,8,64x26,2.0,0.25
background/background_20260701_183522_906738_0022_09.npy,background,background/background_20260701_183522_906738_0022.wav,9,64x26,2.25,0.25
background/background_20260701_183522_906738_0022_10.npy,background,background/background_20260701_183522_906738_0022.wav,10,64x26,2.5,0.25
background/background_20260701_183522_906738_0022_11.npy,background,background/background_20260701_183522_906738_0022.wav,11,64x26,2.75,0.25
background/background_20260701_183522_906738_0022_12.npy,background,background/background_20260701_183522_906738_0022.wav,12,64x26,3.0,0.25
background/background_20260701_183522_906738_0022_13.npy,background,background/background_20260701_183522_906738_0022.wav,13,64x26,3.25,0.25
background/background_20260701_183522_906738_0022_14.npy,background,background/background_20260701_183522_906738_0022.wav,14,64x26,3.5,0.25
background/background_20260701_183522_906738_0022_15.npy,background,background/background_20260701_183522_906738_0022.wav,15,64x26,3.75,0.25
background/background_20260701_183522_906738_0022_16.npy,background,background/background_20260701_183522_906738_0022.wav,16,64x26,4.0,0.25
background/background_20260701_183522_906738_0022_17.npy,background,background/background_20260701_183522_906738_0022.wav,17,64x26,4.25,0.25
background/background_20260701_183522_906738_0022_18.npy,background,background/background_20260701_183522_906738_0022.wav,18,64x26,4.5,0.25
background/background_20260701_183522_906738_0022_19.npy,background,background/background_20260701_183522_906738_0022.wav,19,64x26,4.75,0.25
background/background_20260701_183527_909620_0023_00.npy,background,background/background_20260701_183527_909620_0023.wav,0,64x26,0.0,0.25
background/background_20260701_183527_909620_0023_01.npy,background,background/background_20260701_183527_909620_0023.wav,1,64x26,0.25,0.25
background/background_20260701_183527_909620_0023_02.npy,background,background/background_20260701_183527_909620_0023.wav,2,64x26,0.5,0.25
background/background_20260701_183527_909620_0023_03.npy,background,background/background_20260701_183527_909620_0023.wav,3,64x26,0.75,0.25
background/background_20260701_183527_909620_0023_04.npy,background,background/background_20260701_183527_909620_0023.wav,4,64x26,1.0,0.25
background/background_20260701_183527_909620_0023_05.npy,background,background/background_20260701_183527_909620_0023.wav,5,64x26,1.25,0.25
background/background_20260701_183527_909620_0023_06.npy,background,background/background_20260701_183527_909620_0023.wav,6,64x26,1.5,0.25
background/background_20260701_183527_909620_0023_07.npy,background,background/background_20260701_183527_909620_0023.wav,7,64x26,1.75,0.25
background/background_20260701_183527_909620_0023_08.npy,background,background/background_20260701_183527_909620_0023.wav,8,64x26,2.0,0.25
background/background_20260701_183527_909620_0023_09.npy,background,background/background_20260701_183527_909620_0023.wav,9,64x26,2.25,0.25
background/background_20260701_183527_909620_0023_10.npy,background,background/background_20260701_183527_909620_0023.wav,10,64x26,2.5,0.25
background/background_20260701_183527_909620_0023_11.npy,background,background/background_20260701_183527_909620_0023.wav,11,64x26,2.75,0.25
background/background_20260701_183527_909620_0023_12.npy,background,background/background_20260701_183527_909620_0023.wav,12,64x26,3.0,0.25
background/background_20260701_183527_909620_0023_13.npy,background,background/background_20260701_183527_909620_0023.wav,13,64x26,3.25,0.25
background/background_20260701_183527_909620_0023_14.npy,background,background/background_20260701_183527_909620_0023.wav,14,64x26,3.5,0.25
background/background_20260701_183527_909620_0023_15.npy,background,background/background_20260701_183527_909620_0023.wav,15,64x26,3.75,0.25
background/background_20260701_183527_909620_0023_16.npy,background,background/background_20260701_183527_909620_0023.wav,16,64x26,4.0,0.25
background/background_20260701_183527_909620_0023_17.npy,background,background/background_20260701_183527_909620_0023.wav,17,64x26,4.25,0.25
background/background_20260701_183527_909620_0023_18.npy,background,background/background_20260701_183527_909620_0023.wav,18,64x26,4.5,0.25
background/background_20260701_183527_909620_0023_19.npy,background,background/background_20260701_183527_909620_0023.wav,19,64x26,4.75,0.25
background/background_20260701_183532_912602_0024_00.npy,background,background/background_20260701_183532_912602_0024.wav,0,64x26,0.0,0.25
background/background_20260701_183532_912602_0024_01.npy,background,background/background_20260701_183532_912602_0024.wav,1,64x26,0.25,0.25
background/background_20260701_183532_912602_0024_02.npy,background,background/background_20260701_183532_912602_0024.wav,2,64x26,0.5,0.25
background/background_20260701_183532_912602_0024_03.npy,background,background/background_20260701_183532_912602_0024.wav,3,64x26,0.75,0.25
background/background_20260701_183532_912602_0024_04.npy,background,background/background_20260701_183532_912602_0024.wav,4,64x26,1.0,0.25
background/background_20260701_183532_912602_0024_05.npy,background,background/background_20260701_183532_912602_0024.wav,5,64x26,1.25,0.25
background/background_20260701_183532_912602_0024_06.npy,background,background/background_20260701_183532_912602_0024.wav,6,64x26,1.5,0.25
background/background_20260701_183532_912602_0024_07.npy,background,background/background_20260701_183532_912602_0024.wav,7,64x26,1.75,0.25
background/background_20260701_183532_912602_0024_08.npy,background,background/background_20260701_183532_912602_0024.wav,8,64x26,2.0,0.25
background/background_20260701_183532_912602_0024_09.npy,background,background/background_20260701_183532_912602_0024.wav,9,64x26,2.25,0.25
background/background_20260701_183532_912602_0024_10.npy,background,background/background_20260701_183532_912602_0024.wav,10,64x26,2.5,0.25
background/background_20260701_183532_912602_0024_11.npy,background,background/background_20260701_183532_912602_0024.wav,11,64x26,2.75,0.25
background/background_20260701_183532_912602_0024_12.npy,background,background/background_20260701_183532_912602_0024.wav,12,64x26,3.0,0.25
background/background_20260701_183532_912602_0024_13.npy,background,background/background_20260701_183532_912602_0024.wav,13,64x26,3.25,0.25
background/background_20260701_183532_912602_0024_14.npy,background,background/background_20260701_183532_912602_0024.wav,14,64x26,3.5,0.25
background/background_20260701_183532_912602_0024_15.npy,background,background/background_20260701_183532_912602_0024.wav,15,64x26,3.75,0.25
background/background_20260701_183532_912602_0024_16.npy,background,background/background_20260701_183532_912602_0024.wav,16,64x26,4.0,0.25
background/background_20260701_183532_912602_0024_17.npy,background,background/background_20260701_183532_912602_0024.wav,17,64x26,4.25,0.25
background/background_20260701_183532_912602_0024_18.npy,background,background/background_20260701_183532_912602_0024.wav,18,64x26,4.5,0.25
background/background_20260701_183532_912602_0024_19.npy,background,background/background_20260701_183532_912602_0024.wav,19,64x26,4.75,0.25
background/background_20260701_183537_915478_0025_00.npy,background,background/background_20260701_183537_915478_0025.wav,0,64x26,0.0,0.25
background/background_20260701_183537_915478_0025_01.npy,background,background/background_20260701_183537_915478_0025.wav,1,64x26,0.25,0.25
background/background_20260701_183537_915478_0025_02.npy,background,background/background_20260701_183537_915478_0025.wav,2,64x26,0.5,0.25
background/background_20260701_183537_915478_0025_03.npy,background,background/background_20260701_183537_915478_0025.wav,3,64x26,0.75,0.25
background/background_20260701_183537_915478_0025_04.npy,background,background/background_20260701_183537_915478_0025.wav,4,64x26,1.0,0.25
background/background_20260701_183537_915478_0025_05.npy,background,background/background_20260701_183537_915478_0025.wav,5,64x26,1.25,0.25
background/background_20260701_183537_915478_0025_06.npy,background,background/background_20260701_183537_915478_0025.wav,6,64x26,1.5,0.25
background/background_20260701_183537_915478_0025_07.npy,background,background/background_20260701_183537_915478_0025.wav,7,64x26,1.75,0.25
background/background_20260701_183537_915478_0025_08.npy,background,background/background_20260701_183537_915478_0025.wav,8,64x26,2.0,0.25
background/background_20260701_183537_915478_0025_09.npy,background,background/background_20260701_183537_915478_0025.wav,9,64x26,2.25,0.25
background/background_20260701_183537_915478_0025_10.npy,background,background/background_20260701_183537_915478_0025.wav,10,64x26,2.5,0.25
background/background_20260701_183537_915478_0025_11.npy,background,background/background_20260701_183537_915478_0025.wav,11,64x26,2.75,0.25
background/background_20260701_183537_915478_0025_12.npy,background,background/background_20260701_183537_915478_0025.wav,12,64x26,3.0,0.25
background/background_20260701_183537_915478_0025_13.npy,background,background/background_20260701_183537_915478_0025.wav,13,64x26,3.25,0.25
background/background_20260701_183537_915478_0025_14.npy,background,background/background_20260701_183537_915478_0025.wav,14,64x26,3.5,0.25
background/background_20260701_183537_915478_0025_15.npy,background,background/background_20260701_183537_915478_0025.wav,15,64x26,3.75,0.25
background/background_20260701_183537_915478_0025_16.npy,background,background/background_20260701_183537_915478_0025.wav,16,64x26,4.0,0.25
background/background_20260701_183537_915478_0025_17.npy,background,background/background_20260701_183537_915478_0025.wav,17,64x26,4.25,0.25
background/background_20260701_183537_915478_0025_18.npy,background,background/background_20260701_183537_915478_0025.wav,18,64x26,4.5,0.25
background/background_20260701_183537_915478_0025_19.npy,background,background/background_20260701_183537_915478_0025.wav,19,64x26,4.75,0.25
background/background_20260701_183542_918408_0026_00.npy,background,background/background_20260701_183542_918408_0026.wav,0,64x26,0.0,0.25
background/background_20260701_183542_918408_0026_01.npy,background,background/background_20260701_183542_918408_0026.wav,1,64x26,0.25,0.25
background/background_20260701_183542_918408_0026_02.npy,background,background/background_20260701_183542_918408_0026.wav,2,64x26,0.5,0.25
background/background_20260701_183542_918408_0026_03.npy,background,background/background_20260701_183542_918408_0026.wav,3,64x26,0.75,0.25
background/background_20260701_183542_918408_0026_04.npy,background,background/background_20260701_183542_918408_0026.wav,4,64x26,1.0,0.25
background/background_20260701_183542_918408_0026_05.npy,background,background/background_20260701_183542_918408_0026.wav,5,64x26,1.25,0.25
background/background_20260701_183542_918408_0026_06.npy,background,background/background_20260701_183542_918408_0026.wav,6,64x26,1.5,0.25
background/background_20260701_183542_918408_0026_07.npy,background,background/background_20260701_183542_918408_0026.wav,7,64x26,1.75,0.25
background/background_20260701_183542_918408_0026_08.npy,background,background/background_20260701_183542_918408_0026.wav,8,64x26,2.0,0.25
background/background_20260701_183542_918408_0026_09.npy,background,background/background_20260701_183542_918408_0026.wav,9,64x26,2.25,0.25
background/background_20260701_183542_918408_0026_10.npy,background,background/background_20260701_183542_918408_0026.wav,10,64x26,2.5,0.25
background/background_20260701_183542_918408_0026_11.npy,background,background/background_20260701_183542_918408_0026.wav,11,64x26,2.75,0.25
background/background_20260701_183542_918408_0026_12.npy,background,background/background_20260701_183542_918408_0026.wav,12,64x26,3.0,0.25
background/background_20260701_183542_918408_0026_13.npy,background,background/background_20260701_183542_918408_0026.wav,13,64x26,3.25,0.25
background/background_20260701_183542_918408_0026_14.npy,background,background/background_20260701_183542_918408_0026.wav,14,64x26,3.5,0.25
background/background_20260701_183542_918408_0026_15.npy,background,background/background_20260701_183542_918408_0026.wav,15,64x26,3.75,0.25
background/background_20260701_183542_918408_0026_16.npy,background,background/background_20260701_183542_918408_0026.wav,16,64x26,4.0,0.25
background/background_20260701_183542_918408_0026_17.npy,background,background/background_20260701_183542_918408_0026.wav,17,64x26,4.25,0.25
background/background_20260701_183542_918408_0026_18.npy,background,background/background_20260701_183542_918408_0026.wav,18,64x26,4.5,0.25
background/background_20260701_183542_918408_0026_19.npy,background,background/background_20260701_183542_918408_0026.wav,19,64x26,4.75,0.25
background/background_20260701_183547_921315_0027_00.npy,background,background/background_20260701_183547_921315_0027.wav,0,64x26,0.0,0.25
background/background_20260701_183547_921315_0027_01.npy,background,background/background_20260701_183547_921315_0027.wav,1,64x26,0.25,0.25
background/background_20260701_183547_921315_0027_02.npy,background,background/background_20260701_183547_921315_0027.wav,2,64x26,0.5,0.25
background/background_20260701_183547_921315_0027_03.npy,background,background/background_20260701_183547_921315_0027.wav,3,64x26,0.75,0.25
background/background_20260701_183547_921315_0027_04.npy,background,background/background_20260701_183547_921315_0027.wav,4,64x26,1.0,0.25
background/background_20260701_183547_921315_0027_05.npy,background,background/background_20260701_183547_921315_0027.wav,5,64x26,1.25,0.25
background/background_20260701_183547_921315_0027_06.npy,background,background/background_20260701_183547_921315_0027.wav,6,64x26,1.5,0.25
background/background_20260701_183547_921315_0027_07.npy,background,background/background_20260701_183547_921315_0027.wav,7,64x26,1.75,0.25
background/background_20260701_183547_921315_0027_08.npy,background,background/background_20260701_183547_921315_0027.wav,8,64x26,2.0,0.25
background/background_20260701_183547_921315_0027_09.npy,background,background/background_20260701_183547_921315_0027.wav,9,64x26,2.25,0.25
background/background_20260701_183547_921315_0027_10.npy,background,background/background_20260701_183547_921315_0027.wav,10,64x26,2.5,0.25
background/background_20260701_183547_921315_0027_11.npy,background,background/background_20260701_183547_921315_0027.wav,11,64x26,2.75,0.25
background/background_20260701_183547_921315_0027_12.npy,background,background/background_20260701_183547_921315_0027.wav,12,64x26,3.0,0.25
background/background_20260701_183547_921315_0027_13.npy,background,background/background_20260701_183547_921315_0027.wav,13,64x26,3.25,0.25
background/background_20260701_183547_921315_0027_14.npy,background,background/background_20260701_183547_921315_0027.wav,14,64x26,3.5,0.25
background/background_20260701_183547_921315_0027_15.npy,background,background/background_20260701_183547_921315_0027.wav,15,64x26,3.75,0.25
background/background_20260701_183547_921315_0027_16.npy,background,background/background_20260701_183547_921315_0027.wav,16,64x26,4.0,0.25
background/background_20260701_183547_921315_0027_17.npy,background,background/background_20260701_183547_921315_0027.wav,17,64x26,4.25,0.25
background/background_20260701_183547_921315_0027_18.npy,background,background/background_20260701_183547_921315_0027.wav,18,64x26,4.5,0.25
background/background_20260701_183547_921315_0027_19.npy,background,background/background_20260701_183547_921315_0027.wav,19,64x26,4.75,0.25
background/background_20260701_183552_924221_0028_00.npy,background,background/background_20260701_183552_924221_0028.wav,0,64x26,0.0,0.25
background/background_20260701_183552_924221_0028_01.npy,background,background/background_20260701_183552_924221_0028.wav,1,64x26,0.25,0.25
background/background_20260701_183552_924221_0028_02.npy,background,background/background_20260701_183552_924221_0028.wav,2,64x26,0.5,0.25
background/background_20260701_183552_924221_0028_03.npy,background,background/background_20260701_183552_924221_0028.wav,3,64x26,0.75,0.25
background/background_20260701_183552_924221_0028_04.npy,background,background/background_20260701_183552_924221_0028.wav,4,64x26,1.0,0.25
background/background_20260701_183552_924221_0028_05.npy,background,background/background_20260701_183552_924221_0028.wav,5,64x26,1.25,0.25
background/background_20260701_183552_924221_0028_06.npy,background,background/background_20260701_183552_924221_0028.wav,6,64x26,1.5,0.25
background/background_20260701_183552_924221_0028_07.npy,background,background/background_20260701_183552_924221_0028.wav,7,64x26,1.75,0.25
background/background_20260701_183552_924221_0028_08.npy,background,background/background_20260701_183552_924221_0028.wav,8,64x26,2.0,0.25
background/background_20260701_183552_924221_0028_09.npy,background,background/background_20260701_183552_924221_0028.wav,9,64x26,2.25,0.25
background/background_20260701_183552_924221_0028_10.npy,background,background/background_20260701_183552_924221_0028.wav,10,64x26,2.5,0.25
background/background_20260701_183552_924221_0028_11.npy,background,background/background_20260701_183552_924221_0028.wav,11,64x26,2.75,0.25
background/background_20260701_183552_924221_0028_12.npy,background,background/background_20260701_183552_924221_0028.wav,12,64x26,3.0,0.25
background/background_20260701_183552_924221_0028_13.npy,background,background/background_20260701_183552_924221_0028.wav,13,64x26,3.25,0.25
background/background_20260701_183552_924221_0028_14.npy,background,background/background_20260701_183552_924221_0028.wav,14,64x26,3.5,0.25
background/background_20260701_183552_924221_0028_15.npy,background,background/background_20260701_183552_924221_0028.wav,15,64x26,3.75,0.25
background/background_20260701_183552_924221_0028_16.npy,background,background/background_20260701_183552_924221_0028.wav,16,64x26,4.0,0.25
background/background_20260701_183552_924221_0028_17.npy,background,background/background_20260701_183552_924221_0028.wav,17,64x26,4.25,0.25
background/background_20260701_183552_924221_0028_18.npy,background,background/background_20260701_183552_924221_0028.wav,18,64x26,4.5,0.25
background/background_20260701_183552_924221_0028_19.npy,background,background/background_20260701_183552_924221_0028.wav,19,64x26,4.75,0.25
background/background_20260701_183557_927124_0029_00.npy,background,background/background_20260701_183557_927124_0029.wav,0,64x26,0.0,0.25
background/background_20260701_183557_927124_0029_01.npy,background,background/background_20260701_183557_927124_0029.wav,1,64x26,0.25,0.25
background/background_20260701_183557_927124_0029_02.npy,background,background/background_20260701_183557_927124_0029.wav,2,64x26,0.5,0.25
background/background_20260701_183557_927124_0029_03.npy,background,background/background_20260701_183557_927124_0029.wav,3,64x26,0.75,0.25
background/background_20260701_183557_927124_0029_04.npy,background,background/background_20260701_183557_927124_0029.wav,4,64x26,1.0,0.25
background/background_20260701_183557_927124_0029_05.npy,background,background/background_20260701_183557_927124_0029.wav,5,64x26,1.25,0.25
background/background_20260701_183557_927124_0029_06.npy,background,background/background_20260701_183557_927124_0029.wav,6,64x26,1.5,0.25
background/background_20260701_183557_927124_0029_07.npy,background,background/background_20260701_183557_927124_0029.wav,7,64x26,1.75,0.25
background/background_20260701_183557_927124_0029_08.npy,background,background/background_20260701_183557_927124_0029.wav,8,64x26,2.0,0.25
background/background_20260701_183557_927124_0029_09.npy,background,background/background_20260701_183557_927124_0029.wav,9,64x26,2.25,0.25
background/background_20260701_183557_927124_0029_10.npy,background,background/background_20260701_183557_927124_0029.wav,10,64x26,2.5,0.25
background/background_20260701_183557_927124_0029_11.npy,background,background/background_20260701_183557_927124_0029.wav,11,64x26,2.75,0.25
background/background_20260701_183557_927124_0029_12.npy,background,background/background_20260701_183557_927124_0029.wav,12,64x26,3.0,0.25
background/background_20260701_183557_927124_0029_13.npy,background,background/background_20260701_183557_927124_0029.wav,13,64x26,3.25,0.25
background/background_20260701_183557_927124_0029_14.npy,background,background/background_20260701_183557_927124_0029.wav,14,64x26,3.5,0.25
background/background_20260701_183557_927124_0029_15.npy,background,background/background_20260701_183557_927124_0029.wav,15,64x26,3.75,0.25
background/background_20260701_183557_927124_0029_16.npy,background,background/background_20260701_183557_927124_0029.wav,16,64x26,4.0,0.25
background/background_20260701_183557_927124_0029_17.npy,background,background/background_20260701_183557_927124_0029.wav,17,64x26,4.25,0.25
background/background_20260701_183557_927124_0029_18.npy,background,background/background_20260701_183557_927124_0029.wav,18,64x26,4.5,0.25
background/background_20260701_183557_927124_0029_19.npy,background,background/background_20260701_183557_927124_0029.wav,19,64x26,4.75,0.25
background/background_20260701_183602_930042_0030_00.npy,background,background/background_20260701_183602_930042_0030.wav,0,64x26,0.0,0.25
background/background_20260701_183602_930042_0030_01.npy,background,background/background_20260701_183602_930042_0030.wav,1,64x26,0.25,0.25
background/background_20260701_183602_930042_0030_02.npy,background,background/background_20260701_183602_930042_0030.wav,2,64x26,0.5,0.25
background/background_20260701_183602_930042_0030_03.npy,background,background/background_20260701_183602_930042_0030.wav,3,64x26,0.75,0.25
background/background_20260701_183602_930042_0030_04.npy,background,background/background_20260701_183602_930042_0030.wav,4,64x26,1.0,0.25
background/background_20260701_183602_930042_0030_05.npy,background,background/background_20260701_183602_930042_0030.wav,5,64x26,1.25,0.25
background/background_20260701_183602_930042_0030_06.npy,background,background/background_20260701_183602_930042_0030.wav,6,64x26,1.5,0.25
background/background_20260701_183602_930042_0030_07.npy,background,background/background_20260701_183602_930042_0030.wav,7,64x26,1.75,0.25
background/background_20260701_183602_930042_0030_08.npy,background,background/background_20260701_183602_930042_0030.wav,8,64x26,2.0,0.25
background/background_20260701_183602_930042_0030_09.npy,background,background/background_20260701_183602_930042_0030.wav,9,64x26,2.25,0.25
background/background_20260701_183602_930042_0030_10.npy,background,background/background_20260701_183602_930042_0030.wav,10,64x26,2.5,0.25
background/background_20260701_183602_930042_0030_11.npy,background,background/background_20260701_183602_930042_0030.wav,11,64x26,2.75,0.25
background/background_20260701_183602_930042_0030_12.npy,background,background/background_20260701_183602_930042_0030.wav,12,64x26,3.0,0.25
background/background_20260701_183602_930042_0030_13.npy,background,background/background_20260701_183602_930042_0030.wav,13,64x26,3.25,0.25
background/background_20260701_183602_930042_0030_14.npy,background,background/background_20260701_183602_930042_0030.wav,14,64x26,3.5,0.25
background/background_20260701_183602_930042_0030_15.npy,background,background/background_20260701_183602_930042_0030.wav,15,64x26,3.75,0.25
background/background_20260701_183602_930042_0030_16.npy,background,background/background_20260701_183602_930042_0030.wav,16,64x26,4.0,0.25
background/background_20260701_183602_930042_0030_17.npy,background,background/background_20260701_183602_930042_0030.wav,17,64x26,4.25,0.25
background/background_20260701_183602_930042_0030_18.npy,background,background/background_20260701_183602_930042_0030.wav,18,64x26,4.5,0.25
background/background_20260701_183602_930042_0030_19.npy,background,background/background_20260701_183602_930042_0030.wav,19,64x26,4.75,0.25
background/background_20260701_183607_932943_0031_00.npy,background,background/background_20260701_183607_932943_0031.wav,0,64x26,0.0,0.25
background/background_20260701_183607_932943_0031_01.npy,background,background/background_20260701_183607_932943_0031.wav,1,64x26,0.25,0.25
background/background_20260701_183607_932943_0031_02.npy,background,background/background_20260701_183607_932943_0031.wav,2,64x26,0.5,0.25
background/background_20260701_183607_932943_0031_03.npy,background,background/background_20260701_183607_932943_0031.wav,3,64x26,0.75,0.25
background/background_20260701_183607_932943_0031_04.npy,background,background/background_20260701_183607_932943_0031.wav,4,64x26,1.0,0.25
background/background_20260701_183607_932943_0031_05.npy,background,background/background_20260701_183607_932943_0031.wav,5,64x26,1.25,0.25
background/background_20260701_183607_932943_0031_06.npy,background,background/background_20260701_183607_932943_0031.wav,6,64x26,1.5,0.25
background/background_20260701_183607_932943_0031_07.npy,background,background/background_20260701_183607_932943_0031.wav,7,64x26,1.75,0.25
background/background_20260701_183607_932943_0031_08.npy,background,background/background_20260701_183607_932943_0031.wav,8,64x26,2.0,0.25
background/background_20260701_183607_932943_0031_09.npy,background,background/background_20260701_183607_932943_0031.wav,9,64x26,2.25,0.25
background/background_20260701_183607_932943_0031_10.npy,background,background/background_20260701_183607_932943_0031.wav,10,64x26,2.5,0.25
background/background_20260701_183607_932943_0031_11.npy,background,background/background_20260701_183607_932943_0031.wav,11,64x26,2.75,0.25
background/background_20260701_183607_932943_0031_12.npy,background,background/background_20260701_183607_932943_0031.wav,12,64x26,3.0,0.25
background/background_20260701_183607_932943_0031_13.npy,background,background/background_20260701_183607_932943_0031.wav,13,64x26,3.25,0.25
background/background_20260701_183607_932943_0031_14.npy,background,background/background_20260701_183607_932943_0031.wav,14,64x26,3.5,0.25
background/background_20260701_183607_932943_0031_15.npy,background,background/background_20260701_183607_932943_0031.wav,15,64x26,3.75,0.25
background/background_20260701_183607_932943_0031_16.npy,background,background/background_20260701_183607_932943_0031.wav,16,64x26,4.0,0.25
background/background_20260701_183607_932943_0031_17.npy,background,background/background_20260701_183607_932943_0031.wav,17,64x26,4.25,0.25
background/background_20260701_183607_932943_0031_18.npy,background,background/background_20260701_183607_932943_0031.wav,18,64x26,4.5,0.25
background/background_20260701_183607_932943_0031_19.npy,background,background/background_20260701_183607_932943_0031.wav,19,64x26,4.75,0.25
background/background_20260701_183612_935878_0032_00.npy,background,background/background_20260701_183612_935878_0032.wav,0,64x26,0.0,0.25
background/background_20260701_183612_935878_0032_01.npy,background,background/background_20260701_183612_935878_0032.wav,1,64x26,0.25,0.25
background/background_20260701_183612_935878_0032_02.npy,background,background/background_20260701_183612_935878_0032.wav,2,64x26,0.5,0.25
background/background_20260701_183612_935878_0032_03.npy,background,background/background_20260701_183612_935878_0032.wav,3,64x26,0.75,0.25
background/background_20260701_183612_935878_0032_04.npy,background,background/background_20260701_183612_935878_0032.wav,4,64x26,1.0,0.25
background/background_20260701_183612_935878_0032_05.npy,background,background/background_20260701_183612_935878_0032.wav,5,64x26,1.25,0.25
background/background_20260701_183612_935878_0032_06.npy,background,background/background_20260701_183612_935878_0032.wav,6,64x26,1.5,0.25
background/background_20260701_183612_935878_0032_07.npy,background,background/background_20260701_183612_935878_0032.wav,7,64x26,1.75,0.25
background/background_20260701_183612_935878_0032_08.npy,background,background/background_20260701_183612_935878_0032.wav,8,64x26,2.0,0.25
background/background_20260701_183612_935878_0032_09.npy,background,background/background_20260701_183612_935878_0032.wav,9,64x26,2.25,0.25
background/background_20260701_183612_935878_0032_10.npy,background,background/background_20260701_183612_935878_0032.wav,10,64x26,2.5,0.25
background/background_20260701_183612_935878_0032_11.npy,background,background/background_20260701_183612_935878_0032.wav,11,64x26,2.75,0.25
background/background_20260701_183612_935878_0032_12.npy,background,background/background_20260701_183612_935878_0032.wav,12,64x26,3.0,0.25
background/background_20260701_183612_935878_0032_13.npy,background,background/background_20260701_183612_935878_0032.wav,13,64x26,3.25,0.25
background/background_20260701_183612_935878_0032_14.npy,background,background/background_20260701_183612_935878_0032.wav,14,64x26,3.5,0.25
background/background_20260701_183612_935878_0032_15.npy,background,background/background_20260701_183612_935878_0032.wav,15,64x26,3.75,0.25
background/background_20260701_183612_935878_0032_16.npy,background,background/background_20260701_183612_935878_0032.wav,16,64x26,4.0,0.25
background/background_20260701_183612_935878_0032_17.npy,background,background/background_20260701_183612_935878_0032.wav,17,64x26,4.25,0.25
background/background_20260701_183612_935878_0032_18.npy,background,background/background_20260701_183612_935878_0032.wav,18,64x26,4.5,0.25
background/background_20260701_183612_935878_0032_19.npy,background,background/background_20260701_183612_935878_0032.wav,19,64x26,4.75,0.25
background/background_20260701_183617_938780_0033_00.npy,background,background/background_20260701_183617_938780_0033.wav,0,64x26,0.0,0.25
background/background_20260701_183617_938780_0033_01.npy,background,background/background_20260701_183617_938780_0033.wav,1,64x26,0.25,0.25
background/background_20260701_183617_938780_0033_02.npy,background,background/background_20260701_183617_938780_0033.wav,2,64x26,0.5,0.25
background/background_20260701_183617_938780_0033_03.npy,background,background/background_20260701_183617_938780_0033.wav,3,64x26,0.75,0.25
background/background_20260701_183617_938780_0033_04.npy,background,background/background_20260701_183617_938780_0033.wav,4,64x26,1.0,0.25
background/background_20260701_183617_938780_0033_05.npy,background,background/background_20260701_183617_938780_0033.wav,5,64x26,1.25,0.25
background/background_20260701_183617_938780_0033_06.npy,background,background/background_20260701_183617_938780_0033.wav,6,64x26,1.5,0.25
background/background_20260701_183617_938780_0033_07.npy,background,background/background_20260701_183617_938780_0033.wav,7,64x26,1.75,0.25
background/background_20260701_183617_938780_0033_08.npy,background,background/background_20260701_183617_938780_0033.wav,8,64x26,2.0,0.25
background/background_20260701_183617_938780_0033_09.npy,background,background/background_20260701_183617_938780_0033.wav,9,64x26,2.25,0.25
background/background_20260701_183617_938780_0033_10.npy,background,background/background_20260701_183617_938780_0033.wav,10,64x26,2.5,0.25
background/background_20260701_183617_938780_0033_11.npy,background,background/background_20260701_183617_938780_0033.wav,11,64x26,2.75,0.25
background/background_20260701_183617_938780_0033_12.npy,background,background/background_20260701_183617_938780_0033.wav,12,64x26,3.0,0.25
background/background_20260701_183617_938780_0033_13.npy,background,background/background_20260701_183617_938780_0033.wav,13,64x26,3.25,0.25
background/background_20260701_183617_938780_0033_14.npy,background,background/background_20260701_183617_938780_0033.wav,14,64x26,3.5,0.25
background/background_20260701_183617_938780_0033_15.npy,background,background/background_20260701_183617_938780_0033.wav,15,64x26,3.75,0.25
background/background_20260701_183617_938780_0033_16.npy,background,background/background_20260701_183617_938780_0033.wav,16,64x26,4.0,0.25
background/background_20260701_183617_938780_0033_17.npy,background,background/background_20260701_183617_938780_0033.wav,17,64x26,4.25,0.25
background/background_20260701_183617_938780_0033_18.npy,background,background/background_20260701_183617_938780_0033.wav,18,64x26,4.5,0.25
background/background_20260701_183617_938780_0033_19.npy,background,background/background_20260701_183617_938780_0033.wav,19,64x26,4.75,0.25
background/background_20260701_183622_941697_0034_00.npy,background,background/background_20260701_183622_941697_0034.wav,0,64x26,0.0,0.25
background/background_20260701_183622_941697_0034_01.npy,background,background/background_20260701_183622_941697_0034.wav,1,64x26,0.25,0.25
background/background_20260701_183622_941697_0034_02.npy,background,background/background_20260701_183622_941697_0034.wav,2,64x26,0.5,0.25
background/background_20260701_183622_941697_0034_03.npy,background,background/background_20260701_183622_941697_0034.wav,3,64x26,0.75,0.25
background/background_20260701_183622_941697_0034_04.npy,background,background/background_20260701_183622_941697_0034.wav,4,64x26,1.0,0.25
background/background_20260701_183622_941697_0034_05.npy,background,background/background_20260701_183622_941697_0034.wav,5,64x26,1.25,0.25
background/background_20260701_183622_941697_0034_06.npy,background,background/background_20260701_183622_941697_0034.wav,6,64x26,1.5,0.25
background/background_20260701_183622_941697_0034_07.npy,background,background/background_20260701_183622_941697_0034.wav,7,64x26,1.75,0.25
background/background_20260701_183622_941697_0034_08.npy,background,background/background_20260701_183622_941697_0034.wav,8,64x26,2.0,0.25
background/background_20260701_183622_941697_0034_09.npy,background,background/background_20260701_183622_941697_0034.wav,9,64x26,2.25,0.25
background/background_20260701_183622_941697_0034_10.npy,background,background/background_20260701_183622_941697_0034.wav,10,64x26,2.5,0.25
background/background_20260701_183622_941697_0034_11.npy,background,background/background_20260701_183622_941697_0034.wav,11,64x26,2.75,0.25
background/background_20260701_183622_941697_0034_12.npy,background,background/background_20260701_183622_941697_0034.wav,12,64x26,3.0,0.25
background/background_20260701_183622_941697_0034_13.npy,background,background/background_20260701_183622_941697_0034.wav,13,64x26,3.25,0.25
background/background_20260701_183622_941697_0034_14.npy,background,background/background_20260701_183622_941697_0034.wav,14,64x26,3.5,0.25
background/background_20260701_183622_941697_0034_15.npy,background,background/background_20260701_183622_941697_0034.wav,15,64x26,3.75,0.25
background/background_20260701_183622_941697_0034_16.npy,background,background/background_20260701_183622_941697_0034.wav,16,64x26,4.0,0.25
background/background_20260701_183622_941697_0034_17.npy,background,background/background_20260701_183622_941697_0034.wav,17,64x26,4.25,0.25
background/background_20260701_183622_941697_0034_18.npy,background,background/background_20260701_183622_941697_0034.wav,18,64x26,4.5,0.25
background/background_20260701_183622_941697_0034_19.npy,background,background/background_20260701_183622_941697_0034.wav,19,64x26,4.75,0.25
background/background_20260701_183627_944606_0035_00.npy,background,background/background_20260701_183627_944606_0035.wav,0,64x26,0.0,0.25
background/background_20260701_183627_944606_0035_01.npy,background,background/background_20260701_183627_944606_0035.wav,1,64x26,0.25,0.25
background/background_20260701_183627_944606_0035_02.npy,background,background/background_20260701_183627_944606_0035.wav,2,64x26,0.5,0.25
background/background_20260701_183627_944606_0035_03.npy,background,background/background_20260701_183627_944606_0035.wav,3,64x26,0.75,0.25
background/background_20260701_183627_944606_0035_04.npy,background,background/background_20260701_183627_944606_0035.wav,4,64x26,1.0,0.25
background/background_20260701_183627_944606_0035_05.npy,background,background/background_20260701_183627_944606_0035.wav,5,64x26,1.25,0.25
background/background_20260701_183627_944606_0035_06.npy,background,background/background_20260701_183627_944606_0035.wav,6,64x26,1.5,0.25
background/background_20260701_183627_944606_0035_07.npy,background,background/background_20260701_183627_944606_0035.wav,7,64x26,1.75,0.25
background/background_20260701_183627_944606_0035_08.npy,background,background/background_20260701_183627_944606_0035.wav,8,64x26,2.0,0.25
background/background_20260701_183627_944606_0035_09.npy,background,background/background_20260701_183627_944606_0035.wav,9,64x26,2.25,0.25
background/background_20260701_183627_944606_0035_10.npy,background,background/background_20260701_183627_944606_0035.wav,10,64x26,2.5,0.25
background/background_20260701_183627_944606_0035_11.npy,background,background/background_20260701_183627_944606_0035.wav,11,64x26,2.75,0.25
background/background_20260701_183627_944606_0035_12.npy,background,background/background_20260701_183627_944606_0035.wav,12,64x26,3.0,0.25
background/background_20260701_183627_944606_0035_13.npy,background,background/background_20260701_183627_944606_0035.wav,13,64x26,3.25,0.25
background/background_20260701_183627_944606_0035_14.npy,background,background/background_20260701_183627_944606_0035.wav,14,64x26,3.5,0.25
background/background_20260701_183627_944606_0035_15.npy,background,background/background_20260701_183627_944606_0035.wav,15,64x26,3.75,0.25
background/background_20260701_183627_944606_0035_16.npy,background,background/background_20260701_183627_944606_0035.wav,16,64x26,4.0,0.25
background/background_20260701_183627_944606_0035_17.npy,background,background/background_20260701_183627_944606_0035.wav,17,64x26,4.25,0.25
background/background_20260701_183627_944606_0035_18.npy,background,background/background_20260701_183627_944606_0035.wav,18,64x26,4.5,0.25
background/background_20260701_183627_944606_0035_19.npy,background,background/background_20260701_183627_944606_0035.wav,19,64x26,4.75,0.25
background/background_20260701_183632_947529_0036_00.npy,background,background/background_20260701_183632_947529_0036.wav,0,64x26,0.0,0.25
background/background_20260701_183632_947529_0036_01.npy,background,background/background_20260701_183632_947529_0036.wav,1,64x26,0.25,0.25
background/background_20260701_183632_947529_0036_02.npy,background,background/background_20260701_183632_947529_0036.wav,2,64x26,0.5,0.25
background/background_20260701_183632_947529_0036_03.npy,background,background/background_20260701_183632_947529_0036.wav,3,64x26,0.75,0.25
background/background_20260701_183632_947529_0036_04.npy,background,background/background_20260701_183632_947529_0036.wav,4,64x26,1.0,0.25
background/background_20260701_183632_947529_0036_05.npy,background,background/background_20260701_183632_947529_0036.wav,5,64x26,1.25,0.25
background/background_20260701_183632_947529_0036_06.npy,background,background/background_20260701_183632_947529_0036.wav,6,64x26,1.5,0.25
background/background_20260701_183632_947529_0036_07.npy,background,background/background_20260701_183632_947529_0036.wav,7,64x26,1.75,0.25
background/background_20260701_183632_947529_0036_08.npy,background,background/background_20260701_183632_947529_0036.wav,8,64x26,2.0,0.25
background/background_20260701_183632_947529_0036_09.npy,background,background/background_20260701_183632_947529_0036.wav,9,64x26,2.25,0.25
background/background_20260701_183632_947529_0036_10.npy,background,background/background_20260701_183632_947529_0036.wav,10,64x26,2.5,0.25
background/background_20260701_183632_947529_0036_11.npy,background,background/background_20260701_183632_947529_0036.wav,11,64x26,2.75,0.25
background/background_20260701_183632_947529_0036_12.npy,background,background/background_20260701_183632_947529_0036.wav,12,64x26,3.0,0.25
background/background_20260701_183632_947529_0036_13.npy,background,background/background_20260701_183632_947529_0036.wav,13,64x26,3.25,0.25
background/background_20260701_183632_947529_0036_14.npy,background,background/background_20260701_183632_947529_0036.wav,14,64x26,3.5,0.25
background/background_20260701_183632_947529_0036_15.npy,background,background/background_20260701_183632_947529_0036.wav,15,64x26,3.75,0.25
background/background_20260701_183632_947529_0036_16.npy,background,background/background_20260701_183632_947529_0036.wav,16,64x26,4.0,0.25
background/background_20260701_183632_947529_0036_17.npy,background,background/background_20260701_183632_947529_0036.wav,17,64x26,4.25,0.25
background/background_20260701_183632_947529_0036_18.npy,background,background/background_20260701_183632_947529_0036.wav,18,64x26,4.5,0.25
background/background_20260701_183632_947529_0036_19.npy,background,background/background_20260701_183632_947529_0036.wav,19,64x26,4.75,0.25
background/background_20260701_183637_950422_0037_00.npy,background,background/background_20260701_183637_950422_0037.wav,0,64x26,0.0,0.25
background/background_20260701_183637_950422_0037_01.npy,background,background/background_20260701_183637_950422_0037.wav,1,64x26,0.25,0.25
background/background_20260701_183637_950422_0037_02.npy,background,background/background_20260701_183637_950422_0037.wav,2,64x26,0.5,0.25
background/background_20260701_183637_950422_0037_03.npy,background,background/background_20260701_183637_950422_0037.wav,3,64x26,0.75,0.25
background/background_20260701_183637_950422_0037_04.npy,background,background/background_20260701_183637_950422_0037.wav,4,64x26,1.0,0.25
background/background_20260701_183637_950422_0037_05.npy,background,background/background_20260701_183637_950422_0037.wav,5,64x26,1.25,0.25
background/background_20260701_183637_950422_0037_06.npy,background,background/background_20260701_183637_950422_0037.wav,6,64x26,1.5,0.25
background/background_20260701_183637_950422_0037_07.npy,background,background/background_20260701_183637_950422_0037.wav,7,64x26,1.75,0.25
background/background_20260701_183637_950422_0037_08.npy,background,background/background_20260701_183637_950422_0037.wav,8,64x26,2.0,0.25
background/background_20260701_183637_950422_0037_09.npy,background,background/background_20260701_183637_950422_0037.wav,9,64x26,2.25,0.25
background/background_20260701_183637_950422_0037_10.npy,background,background/background_20260701_183637_950422_0037.wav,10,64x26,2.5,0.25
background/background_20260701_183637_950422_0037_11.npy,background,background/background_20260701_183637_950422_0037.wav,11,64x26,2.75,0.25
background/background_20260701_183637_950422_0037_12.npy,background,background/background_20260701_183637_950422_0037.wav,12,64x26,3.0,0.25
background/background_20260701_183637_950422_0037_13.npy,background,background/background_20260701_183637_950422_0037.wav,13,64x26,3.25,0.25
background/background_20260701_183637_950422_0037_14.npy,background,background/background_20260701_183637_950422_0037.wav,14,64x26,3.5,0.25
background/background_20260701_183637_950422_0037_15.npy,background,background/background_20260701_183637_950422_0037.wav,15,64x26,3.75,0.25
background/background_20260701_183637_950422_0037_16.npy,background,background/background_20260701_183637_950422_0037.wav,16,64x26,4.0,0.25
background/background_20260701_183637_950422_0037_17.npy,background,background/background_20260701_183637_950422_0037.wav,17,64x26,4.25,0.25
background/background_20260701_183637_950422_0037_18.npy,background,background/background_20260701_183637_950422_0037.wav,18,64x26,4.5,0.25
background/background_20260701_183637_950422_0037_19.npy,background,background/background_20260701_183637_950422_0037.wav,19,64x26,4.75,0.25
background/background_20260701_183642_953364_0038_00.npy,background,background/background_20260701_183642_953364_0038.wav,0,64x26,0.0,0.25
background/background_20260701_183642_953364_0038_01.npy,background,background/background_20260701_183642_953364_0038.wav,1,64x26,0.25,0.25
background/background_20260701_183642_953364_0038_02.npy,background,background/background_20260701_183642_953364_0038.wav,2,64x26,0.5,0.25
background/background_20260701_183642_953364_0038_03.npy,background,background/background_20260701_183642_953364_0038.wav,3,64x26,0.75,0.25
background/background_20260701_183642_953364_0038_04.npy,background,background/background_20260701_183642_953364_0038.wav,4,64x26,1.0,0.25
background/background_20260701_183642_953364_0038_05.npy,background,background/background_20260701_183642_953364_0038.wav,5,64x26,1.25,0.25
background/background_20260701_183642_953364_0038_06.npy,background,background/background_20260701_183642_953364_0038.wav,6,64x26,1.5,0.25
background/background_20260701_183642_953364_0038_07.npy,background,background/background_20260701_183642_953364_0038.wav,7,64x26,1.75,0.25
background/background_20260701_183642_953364_0038_08.npy,background,background/background_20260701_183642_953364_0038.wav,8,64x26,2.0,0.25
background/background_20260701_183642_953364_0038_09.npy,background,background/background_20260701_183642_953364_0038.wav,9,64x26,2.25,0.25
background/background_20260701_183642_953364_0038_10.npy,background,background/background_20260701_183642_953364_0038.wav,10,64x26,2.5,0.25
background/background_20260701_183642_953364_0038_11.npy,background,background/background_20260701_183642_953364_0038.wav,11,64x26,2.75,0.25
background/background_20260701_183642_953364_0038_12.npy,background,background/background_20260701_183642_953364_0038.wav,12,64x26,3.0,0.25
background/background_20260701_183642_953364_0038_13.npy,background,background/background_20260701_183642_953364_0038.wav,13,64x26,3.25,0.25
background/background_20260701_183642_953364_0038_14.npy,background,background/background_20260701_183642_953364_0038.wav,14,64x26,3.5,0.25
background/background_20260701_183642_953364_0038_15.npy,background,background/background_20260701_183642_953364_0038.wav,15,64x26,3.75,0.25
background/background_20260701_183642_953364_0038_16.npy,background,background/background_20260701_183642_953364_0038.wav,16,64x26,4.0,0.25
background/background_20260701_183642_953364_0038_17.npy,background,background/background_20260701_183642_953364_0038.wav,17,64x26,4.25,0.25
background/background_20260701_183642_953364_0038_18.npy,background,background/background_20260701_183642_953364_0038.wav,18,64x26,4.5,0.25
background/background_20260701_183642_953364_0038_19.npy,background,background/background_20260701_183642_953364_0038.wav,19,64x26,4.75,0.25
background/background_20260701_183647_956260_0039_00.npy,background,background/background_20260701_183647_956260_0039.wav,0,64x26,0.0,0.25
background/background_20260701_183647_956260_0039_01.npy,background,background/background_20260701_183647_956260_0039.wav,1,64x26,0.25,0.25
background/background_20260701_183647_956260_0039_02.npy,background,background/background_20260701_183647_956260_0039.wav,2,64x26,0.5,0.25
background/background_20260701_183647_956260_0039_03.npy,background,background/background_20260701_183647_956260_0039.wav,3,64x26,0.75,0.25
background/background_20260701_183647_956260_0039_04.npy,background,background/background_20260701_183647_956260_0039.wav,4,64x26,1.0,0.25
background/background_20260701_183647_956260_0039_05.npy,background,background/background_20260701_183647_956260_0039.wav,5,64x26,1.25,0.25
background/background_20260701_183647_956260_0039_06.npy,background,background/background_20260701_183647_956260_0039.wav,6,64x26,1.5,0.25
background/background_20260701_183647_956260_0039_07.npy,background,background/background_20260701_183647_956260_0039.wav,7,64x26,1.75,0.25
background/background_20260701_183647_956260_0039_08.npy,background,background/background_20260701_183647_956260_0039.wav,8,64x26,2.0,0.25
background/background_20260701_183647_956260_0039_09.npy,background,background/background_20260701_183647_956260_0039.wav,9,64x26,2.25,0.25
background/background_20260701_183647_956260_0039_10.npy,background,background/background_20260701_183647_956260_0039.wav,10,64x26,2.5,0.25
background/background_20260701_183647_956260_0039_11.npy,background,background/background_20260701_183647_956260_0039.wav,11,64x26,2.75,0.25
background/background_20260701_183647_956260_0039_12.npy,background,background/background_20260701_183647_956260_0039.wav,12,64x26,3.0,0.25
background/background_20260701_183647_956260_0039_13.npy,background,background/background_20260701_183647_956260_0039.wav,13,64x26,3.25,0.25
background/background_20260701_183647_956260_0039_14.npy,background,background/background_20260701_183647_956260_0039.wav,14,64x26,3.5,0.25
background/background_20260701_183647_956260_0039_15.npy,background,background/background_20260701_183647_956260_0039.wav,15,64x26,3.75,0.25
background/background_20260701_183647_956260_0039_16.npy,background,background/background_20260701_183647_956260_0039.wav,16,64x26,4.0,0.25
background/background_20260701_183647_956260_0039_17.npy,background,background/background_20260701_183647_956260_0039.wav,17,64x26,4.25,0.25
background/background_20260701_183647_956260_0039_18.npy,background,background/background_20260701_183647_956260_0039.wav,18,64x26,4.5,0.25
background/background_20260701_183647_956260_0039_19.npy,background,background/background_20260701_183647_956260_0039.wav,19,64x26,4.75,0.25
background/background_20260701_183652_959169_0040_00.npy,background,background/background_20260701_183652_959169_0040.wav,0,64x26,0.0,0.25
background/background_20260701_183652_959169_0040_01.npy,background,background/background_20260701_183652_959169_0040.wav,1,64x26,0.25,0.25
background/background_20260701_183652_959169_0040_02.npy,background,background/background_20260701_183652_959169_0040.wav,2,64x26,0.5,0.25
background/background_20260701_183652_959169_0040_03.npy,background,background/background_20260701_183652_959169_0040.wav,3,64x26,0.75,0.25
background/background_20260701_183652_959169_0040_04.npy,background,background/background_20260701_183652_959169_0040.wav,4,64x26,1.0,0.25
background/background_20260701_183652_959169_0040_05.npy,background,background/background_20260701_183652_959169_0040.wav,5,64x26,1.25,0.25
background/background_20260701_183652_959169_0040_06.npy,background,background/background_20260701_183652_959169_0040.wav,6,64x26,1.5,0.25
background/background_20260701_183652_959169_0040_07.npy,background,background/background_20260701_183652_959169_0040.wav,7,64x26,1.75,0.25
background/background_20260701_183652_959169_0040_08.npy,background,background/background_20260701_183652_959169_0040.wav,8,64x26,2.0,0.25
background/background_20260701_183652_959169_0040_09.npy,background,background/background_20260701_183652_959169_0040.wav,9,64x26,2.25,0.25
background/background_20260701_183652_959169_0040_10.npy,background,background/background_20260701_183652_959169_0040.wav,10,64x26,2.5,0.25
background/background_20260701_183652_959169_0040_11.npy,background,background/background_20260701_183652_959169_0040.wav,11,64x26,2.75,0.25
background/background_20260701_183652_959169_0040_12.npy,background,background/background_20260701_183652_959169_0040.wav,12,64x26,3.0,0.25
background/background_20260701_183652_959169_0040_13.npy,background,background/background_20260701_183652_959169_0040.wav,13,64x26,3.25,0.25
background/background_20260701_183652_959169_0040_14.npy,background,background/background_20260701_183652_959169_0040.wav,14,64x26,3.5,0.25
background/background_20260701_183652_959169_0040_15.npy,background,background/background_20260701_183652_959169_0040.wav,15,64x26,3.75,0.25
background/background_20260701_183652_959169_0040_16.npy,background,background/background_20260701_183652_959169_0040.wav,16,64x26,4.0,0.25
background/background_20260701_183652_959169_0040_17.npy,background,background/background_20260701_183652_959169_0040.wav,17,64x26,4.25,0.25
background/background_20260701_183652_959169_0040_18.npy,background,background/background_20260701_183652_959169_0040.wav,18,64x26,4.5,0.25
background/background_20260701_183652_959169_0040_19.npy,background,background/background_20260701_183652_959169_0040.wav,19,64x26,4.75,0.25
background/background_20260701_183657_962073_0041_00.npy,background,background/background_20260701_183657_962073_0041.wav,0,64x26,0.0,0.25
background/background_20260701_183657_962073_0041_01.npy,background,background/background_20260701_183657_962073_0041.wav,1,64x26,0.25,0.25
background/background_20260701_183657_962073_0041_02.npy,background,background/background_20260701_183657_962073_0041.wav,2,64x26,0.5,0.25
background/background_20260701_183657_962073_0041_03.npy,background,background/background_20260701_183657_962073_0041.wav,3,64x26,0.75,0.25
background/background_20260701_183657_962073_0041_04.npy,background,background/background_20260701_183657_962073_0041.wav,4,64x26,1.0,0.25
background/background_20260701_183657_962073_0041_05.npy,background,background/background_20260701_183657_962073_0041.wav,5,64x26,1.25,0.25
background/background_20260701_183657_962073_0041_06.npy,background,background/background_20260701_183657_962073_0041.wav,6,64x26,1.5,0.25
background/background_20260701_183657_962073_0041_07.npy,background,background/background_20260701_183657_962073_0041.wav,7,64x26,1.75,0.25
background/background_20260701_183657_962073_0041_08.npy,background,background/background_20260701_183657_962073_0041.wav,8,64x26,2.0,0.25
background/background_20260701_183657_962073_0041_09.npy,background,background/background_20260701_183657_962073_0041.wav,9,64x26,2.25,0.25
background/background_20260701_183657_962073_0041_10.npy,background,background/background_20260701_183657_962073_0041.wav,10,64x26,2.5,0.25
background/background_20260701_183657_962073_0041_11.npy,background,background/background_20260701_183657_962073_0041.wav,11,64x26,2.75,0.25
background/background_20260701_183657_962073_0041_12.npy,background,background/background_20260701_183657_962073_0041.wav,12,64x26,3.0,0.25
background/background_20260701_183657_962073_0041_13.npy,background,background/background_20260701_183657_962073_0041.wav,13,64x26,3.25,0.25
background/background_20260701_183657_962073_0041_14.npy,background,background/background_20260701_183657_962073_0041.wav,14,64x26,3.5,0.25
background/background_20260701_183657_962073_0041_15.npy,background,background/background_20260701_183657_962073_0041.wav,15,64x26,3.75,0.25
background/background_20260701_183657_962073_0041_16.npy,background,background/background_20260701_183657_962073_0041.wav,16,64x26,4.0,0.25
background/background_20260701_183657_962073_0041_17.npy,background,background/background_20260701_183657_962073_0041.wav,17,64x26,4.25,0.25
background/background_20260701_183657_962073_0041_18.npy,background,background/background_20260701_183657_962073_0041.wav,18,64x26,4.5,0.25
background/background_20260701_183657_962073_0041_19.npy,background,background/background_20260701_183657_962073_0041.wav,19,64x26,4.75,0.25
background/background_20260701_183702_965006_0042_00.npy,background,background/background_20260701_183702_965006_0042.wav,0,64x26,0.0,0.25
background/background_20260701_183702_965006_0042_01.npy,background,background/background_20260701_183702_965006_0042.wav,1,64x26,0.25,0.25
background/background_20260701_183702_965006_0042_02.npy,background,background/background_20260701_183702_965006_0042.wav,2,64x26,0.5,0.25
background/background_20260701_183702_965006_0042_03.npy,background,background/background_20260701_183702_965006_0042.wav,3,64x26,0.75,0.25
background/background_20260701_183702_965006_0042_04.npy,background,background/background_20260701_183702_965006_0042.wav,4,64x26,1.0,0.25
background/background_20260701_183702_965006_0042_05.npy,background,background/background_20260701_183702_965006_0042.wav,5,64x26,1.25,0.25
background/background_20260701_183702_965006_0042_06.npy,background,background/background_20260701_183702_965006_0042.wav,6,64x26,1.5,0.25
background/background_20260701_183702_965006_0042_07.npy,background,background/background_20260701_183702_965006_0042.wav,7,64x26,1.75,0.25
background/background_20260701_183702_965006_0042_08.npy,background,background/background_20260701_183702_965006_0042.wav,8,64x26,2.0,0.25
background/background_20260701_183702_965006_0042_09.npy,background,background/background_20260701_183702_965006_0042.wav,9,64x26,2.25,0.25
background/background_20260701_183702_965006_0042_10.npy,background,background/background_20260701_183702_965006_0042.wav,10,64x26,2.5,0.25
background/background_20260701_183702_965006_0042_11.npy,background,background/background_20260701_183702_965006_0042.wav,11,64x26,2.75,0.25
background/background_20260701_183702_965006_0042_12.npy,background,background/background_20260701_183702_965006_0042.wav,12,64x26,3.0,0.25
background/background_20260701_183702_965006_0042_13.npy,background,background/background_20260701_183702_965006_0042.wav,13,64x26,3.25,0.25
background/background_20260701_183702_965006_0042_14.npy,background,background/background_20260701_183702_965006_0042.wav,14,64x26,3.5,0.25
background/background_20260701_183702_965006_0042_15.npy,background,background/background_20260701_183702_965006_0042.wav,15,64x26,3.75,0.25
background/background_20260701_183702_965006_0042_16.npy,background,background/background_20260701_183702_965006_0042.wav,16,64x26,4.0,0.25
background/background_20260701_183702_965006_0042_17.npy,background,background/background_20260701_183702_965006_0042.wav,17,64x26,4.25,0.25
background/background_20260701_183702_965006_0042_18.npy,background,background/background_20260701_183702_965006_0042.wav,18,64x26,4.5,0.25
background/background_20260701_183702_965006_0042_19.npy,background,background/background_20260701_183702_965006_0042.wav,19,64x26,4.75,0.25
background/background_20260701_183707_967907_0043_00.npy,background,background/background_20260701_183707_967907_0043.wav,0,64x26,0.0,0.25
background/background_20260701_183707_967907_0043_01.npy,background,background/background_20260701_183707_967907_0043.wav,1,64x26,0.25,0.25
background/background_20260701_183707_967907_0043_02.npy,background,background/background_20260701_183707_967907_0043.wav,2,64x26,0.5,0.25
background/background_20260701_183707_967907_0043_03.npy,background,background/background_20260701_183707_967907_0043.wav,3,64x26,0.75,0.25
background/background_20260701_183707_967907_0043_04.npy,background,background/background_20260701_183707_967907_0043.wav,4,64x26,1.0,0.25
background/background_20260701_183707_967907_0043_05.npy,background,background/background_20260701_183707_967907_0043.wav,5,64x26,1.25,0.25
background/background_20260701_183707_967907_0043_06.npy,background,background/background_20260701_183707_967907_0043.wav,6,64x26,1.5,0.25
background/background_20260701_183707_967907_0043_07.npy,background,background/background_20260701_183707_967907_0043.wav,7,64x26,1.75,0.25
background/background_20260701_183707_967907_0043_08.npy,background,background/background_20260701_183707_967907_0043.wav,8,64x26,2.0,0.25
background/background_20260701_183707_967907_0043_09.npy,background,background/background_20260701_183707_967907_0043.wav,9,64x26,2.25,0.25
background/background_20260701_183707_967907_0043_10.npy,background,background/background_20260701_183707_967907_0043.wav,10,64x26,2.5,0.25
background/background_20260701_183707_967907_0043_11.npy,background,background/background_20260701_183707_967907_0043.wav,11,64x26,2.75,0.25
background/background_20260701_183707_967907_0043_12.npy,background,background/background_20260701_183707_967907_0043.wav,12,64x26,3.0,0.25
background/background_20260701_183707_967907_0043_13.npy,background,background/background_20260701_183707_967907_0043.wav,13,64x26,3.25,0.25
background/background_20260701_183707_967907_0043_14.npy,background,background/background_20260701_183707_967907_0043.wav,14,64x26,3.5,0.25
background/background_20260701_183707_967907_0043_15.npy,background,background/background_20260701_183707_967907_0043.wav,15,64x26,3.75,0.25
background/background_20260701_183707_967907_0043_16.npy,background,background/background_20260701_183707_967907_0043.wav,16,64x26,4.0,0.25
background/background_20260701_183707_967907_0043_17.npy,background,background/background_20260701_183707_967907_0043.wav,17,64x26,4.25,0.25
background/background_20260701_183707_967907_0043_18.npy,background,background/background_20260701_183707_967907_0043.wav,18,64x26,4.5,0.25
background/background_20260701_183707_967907_0043_19.npy,background,background/background_20260701_183707_967907_0043.wav,19,64x26,4.75,0.25
background/background_20260701_183712_970847_0044_00.npy,background,background/background_20260701_183712_970847_0044.wav,0,64x26,0.0,0.25
background/background_20260701_183712_970847_0044_01.npy,background,background/background_20260701_183712_970847_0044.wav,1,64x26,0.25,0.25
background/background_20260701_183712_970847_0044_02.npy,background,background/background_20260701_183712_970847_0044.wav,2,64x26,0.5,0.25
background/background_20260701_183712_970847_0044_03.npy,background,background/background_20260701_183712_970847_0044.wav,3,64x26,0.75,0.25
background/background_20260701_183712_970847_0044_04.npy,background,background/background_20260701_183712_970847_0044.wav,4,64x26,1.0,0.25
background/background_20260701_183712_970847_0044_05.npy,background,background/background_20260701_183712_970847_0044.wav,5,64x26,1.25,0.25
background/background_20260701_183712_970847_0044_06.npy,background,background/background_20260701_183712_970847_0044.wav,6,64x26,1.5,0.25
background/background_20260701_183712_970847_0044_07.npy,background,background/background_20260701_183712_970847_0044.wav,7,64x26,1.75,0.25
background/background_20260701_183712_970847_0044_08.npy,background,background/background_20260701_183712_970847_0044.wav,8,64x26,2.0,0.25
background/background_20260701_183712_970847_0044_09.npy,background,background/background_20260701_183712_970847_0044.wav,9,64x26,2.25,0.25
background/background_20260701_183712_970847_0044_10.npy,background,background/background_20260701_183712_970847_0044.wav,10,64x26,2.5,0.25
background/background_20260701_183712_970847_0044_11.npy,background,background/background_20260701_183712_970847_0044.wav,11,64x26,2.75,0.25
background/background_20260701_183712_970847_0044_12.npy,background,background/background_20260701_183712_970847_0044.wav,12,64x26,3.0,0.25
background/background_20260701_183712_970847_0044_13.npy,background,background/background_20260701_183712_970847_0044.wav,13,64x26,3.25,0.25
background/background_20260701_183712_970847_0044_14.npy,background,background/background_20260701_183712_970847_0044.wav,14,64x26,3.5,0.25
background/background_20260701_183712_970847_0044_15.npy,background,background/background_20260701_183712_970847_0044.wav,15,64x26,3.75,0.25
background/background_20260701_183712_970847_0044_16.npy,background,background/background_20260701_183712_970847_0044.wav,16,64x26,4.0,0.25
background/background_20260701_183712_970847_0044_17.npy,background,background/background_20260701_183712_970847_0044.wav,17,64x26,4.25,0.25
background/background_20260701_183712_970847_0044_18.npy,background,background/background_20260701_183712_970847_0044.wav,18,64x26,4.5,0.25
background/background_20260701_183712_970847_0044_19.npy,background,background/background_20260701_183712_970847_0044.wav,19,64x26,4.75,0.25
background/background_20260701_183717_973755_0045_00.npy,background,background/background_20260701_183717_973755_0045.wav,0,64x26,0.0,0.25
background/background_20260701_183717_973755_0045_01.npy,background,background/background_20260701_183717_973755_0045.wav,1,64x26,0.25,0.25
background/background_20260701_183717_973755_0045_02.npy,background,background/background_20260701_183717_973755_0045.wav,2,64x26,0.5,0.25
background/background_20260701_183717_973755_0045_03.npy,background,background/background_20260701_183717_973755_0045.wav,3,64x26,0.75,0.25
background/background_20260701_183717_973755_0045_04.npy,background,background/background_20260701_183717_973755_0045.wav,4,64x26,1.0,0.25
background/background_20260701_183717_973755_0045_05.npy,background,background/background_20260701_183717_973755_0045.wav,5,64x26,1.25,0.25
background/background_20260701_183717_973755_0045_06.npy,background,background/background_20260701_183717_973755_0045.wav,6,64x26,1.5,0.25
background/background_20260701_183717_973755_0045_07.npy,background,background/background_20260701_183717_973755_0045.wav,7,64x26,1.75,0.25
background/background_20260701_183717_973755_0045_08.npy,background,background/background_20260701_183717_973755_0045.wav,8,64x26,2.0,0.25
background/background_20260701_183717_973755_0045_09.npy,background,background/background_20260701_183717_973755_0045.wav,9,64x26,2.25,0.25
background/background_20260701_183717_973755_0045_10.npy,background,background/background_20260701_183717_973755_0045.wav,10,64x26,2.5,0.25
background/background_20260701_183717_973755_0045_11.npy,background,background/background_20260701_183717_973755_0045.wav,11,64x26,2.75,0.25
background/background_20260701_183717_973755_0045_12.npy,background,background/background_20260701_183717_973755_0045.wav,12,64x26,3.0,0.25
background/background_20260701_183717_973755_0045_13.npy,background,background/background_20260701_183717_973755_0045.wav,13,64x26,3.25,0.25
background/background_20260701_183717_973755_0045_14.npy,background,background/background_20260701_183717_973755_0045.wav,14,64x26,3.5,0.25
background/background_20260701_183717_973755_0045_15.npy,background,background/background_20260701_183717_973755_0045.wav,15,64x26,3.75,0.25
background/background_20260701_183717_973755_0045_16.npy,background,background/background_20260701_183717_973755_0045.wav,16,64x26,4.0,0.25
background/background_20260701_183717_973755_0045_17.npy,background,background/background_20260701_183717_973755_0045.wav,17,64x26,4.25,0.25
background/background_20260701_183717_973755_0045_18.npy,background,background/background_20260701_183717_973755_0045.wav,18,64x26,4.5,0.25
background/background_20260701_183717_973755_0045_19.npy,background,background/background_20260701_183717_973755_0045.wav,19,64x26,4.75,0.25
background/background_20260701_183722_976661_0046_00.npy,background,background/background_20260701_183722_976661_0046.wav,0,64x26,0.0,0.25
background/background_20260701_183722_976661_0046_01.npy,background,background/background_20260701_183722_976661_0046.wav,1,64x26,0.25,0.25
background/background_20260701_183722_976661_0046_02.npy,background,background/background_20260701_183722_976661_0046.wav,2,64x26,0.5,0.25
background/background_20260701_183722_976661_0046_03.npy,background,background/background_20260701_183722_976661_0046.wav,3,64x26,0.75,0.25
background/background_20260701_183722_976661_0046_04.npy,background,background/background_20260701_183722_976661_0046.wav,4,64x26,1.0,0.25
background/background_20260701_183722_976661_0046_05.npy,background,background/background_20260701_183722_976661_0046.wav,5,64x26,1.25,0.25
background/background_20260701_183722_976661_0046_06.npy,background,background/background_20260701_183722_976661_0046.wav,6,64x26,1.5,0.25
background/background_20260701_183722_976661_0046_07.npy,background,background/background_20260701_183722_976661_0046.wav,7,64x26,1.75,0.25
background/background_20260701_183722_976661_0046_08.npy,background,background/background_20260701_183722_976661_0046.wav,8,64x26,2.0,0.25
background/background_20260701_183722_976661_0046_09.npy,background,background/background_20260701_183722_976661_0046.wav,9,64x26,2.25,0.25
background/background_20260701_183722_976661_0046_10.npy,background,background/background_20260701_183722_976661_0046.wav,10,64x26,2.5,0.25
background/background_20260701_183722_976661_0046_11.npy,background,background/background_20260701_183722_976661_0046.wav,11,64x26,2.75,0.25
background/background_20260701_183722_976661_0046_12.npy,background,background/background_20260701_183722_976661_0046.wav,12,64x26,3.0,0.25
background/background_20260701_183722_976661_0046_13.npy,background,background/background_20260701_183722_976661_0046.wav,13,64x26,3.25,0.25
background/background_20260701_183722_976661_0046_14.npy,background,background/background_20260701_183722_976661_0046.wav,14,64x26,3.5,0.25
background/background_20260701_183722_976661_0046_15.npy,background,background/background_20260701_183722_976661_0046.wav,15,64x26,3.75,0.25
background/background_20260701_183722_976661_0046_16.npy,background,background/background_20260701_183722_976661_0046.wav,16,64x26,4.0,0.25
background/background_20260701_183722_976661_0046_17.npy,background,background/background_20260701_183722_976661_0046.wav,17,64x26,4.25,0.25
background/background_20260701_183722_976661_0046_18.npy,background,background/background_20260701_183722_976661_0046.wav,18,64x26,4.5,0.25
background/background_20260701_183722_976661_0046_19.npy,background,background/background_20260701_183722_976661_0046.wav,19,64x26,4.75,0.25
background/background_20260701_183727_979582_0047_00.npy,background,background/background_20260701_183727_979582_0047.wav,0,64x26,0.0,0.25
background/background_20260701_183727_979582_0047_01.npy,background,background/background_20260701_183727_979582_0047.wav,1,64x26,0.25,0.25
background/background_20260701_183727_979582_0047_02.npy,background,background/background_20260701_183727_979582_0047.wav,2,64x26,0.5,0.25
background/background_20260701_183727_979582_0047_03.npy,background,background/background_20260701_183727_979582_0047.wav,3,64x26,0.75,0.25
background/background_20260701_183727_979582_0047_04.npy,background,background/background_20260701_183727_979582_0047.wav,4,64x26,1.0,0.25
background/background_20260701_183727_979582_0047_05.npy,background,background/background_20260701_183727_979582_0047.wav,5,64x26,1.25,0.25
background/background_20260701_183727_979582_0047_06.npy,background,background/background_20260701_183727_979582_0047.wav,6,64x26,1.5,0.25
background/background_20260701_183727_979582_0047_07.npy,background,background/background_20260701_183727_979582_0047.wav,7,64x26,1.75,0.25
background/background_20260701_183727_979582_0047_08.npy,background,background/background_20260701_183727_979582_0047.wav,8,64x26,2.0,0.25
background/background_20260701_183727_979582_0047_09.npy,background,background/background_20260701_183727_979582_0047.wav,9,64x26,2.25,0.25
background/background_20260701_183727_979582_0047_10.npy,background,background/background_20260701_183727_979582_0047.wav,10,64x26,2.5,0.25
background/background_20260701_183727_979582_0047_11.npy,background,background/background_20260701_183727_979582_0047.wav,11,64x26,2.75,0.25
background/background_20260701_183727_979582_0047_12.npy,background,background/background_20260701_183727_979582_0047.wav,12,64x26,3.0,0.25
background/background_20260701_183727_979582_0047_13.npy,background,background/background_20260701_183727_979582_0047.wav,13,64x26,3.25,0.25
background/background_20260701_183727_979582_0047_14.npy,background,background/background_20260701_183727_979582_0047.wav,14,64x26,3.5,0.25
background/background_20260701_183727_979582_0047_15.npy,background,background/background_20260701_183727_979582_0047.wav,15,64x26,3.75,0.25
background/background_20260701_183727_979582_0047_16.npy,background,background/background_20260701_183727_979582_0047.wav,16,64x26,4.0,0.25
background/background_20260701_183727_979582_0047_17.npy,background,background/background_20260701_183727_979582_0047.wav,17,64x26,4.25,0.25
background/background_20260701_183727_979582_0047_18.npy,background,background/background_20260701_183727_979582_0047.wav,18,64x26,4.5,0.25
background/background_20260701_183727_979582_0047_19.npy,background,background/background_20260701_183727_979582_0047.wav,19,64x26,4.75,0.25
background/background_20260701_183732_982509_0048_00.npy,background,background/background_20260701_183732_982509_0048.wav,0,64x26,0.0,0.25
background/background_20260701_183732_982509_0048_01.npy,background,background/background_20260701_183732_982509_0048.wav,1,64x26,0.25,0.25
background/background_20260701_183732_982509_0048_02.npy,background,background/background_20260701_183732_982509_0048.wav,2,64x26,0.5,0.25
background/background_20260701_183732_982509_0048_03.npy,background,background/background_20260701_183732_982509_0048.wav,3,64x26,0.75,0.25
background/background_20260701_183732_982509_0048_04.npy,background,background/background_20260701_183732_982509_0048.wav,4,64x26,1.0,0.25
background/background_20260701_183732_982509_0048_05.npy,background,background/background_20260701_183732_982509_0048.wav,5,64x26,1.25,0.25
background/background_20260701_183732_982509_0048_06.npy,background,background/background_20260701_183732_982509_0048.wav,6,64x26,1.5,0.25
background/background_20260701_183732_982509_0048_07.npy,background,background/background_20260701_183732_982509_0048.wav,7,64x26,1.75,0.25
background/background_20260701_183732_982509_0048_08.npy,background,background/background_20260701_183732_982509_0048.wav,8,64x26,2.0,0.25
background/background_20260701_183732_982509_0048_09.npy,background,background/background_20260701_183732_982509_0048.wav,9,64x26,2.25,0.25
background/background_20260701_183732_982509_0048_10.npy,background,background/background_20260701_183732_982509_0048.wav,10,64x26,2.5,0.25
background/background_20260701_183732_982509_0048_11.npy,background,background/background_20260701_183732_982509_0048.wav,11,64x26,2.75,0.25
background/background_20260701_183732_982509_0048_12.npy,background,background/background_20260701_183732_982509_0048.wav,12,64x26,3.0,0.25
background/background_20260701_183732_982509_0048_13.npy,background,background/background_20260701_183732_982509_0048.wav,13,64x26,3.25,0.25
background/background_20260701_183732_982509_0048_14.npy,background,background/background_20260701_183732_982509_0048.wav,14,64x26,3.5,0.25
background/background_20260701_183732_982509_0048_15.npy,background,background/background_20260701_183732_982509_0048.wav,15,64x26,3.75,0.25
background/background_20260701_183732_982509_0048_16.npy,background,background/background_20260701_183732_982509_0048.wav,16,64x26,4.0,0.25
background/background_20260701_183732_982509_0048_17.npy,background,background/background_20260701_183732_982509_0048.wav,17,64x26,4.25,0.25
background/background_20260701_183732_982509_0048_18.npy,background,background/background_20260701_183732_982509_0048.wav,18,64x26,4.5,0.25
background/background_20260701_183732_982509_0048_19.npy,background,background/background_20260701_183732_982509_0048.wav,19,64x26,4.75,0.25
background/background_20260701_183737_985423_0049_00.npy,background,background/background_20260701_183737_985423_0049.wav,0,64x26,0.0,0.25
background/background_20260701_183737_985423_0049_01.npy,background,background/background_20260701_183737_985423_0049.wav,1,64x26,0.25,0.25
background/background_20260701_183737_985423_0049_02.npy,background,background/background_20260701_183737_985423_0049.wav,2,64x26,0.5,0.25
background/background_20260701_183737_985423_0049_03.npy,background,background/background_20260701_183737_985423_0049.wav,3,64x26,0.75,0.25
background/background_20260701_183737_985423_0049_04.npy,background,background/background_20260701_183737_985423_0049.wav,4,64x26,1.0,0.25
background/background_20260701_183737_985423_0049_05.npy,background,background/background_20260701_183737_985423_0049.wav,5,64x26,1.25,0.25
background/background_20260701_183737_985423_0049_06.npy,background,background/background_20260701_183737_985423_0049.wav,6,64x26,1.5,0.25
background/background_20260701_183737_985423_0049_07.npy,background,background/background_20260701_183737_985423_0049.wav,7,64x26,1.75,0.25
background/background_20260701_183737_985423_0049_08.npy,background,background/background_20260701_183737_985423_0049.wav,8,64x26,2.0,0.25
background/background_20260701_183737_985423_0049_09.npy,background,background/background_20260701_183737_985423_0049.wav,9,64x26,2.25,0.25
background/background_20260701_183737_985423_0049_10.npy,background,background/background_20260701_183737_985423_0049.wav,10,64x26,2.5,0.25
background/background_20260701_183737_985423_0049_11.npy,background,background/background_20260701_183737_985423_0049.wav,11,64x26,2.75,0.25
background/background_20260701_183737_985423_0049_12.npy,background,background/background_20260701_183737_985423_0049.wav,12,64x26,3.0,0.25
background/background_20260701_183737_985423_0049_13.npy,background,background/background_20260701_183737_985423_0049.wav,13,64x26,3.25,0.25
background/background_20260701_183737_985423_0049_14.npy,background,background/background_20260701_183737_985423_0049.wav,14,64x26,3.5,0.25
background/background_20260701_183737_985423_0049_15.npy,background,background/background_20260701_183737_985423_0049.wav,15,64x26,3.75,0.25
background/background_20260701_183737_985423_0049_16.npy,background,background/background_20260701_183737_985423_0049.wav,16,64x26,4.0,0.25
background/background_20260701_183737_985423_0049_17.npy,background,background/background_20260701_183737_985423_0049.wav,17,64x26,4.25,0.25
background/background_20260701_183737_985423_0049_18.npy,background,background/background_20260701_183737_985423_0049.wav,18,64x26,4.5,0.25
background/background_20260701_183737_985423_0049_19.npy,background,background/background_20260701_183737_985423_0049.wav,19,64x26,4.75,0.25
background/background_20260701_183742_988328_0050_00.npy,background,background/background_20260701_183742_988328_0050.wav,0,64x26,0.0,0.25
background/background_20260701_183742_988328_0050_01.npy,background,background/background_20260701_183742_988328_0050.wav,1,64x26,0.25,0.25
background/background_20260701_183742_988328_0050_02.npy,background,background/background_20260701_183742_988328_0050.wav,2,64x26,0.5,0.25
background/background_20260701_183742_988328_0050_03.npy,background,background/background_20260701_183742_988328_0050.wav,3,64x26,0.75,0.25
background/background_20260701_183742_988328_0050_04.npy,background,background/background_20260701_183742_988328_0050.wav,4,64x26,1.0,0.25
background/background_20260701_183742_988328_0050_05.npy,background,background/background_20260701_183742_988328_0050.wav,5,64x26,1.25,0.25
background/background_20260701_183742_988328_0050_06.npy,background,background/background_20260701_183742_988328_0050.wav,6,64x26,1.5,0.25
background/background_20260701_183742_988328_0050_07.npy,background,background/background_20260701_183742_988328_0050.wav,7,64x26,1.75,0.25
background/background_20260701_183742_988328_0050_08.npy,background,background/background_20260701_183742_988328_0050.wav,8,64x26,2.0,0.25
background/background_20260701_183742_988328_0050_09.npy,background,background/background_20260701_183742_988328_0050.wav,9,64x26,2.25,0.25
background/background_20260701_183742_988328_0050_10.npy,background,background/background_20260701_183742_988328_0050.wav,10,64x26,2.5,0.25
background/background_20260701_183742_988328_0050_11.npy,background,background/background_20260701_183742_988328_0050.wav,11,64x26,2.75,0.25
background/background_20260701_183742_988328_0050_12.npy,background,background/background_20260701_183742_988328_0050.wav,12,64x26,3.0,0.25
background/background_20260701_183742_988328_0050_13.npy,background,background/background_20260701_183742_988328_0050.wav,13,64x26,3.25,0.25
background/background_20260701_183742_988328_0050_14.npy,background,background/background_20260701_183742_988328_0050.wav,14,64x26,3.5,0.25
background/background_20260701_183742_988328_0050_15.npy,background,background/background_20260701_183742_988328_0050.wav,15,64x26,3.75,0.25
background/background_20260701_183742_988328_0050_16.npy,background,background/background_20260701_183742_988328_0050.wav,16,64x26,4.0,0.25
background/background_20260701_183742_988328_0050_17.npy,background,background/background_20260701_183742_988328_0050.wav,17,64x26,4.25,0.25
background/background_20260701_183742_988328_0050_18.npy,background,background/background_20260701_183742_988328_0050.wav,18,64x26,4.5,0.25
background/background_20260701_183742_988328_0050_19.npy,background,background/background_20260701_183742_988328_0050.wav,19,64x26,4.75,0.25
background/background_20260701_183747_991239_0051_00.npy,background,background/background_20260701_183747_991239_0051.wav,0,64x26,0.0,0.25
background/background_20260701_183747_991239_0051_01.npy,background,background/background_20260701_183747_991239_0051.wav,1,64x26,0.25,0.25
background/background_20260701_183747_991239_0051_02.npy,background,background/background_20260701_183747_991239_0051.wav,2,64x26,0.5,0.25
background/background_20260701_183747_991239_0051_03.npy,background,background/background_20260701_183747_991239_0051.wav,3,64x26,0.75,0.25
background/background_20260701_183747_991239_0051_04.npy,background,background/background_20260701_183747_991239_0051.wav,4,64x26,1.0,0.25
background/background_20260701_183747_991239_0051_05.npy,background,background/background_20260701_183747_991239_0051.wav,5,64x26,1.25,0.25
background/background_20260701_183747_991239_0051_06.npy,background,background/background_20260701_183747_991239_0051.wav,6,64x26,1.5,0.25
background/background_20260701_183747_991239_0051_07.npy,background,background/background_20260701_183747_991239_0051.wav,7,64x26,1.75,0.25
background/background_20260701_183747_991239_0051_08.npy,background,background/background_20260701_183747_991239_0051.wav,8,64x26,2.0,0.25
background/background_20260701_183747_991239_0051_09.npy,background,background/background_20260701_183747_991239_0051.wav,9,64x26,2.25,0.25
background/background_20260701_183747_991239_0051_10.npy,background,background/background_20260701_183747_991239_0051.wav,10,64x26,2.5,0.25
background/background_20260701_183747_991239_0051_11.npy,background,background/background_20260701_183747_991239_0051.wav,11,64x26,2.75,0.25
background/background_20260701_183747_991239_0051_12.npy,background,background/background_20260701_183747_991239_0051.wav,12,64x26,3.0,0.25
background/background_20260701_183747_991239_0051_13.npy,background,background/background_20260701_183747_991239_0051.wav,13,64x26,3.25,0.25
background/background_20260701_183747_991239_0051_14.npy,background,background/background_20260701_183747_991239_0051.wav,14,64x26,3.5,0.25
background/background_20260701_183747_991239_0051_15.npy,background,background/background_20260701_183747_991239_0051.wav,15,64x26,3.75,0.25
background/background_20260701_183747_991239_0051_16.npy,background,background/background_20260701_183747_991239_0051.wav,16,64x26,4.0,0.25
background/background_20260701_183747_991239_0051_17.npy,background,background/background_20260701_183747_991239_0051.wav,17,64x26,4.25,0.25
background/background_20260701_183747_991239_0051_18.npy,background,background/background_20260701_183747_991239_0051.wav,18,64x26,4.5,0.25
background/background_20260701_183747_991239_0051_19.npy,background,background/background_20260701_183747_991239_0051.wav,19,64x26,4.75,0.25
background/background_20260706_191208_013257_0000_00.npy,background,background/background_20260706_191208_013257_0000.wav,0,64x26,0.0,0.25
background/background_20260706_191208_013257_0000_01.npy,background,background/background_20260706_191208_013257_0000.wav,1,64x26,0.25,0.25
background/background_20260706_191208_013257_0000_02.npy,background,background/background_20260706_191208_013257_0000.wav,2,64x26,0.5,0.25
background/background_20260706_191208_013257_0000_03.npy,background,background/background_20260706_191208_013257_0000.wav,3,64x26,0.75,0.25
background/background_20260706_191208_013257_0000_04.npy,background,background/background_20260706_191208_013257_0000.wav,4,64x26,1.0,0.25
background/background_20260706_191208_013257_0000_05.npy,background,background/background_20260706_191208_013257_0000.wav,5,64x26,1.25,0.25
background/background_20260706_191208_013257_0000_06.npy,background,background/background_20260706_191208_013257_0000.wav,6,64x26,1.5,0.25
background/background_20260706_191208_013257_0000_07.npy,background,background/background_20260706_191208_013257_0000.wav,7,64x26,1.75,0.25
background/background_20260706_191208_013257_0000_08.npy,background,background/background_20260706_191208_013257_0000.wav,8,64x26,2.0,0.25
background/background_20260706_191208_013257_0000_09.npy,background,background/background_20260706_191208_013257_0000.wav,9,64x26,2.25,0.25
background/background_20260706_191208_013257_0000_10.npy,background,background/background_20260706_191208_013257_0000.wav,10,64x26,2.5,0.25
background/background_20260706_191208_013257_0000_11.npy,background,background/background_20260706_191208_013257_0000.wav,11,64x26,2.75,0.25
background/background_20260706_191208_013257_0000_12.npy,background,background/background_20260706_191208_013257_0000.wav,12,64x26,3.0,0.25
background/background_20260706_191208_013257_0000_13.npy,background,background/background_20260706_191208_013257_0000.wav,13,64x26,3.25,0.25
background/background_20260706_191208_013257_0000_14.npy,background,background/background_20260706_191208_013257_0000.wav,14,64x26,3.5,0.25
background/background_20260706_191208_013257_0000_15.npy,background,background/background_20260706_191208_013257_0000.wav,15,64x26,3.75,0.25
background/background_20260706_191208_013257_0000_16.npy,background,background/background_20260706_191208_013257_0000.wav,16,64x26,4.0,0.25
background/background_20260706_191208_013257_0000_17.npy,background,background/background_20260706_191208_013257_0000.wav,17,64x26,4.25,0.25
background/background_20260706_191208_013257_0000_18.npy,background,background/background_20260706_191208_013257_0000.wav,18,64x26,4.5,0.25
background/background_20260706_191208_013257_0000_19.npy,background,background/background_20260706_191208_013257_0000.wav,19,64x26,4.75,0.25
background/background_20260706_191213_016136_0001_00.npy,background,background/background_20260706_191213_016136_0001.wav,0,64x26,0.0,0.25
background/background_20260706_191213_016136_0001_01.npy,background,background/background_20260706_191213_016136_0001.wav,1,64x26,0.25,0.25
background/background_20260706_191213_016136_0001_02.npy,background,background/background_20260706_191213_016136_0001.wav,2,64x26,0.5,0.25
background/background_20260706_191213_016136_0001_03.npy,background,background/background_20260706_191213_016136_0001.wav,3,64x26,0.75,0.25
background/background_20260706_191213_016136_0001_04.npy,background,background/background_20260706_191213_016136_0001.wav,4,64x26,1.0,0.25
background/background_20260706_191213_016136_0001_05.npy,background,background/background_20260706_191213_016136_0001.wav,5,64x26,1.25,0.25
background/background_20260706_191213_016136_0001_06.npy,background,background/background_20260706_191213_016136_0001.wav,6,64x26,1.5,0.25
background/background_20260706_191213_016136_0001_07.npy,background,background/background_20260706_191213_016136_0001.wav,7,64x26,1.75,0.25
background/background_20260706_191213_016136_0001_08.npy,background,background/background_20260706_191213_016136_0001.wav,8,64x26,2.0,0.25
background/background_20260706_191213_016136_0001_09.npy,background,background/background_20260706_191213_016136_0001.wav,9,64x26,2.25,0.25
background/background_20260706_191213_016136_0001_10.npy,background,background/background_20260706_191213_016136_0001.wav,10,64x26,2.5,0.25
background/background_20260706_191213_016136_0001_11.npy,background,background/background_20260706_191213_016136_0001.wav,11,64x26,2.75,0.25
background/background_20260706_191213_016136_0001_12.npy,background,background/background_20260706_191213_016136_0001.wav,12,64x26,3.0,0.25
background/background_20260706_191213_016136_0001_13.npy,background,background/background_20260706_191213_016136_0001.wav,13,64x26,3.25,0.25
background/background_20260706_191213_016136_0001_14.npy,background,background/background_20260706_191213_016136_0001.wav,14,64x26,3.5,0.25
background/background_20260706_191213_016136_0001_15.npy,background,background/background_20260706_191213_016136_0001.wav,15,64x26,3.75,0.25
background/background_20260706_191213_016136_0001_16.npy,background,background/background_20260706_191213_016136_0001.wav,16,64x26,4.0,0.25
background/background_20260706_191213_016136_0001_17.npy,background,background/background_20260706_191213_016136_0001.wav,17,64x26,4.25,0.25
background/background_20260706_191213_016136_0001_18.npy,background,background/background_20260706_191213_016136_0001.wav,18,64x26,4.5,0.25
background/background_20260706_191213_016136_0001_19.npy,background,background/background_20260706_191213_016136_0001.wav,19,64x26,4.75,0.25
background/background_20260706_191218_019043_0002_00.npy,background,background/background_20260706_191218_019043_0002.wav,0,64x26,0.0,0.25
background/background_20260706_191218_019043_0002_01.npy,background,background/background_20260706_191218_019043_0002.wav,1,64x26,0.25,0.25
background/background_20260706_191218_019043_0002_02.npy,background,background/background_20260706_191218_019043_0002.wav,2,64x26,0.5,0.25
background/background_20260706_191218_019043_0002_03.npy,background,background/background_20260706_191218_019043_0002.wav,3,64x26,0.75,0.25
background/background_20260706_191218_019043_0002_04.npy,background,background/background_20260706_191218_019043_0002.wav,4,64x26,1.0,0.25
background/background_20260706_191218_019043_0002_05.npy,background,background/background_20260706_191218_019043_0002.wav,5,64x26,1.25,0.25
background/background_20260706_191218_019043_0002_06.npy,background,background/background_20260706_191218_019043_0002.wav,6,64x26,1.5,0.25
background/background_20260706_191218_019043_0002_07.npy,background,background/background_20260706_191218_019043_0002.wav,7,64x26,1.75,0.25
background/background_20260706_191218_019043_0002_08.npy,background,background/background_20260706_191218_019043_0002.wav,8,64x26,2.0,0.25
background/background_20260706_191218_019043_0002_09.npy,background,background/background_20260706_191218_019043_0002.wav,9,64x26,2.25,0.25
background/background_20260706_191218_019043_0002_10.npy,background,background/background_20260706_191218_019043_0002.wav,10,64x26,2.5,0.25
background/background_20260706_191218_019043_0002_11.npy,background,background/background_20260706_191218_019043_0002.wav,11,64x26,2.75,0.25
background/background_20260706_191218_019043_0002_12.npy,background,background/background_20260706_191218_019043_0002.wav,12,64x26,3.0,0.25
background/background_20260706_191218_019043_0002_13.npy,background,background/background_20260706_191218_019043_0002.wav,13,64x26,3.25,0.25
background/background_20260706_191218_019043_0002_14.npy,background,background/background_20260706_191218_019043_0002.wav,14,64x26,3.5,0.25
background/background_20260706_191218_019043_0002_15.npy,background,background/background_20260706_191218_019043_0002.wav,15,64x26,3.75,0.25
background/background_20260706_191218_019043_0002_16.npy,background,background/background_20260706_191218_019043_0002.wav,16,64x26,4.0,0.25
background/background_20260706_191218_019043_0002_17.npy,background,background/background_20260706_191218_019043_0002.wav,17,64x26,4.25,0.25
background/background_20260706_191218_019043_0002_18.npy,background,background/background_20260706_191218_019043_0002.wav,18,64x26,4.5,0.25
background/background_20260706_191218_019043_0002_19.npy,background,background/background_20260706_191218_019043_0002.wav,19,64x26,4.75,0.25
background/background_20260706_191223_021905_0003_00.npy,background,background/background_20260706_191223_021905_0003.wav,0,64x26,0.0,0.25
background/background_20260706_191223_021905_0003_01.npy,background,background/background_20260706_191223_021905_0003.wav,1,64x26,0.25,0.25
background/background_20260706_191223_021905_0003_02.npy,background,background/background_20260706_191223_021905_0003.wav,2,64x26,0.5,0.25
background/background_20260706_191223_021905_0003_03.npy,background,background/background_20260706_191223_021905_0003.wav,3,64x26,0.75,0.25
background/background_20260706_191223_021905_0003_04.npy,background,background/background_20260706_191223_021905_0003.wav,4,64x26,1.0,0.25
background/background_20260706_191223_021905_0003_05.npy,background,background/background_20260706_191223_021905_0003.wav,5,64x26,1.25,0.25
background/background_20260706_191223_021905_0003_06.npy,background,background/background_20260706_191223_021905_0003.wav,6,64x26,1.5,0.25
background/background_20260706_191223_021905_0003_07.npy,background,background/background_20260706_191223_021905_0003.wav,7,64x26,1.75,0.25
background/background_20260706_191223_021905_0003_08.npy,background,background/background_20260706_191223_021905_0003.wav,8,64x26,2.0,0.25
background/background_20260706_191223_021905_0003_09.npy,background,background/background_20260706_191223_021905_0003.wav,9,64x26,2.25,0.25
background/background_20260706_191223_021905_0003_10.npy,background,background/background_20260706_191223_021905_0003.wav,10,64x26,2.5,0.25
background/background_20260706_191223_021905_0003_11.npy,background,background/background_20260706_191223_021905_0003.wav,11,64x26,2.75,0.25
background/background_20260706_191223_021905_0003_12.npy,background,background/background_20260706_191223_021905_0003.wav,12,64x26,3.0,0.25
background/background_20260706_191223_021905_0003_13.npy,background,background/background_20260706_191223_021905_0003.wav,13,64x26,3.25,0.25
background/background_20260706_191223_021905_0003_14.npy,background,background/background_20260706_191223_021905_0003.wav,14,64x26,3.5,0.25
background/background_20260706_191223_021905_0003_15.npy,background,background/background_20260706_191223_021905_0003.wav,15,64x26,3.75,0.25
background/background_20260706_191223_021905_0003_16.npy,background,background/background_20260706_191223_021905_0003.wav,16,64x26,4.0,0.25
background/background_20260706_191223_021905_0003_17.npy,background,background/background_20260706_191223_021905_0003.wav,17,64x26,4.25,0.25
background/background_20260706_191223_021905_0003_18.npy,background,background/background_20260706_191223_021905_0003.wav,18,64x26,4.5,0.25
background/background_20260706_191223_021905_0003_19.npy,background,background/background_20260706_191223_021905_0003.wav,19,64x26,4.75,0.25
background/background_20260706_191228_025004_0004_00.npy,background,background/background_20260706_191228_025004_0004.wav,0,64x26,0.0,0.25
background/background_20260706_191228_025004_0004_01.npy,background,background/background_20260706_191228_025004_0004.wav,1,64x26,0.25,0.25
background/background_20260706_191228_025004_0004_02.npy,background,background/background_20260706_191228_025004_0004.wav,2,64x26,0.5,0.25
background/background_20260706_191228_025004_0004_03.npy,background,background/background_20260706_191228_025004_0004.wav,3,64x26,0.75,0.25
background/background_20260706_191228_025004_0004_04.npy,background,background/background_20260706_191228_025004_0004.wav,4,64x26,1.0,0.25
background/background_20260706_191228_025004_0004_05.npy,background,background/background_20260706_191228_025004_0004.wav,5,64x26,1.25,0.25
background/background_20260706_191228_025004_0004_06.npy,background,background/background_20260706_191228_025004_0004.wav,6,64x26,1.5,0.25
background/background_20260706_191228_025004_0004_07.npy,background,background/background_20260706_191228_025004_0004.wav,7,64x26,1.75,0.25
background/background_20260706_191228_025004_0004_08.npy,background,background/background_20260706_191228_025004_0004.wav,8,64x26,2.0,0.25
background/background_20260706_191228_025004_0004_09.npy,background,background/background_20260706_191228_025004_0004.wav,9,64x26,2.25,0.25
background/background_20260706_191228_025004_0004_10.npy,background,background/background_20260706_191228_025004_0004.wav,10,64x26,2.5,0.25
background/background_20260706_191228_025004_0004_11.npy,background,background/background_20260706_191228_025004_0004.wav,11,64x26,2.75,0.25
background/background_20260706_191228_025004_0004_12.npy,background,background/background_20260706_191228_025004_0004.wav,12,64x26,3.0,0.25
background/background_20260706_191228_025004_0004_13.npy,background,background/background_20260706_191228_025004_0004.wav,13,64x26,3.25,0.25
background/background_20260706_191228_025004_0004_14.npy,background,background/background_20260706_191228_025004_0004.wav,14,64x26,3.5,0.25
background/background_20260706_191228_025004_0004_15.npy,background,background/background_20260706_191228_025004_0004.wav,15,64x26,3.75,0.25
background/background_20260706_191228_025004_0004_16.npy,background,background/background_20260706_191228_025004_0004.wav,16,64x26,4.0,0.25
background/background_20260706_191228_025004_0004_17.npy,background,background/background_20260706_191228_025004_0004.wav,17,64x26,4.25,0.25
background/background_20260706_191228_025004_0004_18.npy,background,background/background_20260706_191228_025004_0004.wav,18,64x26,4.5,0.25
background/background_20260706_191228_025004_0004_19.npy,background,background/background_20260706_191228_025004_0004.wav,19,64x26,4.75,0.25
background/background_20260706_191233_027743_0005_00.npy,background,background/background_20260706_191233_027743_0005.wav,0,64x26,0.0,0.25
background/background_20260706_191233_027743_0005_01.npy,background,background/background_20260706_191233_027743_0005.wav,1,64x26,0.25,0.25
background/background_20260706_191233_027743_0005_02.npy,background,background/background_20260706_191233_027743_0005.wav,2,64x26,0.5,0.25
background/background_20260706_191233_027743_0005_03.npy,background,background/background_20260706_191233_027743_0005.wav,3,64x26,0.75,0.25
background/background_20260706_191233_027743_0005_04.npy,background,background/background_20260706_191233_027743_0005.wav,4,64x26,1.0,0.25
background/background_20260706_191233_027743_0005_05.npy,background,background/background_20260706_191233_027743_0005.wav,5,64x26,1.25,0.25
background/background_20260706_191233_027743_0005_06.npy,background,background/background_20260706_191233_027743_0005.wav,6,64x26,1.5,0.25
background/background_20260706_191233_027743_0005_07.npy,background,background/background_20260706_191233_027743_0005.wav,7,64x26,1.75,0.25
background/background_20260706_191233_027743_0005_08.npy,background,background/background_20260706_191233_027743_0005.wav,8,64x26,2.0,0.25
background/background_20260706_191233_027743_0005_09.npy,background,background/background_20260706_191233_027743_0005.wav,9,64x26,2.25,0.25
background/background_20260706_191233_027743_0005_10.npy,background,background/background_20260706_191233_027743_0005.wav,10,64x26,2.5,0.25
background/background_20260706_191233_027743_0005_11.npy,background,background/background_20260706_191233_027743_0005.wav,11,64x26,2.75,0.25
background/background_20260706_191233_027743_0005_12.npy,background,background/background_20260706_191233_027743_0005.wav,12,64x26,3.0,0.25
background/background_20260706_191233_027743_0005_13.npy,background,background/background_20260706_191233_027743_0005.wav,13,64x26,3.25,0.25
background/background_20260706_191233_027743_0005_14.npy,background,background/background_20260706_191233_027743_0005.wav,14,64x26,3.5,0.25
background/background_20260706_191233_027743_0005_15.npy,background,background/background_20260706_191233_027743_0005.wav,15,64x26,3.75,0.25
background/background_20260706_191233_027743_0005_16.npy,background,background/background_20260706_191233_027743_0005.wav,16,64x26,4.0,0.25
background/background_20260706_191233_027743_0005_17.npy,background,background/background_20260706_191233_027743_0005.wav,17,64x26,4.25,0.25
background/background_20260706_191233_027743_0005_18.npy,background,background/background_20260706_191233_027743_0005.wav,18,64x26,4.5,0.25
background/background_20260706_191233_027743_0005_19.npy,background,background/background_20260706_191233_027743_0005.wav,19,64x26,4.75,0.25
background/background_20260706_191238_030836_0006_00.npy,background,background/background_20260706_191238_030836_0006.wav,0,64x26,0.0,0.25
background/background_20260706_191238_030836_0006_01.npy,background,background/background_20260706_191238_030836_0006.wav,1,64x26,0.25,0.25
background/background_20260706_191238_030836_0006_02.npy,background,background/background_20260706_191238_030836_0006.wav,2,64x26,0.5,0.25
background/background_20260706_191238_030836_0006_03.npy,background,background/background_20260706_191238_030836_0006.wav,3,64x26,0.75,0.25
background/background_20260706_191238_030836_0006_04.npy,background,background/background_20260706_191238_030836_0006.wav,4,64x26,1.0,0.25
background/background_20260706_191238_030836_0006_05.npy,background,background/background_20260706_191238_030836_0006.wav,5,64x26,1.25,0.25
background/background_20260706_191238_030836_0006_06.npy,background,background/background_20260706_191238_030836_0006.wav,6,64x26,1.5,0.25
background/background_20260706_191238_030836_0006_07.npy,background,background/background_20260706_191238_030836_0006.wav,7,64x26,1.75,0.25
background/background_20260706_191238_030836_0006_08.npy,background,background/background_20260706_191238_030836_0006.wav,8,64x26,2.0,0.25
background/background_20260706_191238_030836_0006_09.npy,background,background/background_20260706_191238_030836_0006.wav,9,64x26,2.25,0.25
background/background_20260706_191238_030836_0006_10.npy,background,background/background_20260706_191238_030836_0006.wav,10,64x26,2.5,0.25
background/background_20260706_191238_030836_0006_11.npy,background,background/background_20260706_191238_030836_0006.wav,11,64x26,2.75,0.25
background/background_20260706_191238_030836_0006_12.npy,background,background/background_20260706_191238_030836_0006.wav,12,64x26,3.0,0.25
background/background_20260706_191238_030836_0006_13.npy,background,background/background_20260706_191238_030836_0006.wav,13,64x26,3.25,0.25
background/background_20260706_191238_030836_0006_14.npy,background,background/background_20260706_191238_030836_0006.wav,14,64x26,3.5,0.25
background/background_20260706_191238_030836_0006_15.npy,background,background/background_20260706_191238_030836_0006.wav,15,64x26,3.75,0.25
background/background_20260706_191238_030836_0006_16.npy,background,background/background_20260706_191238_030836_0006.wav,16,64x26,4.0,0.25
background/background_20260706_191238_030836_0006_17.npy,background,background/background_20260706_191238_030836_0006.wav,17,64x26,4.25,0.25
background/background_20260706_191238_030836_0006_18.npy,background,background/background_20260706_191238_030836_0006.wav,18,64x26,4.5,0.25
background/background_20260706_191238_030836_0006_19.npy,background,background/background_20260706_191238_030836_0006.wav,19,64x26,4.75,0.25
background/background_20260706_191243_033589_0007_00.npy,background,background/background_20260706_191243_033589_0007.wav,0,64x26,0.0,0.25
background/background_20260706_191243_033589_0007_01.npy,background,background/background_20260706_191243_033589_0007.wav,1,64x26,0.25,0.25
background/background_20260706_191243_033589_0007_02.npy,background,background/background_20260706_191243_033589_0007.wav,2,64x26,0.5,0.25
background/background_20260706_191243_033589_0007_03.npy,background,background/background_20260706_191243_033589_0007.wav,3,64x26,0.75,0.25
background/background_20260706_191243_033589_0007_04.npy,background,background/background_20260706_191243_033589_0007.wav,4,64x26,1.0,0.25
background/background_20260706_191243_033589_0007_05.npy,background,background/background_20260706_191243_033589_0007.wav,5,64x26,1.25,0.25
background/background_20260706_191243_033589_0007_06.npy,background,background/background_20260706_191243_033589_0007.wav,6,64x26,1.5,0.25
background/background_20260706_191243_033589_0007_07.npy,background,background/background_20260706_191243_033589_0007.wav,7,64x26,1.75,0.25
background/background_20260706_191243_033589_0007_08.npy,background,background/background_20260706_191243_033589_0007.wav,8,64x26,2.0,0.25
background/background_20260706_191243_033589_0007_09.npy,background,background/background_20260706_191243_033589_0007.wav,9,64x26,2.25,0.25
background/background_20260706_191243_033589_0007_10.npy,background,background/background_20260706_191243_033589_0007.wav,10,64x26,2.5,0.25
background/background_20260706_191243_033589_0007_11.npy,background,background/background_20260706_191243_033589_0007.wav,11,64x26,2.75,0.25
background/background_20260706_191243_033589_0007_12.npy,background,background/background_20260706_191243_033589_0007.wav,12,64x26,3.0,0.25
background/background_20260706_191243_033589_0007_13.npy,background,background/background_20260706_191243_033589_0007.wav,13,64x26,3.25,0.25
background/background_20260706_191243_033589_0007_14.npy,background,background/background_20260706_191243_033589_0007.wav,14,64x26,3.5,0.25
background/background_20260706_191243_033589_0007_15.npy,background,background/background_20260706_191243_033589_0007.wav,15,64x26,3.75,0.25
background/background_20260706_191243_033589_0007_16.npy,background,background/background_20260706_191243_033589_0007.wav,16,64x26,4.0,0.25
background/background_20260706_191243_033589_0007_17.npy,background,background/background_20260706_191243_033589_0007.wav,17,64x26,4.25,0.25
background/background_20260706_191243_033589_0007_18.npy,background,background/background_20260706_191243_033589_0007.wav,18,64x26,4.5,0.25
background/background_20260706_191243_033589_0007_19.npy,background,background/background_20260706_191243_033589_0007.wav,19,64x26,4.75,0.25
background/background_20260706_191248_036676_0008_00.npy,background,background/background_20260706_191248_036676_0008.wav,0,64x26,0.0,0.25
background/background_20260706_191248_036676_0008_01.npy,background,background/background_20260706_191248_036676_0008.wav,1,64x26,0.25,0.25
background/background_20260706_191248_036676_0008_02.npy,background,background/background_20260706_191248_036676_0008.wav,2,64x26,0.5,0.25
background/background_20260706_191248_036676_0008_03.npy,background,background/background_20260706_191248_036676_0008.wav,3,64x26,0.75,0.25
background/background_20260706_191248_036676_0008_04.npy,background,background/background_20260706_191248_036676_0008.wav,4,64x26,1.0,0.25
background/background_20260706_191248_036676_0008_05.npy,background,background/background_20260706_191248_036676_0008.wav,5,64x26,1.25,0.25
background/background_20260706_191248_036676_0008_06.npy,background,background/background_20260706_191248_036676_0008.wav,6,64x26,1.5,0.25
background/background_20260706_191248_036676_0008_07.npy,background,background/background_20260706_191248_036676_0008.wav,7,64x26,1.75,0.25
background/background_20260706_191248_036676_0008_08.npy,background,background/background_20260706_191248_036676_0008.wav,8,64x26,2.0,0.25
background/background_20260706_191248_036676_0008_09.npy,background,background/background_20260706_191248_036676_0008.wav,9,64x26,2.25,0.25
background/background_20260706_191248_036676_0008_10.npy,background,background/background_20260706_191248_036676_0008.wav,10,64x26,2.5,0.25
background/background_20260706_191248_036676_0008_11.npy,background,background/background_20260706_191248_036676_0008.wav,11,64x26,2.75,0.25
background/background_20260706_191248_036676_0008_12.npy,background,background/background_20260706_191248_036676_0008.wav,12,64x26,3.0,0.25
background/background_20260706_191248_036676_0008_13.npy,background,background/background_20260706_191248_036676_0008.wav,13,64x26,3.25,0.25
background/background_20260706_191248_036676_0008_14.npy,background,background/background_20260706_191248_036676_0008.wav,14,64x26,3.5,0.25
background/background_20260706_191248_036676_0008_15.npy,background,background/background_20260706_191248_036676_0008.wav,15,64x26,3.75,0.25
background/background_20260706_191248_036676_0008_16.npy,background,background/background_20260706_191248_036676_0008.wav,16,64x26,4.0,0.25
background/background_20260706_191248_036676_0008_17.npy,background,background/background_20260706_191248_036676_0008.wav,17,64x26,4.25,0.25
background/background_20260706_191248_036676_0008_18.npy,background,background/background_20260706_191248_036676_0008.wav,18,64x26,4.5,0.25
background/background_20260706_191248_036676_0008_19.npy,background,background/background_20260706_191248_036676_0008.wav,19,64x26,4.75,0.25
background/background_20260706_191253_039448_0009_00.npy,background,background/background_20260706_191253_039448_0009.wav,0,64x26,0.0,0.25
background/background_20260706_191253_039448_0009_01.npy,background,background/background_20260706_191253_039448_0009.wav,1,64x26,0.25,0.25
background/background_20260706_191253_039448_0009_02.npy,background,background/background_20260706_191253_039448_0009.wav,2,64x26,0.5,0.25
background/background_20260706_191253_039448_0009_03.npy,background,background/background_20260706_191253_039448_0009.wav,3,64x26,0.75,0.25
background/background_20260706_191253_039448_0009_04.npy,background,background/background_20260706_191253_039448_0009.wav,4,64x26,1.0,0.25
background/background_20260706_191253_039448_0009_05.npy,background,background/background_20260706_191253_039448_0009.wav,5,64x26,1.25,0.25
background/background_20260706_191253_039448_0009_06.npy,background,background/background_20260706_191253_039448_0009.wav,6,64x26,1.5,0.25
background/background_20260706_191253_039448_0009_07.npy,background,background/background_20260706_191253_039448_0009.wav,7,64x26,1.75,0.25
background/background_20260706_191253_039448_0009_08.npy,background,background/background_20260706_191253_039448_0009.wav,8,64x26,2.0,0.25
background/background_20260706_191253_039448_0009_09.npy,background,background/background_20260706_191253_039448_0009.wav,9,64x26,2.25,0.25
background/background_20260706_191253_039448_0009_10.npy,background,background/background_20260706_191253_039448_0009.wav,10,64x26,2.5,0.25
background/background_20260706_191253_039448_0009_11.npy,background,background/background_20260706_191253_039448_0009.wav,11,64x26,2.75,0.25
background/background_20260706_191253_039448_0009_12.npy,background,background/background_20260706_191253_039448_0009.wav,12,64x26,3.0,0.25
background/background_20260706_191253_039448_0009_13.npy,background,background/background_20260706_191253_039448_0009.wav,13,64x26,3.25,0.25
background/background_20260706_191253_039448_0009_14.npy,background,background/background_20260706_191253_039448_0009.wav,14,64x26,3.5,0.25
background/background_20260706_191253_039448_0009_15.npy,background,background/background_20260706_191253_039448_0009.wav,15,64x26,3.75,0.25
background/background_20260706_191253_039448_0009_16.npy,background,background/background_20260706_191253_039448_0009.wav,16,64x26,4.0,0.25
background/background_20260706_191253_039448_0009_17.npy,background,background/background_20260706_191253_039448_0009.wav,17,64x26,4.25,0.25
background/background_20260706_191253_039448_0009_18.npy,background,background/background_20260706_191253_039448_0009.wav,18,64x26,4.5,0.25
background/background_20260706_191253_039448_0009_19.npy,background,background/background_20260706_191253_039448_0009.wav,19,64x26,4.75,0.25
background/background_20260706_191258_042551_0010_00.npy,background,background/background_20260706_191258_042551_0010.wav,0,64x26,0.0,0.25
background/background_20260706_191258_042551_0010_01.npy,background,background/background_20260706_191258_042551_0010.wav,1,64x26,0.25,0.25
background/background_20260706_191258_042551_0010_02.npy,background,background/background_20260706_191258_042551_0010.wav,2,64x26,0.5,0.25
background/background_20260706_191258_042551_0010_03.npy,background,background/background_20260706_191258_042551_0010.wav,3,64x26,0.75,0.25
background/background_20260706_191258_042551_0010_04.npy,background,background/background_20260706_191258_042551_0010.wav,4,64x26,1.0,0.25
background/background_20260706_191258_042551_0010_05.npy,background,background/background_20260706_191258_042551_0010.wav,5,64x26,1.25,0.25
background/background_20260706_191258_042551_0010_06.npy,background,background/background_20260706_191258_042551_0010.wav,6,64x26,1.5,0.25
background/background_20260706_191258_042551_0010_07.npy,background,background/background_20260706_191258_042551_0010.wav,7,64x26,1.75,0.25
background/background_20260706_191258_042551_0010_08.npy,background,background/background_20260706_191258_042551_0010.wav,8,64x26,2.0,0.25
background/background_20260706_191258_042551_0010_09.npy,background,background/background_20260706_191258_042551_0010.wav,9,64x26,2.25,0.25
background/background_20260706_191258_042551_0010_10.npy,background,background/background_20260706_191258_042551_0010.wav,10,64x26,2.5,0.25
background/background_20260706_191258_042551_0010_11.npy,background,background/background_20260706_191258_042551_0010.wav,11,64x26,2.75,0.25
background/background_20260706_191258_042551_0010_12.npy,background,background/background_20260706_191258_042551_0010.wav,12,64x26,3.0,0.25
background/background_20260706_191258_042551_0010_13.npy,background,background/background_20260706_191258_042551_0010.wav,13,64x26,3.25,0.25
background/background_20260706_191258_042551_0010_14.npy,background,background/background_20260706_191258_042551_0010.wav,14,64x26,3.5,0.25
background/background_20260706_191258_042551_0010_15.npy,background,background/background_20260706_191258_042551_0010.wav,15,64x26,3.75,0.25
background/background_20260706_191258_042551_0010_16.npy,background,background/background_20260706_191258_042551_0010.wav,16,64x26,4.0,0.25
background/background_20260706_191258_042551_0010_17.npy,background,background/background_20260706_191258_042551_0010.wav,17,64x26,4.25,0.25
background/background_20260706_191258_042551_0010_18.npy,background,background/background_20260706_191258_042551_0010.wav,18,64x26,4.5,0.25
background/background_20260706_191258_042551_0010_19.npy,background,background/background_20260706_191258_042551_0010.wav,19,64x26,4.75,0.25
background/background_20260706_191303_045274_0011_00.npy,background,background/background_20260706_191303_045274_0011.wav,0,64x26,0.0,0.25
background/background_20260706_191303_045274_0011_01.npy,background,background/background_20260706_191303_045274_0011.wav,1,64x26,0.25,0.25
background/background_20260706_191303_045274_0011_02.npy,background,background/background_20260706_191303_045274_0011.wav,2,64x26,0.5,0.25
background/background_20260706_191303_045274_0011_03.npy,background,background/background_20260706_191303_045274_0011.wav,3,64x26,0.75,0.25
background/background_20260706_191303_045274_0011_04.npy,background,background/background_20260706_191303_045274_0011.wav,4,64x26,1.0,0.25
background/background_20260706_191303_045274_0011_05.npy,background,background/background_20260706_191303_045274_0011.wav,5,64x26,1.25,0.25
background/background_20260706_191303_045274_0011_06.npy,background,background/background_20260706_191303_045274_0011.wav,6,64x26,1.5,0.25
background/background_20260706_191303_045274_0011_07.npy,background,background/background_20260706_191303_045274_0011.wav,7,64x26,1.75,0.25
background/background_20260706_191303_045274_0011_08.npy,background,background/background_20260706_191303_045274_0011.wav,8,64x26,2.0,0.25
background/background_20260706_191303_045274_0011_09.npy,background,background/background_20260706_191303_045274_0011.wav,9,64x26,2.25,0.25
background/background_20260706_191303_045274_0011_10.npy,background,background/background_20260706_191303_045274_0011.wav,10,64x26,2.5,0.25
background/background_20260706_191303_045274_0011_11.npy,background,background/background_20260706_191303_045274_0011.wav,11,64x26,2.75,0.25
background/background_20260706_191303_045274_0011_12.npy,background,background/background_20260706_191303_045274_0011.wav,12,64x26,3.0,0.25
background/background_20260706_191303_045274_0011_13.npy,background,background/background_20260706_191303_045274_0011.wav,13,64x26,3.25,0.25
background/background_20260706_191303_045274_0011_14.npy,background,background/background_20260706_191303_045274_0011.wav,14,64x26,3.5,0.25
background/background_20260706_191303_045274_0011_15.npy,background,background/background_20260706_191303_045274_0011.wav,15,64x26,3.75,0.25
background/background_20260706_191303_045274_0011_16.npy,background,background/background_20260706_191303_045274_0011.wav,16,64x26,4.0,0.25
background/background_20260706_191303_045274_0011_17.npy,background,background/background_20260706_191303_045274_0011.wav,17,64x26,4.25,0.25
background/background_20260706_191303_045274_0011_18.npy,background,background/background_20260706_191303_045274_0011.wav,18,64x26,4.5,0.25
background/background_20260706_191303_045274_0011_19.npy,background,background/background_20260706_191303_045274_0011.wav,19,64x26,4.75,0.25
background/background_20260706_191308_048203_0012_00.npy,background,background/background_20260706_191308_048203_0012.wav,0,64x26,0.0,0.25
background/background_20260706_191308_048203_0012_01.npy,background,background/background_20260706_191308_048203_0012.wav,1,64x26,0.25,0.25
background/background_20260706_191308_048203_0012_02.npy,background,background/background_20260706_191308_048203_0012.wav,2,64x26,0.5,0.25
background/background_20260706_191308_048203_0012_03.npy,background,background/background_20260706_191308_048203_0012.wav,3,64x26,0.75,0.25
background/background_20260706_191308_048203_0012_04.npy,background,background/background_20260706_191308_048203_0012.wav,4,64x26,1.0,0.25
background/background_20260706_191308_048203_0012_05.npy,background,background/background_20260706_191308_048203_0012.wav,5,64x26,1.25,0.25
background/background_20260706_191308_048203_0012_06.npy,background,background/background_20260706_191308_048203_0012.wav,6,64x26,1.5,0.25
background/background_20260706_191308_048203_0012_07.npy,background,background/background_20260706_191308_048203_0012.wav,7,64x26,1.75,0.25
background/background_20260706_191308_048203_0012_08.npy,background,background/background_20260706_191308_048203_0012.wav,8,64x26,2.0,0.25
background/background_20260706_191308_048203_0012_09.npy,background,background/background_20260706_191308_048203_0012.wav,9,64x26,2.25,0.25
background/background_20260706_191308_048203_0012_10.npy,background,background/background_20260706_191308_048203_0012.wav,10,64x26,2.5,0.25
background/background_20260706_191308_048203_0012_11.npy,background,background/background_20260706_191308_048203_0012.wav,11,64x26,2.75,0.25
background/background_20260706_191308_048203_0012_12.npy,background,background/background_20260706_191308_048203_0012.wav,12,64x26,3.0,0.25
background/background_20260706_191308_048203_0012_13.npy,background,background/background_20260706_191308_048203_0012.wav,13,64x26,3.25,0.25
background/background_20260706_191308_048203_0012_14.npy,background,background/background_20260706_191308_048203_0012.wav,14,64x26,3.5,0.25
background/background_20260706_191308_048203_0012_15.npy,background,background/background_20260706_191308_048203_0012.wav,15,64x26,3.75,0.25
background/background_20260706_191308_048203_0012_16.npy,background,background/background_20260706_191308_048203_0012.wav,16,64x26,4.0,0.25
background/background_20260706_191308_048203_0012_17.npy,background,background/background_20260706_191308_048203_0012.wav,17,64x26,4.25,0.25
background/background_20260706_191308_048203_0012_18.npy,background,background/background_20260706_191308_048203_0012.wav,18,64x26,4.5,0.25
background/background_20260706_191308_048203_0012_19.npy,background,background/background_20260706_191308_048203_0012.wav,19,64x26,4.75,0.25
background/background_20260706_191313_051099_0013_00.npy,background,background/background_20260706_191313_051099_0013.wav,0,64x26,0.0,0.25
background/background_20260706_191313_051099_0013_01.npy,background,background/background_20260706_191313_051099_0013.wav,1,64x26,0.25,0.25
background/background_20260706_191313_051099_0013_02.npy,background,background/background_20260706_191313_051099_0013.wav,2,64x26,0.5,0.25
background/background_20260706_191313_051099_0013_03.npy,background,background/background_20260706_191313_051099_0013.wav,3,64x26,0.75,0.25
background/background_20260706_191313_051099_0013_04.npy,background,background/background_20260706_191313_051099_0013.wav,4,64x26,1.0,0.25
background/background_20260706_191313_051099_0013_05.npy,background,background/background_20260706_191313_051099_0013.wav,5,64x26,1.25,0.25
background/background_20260706_191313_051099_0013_06.npy,background,background/background_20260706_191313_051099_0013.wav,6,64x26,1.5,0.25
background/background_20260706_191313_051099_0013_07.npy,background,background/background_20260706_191313_051099_0013.wav,7,64x26,1.75,0.25
background/background_20260706_191313_051099_0013_08.npy,background,background/background_20260706_191313_051099_0013.wav,8,64x26,2.0,0.25
background/background_20260706_191313_051099_0013_09.npy,background,background/background_20260706_191313_051099_0013.wav,9,64x26,2.25,0.25
background/background_20260706_191313_051099_0013_10.npy,background,background/background_20260706_191313_051099_0013.wav,10,64x26,2.5,0.25
background/background_20260706_191313_051099_0013_11.npy,background,background/background_20260706_191313_051099_0013.wav,11,64x26,2.75,0.25
background/background_20260706_191313_051099_0013_12.npy,background,background/background_20260706_191313_051099_0013.wav,12,64x26,3.0,0.25
background/background_20260706_191313_051099_0013_13.npy,background,background/background_20260706_191313_051099_0013.wav,13,64x26,3.25,0.25
background/background_20260706_191313_051099_0013_14.npy,background,background/background_20260706_191313_051099_0013.wav,14,64x26,3.5,0.25
background/background_20260706_191313_051099_0013_15.npy,background,background/background_20260706_191313_051099_0013.wav,15,64x26,3.75,0.25
background/background_20260706_191313_051099_0013_16.npy,background,background/background_20260706_191313_051099_0013.wav,16,64x26,4.0,0.25
background/background_20260706_191313_051099_0013_17.npy,background,background/background_20260706_191313_051099_0013.wav,17,64x26,4.25,0.25
background/background_20260706_191313_051099_0013_18.npy,background,background/background_20260706_191313_051099_0013.wav,18,64x26,4.5,0.25
background/background_20260706_191313_051099_0013_19.npy,background,background/background_20260706_191313_051099_0013.wav,19,64x26,4.75,0.25
background/background_20260706_191318_054167_0014_00.npy,background,background/background_20260706_191318_054167_0014.wav,0,64x26,0.0,0.25
background/background_20260706_191318_054167_0014_01.npy,background,background/background_20260706_191318_054167_0014.wav,1,64x26,0.25,0.25
background/background_20260706_191318_054167_0014_02.npy,background,background/background_20260706_191318_054167_0014.wav,2,64x26,0.5,0.25
background/background_20260706_191318_054167_0014_03.npy,background,background/background_20260706_191318_054167_0014.wav,3,64x26,0.75,0.25
background/background_20260706_191318_054167_0014_04.npy,background,background/background_20260706_191318_054167_0014.wav,4,64x26,1.0,0.25
background/background_20260706_191318_054167_0014_05.npy,background,background/background_20260706_191318_054167_0014.wav,5,64x26,1.25,0.25
background/background_20260706_191318_054167_0014_06.npy,background,background/background_20260706_191318_054167_0014.wav,6,64x26,1.5,0.25
background/background_20260706_191318_054167_0014_07.npy,background,background/background_20260706_191318_054167_0014.wav,7,64x26,1.75,0.25
background/background_20260706_191318_054167_0014_08.npy,background,background/background_20260706_191318_054167_0014.wav,8,64x26,2.0,0.25
background/background_20260706_191318_054167_0014_09.npy,background,background/background_20260706_191318_054167_0014.wav,9,64x26,2.25,0.25
background/background_20260706_191318_054167_0014_10.npy,background,background/background_20260706_191318_054167_0014.wav,10,64x26,2.5,0.25
background/background_20260706_191318_054167_0014_11.npy,background,background/background_20260706_191318_054167_0014.wav,11,64x26,2.75,0.25
background/background_20260706_191318_054167_0014_12.npy,background,background/background_20260706_191318_054167_0014.wav,12,64x26,3.0,0.25
background/background_20260706_191318_054167_0014_13.npy,background,background/background_20260706_191318_054167_0014.wav,13,64x26,3.25,0.25
background/background_20260706_191318_054167_0014_14.npy,background,background/background_20260706_191318_054167_0014.wav,14,64x26,3.5,0.25
background/background_20260706_191318_054167_0014_15.npy,background,background/background_20260706_191318_054167_0014.wav,15,64x26,3.75,0.25
background/background_20260706_191318_054167_0014_16.npy,background,background/background_20260706_191318_054167_0014.wav,16,64x26,4.0,0.25
background/background_20260706_191318_054167_0014_17.npy,background,background/background_20260706_191318_054167_0014.wav,17,64x26,4.25,0.25
background/background_20260706_191318_054167_0014_18.npy,background,background/background_20260706_191318_054167_0014.wav,18,64x26,4.5,0.25
background/background_20260706_191318_054167_0014_19.npy,background,background/background_20260706_191318_054167_0014.wav,19,64x26,4.75,0.25
background/background_20260706_191323_057088_0015_00.npy,background,background/background_20260706_191323_057088_0015.wav,0,64x26,0.0,0.25
background/background_20260706_191323_057088_0015_01.npy,background,background/background_20260706_191323_057088_0015.wav,1,64x26,0.25,0.25
background/background_20260706_191323_057088_0015_02.npy,background,background/background_20260706_191323_057088_0015.wav,2,64x26,0.5,0.25
background/background_20260706_191323_057088_0015_03.npy,background,background/background_20260706_191323_057088_0015.wav,3,64x26,0.75,0.25
background/background_20260706_191323_057088_0015_04.npy,background,background/background_20260706_191323_057088_0015.wav,4,64x26,1.0,0.25
background/background_20260706_191323_057088_0015_05.npy,background,background/background_20260706_191323_057088_0015.wav,5,64x26,1.25,0.25
background/background_20260706_191323_057088_0015_06.npy,background,background/background_20260706_191323_057088_0015.wav,6,64x26,1.5,0.25
background/background_20260706_191323_057088_0015_07.npy,background,background/background_20260706_191323_057088_0015.wav,7,64x26,1.75,0.25
background/background_20260706_191323_057088_0015_08.npy,background,background/background_20260706_191323_057088_0015.wav,8,64x26,2.0,0.25
background/background_20260706_191323_057088_0015_09.npy,background,background/background_20260706_191323_057088_0015.wav,9,64x26,2.25,0.25
background/background_20260706_191323_057088_0015_10.npy,background,background/background_20260706_191323_057088_0015.wav,10,64x26,2.5,0.25
background/background_20260706_191323_057088_0015_11.npy,background,background/background_20260706_191323_057088_0015.wav,11,64x26,2.75,0.25
background/background_20260706_191323_057088_0015_12.npy,background,background/background_20260706_191323_057088_0015.wav,12,64x26,3.0,0.25
background/background_20260706_191323_057088_0015_13.npy,background,background/background_20260706_191323_057088_0015.wav,13,64x26,3.25,0.25
background/background_20260706_191323_057088_0015_14.npy,background,background/background_20260706_191323_057088_0015.wav,14,64x26,3.5,0.25
background/background_20260706_191323_057088_0015_15.npy,background,background/background_20260706_191323_057088_0015.wav,15,64x26,3.75,0.25
background/background_20260706_191323_057088_0015_16.npy,background,background/background_20260706_191323_057088_0015.wav,16,64x26,4.0,0.25
background/background_20260706_191323_057088_0015_17.npy,background,background/background_20260706_191323_057088_0015.wav,17,64x26,4.25,0.25
background/background_20260706_191323_057088_0015_18.npy,background,background/background_20260706_191323_057088_0015.wav,18,64x26,4.5,0.25
background/background_20260706_191323_057088_0015_19.npy,background,background/background_20260706_191323_057088_0015.wav,19,64x26,4.75,0.25
background/background_20260706_191328_059912_0016_00.npy,background,background/background_20260706_191328_059912_0016.wav,0,64x26,0.0,0.25
background/background_20260706_191328_059912_0016_01.npy,background,background/background_20260706_191328_059912_0016.wav,1,64x26,0.25,0.25
background/background_20260706_191328_059912_0016_02.npy,background,background/background_20260706_191328_059912_0016.wav,2,64x26,0.5,0.25
background/background_20260706_191328_059912_0016_03.npy,background,background/background_20260706_191328_059912_0016.wav,3,64x26,0.75,0.25
background/background_20260706_191328_059912_0016_04.npy,background,background/background_20260706_191328_059912_0016.wav,4,64x26,1.0,0.25
background/background_20260706_191328_059912_0016_05.npy,background,background/background_20260706_191328_059912_0016.wav,5,64x26,1.25,0.25
background/background_20260706_191328_059912_0016_06.npy,background,background/background_20260706_191328_059912_0016.wav,6,64x26,1.5,0.25
background/background_20260706_191328_059912_0016_07.npy,background,background/background_20260706_191328_059912_0016.wav,7,64x26,1.75,0.25
background/background_20260706_191328_059912_0016_08.npy,background,background/background_20260706_191328_059912_0016.wav,8,64x26,2.0,0.25
background/background_20260706_191328_059912_0016_09.npy,background,background/background_20260706_191328_059912_0016.wav,9,64x26,2.25,0.25
background/background_20260706_191328_059912_0016_10.npy,background,background/background_20260706_191328_059912_0016.wav,10,64x26,2.5,0.25
background/background_20260706_191328_059912_0016_11.npy,background,background/background_20260706_191328_059912_0016.wav,11,64x26,2.75,0.25
background/background_20260706_191328_059912_0016_12.npy,background,background/background_20260706_191328_059912_0016.wav,12,64x26,3.0,0.25
background/background_20260706_191328_059912_0016_13.npy,background,background/background_20260706_191328_059912_0016.wav,13,64x26,3.25,0.25
background/background_20260706_191328_059912_0016_14.npy,background,background/background_20260706_191328_059912_0016.wav,14,64x26,3.5,0.25
background/background_20260706_191328_059912_0016_15.npy,background,background/background_20260706_191328_059912_0016.wav,15,64x26,3.75,0.25
background/background_20260706_191328_059912_0016_16.npy,background,background/background_20260706_191328_059912_0016.wav,16,64x26,4.0,0.25
background/background_20260706_191328_059912_0016_17.npy,background,background/background_20260706_191328_059912_0016.wav,17,64x26,4.25,0.25
background/background_20260706_191328_059912_0016_18.npy,background,background/background_20260706_191328_059912_0016.wav,18,64x26,4.5,0.25
background/background_20260706_191328_059912_0016_19.npy,background,background/background_20260706_191328_059912_0016.wav,19,64x26,4.75,0.25
background/background_20260706_191333_062787_0017_00.npy,background,background/background_20260706_191333_062787_0017.wav,0,64x26,0.0,0.25
background/background_20260706_191333_062787_0017_01.npy,background,background/background_20260706_191333_062787_0017.wav,1,64x26,0.25,0.25
background/background_20260706_191333_062787_0017_02.npy,background,background/background_20260706_191333_062787_0017.wav,2,64x26,0.5,0.25
background/background_20260706_191333_062787_0017_03.npy,background,background/background_20260706_191333_062787_0017.wav,3,64x26,0.75,0.25
background/background_20260706_191333_062787_0017_04.npy,background,background/background_20260706_191333_062787_0017.wav,4,64x26,1.0,0.25
background/background_20260706_191333_062787_0017_05.npy,background,background/background_20260706_191333_062787_0017.wav,5,64x26,1.25,0.25
background/background_20260706_191333_062787_0017_06.npy,background,background/background_20260706_191333_062787_0017.wav,6,64x26,1.5,0.25
background/background_20260706_191333_062787_0017_07.npy,background,background/background_20260706_191333_062787_0017.wav,7,64x26,1.75,0.25
background/background_20260706_191333_062787_0017_08.npy,background,background/background_20260706_191333_062787_0017.wav,8,64x26,2.0,0.25
background/background_20260706_191333_062787_0017_09.npy,background,background/background_20260706_191333_062787_0017.wav,9,64x26,2.25,0.25
background/background_20260706_191333_062787_0017_10.npy,background,background/background_20260706_191333_062787_0017.wav,10,64x26,2.5,0.25
background/background_20260706_191333_062787_0017_11.npy,background,background/background_20260706_191333_062787_0017.wav,11,64x26,2.75,0.25
background/background_20260706_191333_062787_0017_12.npy,background,background/background_20260706_191333_062787_0017.wav,12,64x26,3.0,0.25
background/background_20260706_191333_062787_0017_13.npy,background,background/background_20260706_191333_062787_0017.wav,13,64x26,3.25,0.25
background/background_20260706_191333_062787_0017_14.npy,background,background/background_20260706_191333_062787_0017.wav,14,64x26,3.5,0.25
background/background_20260706_191333_062787_0017_15.npy,background,background/background_20260706_191333_062787_0017.wav,15,64x26,3.75,0.25
background/background_20260706_191333_062787_0017_16.npy,background,background/background_20260706_191333_062787_0017.wav,16,64x26,4.0,0.25
background/background_20260706_191333_062787_0017_17.npy,background,background/background_20260706_191333_062787_0017.wav,17,64x26,4.25,0.25
background/background_20260706_191333_062787_0017_18.npy,background,background/background_20260706_191333_062787_0017.wav,18,64x26,4.5,0.25
background/background_20260706_191333_062787_0017_19.npy,background,background/background_20260706_191333_062787_0017.wav,19,64x26,4.75,0.25
background/background_20260706_191338_065858_0018_00.npy,background,background/background_20260706_191338_065858_0018.wav,0,64x26,0.0,0.25
background/background_20260706_191338_065858_0018_01.npy,background,background/background_20260706_191338_065858_0018.wav,1,64x26,0.25,0.25
background/background_20260706_191338_065858_0018_02.npy,background,background/background_20260706_191338_065858_0018.wav,2,64x26,0.5,0.25
background/background_20260706_191338_065858_0018_03.npy,background,background/background_20260706_191338_065858_0018.wav,3,64x26,0.75,0.25
background/background_20260706_191338_065858_0018_04.npy,background,background/background_20260706_191338_065858_0018.wav,4,64x26,1.0,0.25
background/background_20260706_191338_065858_0018_05.npy,background,background/background_20260706_191338_065858_0018.wav,5,64x26,1.25,0.25
background/background_20260706_191338_065858_0018_06.npy,background,background/background_20260706_191338_065858_0018.wav,6,64x26,1.5,0.25
background/background_20260706_191338_065858_0018_07.npy,background,background/background_20260706_191338_065858_0018.wav,7,64x26,1.75,0.25
background/background_20260706_191338_065858_0018_08.npy,background,background/background_20260706_191338_065858_0018.wav,8,64x26,2.0,0.25
background/background_20260706_191338_065858_0018_09.npy,background,background/background_20260706_191338_065858_0018.wav,9,64x26,2.25,0.25
background/background_20260706_191338_065858_0018_10.npy,background,background/background_20260706_191338_065858_0018.wav,10,64x26,2.5,0.25
background/background_20260706_191338_065858_0018_11.npy,background,background/background_20260706_191338_065858_0018.wav,11,64x26,2.75,0.25
background/background_20260706_191338_065858_0018_12.npy,background,background/background_20260706_191338_065858_0018.wav,12,64x26,3.0,0.25
background/background_20260706_191338_065858_0018_13.npy,background,background/background_20260706_191338_065858_0018.wav,13,64x26,3.25,0.25
background/background_20260706_191338_065858_0018_14.npy,background,background/background_20260706_191338_065858_0018.wav,14,64x26,3.5,0.25
background/background_20260706_191338_065858_0018_15.npy,background,background/background_20260706_191338_065858_0018.wav,15,64x26,3.75,0.25
background/background_20260706_191338_065858_0018_16.npy,background,background/background_20260706_191338_065858_0018.wav,16,64x26,4.0,0.25
background/background_20260706_191338_065858_0018_17.npy,background,background/background_20260706_191338_065858_0018.wav,17,64x26,4.25,0.25
background/background_20260706_191338_065858_0018_18.npy,background,background/background_20260706_191338_065858_0018.wav,18,64x26,4.5,0.25
background/background_20260706_191338_065858_0018_19.npy,background,background/background_20260706_191338_065858_0018.wav,19,64x26,4.75,0.25
background/background_20260706_191343_068779_0019_00.npy,background,background/background_20260706_191343_068779_0019.wav,0,64x26,0.0,0.25
background/background_20260706_191343_068779_0019_01.npy,background,background/background_20260706_191343_068779_0019.wav,1,64x26,0.25,0.25
background/background_20260706_191343_068779_0019_02.npy,background,background/background_20260706_191343_068779_0019.wav,2,64x26,0.5,0.25
background/background_20260706_191343_068779_0019_03.npy,background,background/background_20260706_191343_068779_0019.wav,3,64x26,0.75,0.25
background/background_20260706_191343_068779_0019_04.npy,background,background/background_20260706_191343_068779_0019.wav,4,64x26,1.0,0.25
background/background_20260706_191343_068779_0019_05.npy,background,background/background_20260706_191343_068779_0019.wav,5,64x26,1.25,0.25
background/background_20260706_191343_068779_0019_06.npy,background,background/background_20260706_191343_068779_0019.wav,6,64x26,1.5,0.25
background/background_20260706_191343_068779_0019_07.npy,background,background/background_20260706_191343_068779_0019.wav,7,64x26,1.75,0.25
background/background_20260706_191343_068779_0019_08.npy,background,background/background_20260706_191343_068779_0019.wav,8,64x26,2.0,0.25
background/background_20260706_191343_068779_0019_09.npy,background,background/background_20260706_191343_068779_0019.wav,9,64x26,2.25,0.25
background/background_20260706_191343_068779_0019_10.npy,background,background/background_20260706_191343_068779_0019.wav,10,64x26,2.5,0.25
background/background_20260706_191343_068779_0019_11.npy,background,background/background_20260706_191343_068779_0019.wav,11,64x26,2.75,0.25
background/background_20260706_191343_068779_0019_12.npy,background,background/background_20260706_191343_068779_0019.wav,12,64x26,3.0,0.25
background/background_20260706_191343_068779_0019_13.npy,background,background/background_20260706_191343_068779_0019.wav,13,64x26,3.25,0.25
background/background_20260706_191343_068779_0019_14.npy,background,background/background_20260706_191343_068779_0019.wav,14,64x26,3.5,0.25
background/background_20260706_191343_068779_0019_15.npy,background,background/background_20260706_191343_068779_0019.wav,15,64x26,3.75,0.25
background/background_20260706_191343_068779_0019_16.npy,background,background/background_20260706_191343_068779_0019.wav,16,64x26,4.0,0.25
background/background_20260706_191343_068779_0019_17.npy,background,background/background_20260706_191343_068779_0019.wav,17,64x26,4.25,0.25
background/background_20260706_191343_068779_0019_18.npy,background,background/background_20260706_191343_068779_0019.wav,18,64x26,4.5,0.25
background/background_20260706_191343_068779_0019_19.npy,background,background/background_20260706_191343_068779_0019.wav,19,64x26,4.75,0.25
background/background_20260706_191348_071625_0020_00.npy,background,background/background_20260706_191348_071625_0020.wav,0,64x26,0.0,0.25
background/background_20260706_191348_071625_0020_01.npy,background,background/background_20260706_191348_071625_0020.wav,1,64x26,0.25,0.25
background/background_20260706_191348_071625_0020_02.npy,background,background/background_20260706_191348_071625_0020.wav,2,64x26,0.5,0.25
background/background_20260706_191348_071625_0020_03.npy,background,background/background_20260706_191348_071625_0020.wav,3,64x26,0.75,0.25
background/background_20260706_191348_071625_0020_04.npy,background,background/background_20260706_191348_071625_0020.wav,4,64x26,1.0,0.25
background/background_20260706_191348_071625_0020_05.npy,background,background/background_20260706_191348_071625_0020.wav,5,64x26,1.25,0.25
background/background_20260706_191348_071625_0020_06.npy,background,background/background_20260706_191348_071625_0020.wav,6,64x26,1.5,0.25
background/background_20260706_191348_071625_0020_07.npy,background,background/background_20260706_191348_071625_0020.wav,7,64x26,1.75,0.25
background/background_20260706_191348_071625_0020_08.npy,background,background/background_20260706_191348_071625_0020.wav,8,64x26,2.0,0.25
background/background_20260706_191348_071625_0020_09.npy,background,background/background_20260706_191348_071625_0020.wav,9,64x26,2.25,0.25
background/background_20260706_191348_071625_0020_10.npy,background,background/background_20260706_191348_071625_0020.wav,10,64x26,2.5,0.25
background/background_20260706_191348_071625_0020_11.npy,background,background/background_20260706_191348_071625_0020.wav,11,64x26,2.75,0.25
background/background_20260706_191348_071625_0020_12.npy,background,background/background_20260706_191348_071625_0020.wav,12,64x26,3.0,0.25
background/background_20260706_191348_071625_0020_13.npy,background,background/background_20260706_191348_071625_0020.wav,13,64x26,3.25,0.25
background/background_20260706_191348_071625_0020_14.npy,background,background/background_20260706_191348_071625_0020.wav,14,64x26,3.5,0.25
background/background_20260706_191348_071625_0020_15.npy,background,background/background_20260706_191348_071625_0020.wav,15,64x26,3.75,0.25
background/background_20260706_191348_071625_0020_16.npy,background,background/background_20260706_191348_071625_0020.wav,16,64x26,4.0,0.25
background/background_20260706_191348_071625_0020_17.npy,background,background/background_20260706_191348_071625_0020.wav,17,64x26,4.25,0.25
background/background_20260706_191348_071625_0020_18.npy,background,background/background_20260706_191348_071625_0020.wav,18,64x26,4.5,0.25
background/background_20260706_191348_071625_0020_19.npy,background,background/background_20260706_191348_071625_0020.wav,19,64x26,4.75,0.25
background/background_20260706_191353_074625_0021_00.npy,background,background/background_20260706_191353_074625_0021.wav,0,64x26,0.0,0.25
background/background_20260706_191353_074625_0021_01.npy,background,background/background_20260706_191353_074625_0021.wav,1,64x26,0.25,0.25
background/background_20260706_191353_074625_0021_02.npy,background,background/background_20260706_191353_074625_0021.wav,2,64x26,0.5,0.25
background/background_20260706_191353_074625_0021_03.npy,background,background/background_20260706_191353_074625_0021.wav,3,64x26,0.75,0.25
background/background_20260706_191353_074625_0021_04.npy,background,background/background_20260706_191353_074625_0021.wav,4,64x26,1.0,0.25
background/background_20260706_191353_074625_0021_05.npy,background,background/background_20260706_191353_074625_0021.wav,5,64x26,1.25,0.25
background/background_20260706_191353_074625_0021_06.npy,background,background/background_20260706_191353_074625_0021.wav,6,64x26,1.5,0.25
background/background_20260706_191353_074625_0021_07.npy,background,background/background_20260706_191353_074625_0021.wav,7,64x26,1.75,0.25
background/background_20260706_191353_074625_0021_08.npy,background,background/background_20260706_191353_074625_0021.wav,8,64x26,2.0,0.25
background/background_20260706_191353_074625_0021_09.npy,background,background/background_20260706_191353_074625_0021.wav,9,64x26,2.25,0.25
background/background_20260706_191353_074625_0021_10.npy,background,background/background_20260706_191353_074625_0021.wav,10,64x26,2.5,0.25
background/background_20260706_191353_074625_0021_11.npy,background,background/background_20260706_191353_074625_0021.wav,11,64x26,2.75,0.25
background/background_20260706_191353_074625_0021_12.npy,background,background/background_20260706_191353_074625_0021.wav,12,64x26,3.0,0.25
background/background_20260706_191353_074625_0021_13.npy,background,background/background_20260706_191353_074625_0021.wav,13,64x26,3.25,0.25
background/background_20260706_191353_074625_0021_14.npy,background,background/background_20260706_191353_074625_0021.wav,14,64x26,3.5,0.25
background/background_20260706_191353_074625_0021_15.npy,background,background/background_20260706_191353_074625_0021.wav,15,64x26,3.75,0.25
background/background_20260706_191353_074625_0021_16.npy,background,background/background_20260706_191353_074625_0021.wav,16,64x26,4.0,0.25
background/background_20260706_191353_074625_0021_17.npy,background,background/background_20260706_191353_074625_0021.wav,17,64x26,4.25,0.25
background/background_20260706_191353_074625_0021_18.npy,background,background/background_20260706_191353_074625_0021.wav,18,64x26,4.5,0.25
background/background_20260706_191353_074625_0021_19.npy,background,background/background_20260706_191353_074625_0021.wav,19,64x26,4.75,0.25
background/background_20260706_191358_077591_0022_00.npy,background,background/background_20260706_191358_077591_0022.wav,0,64x26,0.0,0.25
background/background_20260706_191358_077591_0022_01.npy,background,background/background_20260706_191358_077591_0022.wav,1,64x26,0.25,0.25
background/background_20260706_191358_077591_0022_02.npy,background,background/background_20260706_191358_077591_0022.wav,2,64x26,0.5,0.25
background/background_20260706_191358_077591_0022_03.npy,background,background/background_20260706_191358_077591_0022.wav,3,64x26,0.75,0.25
background/background_20260706_191358_077591_0022_04.npy,background,background/background_20260706_191358_077591_0022.wav,4,64x26,1.0,0.25
background/background_20260706_191358_077591_0022_05.npy,background,background/background_20260706_191358_077591_0022.wav,5,64x26,1.25,0.25
background/background_20260706_191358_077591_0022_06.npy,background,background/background_20260706_191358_077591_0022.wav,6,64x26,1.5,0.25
background/background_20260706_191358_077591_0022_07.npy,background,background/background_20260706_191358_077591_0022.wav,7,64x26,1.75,0.25
background/background_20260706_191358_077591_0022_08.npy,background,background/background_20260706_191358_077591_0022.wav,8,64x26,2.0,0.25
background/background_20260706_191358_077591_0022_09.npy,background,background/background_20260706_191358_077591_0022.wav,9,64x26,2.25,0.25
background/background_20260706_191358_077591_0022_10.npy,background,background/background_20260706_191358_077591_0022.wav,10,64x26,2.5,0.25
background/background_20260706_191358_077591_0022_11.npy,background,background/background_20260706_191358_077591_0022.wav,11,64x26,2.75,0.25
background/background_20260706_191358_077591_0022_12.npy,background,background/background_20260706_191358_077591_0022.wav,12,64x26,3.0,0.25
background/background_20260706_191358_077591_0022_13.npy,background,background/background_20260706_191358_077591_0022.wav,13,64x26,3.25,0.25
background/background_20260706_191358_077591_0022_14.npy,background,background/background_20260706_191358_077591_0022.wav,14,64x26,3.5,0.25
background/background_20260706_191358_077591_0022_15.npy,background,background/background_20260706_191358_077591_0022.wav,15,64x26,3.75,0.25
background/background_20260706_191358_077591_0022_16.npy,background,background/background_20260706_191358_077591_0022.wav,16,64x26,4.0,0.25
background/background_20260706_191358_077591_0022_17.npy,background,background/background_20260706_191358_077591_0022.wav,17,64x26,4.25,0.25
background/background_20260706_191358_077591_0022_18.npy,background,background/background_20260706_191358_077591_0022.wav,18,64x26,4.5,0.25
background/background_20260706_191358_077591_0022_19.npy,background,background/background_20260706_191358_077591_0022.wav,19,64x26,4.75,0.25
background/background_20260706_191403_080442_0023_00.npy,background,background/background_20260706_191403_080442_0023.wav,0,64x26,0.0,0.25
background/background_20260706_191403_080442_0023_01.npy,background,background/background_20260706_191403_080442_0023.wav,1,64x26,0.25,0.25
background/background_20260706_191403_080442_0023_02.npy,background,background/background_20260706_191403_080442_0023.wav,2,64x26,0.5,0.25
background/background_20260706_191403_080442_0023_03.npy,background,background/background_20260706_191403_080442_0023.wav,3,64x26,0.75,0.25
background/background_20260706_191403_080442_0023_04.npy,background,background/background_20260706_191403_080442_0023.wav,4,64x26,1.0,0.25
background/background_20260706_191403_080442_0023_05.npy,background,background/background_20260706_191403_080442_0023.wav,5,64x26,1.25,0.25
background/background_20260706_191403_080442_0023_06.npy,background,background/background_20260706_191403_080442_0023.wav,6,64x26,1.5,0.25
background/background_20260706_191403_080442_0023_07.npy,background,background/background_20260706_191403_080442_0023.wav,7,64x26,1.75,0.25
background/background_20260706_191403_080442_0023_08.npy,background,background/background_20260706_191403_080442_0023.wav,8,64x26,2.0,0.25
background/background_20260706_191403_080442_0023_09.npy,background,background/background_20260706_191403_080442_0023.wav,9,64x26,2.25,0.25
background/background_20260706_191403_080442_0023_10.npy,background,background/background_20260706_191403_080442_0023.wav,10,64x26,2.5,0.25
background/background_20260706_191403_080442_0023_11.npy,background,background/background_20260706_191403_080442_0023.wav,11,64x26,2.75,0.25
background/background_20260706_191403_080442_0023_12.npy,background,background/background_20260706_191403_080442_0023.wav,12,64x26,3.0,0.25
background/background_20260706_191403_080442_0023_13.npy,background,background/background_20260706_191403_080442_0023.wav,13,64x26,3.25,0.25
background/background_20260706_191403_080442_0023_14.npy,background,background/background_20260706_191403_080442_0023.wav,14,64x26,3.5,0.25
background/background_20260706_191403_080442_0023_15.npy,background,background/background_20260706_191403_080442_0023.wav,15,64x26,3.75,0.25
background/background_20260706_191403_080442_0023_16.npy,background,background/background_20260706_191403_080442_0023.wav,16,64x26,4.0,0.25
background/background_20260706_191403_080442_0023_17.npy,background,background/background_20260706_191403_080442_0023.wav,17,64x26,4.25,0.25
background/background_20260706_191403_080442_0023_18.npy,background,background/background_20260706_191403_080442_0023.wav,18,64x26,4.5,0.25
background/background_20260706_191403_080442_0023_19.npy,background,background/background_20260706_191403_080442_0023.wav,19,64x26,4.75,0.25
background/background_20260706_191408_083250_0024_00.npy,background,background/background_20260706_191408_083250_0024.wav,0,64x26,0.0,0.25
background/background_20260706_191408_083250_0024_01.npy,background,background/background_20260706_191408_083250_0024.wav,1,64x26,0.25,0.25
background/background_20260706_191408_083250_0024_02.npy,background,background/background_20260706_191408_083250_0024.wav,2,64x26,0.5,0.25
background/background_20260706_191408_083250_0024_03.npy,background,background/background_20260706_191408_083250_0024.wav,3,64x26,0.75,0.25
background/background_20260706_191408_083250_0024_04.npy,background,background/background_20260706_191408_083250_0024.wav,4,64x26,1.0,0.25
background/background_20260706_191408_083250_0024_05.npy,background,background/background_20260706_191408_083250_0024.wav,5,64x26,1.25,0.25
background/background_20260706_191408_083250_0024_06.npy,background,background/background_20260706_191408_083250_0024.wav,6,64x26,1.5,0.25
background/background_20260706_191408_083250_0024_07.npy,background,background/background_20260706_191408_083250_0024.wav,7,64x26,1.75,0.25
background/background_20260706_191408_083250_0024_08.npy,background,background/background_20260706_191408_083250_0024.wav,8,64x26,2.0,0.25
background/background_20260706_191408_083250_0024_09.npy,background,background/background_20260706_191408_083250_0024.wav,9,64x26,2.25,0.25
background/background_20260706_191408_083250_0024_10.npy,background,background/background_20260706_191408_083250_0024.wav,10,64x26,2.5,0.25
background/background_20260706_191408_083250_0024_11.npy,background,background/background_20260706_191408_083250_0024.wav,11,64x26,2.75,0.25
background/background_20260706_191408_083250_0024_12.npy,background,background/background_20260706_191408_083250_0024.wav,12,64x26,3.0,0.25
background/background_20260706_191408_083250_0024_13.npy,background,background/background_20260706_191408_083250_0024.wav,13,64x26,3.25,0.25
background/background_20260706_191408_083250_0024_14.npy,background,background/background_20260706_191408_083250_0024.wav,14,64x26,3.5,0.25
background/background_20260706_191408_083250_0024_15.npy,background,background/background_20260706_191408_083250_0024.wav,15,64x26,3.75,0.25
background/background_20260706_191408_083250_0024_16.npy,background,background/background_20260706_191408_083250_0024.wav,16,64x26,4.0,0.25
background/background_20260706_191408_083250_0024_17.npy,background,background/background_20260706_191408_083250_0024.wav,17,64x26,4.25,0.25
background/background_20260706_191408_083250_0024_18.npy,background,background/background_20260706_191408_083250_0024.wav,18,64x26,4.5,0.25
background/background_20260706_191408_083250_0024_19.npy,background,background/background_20260706_191408_083250_0024.wav,19,64x26,4.75,0.25
background/background_20260706_191413_086162_0025_00.npy,background,background/background_20260706_191413_086162_0025.wav,0,64x26,0.0,0.25
background/background_20260706_191413_086162_0025_01.npy,background,background/background_20260706_191413_086162_0025.wav,1,64x26,0.25,0.25
background/background_20260706_191413_086162_0025_02.npy,background,background/background_20260706_191413_086162_0025.wav,2,64x26,0.5,0.25
background/background_20260706_191413_086162_0025_03.npy,background,background/background_20260706_191413_086162_0025.wav,3,64x26,0.75,0.25
background/background_20260706_191413_086162_0025_04.npy,background,background/background_20260706_191413_086162_0025.wav,4,64x26,1.0,0.25
background/background_20260706_191413_086162_0025_05.npy,background,background/background_20260706_191413_086162_0025.wav,5,64x26,1.25,0.25
background/background_20260706_191413_086162_0025_06.npy,background,background/background_20260706_191413_086162_0025.wav,6,64x26,1.5,0.25
background/background_20260706_191413_086162_0025_07.npy,background,background/background_20260706_191413_086162_0025.wav,7,64x26,1.75,0.25
background/background_20260706_191413_086162_0025_08.npy,background,background/background_20260706_191413_086162_0025.wav,8,64x26,2.0,0.25
background/background_20260706_191413_086162_0025_09.npy,background,background/background_20260706_191413_086162_0025.wav,9,64x26,2.25,0.25
background/background_20260706_191413_086162_0025_10.npy,background,background/background_20260706_191413_086162_0025.wav,10,64x26,2.5,0.25
background/background_20260706_191413_086162_0025_11.npy,background,background/background_20260706_191413_086162_0025.wav,11,64x26,2.75,0.25
background/background_20260706_191413_086162_0025_12.npy,background,background/background_20260706_191413_086162_0025.wav,12,64x26,3.0,0.25
background/background_20260706_191413_086162_0025_13.npy,background,background/background_20260706_191413_086162_0025.wav,13,64x26,3.25,0.25
background/background_20260706_191413_086162_0025_14.npy,background,background/background_20260706_191413_086162_0025.wav,14,64x26,3.5,0.25
background/background_20260706_191413_086162_0025_15.npy,background,background/background_20260706_191413_086162_0025.wav,15,64x26,3.75,0.25
background/background_20260706_191413_086162_0025_16.npy,background,background/background_20260706_191413_086162_0025.wav,16,64x26,4.0,0.25
background/background_20260706_191413_086162_0025_17.npy,background,background/background_20260706_191413_086162_0025.wav,17,64x26,4.25,0.25
background/background_20260706_191413_086162_0025_18.npy,background,background/background_20260706_191413_086162_0025.wav,18,64x26,4.5,0.25
background/background_20260706_191413_086162_0025_19.npy,background,background/background_20260706_191413_086162_0025.wav,19,64x26,4.75,0.25
background/background_20260706_191418_089373_0026_00.npy,background,background/background_20260706_191418_089373_0026.wav,0,64x26,0.0,0.25
background/background_20260706_191418_089373_0026_01.npy,background,background/background_20260706_191418_089373_0026.wav,1,64x26,0.25,0.25
background/background_20260706_191418_089373_0026_02.npy,background,background/background_20260706_191418_089373_0026.wav,2,64x26,0.5,0.25
background/background_20260706_191418_089373_0026_03.npy,background,background/background_20260706_191418_089373_0026.wav,3,64x26,0.75,0.25
background/background_20260706_191418_089373_0026_04.npy,background,background/background_20260706_191418_089373_0026.wav,4,64x26,1.0,0.25
background/background_20260706_191418_089373_0026_05.npy,background,background/background_20260706_191418_089373_0026.wav,5,64x26,1.25,0.25
background/background_20260706_191418_089373_0026_06.npy,background,background/background_20260706_191418_089373_0026.wav,6,64x26,1.5,0.25
background/background_20260706_191418_089373_0026_07.npy,background,background/background_20260706_191418_089373_0026.wav,7,64x26,1.75,0.25
background/background_20260706_191418_089373_0026_08.npy,background,background/background_20260706_191418_089373_0026.wav,8,64x26,2.0,0.25
background/background_20260706_191418_089373_0026_09.npy,background,background/background_20260706_191418_089373_0026.wav,9,64x26,2.25,0.25
background/background_20260706_191418_089373_0026_10.npy,background,background/background_20260706_191418_089373_0026.wav,10,64x26,2.5,0.25
background/background_20260706_191418_089373_0026_11.npy,background,background/background_20260706_191418_089373_0026.wav,11,64x26,2.75,0.25
background/background_20260706_191418_089373_0026_12.npy,background,background/background_20260706_191418_089373_0026.wav,12,64x26,3.0,0.25
background/background_20260706_191418_089373_0026_13.npy,background,background/background_20260706_191418_089373_0026.wav,13,64x26,3.25,0.25
background/background_20260706_191418_089373_0026_14.npy,background,background/background_20260706_191418_089373_0026.wav,14,64x26,3.5,0.25
background/background_20260706_191418_089373_0026_15.npy,background,background/background_20260706_191418_089373_0026.wav,15,64x26,3.75,0.25
background/background_20260706_191418_089373_0026_16.npy,background,background/background_20260706_191418_089373_0026.wav,16,64x26,4.0,0.25
background/background_20260706_191418_089373_0026_17.npy,background,background/background_20260706_191418_089373_0026.wav,17,64x26,4.25,0.25
background/background_20260706_191418_089373_0026_18.npy,background,background/background_20260706_191418_089373_0026.wav,18,64x26,4.5,0.25
background/background_20260706_191418_089373_0026_19.npy,background,background/background_20260706_191418_089373_0026.wav,19,64x26,4.75,0.25
background/background_20260706_191423_092416_0027_00.npy,background,background/background_20260706_191423_092416_0027.wav,0,64x26,0.0,0.25
background/background_20260706_191423_092416_0027_01.npy,background,background/background_20260706_191423_092416_0027.wav,1,64x26,0.25,0.25
background/background_20260706_191423_092416_0027_02.npy,background,background/background_20260706_191423_092416_0027.wav,2,64x26,0.5,0.25
background/background_20260706_191423_092416_0027_03.npy,background,background/background_20260706_191423_092416_0027.wav,3,64x26,0.75,0.25
background/background_20260706_191423_092416_0027_04.npy,background,background/background_20260706_191423_092416_0027.wav,4,64x26,1.0,0.25
background/background_20260706_191423_092416_0027_05.npy,background,background/background_20260706_191423_092416_0027.wav,5,64x26,1.25,0.25
background/background_20260706_191423_092416_0027_06.npy,background,background/background_20260706_191423_092416_0027.wav,6,64x26,1.5,0.25
background/background_20260706_191423_092416_0027_07.npy,background,background/background_20260706_191423_092416_0027.wav,7,64x26,1.75,0.25
background/background_20260706_191423_092416_0027_08.npy,background,background/background_20260706_191423_092416_0027.wav,8,64x26,2.0,0.25
background/background_20260706_191423_092416_0027_09.npy,background,background/background_20260706_191423_092416_0027.wav,9,64x26,2.25,0.25
background/background_20260706_191423_092416_0027_10.npy,background,background/background_20260706_191423_092416_0027.wav,10,64x26,2.5,0.25
background/background_20260706_191423_092416_0027_11.npy,background,background/background_20260706_191423_092416_0027.wav,11,64x26,2.75,0.25
background/background_20260706_191423_092416_0027_12.npy,background,background/background_20260706_191423_092416_0027.wav,12,64x26,3.0,0.25
background/background_20260706_191423_092416_0027_13.npy,background,background/background_20260706_191423_092416_0027.wav,13,64x26,3.25,0.25
background/background_20260706_191423_092416_0027_14.npy,background,background/background_20260706_191423_092416_0027.wav,14,64x26,3.5,0.25
background/background_20260706_191423_092416_0027_15.npy,background,background/background_20260706_191423_092416_0027.wav,15,64x26,3.75,0.25
background/background_20260706_191423_092416_0027_16.npy,background,background/background_20260706_191423_092416_0027.wav,16,64x26,4.0,0.25
background/background_20260706_191423_092416_0027_17.npy,background,background/background_20260706_191423_092416_0027.wav,17,64x26,4.25,0.25
background/background_20260706_191423_092416_0027_18.npy,background,background/background_20260706_191423_092416_0027.wav,18,64x26,4.5,0.25
background/background_20260706_191423_092416_0027_19.npy,background,background/background_20260706_191423_092416_0027.wav,19,64x26,4.75,0.25
background/background_20260706_191428_094928_0028_00.npy,background,background/background_20260706_191428_094928_0028.wav,0,64x26,0.0,0.25
background/background_20260706_191428_094928_0028_01.npy,background,background/background_20260706_191428_094928_0028.wav,1,64x26,0.25,0.25
background/background_20260706_191428_094928_0028_02.npy,background,background/background_20260706_191428_094928_0028.wav,2,64x26,0.5,0.25
background/background_20260706_191428_094928_0028_03.npy,background,background/background_20260706_191428_094928_0028.wav,3,64x26,0.75,0.25
background/background_20260706_191428_094928_0028_04.npy,background,background/background_20260706_191428_094928_0028.wav,4,64x26,1.0,0.25
background/background_20260706_191428_094928_0028_05.npy,background,background/background_20260706_191428_094928_0028.wav,5,64x26,1.25,0.25
background/background_20260706_191428_094928_0028_06.npy,background,background/background_20260706_191428_094928_0028.wav,6,64x26,1.5,0.25
background/background_20260706_191428_094928_0028_07.npy,background,background/background_20260706_191428_094928_0028.wav,7,64x26,1.75,0.25
background/background_20260706_191428_094928_0028_08.npy,background,background/background_20260706_191428_094928_0028.wav,8,64x26,2.0,0.25
background/background_20260706_191428_094928_0028_09.npy,background,background/background_20260706_191428_094928_0028.wav,9,64x26,2.25,0.25
background/background_20260706_191428_094928_0028_10.npy,background,background/background_20260706_191428_094928_0028.wav,10,64x26,2.5,0.25
background/background_20260706_191428_094928_0028_11.npy,background,background/background_20260706_191428_094928_0028.wav,11,64x26,2.75,0.25
background/background_20260706_191428_094928_0028_12.npy,background,background/background_20260706_191428_094928_0028.wav,12,64x26,3.0,0.25
background/background_20260706_191428_094928_0028_13.npy,background,background/background_20260706_191428_094928_0028.wav,13,64x26,3.25,0.25
background/background_20260706_191428_094928_0028_14.npy,background,background/background_20260706_191428_094928_0028.wav,14,64x26,3.5,0.25
background/background_20260706_191428_094928_0028_15.npy,background,background/background_20260706_191428_094928_0028.wav,15,64x26,3.75,0.25
background/background_20260706_191428_094928_0028_16.npy,background,background/background_20260706_191428_094928_0028.wav,16,64x26,4.0,0.25
background/background_20260706_191428_094928_0028_17.npy,background,background/background_20260706_191428_094928_0028.wav,17,64x26,4.25,0.25
background/background_20260706_191428_094928_0028_18.npy,background,background/background_20260706_191428_094928_0028.wav,18,64x26,4.5,0.25
background/background_20260706_191428_094928_0028_19.npy,background,background/background_20260706_191428_094928_0028.wav,19,64x26,4.75,0.25
background/background_20260706_191433_098004_0029_00.npy,background,background/background_20260706_191433_098004_0029.wav,0,64x26,0.0,0.25
background/background_20260706_191433_098004_0029_01.npy,background,background/background_20260706_191433_098004_0029.wav,1,64x26,0.25,0.25
background/background_20260706_191433_098004_0029_02.npy,background,background/background_20260706_191433_098004_0029.wav,2,64x26,0.5,0.25
background/background_20260706_191433_098004_0029_03.npy,background,background/background_20260706_191433_098004_0029.wav,3,64x26,0.75,0.25
background/background_20260706_191433_098004_0029_04.npy,background,background/background_20260706_191433_098004_0029.wav,4,64x26,1.0,0.25
background/background_20260706_191433_098004_0029_05.npy,background,background/background_20260706_191433_098004_0029.wav,5,64x26,1.25,0.25
background/background_20260706_191433_098004_0029_06.npy,background,background/background_20260706_191433_098004_0029.wav,6,64x26,1.5,0.25
background/background_20260706_191433_098004_0029_07.npy,background,background/background_20260706_191433_098004_0029.wav,7,64x26,1.75,0.25
background/background_20260706_191433_098004_0029_08.npy,background,background/background_20260706_191433_098004_0029.wav,8,64x26,2.0,0.25
background/background_20260706_191433_098004_0029_09.npy,background,background/background_20260706_191433_098004_0029.wav,9,64x26,2.25,0.25
background/background_20260706_191433_098004_0029_10.npy,background,background/background_20260706_191433_098004_0029.wav,10,64x26,2.5,0.25
background/background_20260706_191433_098004_0029_11.npy,background,background/background_20260706_191433_098004_0029.wav,11,64x26,2.75,0.25
background/background_20260706_191433_098004_0029_12.npy,background,background/background_20260706_191433_098004_0029.wav,12,64x26,3.0,0.25
background/background_20260706_191433_098004_0029_13.npy,background,background/background_20260706_191433_098004_0029.wav,13,64x26,3.25,0.25
background/background_20260706_191433_098004_0029_14.npy,background,background/background_20260706_191433_098004_0029.wav,14,64x26,3.5,0.25
background/background_20260706_191433_098004_0029_15.npy,background,background/background_20260706_191433_098004_0029.wav,15,64x26,3.75,0.25
background/background_20260706_191433_098004_0029_16.npy,background,background/background_20260706_191433_098004_0029.wav,16,64x26,4.0,0.25
background/background_20260706_191433_098004_0029_17.npy,background,background/background_20260706_191433_098004_0029.wav,17,64x26,4.25,0.25
background/background_20260706_191433_098004_0029_18.npy,background,background/background_20260706_191433_098004_0029.wav,18,64x26,4.5,0.25
background/background_20260706_191433_098004_0029_19.npy,background,background/background_20260706_191433_098004_0029.wav,19,64x26,4.75,0.25
background/background_20260706_191438_100758_0030_00.npy,background,background/background_20260706_191438_100758_0030.wav,0,64x26,0.0,0.25
background/background_20260706_191438_100758_0030_01.npy,background,background/background_20260706_191438_100758_0030.wav,1,64x26,0.25,0.25
background/background_20260706_191438_100758_0030_02.npy,background,background/background_20260706_191438_100758_0030.wav,2,64x26,0.5,0.25
background/background_20260706_191438_100758_0030_03.npy,background,background/background_20260706_191438_100758_0030.wav,3,64x26,0.75,0.25
background/background_20260706_191438_100758_0030_04.npy,background,background/background_20260706_191438_100758_0030.wav,4,64x26,1.0,0.25
background/background_20260706_191438_100758_0030_05.npy,background,background/background_20260706_191438_100758_0030.wav,5,64x26,1.25,0.25
background/background_20260706_191438_100758_0030_06.npy,background,background/background_20260706_191438_100758_0030.wav,6,64x26,1.5,0.25
background/background_20260706_191438_100758_0030_07.npy,background,background/background_20260706_191438_100758_0030.wav,7,64x26,1.75,0.25
background/background_20260706_191438_100758_0030_08.npy,background,background/background_20260706_191438_100758_0030.wav,8,64x26,2.0,0.25
background/background_20260706_191438_100758_0030_09.npy,background,background/background_20260706_191438_100758_0030.wav,9,64x26,2.25,0.25
background/background_20260706_191438_100758_0030_10.npy,background,background/background_20260706_191438_100758_0030.wav,10,64x26,2.5,0.25
background/background_20260706_191438_100758_0030_11.npy,background,background/background_20260706_191438_100758_0030.wav,11,64x26,2.75,0.25
background/background_20260706_191438_100758_0030_12.npy,background,background/background_20260706_191438_100758_0030.wav,12,64x26,3.0,0.25
background/background_20260706_191438_100758_0030_13.npy,background,background/background_20260706_191438_100758_0030.wav,13,64x26,3.25,0.25
background/background_20260706_191438_100758_0030_14.npy,background,background/background_20260706_191438_100758_0030.wav,14,64x26,3.5,0.25
background/background_20260706_191438_100758_0030_15.npy,background,background/background_20260706_191438_100758_0030.wav,15,64x26,3.75,0.25
background/background_20260706_191438_100758_0030_16.npy,background,background/background_20260706_191438_100758_0030.wav,16,64x26,4.0,0.25
background/background_20260706_191438_100758_0030_17.npy,background,background/background_20260706_191438_100758_0030.wav,17,64x26,4.25,0.25
background/background_20260706_191438_100758_0030_18.npy,background,background/background_20260706_191438_100758_0030.wav,18,64x26,4.5,0.25
background/background_20260706_191438_100758_0030_19.npy,background,background/background_20260706_191438_100758_0030.wav,19,64x26,4.75,0.25
background/background_20260706_191443_103791_0031_00.npy,background,background/background_20260706_191443_103791_0031.wav,0,64x26,0.0,0.25
background/background_20260706_191443_103791_0031_01.npy,background,background/background_20260706_191443_103791_0031.wav,1,64x26,0.25,0.25
background/background_20260706_191443_103791_0031_02.npy,background,background/background_20260706_191443_103791_0031.wav,2,64x26,0.5,0.25
background/background_20260706_191443_103791_0031_03.npy,background,background/background_20260706_191443_103791_0031.wav,3,64x26,0.75,0.25
background/background_20260706_191443_103791_0031_04.npy,background,background/background_20260706_191443_103791_0031.wav,4,64x26,1.0,0.25
background/background_20260706_191443_103791_0031_05.npy,background,background/background_20260706_191443_103791_0031.wav,5,64x26,1.25,0.25
background/background_20260706_191443_103791_0031_06.npy,background,background/background_20260706_191443_103791_0031.wav,6,64x26,1.5,0.25
background/background_20260706_191443_103791_0031_07.npy,background,background/background_20260706_191443_103791_0031.wav,7,64x26,1.75,0.25
background/background_20260706_191443_103791_0031_08.npy,background,background/background_20260706_191443_103791_0031.wav,8,64x26,2.0,0.25
background/background_20260706_191443_103791_0031_09.npy,background,background/background_20260706_191443_103791_0031.wav,9,64x26,2.25,0.25
background/background_20260706_191443_103791_0031_10.npy,background,background/background_20260706_191443_103791_0031.wav,10,64x26,2.5,0.25
background/background_20260706_191443_103791_0031_11.npy,background,background/background_20260706_191443_103791_0031.wav,11,64x26,2.75,0.25
background/background_20260706_191443_103791_0031_12.npy,background,background/background_20260706_191443_103791_0031.wav,12,64x26,3.0,0.25
background/background_20260706_191443_103791_0031_13.npy,background,background/background_20260706_191443_103791_0031.wav,13,64x26,3.25,0.25
background/background_20260706_191443_103791_0031_14.npy,background,background/background_20260706_191443_103791_0031.wav,14,64x26,3.5,0.25
background/background_20260706_191443_103791_0031_15.npy,background,background/background_20260706_191443_103791_0031.wav,15,64x26,3.75,0.25
background/background_20260706_191443_103791_0031_16.npy,background,background/background_20260706_191443_103791_0031.wav,16,64x26,4.0,0.25
background/background_20260706_191443_103791_0031_17.npy,background,background/background_20260706_191443_103791_0031.wav,17,64x26,4.25,0.25
background/background_20260706_191443_103791_0031_18.npy,background,background/background_20260706_191443_103791_0031.wav,18,64x26,4.5,0.25
background/background_20260706_191443_103791_0031_19.npy,background,background/background_20260706_191443_103791_0031.wav,19,64x26,4.75,0.25
background/background_20260706_191448_106605_0032_00.npy,background,background/background_20260706_191448_106605_0032.wav,0,64x26,0.0,0.25
background/background_20260706_191448_106605_0032_01.npy,background,background/background_20260706_191448_106605_0032.wav,1,64x26,0.25,0.25
background/background_20260706_191448_106605_0032_02.npy,background,background/background_20260706_191448_106605_0032.wav,2,64x26,0.5,0.25
background/background_20260706_191448_106605_0032_03.npy,background,background/background_20260706_191448_106605_0032.wav,3,64x26,0.75,0.25
background/background_20260706_191448_106605_0032_04.npy,background,background/background_20260706_191448_106605_0032.wav,4,64x26,1.0,0.25
background/background_20260706_191448_106605_0032_05.npy,background,background/background_20260706_191448_106605_0032.wav,5,64x26,1.25,0.25
background/background_20260706_191448_106605_0032_06.npy,background,background/background_20260706_191448_106605_0032.wav,6,64x26,1.5,0.25
background/background_20260706_191448_106605_0032_07.npy,background,background/background_20260706_191448_106605_0032.wav,7,64x26,1.75,0.25
background/background_20260706_191448_106605_0032_08.npy,background,background/background_20260706_191448_106605_0032.wav,8,64x26,2.0,0.25
background/background_20260706_191448_106605_0032_09.npy,background,background/background_20260706_191448_106605_0032.wav,9,64x26,2.25,0.25
background/background_20260706_191448_106605_0032_10.npy,background,background/background_20260706_191448_106605_0032.wav,10,64x26,2.5,0.25
background/background_20260706_191448_106605_0032_11.npy,background,background/background_20260706_191448_106605_0032.wav,11,64x26,2.75,0.25
background/background_20260706_191448_106605_0032_12.npy,background,background/background_20260706_191448_106605_0032.wav,12,64x26,3.0,0.25
background/background_20260706_191448_106605_0032_13.npy,background,background/background_20260706_191448_106605_0032.wav,13,64x26,3.25,0.25
background/background_20260706_191448_106605_0032_14.npy,background,background/background_20260706_191448_106605_0032.wav,14,64x26,3.5,0.25
background/background_20260706_191448_106605_0032_15.npy,background,background/background_20260706_191448_106605_0032.wav,15,64x26,3.75,0.25
background/background_20260706_191448_106605_0032_16.npy,background,background/background_20260706_191448_106605_0032.wav,16,64x26,4.0,0.25
background/background_20260706_191448_106605_0032_17.npy,background,background/background_20260706_191448_106605_0032.wav,17,64x26,4.25,0.25
background/background_20260706_191448_106605_0032_18.npy,background,background/background_20260706_191448_106605_0032.wav,18,64x26,4.5,0.25
background/background_20260706_191448_106605_0032_19.npy,background,background/background_20260706_191448_106605_0032.wav,19,64x26,4.75,0.25
background/background_20260706_191453_109686_0033_00.npy,background,background/background_20260706_191453_109686_0033.wav,0,64x26,0.0,0.25
background/background_20260706_191453_109686_0033_01.npy,background,background/background_20260706_191453_109686_0033.wav,1,64x26,0.25,0.25
background/background_20260706_191453_109686_0033_02.npy,background,background/background_20260706_191453_109686_0033.wav,2,64x26,0.5,0.25
background/background_20260706_191453_109686_0033_03.npy,background,background/background_20260706_191453_109686_0033.wav,3,64x26,0.75,0.25
background/background_20260706_191453_109686_0033_04.npy,background,background/background_20260706_191453_109686_0033.wav,4,64x26,1.0,0.25
background/background_20260706_191453_109686_0033_05.npy,background,background/background_20260706_191453_109686_0033.wav,5,64x26,1.25,0.25
background/background_20260706_191453_109686_0033_06.npy,background,background/background_20260706_191453_109686_0033.wav,6,64x26,1.5,0.25
background/background_20260706_191453_109686_0033_07.npy,background,background/background_20260706_191453_109686_0033.wav,7,64x26,1.75,0.25
background/background_20260706_191453_109686_0033_08.npy,background,background/background_20260706_191453_109686_0033.wav,8,64x26,2.0,0.25
background/background_20260706_191453_109686_0033_09.npy,background,background/background_20260706_191453_109686_0033.wav,9,64x26,2.25,0.25
background/background_20260706_191453_109686_0033_10.npy,background,background/background_20260706_191453_109686_0033.wav,10,64x26,2.5,0.25
background/background_20260706_191453_109686_0033_11.npy,background,background/background_20260706_191453_109686_0033.wav,11,64x26,2.75,0.25
background/background_20260706_191453_109686_0033_12.npy,background,background/background_20260706_191453_109686_0033.wav,12,64x26,3.0,0.25
background/background_20260706_191453_109686_0033_13.npy,background,background/background_20260706_191453_109686_0033.wav,13,64x26,3.25,0.25
background/background_20260706_191453_109686_0033_14.npy,background,background/background_20260706_191453_109686_0033.wav,14,64x26,3.5,0.25
background/background_20260706_191453_109686_0033_15.npy,background,background/background_20260706_191453_109686_0033.wav,15,64x26,3.75,0.25
background/background_20260706_191453_109686_0033_16.npy,background,background/background_20260706_191453_109686_0033.wav,16,64x26,4.0,0.25
background/background_20260706_191453_109686_0033_17.npy,background,background/background_20260706_191453_109686_0033.wav,17,64x26,4.25,0.25
background/background_20260706_191453_109686_0033_18.npy,background,background/background_20260706_191453_109686_0033.wav,18,64x26,4.5,0.25
background/background_20260706_191453_109686_0033_19.npy,background,background/background_20260706_191453_109686_0033.wav,19,64x26,4.75,0.25
background/background_20260706_191458_112444_0034_00.npy,background,background/background_20260706_191458_112444_0034.wav,0,64x26,0.0,0.25
background/background_20260706_191458_112444_0034_01.npy,background,background/background_20260706_191458_112444_0034.wav,1,64x26,0.25,0.25
background/background_20260706_191458_112444_0034_02.npy,background,background/background_20260706_191458_112444_0034.wav,2,64x26,0.5,0.25
background/background_20260706_191458_112444_0034_03.npy,background,background/background_20260706_191458_112444_0034.wav,3,64x26,0.75,0.25
background/background_20260706_191458_112444_0034_04.npy,background,background/background_20260706_191458_112444_0034.wav,4,64x26,1.0,0.25
background/background_20260706_191458_112444_0034_05.npy,background,background/background_20260706_191458_112444_0034.wav,5,64x26,1.25,0.25
background/background_20260706_191458_112444_0034_06.npy,background,background/background_20260706_191458_112444_0034.wav,6,64x26,1.5,0.25
background/background_20260706_191458_112444_0034_07.npy,background,background/background_20260706_191458_112444_0034.wav,7,64x26,1.75,0.25
background/background_20260706_191458_112444_0034_08.npy,background,background/background_20260706_191458_112444_0034.wav,8,64x26,2.0,0.25
background/background_20260706_191458_112444_0034_09.npy,background,background/background_20260706_191458_112444_0034.wav,9,64x26,2.25,0.25
background/background_20260706_191458_112444_0034_10.npy,background,background/background_20260706_191458_112444_0034.wav,10,64x26,2.5,0.25
background/background_20260706_191458_112444_0034_11.npy,background,background/background_20260706_191458_112444_0034.wav,11,64x26,2.75,0.25
background/background_20260706_191458_112444_0034_12.npy,background,background/background_20260706_191458_112444_0034.wav,12,64x26,3.0,0.25
background/background_20260706_191458_112444_0034_13.npy,background,background/background_20260706_191458_112444_0034.wav,13,64x26,3.25,0.25
background/background_20260706_191458_112444_0034_14.npy,background,background/background_20260706_191458_112444_0034.wav,14,64x26,3.5,0.25
background/background_20260706_191458_112444_0034_15.npy,background,background/background_20260706_191458_112444_0034.wav,15,64x26,3.75,0.25
background/background_20260706_191458_112444_0034_16.npy,background,background/background_20260706_191458_112444_0034.wav,16,64x26,4.0,0.25
background/background_20260706_191458_112444_0034_17.npy,background,background/background_20260706_191458_112444_0034.wav,17,64x26,4.25,0.25
background/background_20260706_191458_112444_0034_18.npy,background,background/background_20260706_191458_112444_0034.wav,18,64x26,4.5,0.25
background/background_20260706_191458_112444_0034_19.npy,background,background/background_20260706_191458_112444_0034.wav,19,64x26,4.75,0.25
background/background_20260706_191503_115530_0035_00.npy,background,background/background_20260706_191503_115530_0035.wav,0,64x26,0.0,0.25
background/background_20260706_191503_115530_0035_01.npy,background,background/background_20260706_191503_115530_0035.wav,1,64x26,0.25,0.25
background/background_20260706_191503_115530_0035_02.npy,background,background/background_20260706_191503_115530_0035.wav,2,64x26,0.5,0.25
background/background_20260706_191503_115530_0035_03.npy,background,background/background_20260706_191503_115530_0035.wav,3,64x26,0.75,0.25
background/background_20260706_191503_115530_0035_04.npy,background,background/background_20260706_191503_115530_0035.wav,4,64x26,1.0,0.25
background/background_20260706_191503_115530_0035_05.npy,background,background/background_20260706_191503_115530_0035.wav,5,64x26,1.25,0.25
background/background_20260706_191503_115530_0035_06.npy,background,background/background_20260706_191503_115530_0035.wav,6,64x26,1.5,0.25
background/background_20260706_191503_115530_0035_07.npy,background,background/background_20260706_191503_115530_0035.wav,7,64x26,1.75,0.25
background/background_20260706_191503_115530_0035_08.npy,background,background/background_20260706_191503_115530_0035.wav,8,64x26,2.0,0.25
background/background_20260706_191503_115530_0035_09.npy,background,background/background_20260706_191503_115530_0035.wav,9,64x26,2.25,0.25
background/background_20260706_191503_115530_0035_10.npy,background,background/background_20260706_191503_115530_0035.wav,10,64x26,2.5,0.25
background/background_20260706_191503_115530_0035_11.npy,background,background/background_20260706_191503_115530_0035.wav,11,64x26,2.75,0.25
background/background_20260706_191503_115530_0035_12.npy,background,background/background_20260706_191503_115530_0035.wav,12,64x26,3.0,0.25
background/background_20260706_191503_115530_0035_13.npy,background,background/background_20260706_191503_115530_0035.wav,13,64x26,3.25,0.25
background/background_20260706_191503_115530_0035_14.npy,background,background/background_20260706_191503_115530_0035.wav,14,64x26,3.5,0.25
background/background_20260706_191503_115530_0035_15.npy,background,background/background_20260706_191503_115530_0035.wav,15,64x26,3.75,0.25
background/background_20260706_191503_115530_0035_16.npy,background,background/background_20260706_191503_115530_0035.wav,16,64x26,4.0,0.25
background/background_20260706_191503_115530_0035_17.npy,background,background/background_20260706_191503_115530_0035.wav,17,64x26,4.25,0.25
background/background_20260706_191503_115530_0035_18.npy,background,background/background_20260706_191503_115530_0035.wav,18,64x26,4.5,0.25
background/background_20260706_191503_115530_0035_19.npy,background,background/background_20260706_191503_115530_0035.wav,19,64x26,4.75,0.25
background/background_20260706_191508_118299_0036_00.npy,background,background/background_20260706_191508_118299_0036.wav,0,64x26,0.0,0.25
background/background_20260706_191508_118299_0036_01.npy,background,background/background_20260706_191508_118299_0036.wav,1,64x26,0.25,0.25
background/background_20260706_191508_118299_0036_02.npy,background,background/background_20260706_191508_118299_0036.wav,2,64x26,0.5,0.25
background/background_20260706_191508_118299_0036_03.npy,background,background/background_20260706_191508_118299_0036.wav,3,64x26,0.75,0.25
background/background_20260706_191508_118299_0036_04.npy,background,background/background_20260706_191508_118299_0036.wav,4,64x26,1.0,0.25
background/background_20260706_191508_118299_0036_05.npy,background,background/background_20260706_191508_118299_0036.wav,5,64x26,1.25,0.25
background/background_20260706_191508_118299_0036_06.npy,background,background/background_20260706_191508_118299_0036.wav,6,64x26,1.5,0.25
background/background_20260706_191508_118299_0036_07.npy,background,background/background_20260706_191508_118299_0036.wav,7,64x26,1.75,0.25
background/background_20260706_191508_118299_0036_08.npy,background,background/background_20260706_191508_118299_0036.wav,8,64x26,2.0,0.25
background/background_20260706_191508_118299_0036_09.npy,background,background/background_20260706_191508_118299_0036.wav,9,64x26,2.25,0.25
background/background_20260706_191508_118299_0036_10.npy,background,background/background_20260706_191508_118299_0036.wav,10,64x26,2.5,0.25
background/background_20260706_191508_118299_0036_11.npy,background,background/background_20260706_191508_118299_0036.wav,11,64x26,2.75,0.25
background/background_20260706_191508_118299_0036_12.npy,background,background/background_20260706_191508_118299_0036.wav,12,64x26,3.0,0.25
background/background_20260706_191508_118299_0036_13.npy,background,background/background_20260706_191508_118299_0036.wav,13,64x26,3.25,0.25
background/background_20260706_191508_118299_0036_14.npy,background,background/background_20260706_191508_118299_0036.wav,14,64x26,3.5,0.25
background/background_20260706_191508_118299_0036_15.npy,background,background/background_20260706_191508_118299_0036.wav,15,64x26,3.75,0.25
background/background_20260706_191508_118299_0036_16.npy,background,background/background_20260706_191508_118299_0036.wav,16,64x26,4.0,0.25
background/background_20260706_191508_118299_0036_17.npy,background,background/background_20260706_191508_118299_0036.wav,17,64x26,4.25,0.25
background/background_20260706_191508_118299_0036_18.npy,background,background/background_20260706_191508_118299_0036.wav,18,64x26,4.5,0.25
background/background_20260706_191508_118299_0036_19.npy,background,background/background_20260706_191508_118299_0036.wav,19,64x26,4.75,0.25
background/background_20260706_191513_121197_0037_00.npy,background,background/background_20260706_191513_121197_0037.wav,0,64x26,0.0,0.25
background/background_20260706_191513_121197_0037_01.npy,background,background/background_20260706_191513_121197_0037.wav,1,64x26,0.25,0.25
background/background_20260706_191513_121197_0037_02.npy,background,background/background_20260706_191513_121197_0037.wav,2,64x26,0.5,0.25
background/background_20260706_191513_121197_0037_03.npy,background,background/background_20260706_191513_121197_0037.wav,3,64x26,0.75,0.25
background/background_20260706_191513_121197_0037_04.npy,background,background/background_20260706_191513_121197_0037.wav,4,64x26,1.0,0.25
background/background_20260706_191513_121197_0037_05.npy,background,background/background_20260706_191513_121197_0037.wav,5,64x26,1.25,0.25
background/background_20260706_191513_121197_0037_06.npy,background,background/background_20260706_191513_121197_0037.wav,6,64x26,1.5,0.25
background/background_20260706_191513_121197_0037_07.npy,background,background/background_20260706_191513_121197_0037.wav,7,64x26,1.75,0.25
background/background_20260706_191513_121197_0037_08.npy,background,background/background_20260706_191513_121197_0037.wav,8,64x26,2.0,0.25
background/background_20260706_191513_121197_0037_09.npy,background,background/background_20260706_191513_121197_0037.wav,9,64x26,2.25,0.25
background/background_20260706_191513_121197_0037_10.npy,background,background/background_20260706_191513_121197_0037.wav,10,64x26,2.5,0.25
background/background_20260706_191513_121197_0037_11.npy,background,background/background_20260706_191513_121197_0037.wav,11,64x26,2.75,0.25
background/background_20260706_191513_121197_0037_12.npy,background,background/background_20260706_191513_121197_0037.wav,12,64x26,3.0,0.25
background/background_20260706_191513_121197_0037_13.npy,background,background/background_20260706_191513_121197_0037.wav,13,64x26,3.25,0.25
background/background_20260706_191513_121197_0037_14.npy,background,background/background_20260706_191513_121197_0037.wav,14,64x26,3.5,0.25
background/background_20260706_191513_121197_0037_15.npy,background,background/background_20260706_191513_121197_0037.wav,15,64x26,3.75,0.25
background/background_20260706_191513_121197_0037_16.npy,background,background/background_20260706_191513_121197_0037.wav,16,64x26,4.0,0.25
background/background_20260706_191513_121197_0037_17.npy,background,background/background_20260706_191513_121197_0037.wav,17,64x26,4.25,0.25
background/background_20260706_191513_121197_0037_18.npy,background,background/background_20260706_191513_121197_0037.wav,18,64x26,4.5,0.25
background/background_20260706_191513_121197_0037_19.npy,background,background/background_20260706_191513_121197_0037.wav,19,64x26,4.75,0.25
background/background_20260706_191518_124314_0038_00.npy,background,background/background_20260706_191518_124314_0038.wav,0,64x26,0.0,0.25
background/background_20260706_191518_124314_0038_01.npy,background,background/background_20260706_191518_124314_0038.wav,1,64x26,0.25,0.25
background/background_20260706_191518_124314_0038_02.npy,background,background/background_20260706_191518_124314_0038.wav,2,64x26,0.5,0.25
background/background_20260706_191518_124314_0038_03.npy,background,background/background_20260706_191518_124314_0038.wav,3,64x26,0.75,0.25
background/background_20260706_191518_124314_0038_04.npy,background,background/background_20260706_191518_124314_0038.wav,4,64x26,1.0,0.25
background/background_20260706_191518_124314_0038_05.npy,background,background/background_20260706_191518_124314_0038.wav,5,64x26,1.25,0.25
background/background_20260706_191518_124314_0038_06.npy,background,background/background_20260706_191518_124314_0038.wav,6,64x26,1.5,0.25
background/background_20260706_191518_124314_0038_07.npy,background,background/background_20260706_191518_124314_0038.wav,7,64x26,1.75,0.25
background/background_20260706_191518_124314_0038_08.npy,background,background/background_20260706_191518_124314_0038.wav,8,64x26,2.0,0.25
background/background_20260706_191518_124314_0038_09.npy,background,background/background_20260706_191518_124314_0038.wav,9,64x26,2.25,0.25
background/background_20260706_191518_124314_0038_10.npy,background,background/background_20260706_191518_124314_0038.wav,10,64x26,2.5,0.25
background/background_20260706_191518_124314_0038_11.npy,background,background/background_20260706_191518_124314_0038.wav,11,64x26,2.75,0.25
background/background_20260706_191518_124314_0038_12.npy,background,background/background_20260706_191518_124314_0038.wav,12,64x26,3.0,0.25
background/background_20260706_191518_124314_0038_13.npy,background,background/background_20260706_191518_124314_0038.wav,13,64x26,3.25,0.25
background/background_20260706_191518_124314_0038_14.npy,background,background/background_20260706_191518_124314_0038.wav,14,64x26,3.5,0.25
background/background_20260706_191518_124314_0038_15.npy,background,background/background_20260706_191518_124314_0038.wav,15,64x26,3.75,0.25
background/background_20260706_191518_124314_0038_16.npy,background,background/background_20260706_191518_124314_0038.wav,16,64x26,4.0,0.25
background/background_20260706_191518_124314_0038_17.npy,background,background/background_20260706_191518_124314_0038.wav,17,64x26,4.25,0.25
background/background_20260706_191518_124314_0038_18.npy,background,background/background_20260706_191518_124314_0038.wav,18,64x26,4.5,0.25
background/background_20260706_191518_124314_0038_19.npy,background,background/background_20260706_191518_124314_0038.wav,19,64x26,4.75,0.25
background/background_20260706_191523_127036_0039_00.npy,background,background/background_20260706_191523_127036_0039.wav,0,64x26,0.0,0.25
background/background_20260706_191523_127036_0039_01.npy,background,background/background_20260706_191523_127036_0039.wav,1,64x26,0.25,0.25
background/background_20260706_191523_127036_0039_02.npy,background,background/background_20260706_191523_127036_0039.wav,2,64x26,0.5,0.25
background/background_20260706_191523_127036_0039_03.npy,background,background/background_20260706_191523_127036_0039.wav,3,64x26,0.75,0.25
background/background_20260706_191523_127036_0039_04.npy,background,background/background_20260706_191523_127036_0039.wav,4,64x26,1.0,0.25
background/background_20260706_191523_127036_0039_05.npy,background,background/background_20260706_191523_127036_0039.wav,5,64x26,1.25,0.25
background/background_20260706_191523_127036_0039_06.npy,background,background/background_20260706_191523_127036_0039.wav,6,64x26,1.5,0.25
background/background_20260706_191523_127036_0039_07.npy,background,background/background_20260706_191523_127036_0039.wav,7,64x26,1.75,0.25
background/background_20260706_191523_127036_0039_08.npy,background,background/background_20260706_191523_127036_0039.wav,8,64x26,2.0,0.25
background/background_20260706_191523_127036_0039_09.npy,background,background/background_20260706_191523_127036_0039.wav,9,64x26,2.25,0.25
background/background_20260706_191523_127036_0039_10.npy,background,background/background_20260706_191523_127036_0039.wav,10,64x26,2.5,0.25
background/background_20260706_191523_127036_0039_11.npy,background,background/background_20260706_191523_127036_0039.wav,11,64x26,2.75,0.25
background/background_20260706_191523_127036_0039_12.npy,background,background/background_20260706_191523_127036_0039.wav,12,64x26,3.0,0.25
background/background_20260706_191523_127036_0039_13.npy,background,background/background_20260706_191523_127036_0039.wav,13,64x26,3.25,0.25
background/background_20260706_191523_127036_0039_14.npy,background,background/background_20260706_191523_127036_0039.wav,14,64x26,3.5,0.25
background/background_20260706_191523_127036_0039_15.npy,background,background/background_20260706_191523_127036_0039.wav,15,64x26,3.75,0.25
background/background_20260706_191523_127036_0039_16.npy,background,background/background_20260706_191523_127036_0039.wav,16,64x26,4.0,0.25
background/background_20260706_191523_127036_0039_17.npy,background,background/background_20260706_191523_127036_0039.wav,17,64x26,4.25,0.25
background/background_20260706_191523_127036_0039_18.npy,background,background/background_20260706_191523_127036_0039.wav,18,64x26,4.5,0.25
background/background_20260706_191523_127036_0039_19.npy,background,background/background_20260706_191523_127036_0039.wav,19,64x26,4.75,0.25
background/background_20260706_191528_130133_0040_00.npy,background,background/background_20260706_191528_130133_0040.wav,0,64x26,0.0,0.25
background/background_20260706_191528_130133_0040_01.npy,background,background/background_20260706_191528_130133_0040.wav,1,64x26,0.25,0.25
background/background_20260706_191528_130133_0040_02.npy,background,background/background_20260706_191528_130133_0040.wav,2,64x26,0.5,0.25
background/background_20260706_191528_130133_0040_03.npy,background,background/background_20260706_191528_130133_0040.wav,3,64x26,0.75,0.25
background/background_20260706_191528_130133_0040_04.npy,background,background/background_20260706_191528_130133_0040.wav,4,64x26,1.0,0.25
background/background_20260706_191528_130133_0040_05.npy,background,background/background_20260706_191528_130133_0040.wav,5,64x26,1.25,0.25
background/background_20260706_191528_130133_0040_06.npy,background,background/background_20260706_191528_130133_0040.wav,6,64x26,1.5,0.25
background/background_20260706_191528_130133_0040_07.npy,background,background/background_20260706_191528_130133_0040.wav,7,64x26,1.75,0.25
background/background_20260706_191528_130133_0040_08.npy,background,background/background_20260706_191528_130133_0040.wav,8,64x26,2.0,0.25
background/background_20260706_191528_130133_0040_09.npy,background,background/background_20260706_191528_130133_0040.wav,9,64x26,2.25,0.25
background/background_20260706_191528_130133_0040_10.npy,background,background/background_20260706_191528_130133_0040.wav,10,64x26,2.5,0.25
background/background_20260706_191528_130133_0040_11.npy,background,background/background_20260706_191528_130133_0040.wav,11,64x26,2.75,0.25
background/background_20260706_191528_130133_0040_12.npy,background,background/background_20260706_191528_130133_0040.wav,12,64x26,3.0,0.25
background/background_20260706_191528_130133_0040_13.npy,background,background/background_20260706_191528_130133_0040.wav,13,64x26,3.25,0.25
background/background_20260706_191528_130133_0040_14.npy,background,background/background_20260706_191528_130133_0040.wav,14,64x26,3.5,0.25
background/background_20260706_191528_130133_0040_15.npy,background,background/background_20260706_191528_130133_0040.wav,15,64x26,3.75,0.25
background/background_20260706_191528_130133_0040_16.npy,background,background/background_20260706_191528_130133_0040.wav,16,64x26,4.0,0.25
background/background_20260706_191528_130133_0040_17.npy,background,background/background_20260706_191528_130133_0040.wav,17,64x26,4.25,0.25
background/background_20260706_191528_130133_0040_18.npy,background,background/background_20260706_191528_130133_0040.wav,18,64x26,4.5,0.25
background/background_20260706_191528_130133_0040_19.npy,background,background/background_20260706_191528_130133_0040.wav,19,64x26,4.75,0.25
background/background_20260706_191533_132882_0041_00.npy,background,background/background_20260706_191533_132882_0041.wav,0,64x26,0.0,0.25
background/background_20260706_191533_132882_0041_01.npy,background,background/background_20260706_191533_132882_0041.wav,1,64x26,0.25,0.25
background/background_20260706_191533_132882_0041_02.npy,background,background/background_20260706_191533_132882_0041.wav,2,64x26,0.5,0.25
background/background_20260706_191533_132882_0041_03.npy,background,background/background_20260706_191533_132882_0041.wav,3,64x26,0.75,0.25
background/background_20260706_191533_132882_0041_04.npy,background,background/background_20260706_191533_132882_0041.wav,4,64x26,1.0,0.25
background/background_20260706_191533_132882_0041_05.npy,background,background/background_20260706_191533_132882_0041.wav,5,64x26,1.25,0.25
background/background_20260706_191533_132882_0041_06.npy,background,background/background_20260706_191533_132882_0041.wav,6,64x26,1.5,0.25
background/background_20260706_191533_132882_0041_07.npy,background,background/background_20260706_191533_132882_0041.wav,7,64x26,1.75,0.25
background/background_20260706_191533_132882_0041_08.npy,background,background/background_20260706_191533_132882_0041.wav,8,64x26,2.0,0.25
background/background_20260706_191533_132882_0041_09.npy,background,background/background_20260706_191533_132882_0041.wav,9,64x26,2.25,0.25
background/background_20260706_191533_132882_0041_10.npy,background,background/background_20260706_191533_132882_0041.wav,10,64x26,2.5,0.25
background/background_20260706_191533_132882_0041_11.npy,background,background/background_20260706_191533_132882_0041.wav,11,64x26,2.75,0.25
background/background_20260706_191533_132882_0041_12.npy,background,background/background_20260706_191533_132882_0041.wav,12,64x26,3.0,0.25
background/background_20260706_191533_132882_0041_13.npy,background,background/background_20260706_191533_132882_0041.wav,13,64x26,3.25,0.25
background/background_20260706_191533_132882_0041_14.npy,background,background/background_20260706_191533_132882_0041.wav,14,64x26,3.5,0.25
background/background_20260706_191533_132882_0041_15.npy,background,background/background_20260706_191533_132882_0041.wav,15,64x26,3.75,0.25
background/background_20260706_191533_132882_0041_16.npy,background,background/background_20260706_191533_132882_0041.wav,16,64x26,4.0,0.25
background/background_20260706_191533_132882_0041_17.npy,background,background/background_20260706_191533_132882_0041.wav,17,64x26,4.25,0.25
background/background_20260706_191533_132882_0041_18.npy,background,background/background_20260706_191533_132882_0041.wav,18,64x26,4.5,0.25
background/background_20260706_191533_132882_0041_19.npy,background,background/background_20260706_191533_132882_0041.wav,19,64x26,4.75,0.25
background/background_20260706_191538_135995_0042_00.npy,background,background/background_20260706_191538_135995_0042.wav,0,64x26,0.0,0.25
background/background_20260706_191538_135995_0042_01.npy,background,background/background_20260706_191538_135995_0042.wav,1,64x26,0.25,0.25
background/background_20260706_191538_135995_0042_02.npy,background,background/background_20260706_191538_135995_0042.wav,2,64x26,0.5,0.25
background/background_20260706_191538_135995_0042_03.npy,background,background/background_20260706_191538_135995_0042.wav,3,64x26,0.75,0.25
background/background_20260706_191538_135995_0042_04.npy,background,background/background_20260706_191538_135995_0042.wav,4,64x26,1.0,0.25
background/background_20260706_191538_135995_0042_05.npy,background,background/background_20260706_191538_135995_0042.wav,5,64x26,1.25,0.25
background/background_20260706_191538_135995_0042_06.npy,background,background/background_20260706_191538_135995_0042.wav,6,64x26,1.5,0.25
background/background_20260706_191538_135995_0042_07.npy,background,background/background_20260706_191538_135995_0042.wav,7,64x26,1.75,0.25
background/background_20260706_191538_135995_0042_08.npy,background,background/background_20260706_191538_135995_0042.wav,8,64x26,2.0,0.25
background/background_20260706_191538_135995_0042_09.npy,background,background/background_20260706_191538_135995_0042.wav,9,64x26,2.25,0.25
background/background_20260706_191538_135995_0042_10.npy,background,background/background_20260706_191538_135995_0042.wav,10,64x26,2.5,0.25
background/background_20260706_191538_135995_0042_11.npy,background,background/background_20260706_191538_135995_0042.wav,11,64x26,2.75,0.25
background/background_20260706_191538_135995_0042_12.npy,background,background/background_20260706_191538_135995_0042.wav,12,64x26,3.0,0.25
background/background_20260706_191538_135995_0042_13.npy,background,background/background_20260706_191538_135995_0042.wav,13,64x26,3.25,0.25
background/background_20260706_191538_135995_0042_14.npy,background,background/background_20260706_191538_135995_0042.wav,14,64x26,3.5,0.25
background/background_20260706_191538_135995_0042_15.npy,background,background/background_20260706_191538_135995_0042.wav,15,64x26,3.75,0.25
background/background_20260706_191538_135995_0042_16.npy,background,background/background_20260706_191538_135995_0042.wav,16,64x26,4.0,0.25
background/background_20260706_191538_135995_0042_17.npy,background,background/background_20260706_191538_135995_0042.wav,17,64x26,4.25,0.25
background/background_20260706_191538_135995_0042_18.npy,background,background/background_20260706_191538_135995_0042.wav,18,64x26,4.5,0.25
background/background_20260706_191538_135995_0042_19.npy,background,background/background_20260706_191538_135995_0042.wav,19,64x26,4.75,0.25
background/background_20260706_191543_138727_0043_00.npy,background,background/background_20260706_191543_138727_0043.wav,0,64x26,0.0,0.25
background/background_20260706_191543_138727_0043_01.npy,background,background/background_20260706_191543_138727_0043.wav,1,64x26,0.25,0.25
background/background_20260706_191543_138727_0043_02.npy,background,background/background_20260706_191543_138727_0043.wav,2,64x26,0.5,0.25
background/background_20260706_191543_138727_0043_03.npy,background,background/background_20260706_191543_138727_0043.wav,3,64x26,0.75,0.25
background/background_20260706_191543_138727_0043_04.npy,background,background/background_20260706_191543_138727_0043.wav,4,64x26,1.0,0.25
background/background_20260706_191543_138727_0043_05.npy,background,background/background_20260706_191543_138727_0043.wav,5,64x26,1.25,0.25
background/background_20260706_191543_138727_0043_06.npy,background,background/background_20260706_191543_138727_0043.wav,6,64x26,1.5,0.25
background/background_20260706_191543_138727_0043_07.npy,background,background/background_20260706_191543_138727_0043.wav,7,64x26,1.75,0.25
background/background_20260706_191543_138727_0043_08.npy,background,background/background_20260706_191543_138727_0043.wav,8,64x26,2.0,0.25
background/background_20260706_191543_138727_0043_09.npy,background,background/background_20260706_191543_138727_0043.wav,9,64x26,2.25,0.25
background/background_20260706_191543_138727_0043_10.npy,background,background/background_20260706_191543_138727_0043.wav,10,64x26,2.5,0.25
background/background_20260706_191543_138727_0043_11.npy,background,background/background_20260706_191543_138727_0043.wav,11,64x26,2.75,0.25
background/background_20260706_191543_138727_0043_12.npy,background,background/background_20260706_191543_138727_0043.wav,12,64x26,3.0,0.25
background/background_20260706_191543_138727_0043_13.npy,background,background/background_20260706_191543_138727_0043.wav,13,64x26,3.25,0.25
background/background_20260706_191543_138727_0043_14.npy,background,background/background_20260706_191543_138727_0043.wav,14,64x26,3.5,0.25
background/background_20260706_191543_138727_0043_15.npy,background,background/background_20260706_191543_138727_0043.wav,15,64x26,3.75,0.25
background/background_20260706_191543_138727_0043_16.npy,background,background/background_20260706_191543_138727_0043.wav,16,64x26,4.0,0.25
background/background_20260706_191543_138727_0043_17.npy,background,background/background_20260706_191543_138727_0043.wav,17,64x26,4.25,0.25
background/background_20260706_191543_138727_0043_18.npy,background,background/background_20260706_191543_138727_0043.wav,18,64x26,4.5,0.25
background/background_20260706_191543_138727_0043_19.npy,background,background/background_20260706_191543_138727_0043.wav,19,64x26,4.75,0.25
background/background_20260706_191548_141833_0044_00.npy,background,background/background_20260706_191548_141833_0044.wav,0,64x26,0.0,0.25
background/background_20260706_191548_141833_0044_01.npy,background,background/background_20260706_191548_141833_0044.wav,1,64x26,0.25,0.25
background/background_20260706_191548_141833_0044_02.npy,background,background/background_20260706_191548_141833_0044.wav,2,64x26,0.5,0.25
background/background_20260706_191548_141833_0044_03.npy,background,background/background_20260706_191548_141833_0044.wav,3,64x26,0.75,0.25
background/background_20260706_191548_141833_0044_04.npy,background,background/background_20260706_191548_141833_0044.wav,4,64x26,1.0,0.25
background/background_20260706_191548_141833_0044_05.npy,background,background/background_20260706_191548_141833_0044.wav,5,64x26,1.25,0.25
background/background_20260706_191548_141833_0044_06.npy,background,background/background_20260706_191548_141833_0044.wav,6,64x26,1.5,0.25
background/background_20260706_191548_141833_0044_07.npy,background,background/background_20260706_191548_141833_0044.wav,7,64x26,1.75,0.25
background/background_20260706_191548_141833_0044_08.npy,background,background/background_20260706_191548_141833_0044.wav,8,64x26,2.0,0.25
background/background_20260706_191548_141833_0044_09.npy,background,background/background_20260706_191548_141833_0044.wav,9,64x26,2.25,0.25
background/background_20260706_191548_141833_0044_10.npy,background,background/background_20260706_191548_141833_0044.wav,10,64x26,2.5,0.25
background/background_20260706_191548_141833_0044_11.npy,background,background/background_20260706_191548_141833_0044.wav,11,64x26,2.75,0.25
background/background_20260706_191548_141833_0044_12.npy,background,background/background_20260706_191548_141833_0044.wav,12,64x26,3.0,0.25
background/background_20260706_191548_141833_0044_13.npy,background,background/background_20260706_191548_141833_0044.wav,13,64x26,3.25,0.25
background/background_20260706_191548_141833_0044_14.npy,background,background/background_20260706_191548_141833_0044.wav,14,64x26,3.5,0.25
background/background_20260706_191548_141833_0044_15.npy,background,background/background_20260706_191548_141833_0044.wav,15,64x26,3.75,0.25
background/background_20260706_191548_141833_0044_16.npy,background,background/background_20260706_191548_141833_0044.wav,16,64x26,4.0,0.25
background/background_20260706_191548_141833_0044_17.npy,background,background/background_20260706_191548_141833_0044.wav,17,64x26,4.25,0.25
background/background_20260706_191548_141833_0044_18.npy,background,background/background_20260706_191548_141833_0044.wav,18,64x26,4.5,0.25
background/background_20260706_191548_141833_0044_19.npy,background,background/background_20260706_191548_141833_0044.wav,19,64x26,4.75,0.25
background/background_20260706_191553_144737_0045_00.npy,background,background/background_20260706_191553_144737_0045.wav,0,64x26,0.0,0.25
background/background_20260706_191553_144737_0045_01.npy,background,background/background_20260706_191553_144737_0045.wav,1,64x26,0.25,0.25
background/background_20260706_191553_144737_0045_02.npy,background,background/background_20260706_191553_144737_0045.wav,2,64x26,0.5,0.25
background/background_20260706_191553_144737_0045_03.npy,background,background/background_20260706_191553_144737_0045.wav,3,64x26,0.75,0.25
background/background_20260706_191553_144737_0045_04.npy,background,background/background_20260706_191553_144737_0045.wav,4,64x26,1.0,0.25
background/background_20260706_191553_144737_0045_05.npy,background,background/background_20260706_191553_144737_0045.wav,5,64x26,1.25,0.25
background/background_20260706_191553_144737_0045_06.npy,background,background/background_20260706_191553_144737_0045.wav,6,64x26,1.5,0.25
background/background_20260706_191553_144737_0045_07.npy,background,background/background_20260706_191553_144737_0045.wav,7,64x26,1.75,0.25
background/background_20260706_191553_144737_0045_08.npy,background,background/background_20260706_191553_144737_0045.wav,8,64x26,2.0,0.25
background/background_20260706_191553_144737_0045_09.npy,background,background/background_20260706_191553_144737_0045.wav,9,64x26,2.25,0.25
background/background_20260706_191553_144737_0045_10.npy,background,background/background_20260706_191553_144737_0045.wav,10,64x26,2.5,0.25
background/background_20260706_191553_144737_0045_11.npy,background,background/background_20260706_191553_144737_0045.wav,11,64x26,2.75,0.25
background/background_20260706_191553_144737_0045_12.npy,background,background/background_20260706_191553_144737_0045.wav,12,64x26,3.0,0.25
background/background_20260706_191553_144737_0045_13.npy,background,background/background_20260706_191553_144737_0045.wav,13,64x26,3.25,0.25
background/background_20260706_191553_144737_0045_14.npy,background,background/background_20260706_191553_144737_0045.wav,14,64x26,3.5,0.25
background/background_20260706_191553_144737_0045_15.npy,background,background/background_20260706_191553_144737_0045.wav,15,64x26,3.75,0.25
background/background_20260706_191553_144737_0045_16.npy,background,background/background_20260706_191553_144737_0045.wav,16,64x26,4.0,0.25
background/background_20260706_191553_144737_0045_17.npy,background,background/background_20260706_191553_144737_0045.wav,17,64x26,4.25,0.25
background/background_20260706_191553_144737_0045_18.npy,background,background/background_20260706_191553_144737_0045.wav,18,64x26,4.5,0.25
background/background_20260706_191553_144737_0045_19.npy,background,background/background_20260706_191553_144737_0045.wav,19,64x26,4.75,0.25
background/background_20260706_191558_147494_0046_00.npy,background,background/background_20260706_191558_147494_0046.wav,0,64x26,0.0,0.25
background/background_20260706_191558_147494_0046_01.npy,background,background/background_20260706_191558_147494_0046.wav,1,64x26,0.25,0.25
background/background_20260706_191558_147494_0046_02.npy,background,background/background_20260706_191558_147494_0046.wav,2,64x26,0.5,0.25
background/background_20260706_191558_147494_0046_03.npy,background,background/background_20260706_191558_147494_0046.wav,3,64x26,0.75,0.25
background/background_20260706_191558_147494_0046_04.npy,background,background/background_20260706_191558_147494_0046.wav,4,64x26,1.0,0.25
background/background_20260706_191558_147494_0046_05.npy,background,background/background_20260706_191558_147494_0046.wav,5,64x26,1.25,0.25
background/background_20260706_191558_147494_0046_06.npy,background,background/background_20260706_191558_147494_0046.wav,6,64x26,1.5,0.25
background/background_20260706_191558_147494_0046_07.npy,background,background/background_20260706_191558_147494_0046.wav,7,64x26,1.75,0.25
background/background_20260706_191558_147494_0046_08.npy,background,background/background_20260706_191558_147494_0046.wav,8,64x26,2.0,0.25
background/background_20260706_191558_147494_0046_09.npy,background,background/background_20260706_191558_147494_0046.wav,9,64x26,2.25,0.25
background/background_20260706_191558_147494_0046_10.npy,background,background/background_20260706_191558_147494_0046.wav,10,64x26,2.5,0.25
background/background_20260706_191558_147494_0046_11.npy,background,background/background_20260706_191558_147494_0046.wav,11,64x26,2.75,0.25
background/background_20260706_191558_147494_0046_12.npy,background,background/background_20260706_191558_147494_0046.wav,12,64x26,3.0,0.25
background/background_20260706_191558_147494_0046_13.npy,background,background/background_20260706_191558_147494_0046.wav,13,64x26,3.25,0.25
background/background_20260706_191558_147494_0046_14.npy,background,background/background_20260706_191558_147494_0046.wav,14,64x26,3.5,0.25
background/background_20260706_191558_147494_0046_15.npy,background,background/background_20260706_191558_147494_0046.wav,15,64x26,3.75,0.25
background/background_20260706_191558_147494_0046_16.npy,background,background/background_20260706_191558_147494_0046.wav,16,64x26,4.0,0.25
background/background_20260706_191558_147494_0046_17.npy,background,background/background_20260706_191558_147494_0046.wav,17,64x26,4.25,0.25
background/background_20260706_191558_147494_0046_18.npy,background,background/background_20260706_191558_147494_0046.wav,18,64x26,4.5,0.25
background/background_20260706_191558_147494_0046_19.npy,background,background/background_20260706_191558_147494_0046.wav,19,64x26,4.75,0.25
background/background_20260706_191603_150584_0047_00.npy,background,background/background_20260706_191603_150584_0047.wav,0,64x26,0.0,0.25
background/background_20260706_191603_150584_0047_01.npy,background,background/background_20260706_191603_150584_0047.wav,1,64x26,0.25,0.25
background/background_20260706_191603_150584_0047_02.npy,background,background/background_20260706_191603_150584_0047.wav,2,64x26,0.5,0.25
background/background_20260706_191603_150584_0047_03.npy,background,background/background_20260706_191603_150584_0047.wav,3,64x26,0.75,0.25
background/background_20260706_191603_150584_0047_04.npy,background,background/background_20260706_191603_150584_0047.wav,4,64x26,1.0,0.25
background/background_20260706_191603_150584_0047_05.npy,background,background/background_20260706_191603_150584_0047.wav,5,64x26,1.25,0.25
background/background_20260706_191603_150584_0047_06.npy,background,background/background_20260706_191603_150584_0047.wav,6,64x26,1.5,0.25
background/background_20260706_191603_150584_0047_07.npy,background,background/background_20260706_191603_150584_0047.wav,7,64x26,1.75,0.25
background/background_20260706_191603_150584_0047_08.npy,background,background/background_20260706_191603_150584_0047.wav,8,64x26,2.0,0.25
background/background_20260706_191603_150584_0047_09.npy,background,background/background_20260706_191603_150584_0047.wav,9,64x26,2.25,0.25
background/background_20260706_191603_150584_0047_10.npy,background,background/background_20260706_191603_150584_0047.wav,10,64x26,2.5,0.25
background/background_20260706_191603_150584_0047_11.npy,background,background/background_20260706_191603_150584_0047.wav,11,64x26,2.75,0.25
background/background_20260706_191603_150584_0047_12.npy,background,background/background_20260706_191603_150584_0047.wav,12,64x26,3.0,0.25
background/background_20260706_191603_150584_0047_13.npy,background,background/background_20260706_191603_150584_0047.wav,13,64x26,3.25,0.25
background/background_20260706_191603_150584_0047_14.npy,background,background/background_20260706_191603_150584_0047.wav,14,64x26,3.5,0.25
background/background_20260706_191603_150584_0047_15.npy,background,background/background_20260706_191603_150584_0047.wav,15,64x26,3.75,0.25
background/background_20260706_191603_150584_0047_16.npy,background,background/background_20260706_191603_150584_0047.wav,16,64x26,4.0,0.25
background/background_20260706_191603_150584_0047_17.npy,background,background/background_20260706_191603_150584_0047.wav,17,64x26,4.25,0.25
background/background_20260706_191603_150584_0047_18.npy,background,background/background_20260706_191603_150584_0047.wav,18,64x26,4.5,0.25
background/background_20260706_191603_150584_0047_19.npy,background,background/background_20260706_191603_150584_0047.wav,19,64x26,4.75,0.25
background/background_20260706_191608_153338_0048_00.npy,background,background/background_20260706_191608_153338_0048.wav,0,64x26,0.0,0.25
background/background_20260706_191608_153338_0048_01.npy,background,background/background_20260706_191608_153338_0048.wav,1,64x26,0.25,0.25
background/background_20260706_191608_153338_0048_02.npy,background,background/background_20260706_191608_153338_0048.wav,2,64x26,0.5,0.25
background/background_20260706_191608_153338_0048_03.npy,background,background/background_20260706_191608_153338_0048.wav,3,64x26,0.75,0.25
background/background_20260706_191608_153338_0048_04.npy,background,background/background_20260706_191608_153338_0048.wav,4,64x26,1.0,0.25
background/background_20260706_191608_153338_0048_05.npy,background,background/background_20260706_191608_153338_0048.wav,5,64x26,1.25,0.25
background/background_20260706_191608_153338_0048_06.npy,background,background/background_20260706_191608_153338_0048.wav,6,64x26,1.5,0.25
background/background_20260706_191608_153338_0048_07.npy,background,background/background_20260706_191608_153338_0048.wav,7,64x26,1.75,0.25
background/background_20260706_191608_153338_0048_08.npy,background,background/background_20260706_191608_153338_0048.wav,8,64x26,2.0,0.25
background/background_20260706_191608_153338_0048_09.npy,background,background/background_20260706_191608_153338_0048.wav,9,64x26,2.25,0.25
background/background_20260706_191608_153338_0048_10.npy,background,background/background_20260706_191608_153338_0048.wav,10,64x26,2.5,0.25
background/background_20260706_191608_153338_0048_11.npy,background,background/background_20260706_191608_153338_0048.wav,11,64x26,2.75,0.25
background/background_20260706_191608_153338_0048_12.npy,background,background/background_20260706_191608_153338_0048.wav,12,64x26,3.0,0.25
background/background_20260706_191608_153338_0048_13.npy,background,background/background_20260706_191608_153338_0048.wav,13,64x26,3.25,0.25
background/background_20260706_191608_153338_0048_14.npy,background,background/background_20260706_191608_153338_0048.wav,14,64x26,3.5,0.25
background/background_20260706_191608_153338_0048_15.npy,background,background/background_20260706_191608_153338_0048.wav,15,64x26,3.75,0.25
background/background_20260706_191608_153338_0048_16.npy,background,background/background_20260706_191608_153338_0048.wav,16,64x26,4.0,0.25
background/background_20260706_191608_153338_0048_17.npy,background,background/background_20260706_191608_153338_0048.wav,17,64x26,4.25,0.25
background/background_20260706_191608_153338_0048_18.npy,background,background/background_20260706_191608_153338_0048.wav,18,64x26,4.5,0.25
background/background_20260706_191608_153338_0048_19.npy,background,background/background_20260706_191608_153338_0048.wav,19,64x26,4.75,0.25
background/background_20260706_191613_156463_0049_00.npy,background,background/background_20260706_191613_156463_0049.wav,0,64x26,0.0,0.25
background/background_20260706_191613_156463_0049_01.npy,background,background/background_20260706_191613_156463_0049.wav,1,64x26,0.25,0.25
background/background_20260706_191613_156463_0049_02.npy,background,background/background_20260706_191613_156463_0049.wav,2,64x26,0.5,0.25
background/background_20260706_191613_156463_0049_03.npy,background,background/background_20260706_191613_156463_0049.wav,3,64x26,0.75,0.25
background/background_20260706_191613_156463_0049_04.npy,background,background/background_20260706_191613_156463_0049.wav,4,64x26,1.0,0.25
background/background_20260706_191613_156463_0049_05.npy,background,background/background_20260706_191613_156463_0049.wav,5,64x26,1.25,0.25
background/background_20260706_191613_156463_0049_06.npy,background,background/background_20260706_191613_156463_0049.wav,6,64x26,1.5,0.25
background/background_20260706_191613_156463_0049_07.npy,background,background/background_20260706_191613_156463_0049.wav,7,64x26,1.75,0.25
background/background_20260706_191613_156463_0049_08.npy,background,background/background_20260706_191613_156463_0049.wav,8,64x26,2.0,0.25
background/background_20260706_191613_156463_0049_09.npy,background,background/background_20260706_191613_156463_0049.wav,9,64x26,2.25,0.25
background/background_20260706_191613_156463_0049_10.npy,background,background/background_20260706_191613_156463_0049.wav,10,64x26,2.5,0.25
background/background_20260706_191613_156463_0049_11.npy,background,background/background_20260706_191613_156463_0049.wav,11,64x26,2.75,0.25
background/background_20260706_191613_156463_0049_12.npy,background,background/background_20260706_191613_156463_0049.wav,12,64x26,3.0,0.25
background/background_20260706_191613_156463_0049_13.npy,background,background/background_20260706_191613_156463_0049.wav,13,64x26,3.25,0.25
background/background_20260706_191613_156463_0049_14.npy,background,background/background_20260706_191613_156463_0049.wav,14,64x26,3.5,0.25
background/background_20260706_191613_156463_0049_15.npy,background,background/background_20260706_191613_156463_0049.wav,15,64x26,3.75,0.25
background/background_20260706_191613_156463_0049_16.npy,background,background/background_20260706_191613_156463_0049.wav,16,64x26,4.0,0.25
background/background_20260706_191613_156463_0049_17.npy,background,background/background_20260706_191613_156463_0049.wav,17,64x26,4.25,0.25
background/background_20260706_191613_156463_0049_18.npy,background,background/background_20260706_191613_156463_0049.wav,18,64x26,4.5,0.25
background/background_20260706_191613_156463_0049_19.npy,background,background/background_20260706_191613_156463_0049.wav,19,64x26,4.75,0.25
background/background_20260706_191618_159209_0050_00.npy,background,background/background_20260706_191618_159209_0050.wav,0,64x26,0.0,0.25
background/background_20260706_191618_159209_0050_01.npy,background,background/background_20260706_191618_159209_0050.wav,1,64x26,0.25,0.25
background/background_20260706_191618_159209_0050_02.npy,background,background/background_20260706_191618_159209_0050.wav,2,64x26,0.5,0.25
background/background_20260706_191618_159209_0050_03.npy,background,background/background_20260706_191618_159209_0050.wav,3,64x26,0.75,0.25
background/background_20260706_191618_159209_0050_04.npy,background,background/background_20260706_191618_159209_0050.wav,4,64x26,1.0,0.25
background/background_20260706_191618_159209_0050_05.npy,background,background/background_20260706_191618_159209_0050.wav,5,64x26,1.25,0.25
background/background_20260706_191618_159209_0050_06.npy,background,background/background_20260706_191618_159209_0050.wav,6,64x26,1.5,0.25
background/background_20260706_191618_159209_0050_07.npy,background,background/background_20260706_191618_159209_0050.wav,7,64x26,1.75,0.25
background/background_20260706_191618_159209_0050_08.npy,background,background/background_20260706_191618_159209_0050.wav,8,64x26,2.0,0.25
background/background_20260706_191618_159209_0050_09.npy,background,background/background_20260706_191618_159209_0050.wav,9,64x26,2.25,0.25
background/background_20260706_191618_159209_0050_10.npy,background,background/background_20260706_191618_159209_0050.wav,10,64x26,2.5,0.25
background/background_20260706_191618_159209_0050_11.npy,background,background/background_20260706_191618_159209_0050.wav,11,64x26,2.75,0.25
background/background_20260706_191618_159209_0050_12.npy,background,background/background_20260706_191618_159209_0050.wav,12,64x26,3.0,0.25
background/background_20260706_191618_159209_0050_13.npy,background,background/background_20260706_191618_159209_0050.wav,13,64x26,3.25,0.25
background/background_20260706_191618_159209_0050_14.npy,background,background/background_20260706_191618_159209_0050.wav,14,64x26,3.5,0.25
background/background_20260706_191618_159209_0050_15.npy,background,background/background_20260706_191618_159209_0050.wav,15,64x26,3.75,0.25
background/background_20260706_191618_159209_0050_16.npy,background,background/background_20260706_191618_159209_0050.wav,16,64x26,4.0,0.25
background/background_20260706_191618_159209_0050_17.npy,background,background/background_20260706_191618_159209_0050.wav,17,64x26,4.25,0.25
background/background_20260706_191618_159209_0050_18.npy,background,background/background_20260706_191618_159209_0050.wav,18,64x26,4.5,0.25
background/background_20260706_191618_159209_0050_19.npy,background,background/background_20260706_191618_159209_0050.wav,19,64x26,4.75,0.25
background/background_20260706_191623_162290_0051_00.npy,background,background/background_20260706_191623_162290_0051.wav,0,64x26,0.0,0.25
background/background_20260706_191623_162290_0051_01.npy,background,background/background_20260706_191623_162290_0051.wav,1,64x26,0.25,0.25
background/background_20260706_191623_162290_0051_02.npy,background,background/background_20260706_191623_162290_0051.wav,2,64x26,0.5,0.25
background/background_20260706_191623_162290_0051_03.npy,background,background/background_20260706_191623_162290_0051.wav,3,64x26,0.75,0.25
background/background_20260706_191623_162290_0051_04.npy,background,background/background_20260706_191623_162290_0051.wav,4,64x26,1.0,0.25
background/background_20260706_191623_162290_0051_05.npy,background,background/background_20260706_191623_162290_0051.wav,5,64x26,1.25,0.25
background/background_20260706_191623_162290_0051_06.npy,background,background/background_20260706_191623_162290_0051.wav,6,64x26,1.5,0.25
background/background_20260706_191623_162290_0051_07.npy,background,background/background_20260706_191623_162290_0051.wav,7,64x26,1.75,0.25
background/background_20260706_191623_162290_0051_08.npy,background,background/background_20260706_191623_162290_0051.wav,8,64x26,2.0,0.25
background/background_20260706_191623_162290_0051_09.npy,background,background/background_20260706_191623_162290_0051.wav,9,64x26,2.25,0.25
background/background_20260706_191623_162290_0051_10.npy,background,background/background_20260706_191623_162290_0051.wav,10,64x26,2.5,0.25
background/background_20260706_191623_162290_0051_11.npy,background,background/background_20260706_191623_162290_0051.wav,11,64x26,2.75,0.25
background/background_20260706_191623_162290_0051_12.npy,background,background/background_20260706_191623_162290_0051.wav,12,64x26,3.0,0.25
background/background_20260706_191623_162290_0051_13.npy,background,background/background_20260706_191623_162290_0051.wav,13,64x26,3.25,0.25
background/background_20260706_191623_162290_0051_14.npy,background,background/background_20260706_191623_162290_0051.wav,14,64x26,3.5,0.25
background/background_20260706_191623_162290_0051_15.npy,background,background/background_20260706_191623_162290_0051.wav,15,64x26,3.75,0.25
background/background_20260706_191623_162290_0051_16.npy,background,background/background_20260706_191623_162290_0051.wav,16,64x26,4.0,0.25
background/background_20260706_191623_162290_0051_17.npy,background,background/background_20260706_191623_162290_0051.wav,17,64x26,4.25,0.25
background/background_20260706_191623_162290_0051_18.npy,background,background/background_20260706_191623_162290_0051.wav,18,64x26,4.5,0.25
background/background_20260706_191623_162290_0051_19.npy,background,background/background_20260706_191623_162290_0051.wav,19,64x26,4.75,0.25
background/background_20260706_191628_165025_0052_00.npy,background,background/background_20260706_191628_165025_0052.wav,0,64x26,0.0,0.25
background/background_20260706_191628_165025_0052_01.npy,background,background/background_20260706_191628_165025_0052.wav,1,64x26,0.25,0.25
background/background_20260706_191628_165025_0052_02.npy,background,background/background_20260706_191628_165025_0052.wav,2,64x26,0.5,0.25
background/background_20260706_191628_165025_0052_03.npy,background,background/background_20260706_191628_165025_0052.wav,3,64x26,0.75,0.25
background/background_20260706_191628_165025_0052_04.npy,background,background/background_20260706_191628_165025_0052.wav,4,64x26,1.0,0.25
background/background_20260706_191628_165025_0052_05.npy,background,background/background_20260706_191628_165025_0052.wav,5,64x26,1.25,0.25
background/background_20260706_191628_165025_0052_06.npy,background,background/background_20260706_191628_165025_0052.wav,6,64x26,1.5,0.25
background/background_20260706_191628_165025_0052_07.npy,background,background/background_20260706_191628_165025_0052.wav,7,64x26,1.75,0.25
background/background_20260706_191628_165025_0052_08.npy,background,background/background_20260706_191628_165025_0052.wav,8,64x26,2.0,0.25
background/background_20260706_191628_165025_0052_09.npy,background,background/background_20260706_191628_165025_0052.wav,9,64x26,2.25,0.25
background/background_20260706_191628_165025_0052_10.npy,background,background/background_20260706_191628_165025_0052.wav,10,64x26,2.5,0.25
background/background_20260706_191628_165025_0052_11.npy,background,background/background_20260706_191628_165025_0052.wav,11,64x26,2.75,0.25
background/background_20260706_191628_165025_0052_12.npy,background,background/background_20260706_191628_165025_0052.wav,12,64x26,3.0,0.25
background/background_20260706_191628_165025_0052_13.npy,background,background/background_20260706_191628_165025_0052.wav,13,64x26,3.25,0.25
background/background_20260706_191628_165025_0052_14.npy,background,background/background_20260706_191628_165025_0052.wav,14,64x26,3.5,0.25
background/background_20260706_191628_165025_0052_15.npy,background,background/background_20260706_191628_165025_0052.wav,15,64x26,3.75,0.25
background/background_20260706_191628_165025_0052_16.npy,background,background/background_20260706_191628_165025_0052.wav,16,64x26,4.0,0.25
background/background_20260706_191628_165025_0052_17.npy,background,background/background_20260706_191628_165025_0052.wav,17,64x26,4.25,0.25
background/background_20260706_191628_165025_0052_18.npy,background,background/background_20260706_191628_165025_0052.wav,18,64x26,4.5,0.25
background/background_20260706_191628_165025_0052_19.npy,background,background/background_20260706_191628_165025_0052.wav,19,64x26,4.75,0.25
background/background_20260706_191633_167964_0053_00.npy,background,background/background_20260706_191633_167964_0053.wav,0,64x26,0.0,0.25
background/background_20260706_191633_167964_0053_01.npy,background,background/background_20260706_191633_167964_0053.wav,1,64x26,0.25,0.25
background/background_20260706_191633_167964_0053_02.npy,background,background/background_20260706_191633_167964_0053.wav,2,64x26,0.5,0.25
background/background_20260706_191633_167964_0053_03.npy,background,background/background_20260706_191633_167964_0053.wav,3,64x26,0.75,0.25
background/background_20260706_191633_167964_0053_04.npy,background,background/background_20260706_191633_167964_0053.wav,4,64x26,1.0,0.25
background/background_20260706_191633_167964_0053_05.npy,background,background/background_20260706_191633_167964_0053.wav,5,64x26,1.25,0.25
background/background_20260706_191633_167964_0053_06.npy,background,background/background_20260706_191633_167964_0053.wav,6,64x26,1.5,0.25
background/background_20260706_191633_167964_0053_07.npy,background,background/background_20260706_191633_167964_0053.wav,7,64x26,1.75,0.25
background/background_20260706_191633_167964_0053_08.npy,background,background/background_20260706_191633_167964_0053.wav,8,64x26,2.0,0.25
background/background_20260706_191633_167964_0053_09.npy,background,background/background_20260706_191633_167964_0053.wav,9,64x26,2.25,0.25
background/background_20260706_191633_167964_0053_10.npy,background,background/background_20260706_191633_167964_0053.wav,10,64x26,2.5,0.25
background/background_20260706_191633_167964_0053_11.npy,background,background/background_20260706_191633_167964_0053.wav,11,64x26,2.75,0.25
background/background_20260706_191633_167964_0053_12.npy,background,background/background_20260706_191633_167964_0053.wav,12,64x26,3.0,0.25
background/background_20260706_191633_167964_0053_13.npy,background,background/background_20260706_191633_167964_0053.wav,13,64x26,3.25,0.25
background/background_20260706_191633_167964_0053_14.npy,background,background/background_20260706_191633_167964_0053.wav,14,64x26,3.5,0.25
background/background_20260706_191633_167964_0053_15.npy,background,background/background_20260706_191633_167964_0053.wav,15,64x26,3.75,0.25
background/background_20260706_191633_167964_0053_16.npy,background,background/background_20260706_191633_167964_0053.wav,16,64x26,4.0,0.25
background/background_20260706_191633_167964_0053_17.npy,background,background/background_20260706_191633_167964_0053.wav,17,64x26,4.25,0.25
background/background_20260706_191633_167964_0053_18.npy,background,background/background_20260706_191633_167964_0053.wav,18,64x26,4.5,0.25
background/background_20260706_191633_167964_0053_19.npy,background,background/background_20260706_191633_167964_0053.wav,19,64x26,4.75,0.25
background/background_20260706_191638_171029_0054_00.npy,background,background/background_20260706_191638_171029_0054.wav,0,64x26,0.0,0.25
background/background_20260706_191638_171029_0054_01.npy,background,background/background_20260706_191638_171029_0054.wav,1,64x26,0.25,0.25
background/background_20260706_191638_171029_0054_02.npy,background,background/background_20260706_191638_171029_0054.wav,2,64x26,0.5,0.25
background/background_20260706_191638_171029_0054_03.npy,background,background/background_20260706_191638_171029_0054.wav,3,64x26,0.75,0.25
background/background_20260706_191638_171029_0054_04.npy,background,background/background_20260706_191638_171029_0054.wav,4,64x26,1.0,0.25
background/background_20260706_191638_171029_0054_05.npy,background,background/background_20260706_191638_171029_0054.wav,5,64x26,1.25,0.25
background/background_20260706_191638_171029_0054_06.npy,background,background/background_20260706_191638_171029_0054.wav,6,64x26,1.5,0.25
background/background_20260706_191638_171029_0054_07.npy,background,background/background_20260706_191638_171029_0054.wav,7,64x26,1.75,0.25
background/background_20260706_191638_171029_0054_08.npy,background,background/background_20260706_191638_171029_0054.wav,8,64x26,2.0,0.25
background/background_20260706_191638_171029_0054_09.npy,background,background/background_20260706_191638_171029_0054.wav,9,64x26,2.25,0.25
background/background_20260706_191638_171029_0054_10.npy,background,background/background_20260706_191638_171029_0054.wav,10,64x26,2.5,0.25
background/background_20260706_191638_171029_0054_11.npy,background,background/background_20260706_191638_171029_0054.wav,11,64x26,2.75,0.25
background/background_20260706_191638_171029_0054_12.npy,background,background/background_20260706_191638_171029_0054.wav,12,64x26,3.0,0.25
background/background_20260706_191638_171029_0054_13.npy,background,background/background_20260706_191638_171029_0054.wav,13,64x26,3.25,0.25
background/background_20260706_191638_171029_0054_14.npy,background,background/background_20260706_191638_171029_0054.wav,14,64x26,3.5,0.25
background/background_20260706_191638_171029_0054_15.npy,background,background/background_20260706_191638_171029_0054.wav,15,64x26,3.75,0.25
background/background_20260706_191638_171029_0054_16.npy,background,background/background_20260706_191638_171029_0054.wav,16,64x26,4.0,0.25
background/background_20260706_191638_171029_0054_17.npy,background,background/background_20260706_191638_171029_0054.wav,17,64x26,4.25,0.25
background/background_20260706_191638_171029_0054_18.npy,background,background/background_20260706_191638_171029_0054.wav,18,64x26,4.5,0.25
background/background_20260706_191638_171029_0054_19.npy,background,background/background_20260706_191638_171029_0054.wav,19,64x26,4.75,0.25
background/background_20260706_191643_173776_0055_00.npy,background,background/background_20260706_191643_173776_0055.wav,0,64x26,0.0,0.25
background/background_20260706_191643_173776_0055_01.npy,background,background/background_20260706_191643_173776_0055.wav,1,64x26,0.25,0.25
background/background_20260706_191643_173776_0055_02.npy,background,background/background_20260706_191643_173776_0055.wav,2,64x26,0.5,0.25
background/background_20260706_191643_173776_0055_03.npy,background,background/background_20260706_191643_173776_0055.wav,3,64x26,0.75,0.25
background/background_20260706_191643_173776_0055_04.npy,background,background/background_20260706_191643_173776_0055.wav,4,64x26,1.0,0.25
background/background_20260706_191643_173776_0055_05.npy,background,background/background_20260706_191643_173776_0055.wav,5,64x26,1.25,0.25
background/background_20260706_191643_173776_0055_06.npy,background,background/background_20260706_191643_173776_0055.wav,6,64x26,1.5,0.25
background/background_20260706_191643_173776_0055_07.npy,background,background/background_20260706_191643_173776_0055.wav,7,64x26,1.75,0.25
background/background_20260706_191643_173776_0055_08.npy,background,background/background_20260706_191643_173776_0055.wav,8,64x26,2.0,0.25
background/background_20260706_191643_173776_0055_09.npy,background,background/background_20260706_191643_173776_0055.wav,9,64x26,2.25,0.25
background/background_20260706_191643_173776_0055_10.npy,background,background/background_20260706_191643_173776_0055.wav,10,64x26,2.5,0.25
background/background_20260706_191643_173776_0055_11.npy,background,background/background_20260706_191643_173776_0055.wav,11,64x26,2.75,0.25
background/background_20260706_191643_173776_0055_12.npy,background,background/background_20260706_191643_173776_0055.wav,12,64x26,3.0,0.25
background/background_20260706_191643_173776_0055_13.npy,background,background/background_20260706_191643_173776_0055.wav,13,64x26,3.25,0.25
background/background_20260706_191643_173776_0055_14.npy,background,background/background_20260706_191643_173776_0055.wav,14,64x26,3.5,0.25
background/background_20260706_191643_173776_0055_15.npy,background,background/background_20260706_191643_173776_0055.wav,15,64x26,3.75,0.25
background/background_20260706_191643_173776_0055_16.npy,background,background/background_20260706_191643_173776_0055.wav,16,64x26,4.0,0.25
background/background_20260706_191643_173776_0055_17.npy,background,background/background_20260706_191643_173776_0055.wav,17,64x26,4.25,0.25
background/background_20260706_191643_173776_0055_18.npy,background,background/background_20260706_191643_173776_0055.wav,18,64x26,4.5,0.25
background/background_20260706_191643_173776_0055_19.npy,background,background/background_20260706_191643_173776_0055.wav,19,64x26,4.75,0.25
background/background_20260706_191648_176704_0056_00.npy,background,background/background_20260706_191648_176704_0056.wav,0,64x26,0.0,0.25
background/background_20260706_191648_176704_0056_01.npy,background,background/background_20260706_191648_176704_0056.wav,1,64x26,0.25,0.25
background/background_20260706_191648_176704_0056_02.npy,background,background/background_20260706_191648_176704_0056.wav,2,64x26,0.5,0.25
background/background_20260706_191648_176704_0056_03.npy,background,background/background_20260706_191648_176704_0056.wav,3,64x26,0.75,0.25
background/background_20260706_191648_176704_0056_04.npy,background,background/background_20260706_191648_176704_0056.wav,4,64x26,1.0,0.25
background/background_20260706_191648_176704_0056_05.npy,background,background/background_20260706_191648_176704_0056.wav,5,64x26,1.25,0.25
background/background_20260706_191648_176704_0056_06.npy,background,background/background_20260706_191648_176704_0056.wav,6,64x26,1.5,0.25
background/background_20260706_191648_176704_0056_07.npy,background,background/background_20260706_191648_176704_0056.wav,7,64x26,1.75,0.25
background/background_20260706_191648_176704_0056_08.npy,background,background/background_20260706_191648_176704_0056.wav,8,64x26,2.0,0.25
background/background_20260706_191648_176704_0056_09.npy,background,background/background_20260706_191648_176704_0056.wav,9,64x26,2.25,0.25
background/background_20260706_191648_176704_0056_10.npy,background,background/background_20260706_191648_176704_0056.wav,10,64x26,2.5,0.25
background/background_20260706_191648_176704_0056_11.npy,background,background/background_20260706_191648_176704_0056.wav,11,64x26,2.75,0.25
background/background_20260706_191648_176704_0056_12.npy,background,background/background_20260706_191648_176704_0056.wav,12,64x26,3.0,0.25
background/background_20260706_191648_176704_0056_13.npy,background,background/background_20260706_191648_176704_0056.wav,13,64x26,3.25,0.25
background/background_20260706_191648_176704_0056_14.npy,background,background/background_20260706_191648_176704_0056.wav,14,64x26,3.5,0.25
background/background_20260706_191648_176704_0056_15.npy,background,background/background_20260706_191648_176704_0056.wav,15,64x26,3.75,0.25
background/background_20260706_191648_176704_0056_16.npy,background,background/background_20260706_191648_176704_0056.wav,16,64x26,4.0,0.25
background/background_20260706_191648_176704_0056_17.npy,background,background/background_20260706_191648_176704_0056.wav,17,64x26,4.25,0.25
background/background_20260706_191648_176704_0056_18.npy,background,background/background_20260706_191648_176704_0056.wav,18,64x26,4.5,0.25
background/background_20260706_191648_176704_0056_19.npy,background,background/background_20260706_191648_176704_0056.wav,19,64x26,4.75,0.25
background/background_20260706_191653_179785_0057_00.npy,background,background/background_20260706_191653_179785_0057.wav,0,64x26,0.0,0.25
background/background_20260706_191653_179785_0057_01.npy,background,background/background_20260706_191653_179785_0057.wav,1,64x26,0.25,0.25
background/background_20260706_191653_179785_0057_02.npy,background,background/background_20260706_191653_179785_0057.wav,2,64x26,0.5,0.25
background/background_20260706_191653_179785_0057_03.npy,background,background/background_20260706_191653_179785_0057.wav,3,64x26,0.75,0.25
background/background_20260706_191653_179785_0057_04.npy,background,background/background_20260706_191653_179785_0057.wav,4,64x26,1.0,0.25
background/background_20260706_191653_179785_0057_05.npy,background,background/background_20260706_191653_179785_0057.wav,5,64x26,1.25,0.25
background/background_20260706_191653_179785_0057_06.npy,background,background/background_20260706_191653_179785_0057.wav,6,64x26,1.5,0.25
background/background_20260706_191653_179785_0057_07.npy,background,background/background_20260706_191653_179785_0057.wav,7,64x26,1.75,0.25
background/background_20260706_191653_179785_0057_08.npy,background,background/background_20260706_191653_179785_0057.wav,8,64x26,2.0,0.25
background/background_20260706_191653_179785_0057_09.npy,background,background/background_20260706_191653_179785_0057.wav,9,64x26,2.25,0.25
background/background_20260706_191653_179785_0057_10.npy,background,background/background_20260706_191653_179785_0057.wav,10,64x26,2.5,0.25
background/background_20260706_191653_179785_0057_11.npy,background,background/background_20260706_191653_179785_0057.wav,11,64x26,2.75,0.25
background/background_20260706_191653_179785_0057_12.npy,background,background/background_20260706_191653_179785_0057.wav,12,64x26,3.0,0.25
background/background_20260706_191653_179785_0057_13.npy,background,background/background_20260706_191653_179785_0057.wav,13,64x26,3.25,0.25
background/background_20260706_191653_179785_0057_14.npy,background,background/background_20260706_191653_179785_0057.wav,14,64x26,3.5,0.25
background/background_20260706_191653_179785_0057_15.npy,background,background/background_20260706_191653_179785_0057.wav,15,64x26,3.75,0.25
background/background_20260706_191653_179785_0057_16.npy,background,background/background_20260706_191653_179785_0057.wav,16,64x26,4.0,0.25
background/background_20260706_191653_179785_0057_17.npy,background,background/background_20260706_191653_179785_0057.wav,17,64x26,4.25,0.25
background/background_20260706_191653_179785_0057_18.npy,background,background/background_20260706_191653_179785_0057.wav,18,64x26,4.5,0.25
background/background_20260706_191653_179785_0057_19.npy,background,background/background_20260706_191653_179785_0057.wav,19,64x26,4.75,0.25
background/background_20260706_191658_182542_0058_00.npy,background,background/background_20260706_191658_182542_0058.wav,0,64x26,0.0,0.25
background/background_20260706_191658_182542_0058_01.npy,background,background/background_20260706_191658_182542_0058.wav,1,64x26,0.25,0.25
background/background_20260706_191658_182542_0058_02.npy,background,background/background_20260706_191658_182542_0058.wav,2,64x26,0.5,0.25
background/background_20260706_191658_182542_0058_03.npy,background,background/background_20260706_191658_182542_0058.wav,3,64x26,0.75,0.25
background/background_20260706_191658_182542_0058_04.npy,background,background/background_20260706_191658_182542_0058.wav,4,64x26,1.0,0.25
background/background_20260706_191658_182542_0058_05.npy,background,background/background_20260706_191658_182542_0058.wav,5,64x26,1.25,0.25
background/background_20260706_191658_182542_0058_06.npy,background,background/background_20260706_191658_182542_0058.wav,6,64x26,1.5,0.25
background/background_20260706_191658_182542_0058_07.npy,background,background/background_20260706_191658_182542_0058.wav,7,64x26,1.75,0.25
background/background_20260706_191658_182542_0058_08.npy,background,background/background_20260706_191658_182542_0058.wav,8,64x26,2.0,0.25
background/background_20260706_191658_182542_0058_09.npy,background,background/background_20260706_191658_182542_0058.wav,9,64x26,2.25,0.25
background/background_20260706_191658_182542_0058_10.npy,background,background/background_20260706_191658_182542_0058.wav,10,64x26,2.5,0.25
background/background_20260706_191658_182542_0058_11.npy,background,background/background_20260706_191658_182542_0058.wav,11,64x26,2.75,0.25
background/background_20260706_191658_182542_0058_12.npy,background,background/background_20260706_191658_182542_0058.wav,12,64x26,3.0,0.25
background/background_20260706_191658_182542_0058_13.npy,background,background/background_20260706_191658_182542_0058.wav,13,64x26,3.25,0.25
background/background_20260706_191658_182542_0058_14.npy,background,background/background_20260706_191658_182542_0058.wav,14,64x26,3.5,0.25
background/background_20260706_191658_182542_0058_15.npy,background,background/background_20260706_191658_182542_0058.wav,15,64x26,3.75,0.25
background/background_20260706_191658_182542_0058_16.npy,background,background/background_20260706_191658_182542_0058.wav,16,64x26,4.0,0.25
background/background_20260706_191658_182542_0058_17.npy,background,background/background_20260706_191658_182542_0058.wav,17,64x26,4.25,0.25
background/background_20260706_191658_182542_0058_18.npy,background,background/background_20260706_191658_182542_0058.wav,18,64x26,4.5,0.25
background/background_20260706_191658_182542_0058_19.npy,background,background/background_20260706_191658_182542_0058.wav,19,64x26,4.75,0.25
background/background_20260706_191703_185610_0059_00.npy,background,background/background_20260706_191703_185610_0059.wav,0,64x26,0.0,0.25
background/background_20260706_191703_185610_0059_01.npy,background,background/background_20260706_191703_185610_0059.wav,1,64x26,0.25,0.25
background/background_20260706_191703_185610_0059_02.npy,background,background/background_20260706_191703_185610_0059.wav,2,64x26,0.5,0.25
background/background_20260706_191703_185610_0059_03.npy,background,background/background_20260706_191703_185610_0059.wav,3,64x26,0.75,0.25
background/background_20260706_191703_185610_0059_04.npy,background,background/background_20260706_191703_185610_0059.wav,4,64x26,1.0,0.25
background/background_20260706_191703_185610_0059_05.npy,background,background/background_20260706_191703_185610_0059.wav,5,64x26,1.25,0.25
background/background_20260706_191703_185610_0059_06.npy,background,background/background_20260706_191703_185610_0059.wav,6,64x26,1.5,0.25
background/background_20260706_191703_185610_0059_07.npy,background,background/background_20260706_191703_185610_0059.wav,7,64x26,1.75,0.25
background/background_20260706_191703_185610_0059_08.npy,background,background/background_20260706_191703_185610_0059.wav,8,64x26,2.0,0.25
background/background_20260706_191703_185610_0059_09.npy,background,background/background_20260706_191703_185610_0059.wav,9,64x26,2.25,0.25
background/background_20260706_191703_185610_0059_10.npy,background,background/background_20260706_191703_185610_0059.wav,10,64x26,2.5,0.25
background/background_20260706_191703_185610_0059_11.npy,background,background/background_20260706_191703_185610_0059.wav,11,64x26,2.75,0.25
background/background_20260706_191703_185610_0059_12.npy,background,background/background_20260706_191703_185610_0059.wav,12,64x26,3.0,0.25
background/background_20260706_191703_185610_0059_13.npy,background,background/background_20260706_191703_185610_0059.wav,13,64x26,3.25,0.25
background/background_20260706_191703_185610_0059_14.npy,background,background/background_20260706_191703_185610_0059.wav,14,64x26,3.5,0.25
background/background_20260706_191703_185610_0059_15.npy,background,background/background_20260706_191703_185610_0059.wav,15,64x26,3.75,0.25
background/background_20260706_191703_185610_0059_16.npy,background,background/background_20260706_191703_185610_0059.wav,16,64x26,4.0,0.25
background/background_20260706_191703_185610_0059_17.npy,background,background/background_20260706_191703_185610_0059.wav,17,64x26,4.25,0.25
background/background_20260706_191703_185610_0059_18.npy,background,background/background_20260706_191703_185610_0059.wav,18,64x26,4.5,0.25
background/background_20260706_191703_185610_0059_19.npy,background,background/background_20260706_191703_185610_0059.wav,19,64x26,4.75,0.25
background/background_20260706_191708_188640_0060_00.npy,background,background/background_20260706_191708_188640_0060.wav,0,64x26,0.0,0.25
background/background_20260706_191708_188640_0060_01.npy,background,background/background_20260706_191708_188640_0060.wav,1,64x26,0.25,0.25
background/background_20260706_191708_188640_0060_02.npy,background,background/background_20260706_191708_188640_0060.wav,2,64x26,0.5,0.25
background/background_20260706_191708_188640_0060_03.npy,background,background/background_20260706_191708_188640_0060.wav,3,64x26,0.75,0.25
background/background_20260706_191708_188640_0060_04.npy,background,background/background_20260706_191708_188640_0060.wav,4,64x26,1.0,0.25
background/background_20260706_191708_188640_0060_05.npy,background,background/background_20260706_191708_188640_0060.wav,5,64x26,1.25,0.25
background/background_20260706_191708_188640_0060_06.npy,background,background/background_20260706_191708_188640_0060.wav,6,64x26,1.5,0.25
background/background_20260706_191708_188640_0060_07.npy,background,background/background_20260706_191708_188640_0060.wav,7,64x26,1.75,0.25
background/background_20260706_191708_188640_0060_08.npy,background,background/background_20260706_191708_188640_0060.wav,8,64x26,2.0,0.25
background/background_20260706_191708_188640_0060_09.npy,background,background/background_20260706_191708_188640_0060.wav,9,64x26,2.25,0.25
background/background_20260706_191708_188640_0060_10.npy,background,background/background_20260706_191708_188640_0060.wav,10,64x26,2.5,0.25
background/background_20260706_191708_188640_0060_11.npy,background,background/background_20260706_191708_188640_0060.wav,11,64x26,2.75,0.25
background/background_20260706_191708_188640_0060_12.npy,background,background/background_20260706_191708_188640_0060.wav,12,64x26,3.0,0.25
background/background_20260706_191708_188640_0060_13.npy,background,background/background_20260706_191708_188640_0060.wav,13,64x26,3.25,0.25
background/background_20260706_191708_188640_0060_14.npy,background,background/background_20260706_191708_188640_0060.wav,14,64x26,3.5,0.25
background/background_20260706_191708_188640_0060_15.npy,background,background/background_20260706_191708_188640_0060.wav,15,64x26,3.75,0.25
background/background_20260706_191708_188640_0060_16.npy,background,background/background_20260706_191708_188640_0060.wav,16,64x26,4.0,0.25
background/background_20260706_191708_188640_0060_17.npy,background,background/background_20260706_191708_188640_0060.wav,17,64x26,4.25,0.25
background/background_20260706_191708_188640_0060_18.npy,background,background/background_20260706_191708_188640_0060.wav,18,64x26,4.5,0.25
background/background_20260706_191708_188640_0060_19.npy,background,background/background_20260706_191708_188640_0060.wav,19,64x26,4.75,0.25
background/background_20260706_191713_191490_0061_00.npy,background,background/background_20260706_191713_191490_0061.wav,0,64x26,0.0,0.25
background/background_20260706_191713_191490_0061_01.npy,background,background/background_20260706_191713_191490_0061.wav,1,64x26,0.25,0.25
background/background_20260706_191713_191490_0061_02.npy,background,background/background_20260706_191713_191490_0061.wav,2,64x26,0.5,0.25
background/background_20260706_191713_191490_0061_03.npy,background,background/background_20260706_191713_191490_0061.wav,3,64x26,0.75,0.25
background/background_20260706_191713_191490_0061_04.npy,background,background/background_20260706_191713_191490_0061.wav,4,64x26,1.0,0.25
background/background_20260706_191713_191490_0061_05.npy,background,background/background_20260706_191713_191490_0061.wav,5,64x26,1.25,0.25
background/background_20260706_191713_191490_0061_06.npy,background,background/background_20260706_191713_191490_0061.wav,6,64x26,1.5,0.25
background/background_20260706_191713_191490_0061_07.npy,background,background/background_20260706_191713_191490_0061.wav,7,64x26,1.75,0.25
background/background_20260706_191713_191490_0061_08.npy,background,background/background_20260706_191713_191490_0061.wav,8,64x26,2.0,0.25
background/background_20260706_191713_191490_0061_09.npy,background,background/background_20260706_191713_191490_0061.wav,9,64x26,2.25,0.25
background/background_20260706_191713_191490_0061_10.npy,background,background/background_20260706_191713_191490_0061.wav,10,64x26,2.5,0.25
background/background_20260706_191713_191490_0061_11.npy,background,background/background_20260706_191713_191490_0061.wav,11,64x26,2.75,0.25
background/background_20260706_191713_191490_0061_12.npy,background,background/background_20260706_191713_191490_0061.wav,12,64x26,3.0,0.25
background/background_20260706_191713_191490_0061_13.npy,background,background/background_20260706_191713_191490_0061.wav,13,64x26,3.25,0.25
background/background_20260706_191713_191490_0061_14.npy,background,background/background_20260706_191713_191490_0061.wav,14,64x26,3.5,0.25
background/background_20260706_191713_191490_0061_15.npy,background,background/background_20260706_191713_191490_0061.wav,15,64x26,3.75,0.25
background/background_20260706_191713_191490_0061_16.npy,background,background/background_20260706_191713_191490_0061.wav,16,64x26,4.0,0.25
background/background_20260706_191713_191490_0061_17.npy,background,background/background_20260706_191713_191490_0061.wav,17,64x26,4.25,0.25
background/background_20260706_191713_191490_0061_18.npy,background,background/background_20260706_191713_191490_0061.wav,18,64x26,4.5,0.25
background/background_20260706_191713_191490_0061_19.npy,background,background/background_20260706_191713_191490_0061.wav,19,64x26,4.75,0.25
background/background_20260706_192711_590935_0000_00.npy,background,background/background_20260706_192711_590935_0000.wav,0,64x26,0.0,0.25
background/background_20260706_192711_590935_0000_01.npy,background,background/background_20260706_192711_590935_0000.wav,1,64x26,0.25,0.25
background/background_20260706_192711_590935_0000_02.npy,background,background/background_20260706_192711_590935_0000.wav,2,64x26,0.5,0.25
background/background_20260706_192711_590935_0000_03.npy,background,background/background_20260706_192711_590935_0000.wav,3,64x26,0.75,0.25
background/background_20260706_192711_590935_0000_04.npy,background,background/background_20260706_192711_590935_0000.wav,4,64x26,1.0,0.25
background/background_20260706_192711_590935_0000_05.npy,background,background/background_20260706_192711_590935_0000.wav,5,64x26,1.25,0.25
background/background_20260706_192711_590935_0000_06.npy,background,background/background_20260706_192711_590935_0000.wav,6,64x26,1.5,0.25
background/background_20260706_192711_590935_0000_07.npy,background,background/background_20260706_192711_590935_0000.wav,7,64x26,1.75,0.25
background/background_20260706_192711_590935_0000_08.npy,background,background/background_20260706_192711_590935_0000.wav,8,64x26,2.0,0.25
background/background_20260706_192711_590935_0000_09.npy,background,background/background_20260706_192711_590935_0000.wav,9,64x26,2.25,0.25
background/background_20260706_192711_590935_0000_10.npy,background,background/background_20260706_192711_590935_0000.wav,10,64x26,2.5,0.25
background/background_20260706_192711_590935_0000_11.npy,background,background/background_20260706_192711_590935_0000.wav,11,64x26,2.75,0.25
background/background_20260706_192711_590935_0000_12.npy,background,background/background_20260706_192711_590935_0000.wav,12,64x26,3.0,0.25
background/background_20260706_192711_590935_0000_13.npy,background,background/background_20260706_192711_590935_0000.wav,13,64x26,3.25,0.25
background/background_20260706_192711_590935_0000_14.npy,background,background/background_20260706_192711_590935_0000.wav,14,64x26,3.5,0.25
background/background_20260706_192711_590935_0000_15.npy,background,background/background_20260706_192711_590935_0000.wav,15,64x26,3.75,0.25
background/background_20260706_192711_590935_0000_16.npy,background,background/background_20260706_192711_590935_0000.wav,16,64x26,4.0,0.25
background/background_20260706_192711_590935_0000_17.npy,background,background/background_20260706_192711_590935_0000.wav,17,64x26,4.25,0.25
background/background_20260706_192711_590935_0000_18.npy,background,background/background_20260706_192711_590935_0000.wav,18,64x26,4.5,0.25
background/background_20260706_192711_590935_0000_19.npy,background,background/background_20260706_192711_590935_0000.wav,19,64x26,4.75,0.25
background/background_20260706_192716_593729_0001_00.npy,background,background/background_20260706_192716_593729_0001.wav,0,64x26,0.0,0.25
background/background_20260706_192716_593729_0001_01.npy,background,background/background_20260706_192716_593729_0001.wav,1,64x26,0.25,0.25
background/background_20260706_192716_593729_0001_02.npy,background,background/background_20260706_192716_593729_0001.wav,2,64x26,0.5,0.25
background/background_20260706_192716_593729_0001_03.npy,background,background/background_20260706_192716_593729_0001.wav,3,64x26,0.75,0.25
background/background_20260706_192716_593729_0001_04.npy,background,background/background_20260706_192716_593729_0001.wav,4,64x26,1.0,0.25
background/background_20260706_192716_593729_0001_05.npy,background,background/background_20260706_192716_593729_0001.wav,5,64x26,1.25,0.25
background/background_20260706_192716_593729_0001_06.npy,background,background/background_20260706_192716_593729_0001.wav,6,64x26,1.5,0.25
background/background_20260706_192716_593729_0001_07.npy,background,background/background_20260706_192716_593729_0001.wav,7,64x26,1.75,0.25
background/background_20260706_192716_593729_0001_08.npy,background,background/background_20260706_192716_593729_0001.wav,8,64x26,2.0,0.25
background/background_20260706_192716_593729_0001_09.npy,background,background/background_20260706_192716_593729_0001.wav,9,64x26,2.25,0.25
background/background_20260706_192716_593729_0001_10.npy,background,background/background_20260706_192716_593729_0001.wav,10,64x26,2.5,0.25
background/background_20260706_192716_593729_0001_11.npy,background,background/background_20260706_192716_593729_0001.wav,11,64x26,2.75,0.25
background/background_20260706_192716_593729_0001_12.npy,background,background/background_20260706_192716_593729_0001.wav,12,64x26,3.0,0.25
background/background_20260706_192716_593729_0001_13.npy,background,background/background_20260706_192716_593729_0001.wav,13,64x26,3.25,0.25
background/background_20260706_192716_593729_0001_14.npy,background,background/background_20260706_192716_593729_0001.wav,14,64x26,3.5,0.25
background/background_20260706_192716_593729_0001_15.npy,background,background/background_20260706_192716_593729_0001.wav,15,64x26,3.75,0.25
background/background_20260706_192716_593729_0001_16.npy,background,background/background_20260706_192716_593729_0001.wav,16,64x26,4.0,0.25
background/background_20260706_192716_593729_0001_17.npy,background,background/background_20260706_192716_593729_0001.wav,17,64x26,4.25,0.25
background/background_20260706_192716_593729_0001_18.npy,background,background/background_20260706_192716_593729_0001.wav,18,64x26,4.5,0.25
background/background_20260706_192716_593729_0001_19.npy,background,background/background_20260706_192716_593729_0001.wav,19,64x26,4.75,0.25
background/background_20260706_192721_596944_0002_00.npy,background,background/background_20260706_192721_596944_0002.wav,0,64x26,0.0,0.25
background/background_20260706_192721_596944_0002_01.npy,background,background/background_20260706_192721_596944_0002.wav,1,64x26,0.25,0.25
background/background_20260706_192721_596944_0002_02.npy,background,background/background_20260706_192721_596944_0002.wav,2,64x26,0.5,0.25
background/background_20260706_192721_596944_0002_03.npy,background,background/background_20260706_192721_596944_0002.wav,3,64x26,0.75,0.25
background/background_20260706_192721_596944_0002_04.npy,background,background/background_20260706_192721_596944_0002.wav,4,64x26,1.0,0.25
background/background_20260706_192721_596944_0002_05.npy,background,background/background_20260706_192721_596944_0002.wav,5,64x26,1.25,0.25
background/background_20260706_192721_596944_0002_06.npy,background,background/background_20260706_192721_596944_0002.wav,6,64x26,1.5,0.25
background/background_20260706_192721_596944_0002_07.npy,background,background/background_20260706_192721_596944_0002.wav,7,64x26,1.75,0.25
background/background_20260706_192721_596944_0002_08.npy,background,background/background_20260706_192721_596944_0002.wav,8,64x26,2.0,0.25
background/background_20260706_192721_596944_0002_09.npy,background,background/background_20260706_192721_596944_0002.wav,9,64x26,2.25,0.25
background/background_20260706_192721_596944_0002_10.npy,background,background/background_20260706_192721_596944_0002.wav,10,64x26,2.5,0.25
background/background_20260706_192721_596944_0002_11.npy,background,background/background_20260706_192721_596944_0002.wav,11,64x26,2.75,0.25
background/background_20260706_192721_596944_0002_12.npy,background,background/background_20260706_192721_596944_0002.wav,12,64x26,3.0,0.25
background/background_20260706_192721_596944_0002_13.npy,background,background/background_20260706_192721_596944_0002.wav,13,64x26,3.25,0.25
background/background_20260706_192721_596944_0002_14.npy,background,background/background_20260706_192721_596944_0002.wav,14,64x26,3.5,0.25
background/background_20260706_192721_596944_0002_15.npy,background,background/background_20260706_192721_596944_0002.wav,15,64x26,3.75,0.25
background/background_20260706_192721_596944_0002_16.npy,background,background/background_20260706_192721_596944_0002.wav,16,64x26,4.0,0.25
background/background_20260706_192721_596944_0002_17.npy,background,background/background_20260706_192721_596944_0002.wav,17,64x26,4.25,0.25
background/background_20260706_192721_596944_0002_18.npy,background,background/background_20260706_192721_596944_0002.wav,18,64x26,4.5,0.25
background/background_20260706_192721_596944_0002_19.npy,background,background/background_20260706_192721_596944_0002.wav,19,64x26,4.75,0.25
background/background_20260706_192726_599534_0003_00.npy,background,background/background_20260706_192726_599534_0003.wav,0,64x26,0.0,0.25
background/background_20260706_192726_599534_0003_01.npy,background,background/background_20260706_192726_599534_0003.wav,1,64x26,0.25,0.25
background/background_20260706_192726_599534_0003_02.npy,background,background/background_20260706_192726_599534_0003.wav,2,64x26,0.5,0.25
background/background_20260706_192726_599534_0003_03.npy,background,background/background_20260706_192726_599534_0003.wav,3,64x26,0.75,0.25
background/background_20260706_192726_599534_0003_04.npy,background,background/background_20260706_192726_599534_0003.wav,4,64x26,1.0,0.25
background/background_20260706_192726_599534_0003_05.npy,background,background/background_20260706_192726_599534_0003.wav,5,64x26,1.25,0.25
background/background_20260706_192726_599534_0003_06.npy,background,background/background_20260706_192726_599534_0003.wav,6,64x26,1.5,0.25
background/background_20260706_192726_599534_0003_07.npy,background,background/background_20260706_192726_599534_0003.wav,7,64x26,1.75,0.25
background/background_20260706_192726_599534_0003_08.npy,background,background/background_20260706_192726_599534_0003.wav,8,64x26,2.0,0.25
background/background_20260706_192726_599534_0003_09.npy,background,background/background_20260706_192726_599534_0003.wav,9,64x26,2.25,0.25
background/background_20260706_192726_599534_0003_10.npy,background,background/background_20260706_192726_599534_0003.wav,10,64x26,2.5,0.25
background/background_20260706_192726_599534_0003_11.npy,background,background/background_20260706_192726_599534_0003.wav,11,64x26,2.75,0.25
background/background_20260706_192726_599534_0003_12.npy,background,background/background_20260706_192726_599534_0003.wav,12,64x26,3.0,0.25
background/background_20260706_192726_599534_0003_13.npy,background,background/background_20260706_192726_599534_0003.wav,13,64x26,3.25,0.25
background/background_20260706_192726_599534_0003_14.npy,background,background/background_20260706_192726_599534_0003.wav,14,64x26,3.5,0.25
background/background_20260706_192726_599534_0003_15.npy,background,background/background_20260706_192726_599534_0003.wav,15,64x26,3.75,0.25
background/background_20260706_192726_599534_0003_16.npy,background,background/background_20260706_192726_599534_0003.wav,16,64x26,4.0,0.25
background/background_20260706_192726_599534_0003_17.npy,background,background/background_20260706_192726_599534_0003.wav,17,64x26,4.25,0.25
background/background_20260706_192726_599534_0003_18.npy,background,background/background_20260706_192726_599534_0003.wav,18,64x26,4.5,0.25
background/background_20260706_192726_599534_0003_19.npy,background,background/background_20260706_192726_599534_0003.wav,19,64x26,4.75,0.25
background/background_20260706_192731_602499_0004_00.npy,background,background/background_20260706_192731_602499_0004.wav,0,64x26,0.0,0.25
background/background_20260706_192731_602499_0004_01.npy,background,background/background_20260706_192731_602499_0004.wav,1,64x26,0.25,0.25
background/background_20260706_192731_602499_0004_02.npy,background,background/background_20260706_192731_602499_0004.wav,2,64x26,0.5,0.25
background/background_20260706_192731_602499_0004_03.npy,background,background/background_20260706_192731_602499_0004.wav,3,64x26,0.75,0.25
background/background_20260706_192731_602499_0004_04.npy,background,background/background_20260706_192731_602499_0004.wav,4,64x26,1.0,0.25
background/background_20260706_192731_602499_0004_05.npy,background,background/background_20260706_192731_602499_0004.wav,5,64x26,1.25,0.25
background/background_20260706_192731_602499_0004_06.npy,background,background/background_20260706_192731_602499_0004.wav,6,64x26,1.5,0.25
background/background_20260706_192731_602499_0004_07.npy,background,background/background_20260706_192731_602499_0004.wav,7,64x26,1.75,0.25
background/background_20260706_192731_602499_0004_08.npy,background,background/background_20260706_192731_602499_0004.wav,8,64x26,2.0,0.25
background/background_20260706_192731_602499_0004_09.npy,background,background/background_20260706_192731_602499_0004.wav,9,64x26,2.25,0.25
background/background_20260706_192731_602499_0004_10.npy,background,background/background_20260706_192731_602499_0004.wav,10,64x26,2.5,0.25
background/background_20260706_192731_602499_0004_11.npy,background,background/background_20260706_192731_602499_0004.wav,11,64x26,2.75,0.25
background/background_20260706_192731_602499_0004_12.npy,background,background/background_20260706_192731_602499_0004.wav,12,64x26,3.0,0.25
background/background_20260706_192731_602499_0004_13.npy,background,background/background_20260706_192731_602499_0004.wav,13,64x26,3.25,0.25
background/background_20260706_192731_602499_0004_14.npy,background,background/background_20260706_192731_602499_0004.wav,14,64x26,3.5,0.25
background/background_20260706_192731_602499_0004_15.npy,background,background/background_20260706_192731_602499_0004.wav,15,64x26,3.75,0.25
background/background_20260706_192731_602499_0004_16.npy,background,background/background_20260706_192731_602499_0004.wav,16,64x26,4.0,0.25
background/background_20260706_192731_602499_0004_17.npy,background,background/background_20260706_192731_602499_0004.wav,17,64x26,4.25,0.25
background/background_20260706_192731_602499_0004_18.npy,background,background/background_20260706_192731_602499_0004.wav,18,64x26,4.5,0.25
background/background_20260706_192731_602499_0004_19.npy,background,background/background_20260706_192731_602499_0004.wav,19,64x26,4.75,0.25
background/background_20260706_192736_605617_0005_00.npy,background,background/background_20260706_192736_605617_0005.wav,0,64x26,0.0,0.25
background/background_20260706_192736_605617_0005_01.npy,background,background/background_20260706_192736_605617_0005.wav,1,64x26,0.25,0.25
background/background_20260706_192736_605617_0005_02.npy,background,background/background_20260706_192736_605617_0005.wav,2,64x26,0.5,0.25
background/background_20260706_192736_605617_0005_03.npy,background,background/background_20260706_192736_605617_0005.wav,3,64x26,0.75,0.25
background/background_20260706_192736_605617_0005_04.npy,background,background/background_20260706_192736_605617_0005.wav,4,64x26,1.0,0.25
background/background_20260706_192736_605617_0005_05.npy,background,background/background_20260706_192736_605617_0005.wav,5,64x26,1.25,0.25
background/background_20260706_192736_605617_0005_06.npy,background,background/background_20260706_192736_605617_0005.wav,6,64x26,1.5,0.25
background/background_20260706_192736_605617_0005_07.npy,background,background/background_20260706_192736_605617_0005.wav,7,64x26,1.75,0.25
background/background_20260706_192736_605617_0005_08.npy,background,background/background_20260706_192736_605617_0005.wav,8,64x26,2.0,0.25
background/background_20260706_192736_605617_0005_09.npy,background,background/background_20260706_192736_605617_0005.wav,9,64x26,2.25,0.25
background/background_20260706_192736_605617_0005_10.npy,background,background/background_20260706_192736_605617_0005.wav,10,64x26,2.5,0.25
background/background_20260706_192736_605617_0005_11.npy,background,background/background_20260706_192736_605617_0005.wav,11,64x26,2.75,0.25
background/background_20260706_192736_605617_0005_12.npy,background,background/background_20260706_192736_605617_0005.wav,12,64x26,3.0,0.25
background/background_20260706_192736_605617_0005_13.npy,background,background/background_20260706_192736_605617_0005.wav,13,64x26,3.25,0.25
background/background_20260706_192736_605617_0005_14.npy,background,background/background_20260706_192736_605617_0005.wav,14,64x26,3.5,0.25
background/background_20260706_192736_605617_0005_15.npy,background,background/background_20260706_192736_605617_0005.wav,15,64x26,3.75,0.25
background/background_20260706_192736_605617_0005_16.npy,background,background/background_20260706_192736_605617_0005.wav,16,64x26,4.0,0.25
background/background_20260706_192736_605617_0005_17.npy,background,background/background_20260706_192736_605617_0005.wav,17,64x26,4.25,0.25
background/background_20260706_192736_605617_0005_18.npy,background,background/background_20260706_192736_605617_0005.wav,18,64x26,4.5,0.25
background/background_20260706_192736_605617_0005_19.npy,background,background/background_20260706_192736_605617_0005.wav,19,64x26,4.75,0.25
background/background_20260706_192741_608432_0006_00.npy,background,background/background_20260706_192741_608432_0006.wav,0,64x26,0.0,0.25
background/background_20260706_192741_608432_0006_01.npy,background,background/background_20260706_192741_608432_0006.wav,1,64x26,0.25,0.25
background/background_20260706_192741_608432_0006_02.npy,background,background/background_20260706_192741_608432_0006.wav,2,64x26,0.5,0.25
background/background_20260706_192741_608432_0006_03.npy,background,background/background_20260706_192741_608432_0006.wav,3,64x26,0.75,0.25
background/background_20260706_192741_608432_0006_04.npy,background,background/background_20260706_192741_608432_0006.wav,4,64x26,1.0,0.25
background/background_20260706_192741_608432_0006_05.npy,background,background/background_20260706_192741_608432_0006.wav,5,64x26,1.25,0.25
background/background_20260706_192741_608432_0006_06.npy,background,background/background_20260706_192741_608432_0006.wav,6,64x26,1.5,0.25
background/background_20260706_192741_608432_0006_07.npy,background,background/background_20260706_192741_608432_0006.wav,7,64x26,1.75,0.25
background/background_20260706_192741_608432_0006_08.npy,background,background/background_20260706_192741_608432_0006.wav,8,64x26,2.0,0.25
background/background_20260706_192741_608432_0006_09.npy,background,background/background_20260706_192741_608432_0006.wav,9,64x26,2.25,0.25
background/background_20260706_192741_608432_0006_10.npy,background,background/background_20260706_192741_608432_0006.wav,10,64x26,2.5,0.25
background/background_20260706_192741_608432_0006_11.npy,background,background/background_20260706_192741_608432_0006.wav,11,64x26,2.75,0.25
background/background_20260706_192741_608432_0006_12.npy,background,background/background_20260706_192741_608432_0006.wav,12,64x26,3.0,0.25
background/background_20260706_192741_608432_0006_13.npy,background,background/background_20260706_192741_608432_0006.wav,13,64x26,3.25,0.25
background/background_20260706_192741_608432_0006_14.npy,background,background/background_20260706_192741_608432_0006.wav,14,64x26,3.5,0.25
background/background_20260706_192741_608432_0006_15.npy,background,background/background_20260706_192741_608432_0006.wav,15,64x26,3.75,0.25
background/background_20260706_192741_608432_0006_16.npy,background,background/background_20260706_192741_608432_0006.wav,16,64x26,4.0,0.25
background/background_20260706_192741_608432_0006_17.npy,background,background/background_20260706_192741_608432_0006.wav,17,64x26,4.25,0.25
background/background_20260706_192741_608432_0006_18.npy,background,background/background_20260706_192741_608432_0006.wav,18,64x26,4.5,0.25
background/background_20260706_192741_608432_0006_19.npy,background,background/background_20260706_192741_608432_0006.wav,19,64x26,4.75,0.25
background/background_20260706_192746_611197_0007_00.npy,background,background/background_20260706_192746_611197_0007.wav,0,64x26,0.0,0.25
background/background_20260706_192746_611197_0007_01.npy,background,background/background_20260706_192746_611197_0007.wav,1,64x26,0.25,0.25
background/background_20260706_192746_611197_0007_02.npy,background,background/background_20260706_192746_611197_0007.wav,2,64x26,0.5,0.25
background/background_20260706_192746_611197_0007_03.npy,background,background/background_20260706_192746_611197_0007.wav,3,64x26,0.75,0.25
background/background_20260706_192746_611197_0007_04.npy,background,background/background_20260706_192746_611197_0007.wav,4,64x26,1.0,0.25
background/background_20260706_192746_611197_0007_05.npy,background,background/background_20260706_192746_611197_0007.wav,5,64x26,1.25,0.25
background/background_20260706_192746_611197_0007_06.npy,background,background/background_20260706_192746_611197_0007.wav,6,64x26,1.5,0.25
background/background_20260706_192746_611197_0007_07.npy,background,background/background_20260706_192746_611197_0007.wav,7,64x26,1.75,0.25
background/background_20260706_192746_611197_0007_08.npy,background,background/background_20260706_192746_611197_0007.wav,8,64x26,2.0,0.25
background/background_20260706_192746_611197_0007_09.npy,background,background/background_20260706_192746_611197_0007.wav,9,64x26,2.25,0.25
background/background_20260706_192746_611197_0007_10.npy,background,background/background_20260706_192746_611197_0007.wav,10,64x26,2.5,0.25
background/background_20260706_192746_611197_0007_11.npy,background,background/background_20260706_192746_611197_0007.wav,11,64x26,2.75,0.25
background/background_20260706_192746_611197_0007_12.npy,background,background/background_20260706_192746_611197_0007.wav,12,64x26,3.0,0.25
background/background_20260706_192746_611197_0007_13.npy,background,background/background_20260706_192746_611197_0007.wav,13,64x26,3.25,0.25
background/background_20260706_192746_611197_0007_14.npy,background,background/background_20260706_192746_611197_0007.wav,14,64x26,3.5,0.25
background/background_20260706_192746_611197_0007_15.npy,background,background/background_20260706_192746_611197_0007.wav,15,64x26,3.75,0.25
background/background_20260706_192746_611197_0007_16.npy,background,background/background_20260706_192746_611197_0007.wav,16,64x26,4.0,0.25
background/background_20260706_192746_611197_0007_17.npy,background,background/background_20260706_192746_611197_0007.wav,17,64x26,4.25,0.25
background/background_20260706_192746_611197_0007_18.npy,background,background/background_20260706_192746_611197_0007.wav,18,64x26,4.5,0.25
background/background_20260706_192746_611197_0007_19.npy,background,background/background_20260706_192746_611197_0007.wav,19,64x26,4.75,0.25
background/background_20260706_192751_614246_0008_00.npy,background,background/background_20260706_192751_614246_0008.wav,0,64x26,0.0,0.25
background/background_20260706_192751_614246_0008_01.npy,background,background/background_20260706_192751_614246_0008.wav,1,64x26,0.25,0.25
background/background_20260706_192751_614246_0008_02.npy,background,background/background_20260706_192751_614246_0008.wav,2,64x26,0.5,0.25
background/background_20260706_192751_614246_0008_03.npy,background,background/background_20260706_192751_614246_0008.wav,3,64x26,0.75,0.25
background/background_20260706_192751_614246_0008_04.npy,background,background/background_20260706_192751_614246_0008.wav,4,64x26,1.0,0.25
background/background_20260706_192751_614246_0008_05.npy,background,background/background_20260706_192751_614246_0008.wav,5,64x26,1.25,0.25
background/background_20260706_192751_614246_0008_06.npy,background,background/background_20260706_192751_614246_0008.wav,6,64x26,1.5,0.25
background/background_20260706_192751_614246_0008_07.npy,background,background/background_20260706_192751_614246_0008.wav,7,64x26,1.75,0.25
background/background_20260706_192751_614246_0008_08.npy,background,background/background_20260706_192751_614246_0008.wav,8,64x26,2.0,0.25
background/background_20260706_192751_614246_0008_09.npy,background,background/background_20260706_192751_614246_0008.wav,9,64x26,2.25,0.25
background/background_20260706_192751_614246_0008_10.npy,background,background/background_20260706_192751_614246_0008.wav,10,64x26,2.5,0.25
background/background_20260706_192751_614246_0008_11.npy,background,background/background_20260706_192751_614246_0008.wav,11,64x26,2.75,0.25
background/background_20260706_192751_614246_0008_12.npy,background,background/background_20260706_192751_614246_0008.wav,12,64x26,3.0,0.25
background/background_20260706_192751_614246_0008_13.npy,background,background/background_20260706_192751_614246_0008.wav,13,64x26,3.25,0.25
background/background_20260706_192751_614246_0008_14.npy,background,background/background_20260706_192751_614246_0008.wav,14,64x26,3.5,0.25
background/background_20260706_192751_614246_0008_15.npy,background,background/background_20260706_192751_614246_0008.wav,15,64x26,3.75,0.25
background/background_20260706_192751_614246_0008_16.npy,background,background/background_20260706_192751_614246_0008.wav,16,64x26,4.0,0.25
background/background_20260706_192751_614246_0008_17.npy,background,background/background_20260706_192751_614246_0008.wav,17,64x26,4.25,0.25
background/background_20260706_192751_614246_0008_18.npy,background,background/background_20260706_192751_614246_0008.wav,18,64x26,4.5,0.25
background/background_20260706_192751_614246_0008_19.npy,background,background/background_20260706_192751_614246_0008.wav,19,64x26,4.75,0.25
background/background_20260706_192756_617043_0009_00.npy,background,background/background_20260706_192756_617043_0009.wav,0,64x26,0.0,0.25
background/background_20260706_192756_617043_0009_01.npy,background,background/background_20260706_192756_617043_0009.wav,1,64x26,0.25,0.25
background/background_20260706_192756_617043_0009_02.npy,background,background/background_20260706_192756_617043_0009.wav,2,64x26,0.5,0.25
background/background_20260706_192756_617043_0009_03.npy,background,background/background_20260706_192756_617043_0009.wav,3,64x26,0.75,0.25
background/background_20260706_192756_617043_0009_04.npy,background,background/background_20260706_192756_617043_0009.wav,4,64x26,1.0,0.25
background/background_20260706_192756_617043_0009_05.npy,background,background/background_20260706_192756_617043_0009.wav,5,64x26,1.25,0.25
background/background_20260706_192756_617043_0009_06.npy,background,background/background_20260706_192756_617043_0009.wav,6,64x26,1.5,0.25
background/background_20260706_192756_617043_0009_07.npy,background,background/background_20260706_192756_617043_0009.wav,7,64x26,1.75,0.25
background/background_20260706_192756_617043_0009_08.npy,background,background/background_20260706_192756_617043_0009.wav,8,64x26,2.0,0.25
background/background_20260706_192756_617043_0009_09.npy,background,background/background_20260706_192756_617043_0009.wav,9,64x26,2.25,0.25
background/background_20260706_192756_617043_0009_10.npy,background,background/background_20260706_192756_617043_0009.wav,10,64x26,2.5,0.25
background/background_20260706_192756_617043_0009_11.npy,background,background/background_20260706_192756_617043_0009.wav,11,64x26,2.75,0.25
background/background_20260706_192756_617043_0009_12.npy,background,background/background_20260706_192756_617043_0009.wav,12,64x26,3.0,0.25
background/background_20260706_192756_617043_0009_13.npy,background,background/background_20260706_192756_617043_0009.wav,13,64x26,3.25,0.25
background/background_20260706_192756_617043_0009_14.npy,background,background/background_20260706_192756_617043_0009.wav,14,64x26,3.5,0.25
background/background_20260706_192756_617043_0009_15.npy,background,background/background_20260706_192756_617043_0009.wav,15,64x26,3.75,0.25
background/background_20260706_192756_617043_0009_16.npy,background,background/background_20260706_192756_617043_0009.wav,16,64x26,4.0,0.25
background/background_20260706_192756_617043_0009_17.npy,background,background/background_20260706_192756_617043_0009.wav,17,64x26,4.25,0.25
background/background_20260706_192756_617043_0009_18.npy,background,background/background_20260706_192756_617043_0009.wav,18,64x26,4.5,0.25
background/background_20260706_192756_617043_0009_19.npy,background,background/background_20260706_192756_617043_0009.wav,19,64x26,4.75,0.25
background/background_20260706_192801_620115_0010_00.npy,background,background/background_20260706_192801_620115_0010.wav,0,64x26,0.0,0.25
background/background_20260706_192801_620115_0010_01.npy,background,background/background_20260706_192801_620115_0010.wav,1,64x26,0.25,0.25
background/background_20260706_192801_620115_0010_02.npy,background,background/background_20260706_192801_620115_0010.wav,2,64x26,0.5,0.25
background/background_20260706_192801_620115_0010_03.npy,background,background/background_20260706_192801_620115_0010.wav,3,64x26,0.75,0.25
background/background_20260706_192801_620115_0010_04.npy,background,background/background_20260706_192801_620115_0010.wav,4,64x26,1.0,0.25
background/background_20260706_192801_620115_0010_05.npy,background,background/background_20260706_192801_620115_0010.wav,5,64x26,1.25,0.25
background/background_20260706_192801_620115_0010_06.npy,background,background/background_20260706_192801_620115_0010.wav,6,64x26,1.5,0.25
background/background_20260706_192801_620115_0010_07.npy,background,background/background_20260706_192801_620115_0010.wav,7,64x26,1.75,0.25
background/background_20260706_192801_620115_0010_08.npy,background,background/background_20260706_192801_620115_0010.wav,8,64x26,2.0,0.25
background/background_20260706_192801_620115_0010_09.npy,background,background/background_20260706_192801_620115_0010.wav,9,64x26,2.25,0.25
background/background_20260706_192801_620115_0010_10.npy,background,background/background_20260706_192801_620115_0010.wav,10,64x26,2.5,0.25
background/background_20260706_192801_620115_0010_11.npy,background,background/background_20260706_192801_620115_0010.wav,11,64x26,2.75,0.25
background/background_20260706_192801_620115_0010_12.npy,background,background/background_20260706_192801_620115_0010.wav,12,64x26,3.0,0.25
background/background_20260706_192801_620115_0010_13.npy,background,background/background_20260706_192801_620115_0010.wav,13,64x26,3.25,0.25
background/background_20260706_192801_620115_0010_14.npy,background,background/background_20260706_192801_620115_0010.wav,14,64x26,3.5,0.25
background/background_20260706_192801_620115_0010_15.npy,background,background/background_20260706_192801_620115_0010.wav,15,64x26,3.75,0.25
background/background_20260706_192801_620115_0010_16.npy,background,background/background_20260706_192801_620115_0010.wav,16,64x26,4.0,0.25
background/background_20260706_192801_620115_0010_17.npy,background,background/background_20260706_192801_620115_0010.wav,17,64x26,4.25,0.25
background/background_20260706_192801_620115_0010_18.npy,background,background/background_20260706_192801_620115_0010.wav,18,64x26,4.5,0.25
background/background_20260706_192801_620115_0010_19.npy,background,background/background_20260706_192801_620115_0010.wav,19,64x26,4.75,0.25
background/background_20260706_192806_623009_0011_00.npy,background,background/background_20260706_192806_623009_0011.wav,0,64x26,0.0,0.25
background/background_20260706_192806_623009_0011_01.npy,background,background/background_20260706_192806_623009_0011.wav,1,64x26,0.25,0.25
background/background_20260706_192806_623009_0011_02.npy,background,background/background_20260706_192806_623009_0011.wav,2,64x26,0.5,0.25
background/background_20260706_192806_623009_0011_03.npy,background,background/background_20260706_192806_623009_0011.wav,3,64x26,0.75,0.25
background/background_20260706_192806_623009_0011_04.npy,background,background/background_20260706_192806_623009_0011.wav,4,64x26,1.0,0.25
background/background_20260706_192806_623009_0011_05.npy,background,background/background_20260706_192806_623009_0011.wav,5,64x26,1.25,0.25
background/background_20260706_192806_623009_0011_06.npy,background,background/background_20260706_192806_623009_0011.wav,6,64x26,1.5,0.25
background/background_20260706_192806_623009_0011_07.npy,background,background/background_20260706_192806_623009_0011.wav,7,64x26,1.75,0.25
background/background_20260706_192806_623009_0011_08.npy,background,background/background_20260706_192806_623009_0011.wav,8,64x26,2.0,0.25
background/background_20260706_192806_623009_0011_09.npy,background,background/background_20260706_192806_623009_0011.wav,9,64x26,2.25,0.25
background/background_20260706_192806_623009_0011_10.npy,background,background/background_20260706_192806_623009_0011.wav,10,64x26,2.5,0.25
background/background_20260706_192806_623009_0011_11.npy,background,background/background_20260706_192806_623009_0011.wav,11,64x26,2.75,0.25
background/background_20260706_192806_623009_0011_12.npy,background,background/background_20260706_192806_623009_0011.wav,12,64x26,3.0,0.25
background/background_20260706_192806_623009_0011_13.npy,background,background/background_20260706_192806_623009_0011.wav,13,64x26,3.25,0.25
background/background_20260706_192806_623009_0011_14.npy,background,background/background_20260706_192806_623009_0011.wav,14,64x26,3.5,0.25
background/background_20260706_192806_623009_0011_15.npy,background,background/background_20260706_192806_623009_0011.wav,15,64x26,3.75,0.25
background/background_20260706_192806_623009_0011_16.npy,background,background/background_20260706_192806_623009_0011.wav,16,64x26,4.0,0.25
background/background_20260706_192806_623009_0011_17.npy,background,background/background_20260706_192806_623009_0011.wav,17,64x26,4.25,0.25
background/background_20260706_192806_623009_0011_18.npy,background,background/background_20260706_192806_623009_0011.wav,18,64x26,4.5,0.25
background/background_20260706_192806_623009_0011_19.npy,background,background/background_20260706_192806_623009_0011.wav,19,64x26,4.75,0.25
background/background_20260706_192811_626117_0012_00.npy,background,background/background_20260706_192811_626117_0012.wav,0,64x26,0.0,0.25
background/background_20260706_192811_626117_0012_01.npy,background,background/background_20260706_192811_626117_0012.wav,1,64x26,0.25,0.25
background/background_20260706_192811_626117_0012_02.npy,background,background/background_20260706_192811_626117_0012.wav,2,64x26,0.5,0.25
background/background_20260706_192811_626117_0012_03.npy,background,background/background_20260706_192811_626117_0012.wav,3,64x26,0.75,0.25
background/background_20260706_192811_626117_0012_04.npy,background,background/background_20260706_192811_626117_0012.wav,4,64x26,1.0,0.25
background/background_20260706_192811_626117_0012_05.npy,background,background/background_20260706_192811_626117_0012.wav,5,64x26,1.25,0.25
background/background_20260706_192811_626117_0012_06.npy,background,background/background_20260706_192811_626117_0012.wav,6,64x26,1.5,0.25
background/background_20260706_192811_626117_0012_07.npy,background,background/background_20260706_192811_626117_0012.wav,7,64x26,1.75,0.25
background/background_20260706_192811_626117_0012_08.npy,background,background/background_20260706_192811_626117_0012.wav,8,64x26,2.0,0.25
background/background_20260706_192811_626117_0012_09.npy,background,background/background_20260706_192811_626117_0012.wav,9,64x26,2.25,0.25
background/background_20260706_192811_626117_0012_10.npy,background,background/background_20260706_192811_626117_0012.wav,10,64x26,2.5,0.25
background/background_20260706_192811_626117_0012_11.npy,background,background/background_20260706_192811_626117_0012.wav,11,64x26,2.75,0.25
background/background_20260706_192811_626117_0012_12.npy,background,background/background_20260706_192811_626117_0012.wav,12,64x26,3.0,0.25
background/background_20260706_192811_626117_0012_13.npy,background,background/background_20260706_192811_626117_0012.wav,13,64x26,3.25,0.25
background/background_20260706_192811_626117_0012_14.npy,background,background/background_20260706_192811_626117_0012.wav,14,64x26,3.5,0.25
background/background_20260706_192811_626117_0012_15.npy,background,background/background_20260706_192811_626117_0012.wav,15,64x26,3.75,0.25
background/background_20260706_192811_626117_0012_16.npy,background,background/background_20260706_192811_626117_0012.wav,16,64x26,4.0,0.25
background/background_20260706_192811_626117_0012_17.npy,background,background/background_20260706_192811_626117_0012.wav,17,64x26,4.25,0.25
background/background_20260706_192811_626117_0012_18.npy,background,background/background_20260706_192811_626117_0012.wav,18,64x26,4.5,0.25
background/background_20260706_192811_626117_0012_19.npy,background,background/background_20260706_192811_626117_0012.wav,19,64x26,4.75,0.25
background/background_20260706_192816_628884_0013_00.npy,background,background/background_20260706_192816_628884_0013.wav,0,64x26,0.0,0.25
background/background_20260706_192816_628884_0013_01.npy,background,background/background_20260706_192816_628884_0013.wav,1,64x26,0.25,0.25
background/background_20260706_192816_628884_0013_02.npy,background,background/background_20260706_192816_628884_0013.wav,2,64x26,0.5,0.25
background/background_20260706_192816_628884_0013_03.npy,background,background/background_20260706_192816_628884_0013.wav,3,64x26,0.75,0.25
background/background_20260706_192816_628884_0013_04.npy,background,background/background_20260706_192816_628884_0013.wav,4,64x26,1.0,0.25
background/background_20260706_192816_628884_0013_05.npy,background,background/background_20260706_192816_628884_0013.wav,5,64x26,1.25,0.25
background/background_20260706_192816_628884_0013_06.npy,background,background/background_20260706_192816_628884_0013.wav,6,64x26,1.5,0.25
background/background_20260706_192816_628884_0013_07.npy,background,background/background_20260706_192816_628884_0013.wav,7,64x26,1.75,0.25
background/background_20260706_192816_628884_0013_08.npy,background,background/background_20260706_192816_628884_0013.wav,8,64x26,2.0,0.25
background/background_20260706_192816_628884_0013_09.npy,background,background/background_20260706_192816_628884_0013.wav,9,64x26,2.25,0.25
background/background_20260706_192816_628884_0013_10.npy,background,background/background_20260706_192816_628884_0013.wav,10,64x26,2.5,0.25
background/background_20260706_192816_628884_0013_11.npy,background,background/background_20260706_192816_628884_0013.wav,11,64x26,2.75,0.25
background/background_20260706_192816_628884_0013_12.npy,background,background/background_20260706_192816_628884_0013.wav,12,64x26,3.0,0.25
background/background_20260706_192816_628884_0013_13.npy,background,background/background_20260706_192816_628884_0013.wav,13,64x26,3.25,0.25
background/background_20260706_192816_628884_0013_14.npy,background,background/background_20260706_192816_628884_0013.wav,14,64x26,3.5,0.25
background/background_20260706_192816_628884_0013_15.npy,background,background/background_20260706_192816_628884_0013.wav,15,64x26,3.75,0.25
background/background_20260706_192816_628884_0013_16.npy,background,background/background_20260706_192816_628884_0013.wav,16,64x26,4.0,0.25
background/background_20260706_192816_628884_0013_17.npy,background,background/background_20260706_192816_628884_0013.wav,17,64x26,4.25,0.25
background/background_20260706_192816_628884_0013_18.npy,background,background/background_20260706_192816_628884_0013.wav,18,64x26,4.5,0.25
background/background_20260706_192816_628884_0013_19.npy,background,background/background_20260706_192816_628884_0013.wav,19,64x26,4.75,0.25
background/background_20260706_192821_631655_0014_00.npy,background,background/background_20260706_192821_631655_0014.wav,0,64x26,0.0,0.25
background/background_20260706_192821_631655_0014_01.npy,background,background/background_20260706_192821_631655_0014.wav,1,64x26,0.25,0.25
background/background_20260706_192821_631655_0014_02.npy,background,background/background_20260706_192821_631655_0014.wav,2,64x26,0.5,0.25
background/background_20260706_192821_631655_0014_03.npy,background,background/background_20260706_192821_631655_0014.wav,3,64x26,0.75,0.25
background/background_20260706_192821_631655_0014_04.npy,background,background/background_20260706_192821_631655_0014.wav,4,64x26,1.0,0.25
background/background_20260706_192821_631655_0014_05.npy,background,background/background_20260706_192821_631655_0014.wav,5,64x26,1.25,0.25
background/background_20260706_192821_631655_0014_06.npy,background,background/background_20260706_192821_631655_0014.wav,6,64x26,1.5,0.25
background/background_20260706_192821_631655_0014_07.npy,background,background/background_20260706_192821_631655_0014.wav,7,64x26,1.75,0.25
background/background_20260706_192821_631655_0014_08.npy,background,background/background_20260706_192821_631655_0014.wav,8,64x26,2.0,0.25
background/background_20260706_192821_631655_0014_09.npy,background,background/background_20260706_192821_631655_0014.wav,9,64x26,2.25,0.25
background/background_20260706_192821_631655_0014_10.npy,background,background/background_20260706_192821_631655_0014.wav,10,64x26,2.5,0.25
background/background_20260706_192821_631655_0014_11.npy,background,background/background_20260706_192821_631655_0014.wav,11,64x26,2.75,0.25
background/background_20260706_192821_631655_0014_12.npy,background,background/background_20260706_192821_631655_0014.wav,12,64x26,3.0,0.25
background/background_20260706_192821_631655_0014_13.npy,background,background/background_20260706_192821_631655_0014.wav,13,64x26,3.25,0.25
background/background_20260706_192821_631655_0014_14.npy,background,background/background_20260706_192821_631655_0014.wav,14,64x26,3.5,0.25
background/background_20260706_192821_631655_0014_15.npy,background,background/background_20260706_192821_631655_0014.wav,15,64x26,3.75,0.25
background/background_20260706_192821_631655_0014_16.npy,background,background/background_20260706_192821_631655_0014.wav,16,64x26,4.0,0.25
background/background_20260706_192821_631655_0014_17.npy,background,background/background_20260706_192821_631655_0014.wav,17,64x26,4.25,0.25
background/background_20260706_192821_631655_0014_18.npy,background,background/background_20260706_192821_631655_0014.wav,18,64x26,4.5,0.25
background/background_20260706_192821_631655_0014_19.npy,background,background/background_20260706_192821_631655_0014.wav,19,64x26,4.75,0.25
background/background_20260706_192826_634737_0015_00.npy,background,background/background_20260706_192826_634737_0015.wav,0,64x26,0.0,0.25
background/background_20260706_192826_634737_0015_01.npy,background,background/background_20260706_192826_634737_0015.wav,1,64x26,0.25,0.25
background/background_20260706_192826_634737_0015_02.npy,background,background/background_20260706_192826_634737_0015.wav,2,64x26,0.5,0.25
background/background_20260706_192826_634737_0015_03.npy,background,background/background_20260706_192826_634737_0015.wav,3,64x26,0.75,0.25
background/background_20260706_192826_634737_0015_04.npy,background,background/background_20260706_192826_634737_0015.wav,4,64x26,1.0,0.25
background/background_20260706_192826_634737_0015_05.npy,background,background/background_20260706_192826_634737_0015.wav,5,64x26,1.25,0.25
background/background_20260706_192826_634737_0015_06.npy,background,background/background_20260706_192826_634737_0015.wav,6,64x26,1.5,0.25
background/background_20260706_192826_634737_0015_07.npy,background,background/background_20260706_192826_634737_0015.wav,7,64x26,1.75,0.25
background/background_20260706_192826_634737_0015_08.npy,background,background/background_20260706_192826_634737_0015.wav,8,64x26,2.0,0.25
background/background_20260706_192826_634737_0015_09.npy,background,background/background_20260706_192826_634737_0015.wav,9,64x26,2.25,0.25
background/background_20260706_192826_634737_0015_10.npy,background,background/background_20260706_192826_634737_0015.wav,10,64x26,2.5,0.25
background/background_20260706_192826_634737_0015_11.npy,background,background/background_20260706_192826_634737_0015.wav,11,64x26,2.75,0.25
background/background_20260706_192826_634737_0015_12.npy,background,background/background_20260706_192826_634737_0015.wav,12,64x26,3.0,0.25
background/background_20260706_192826_634737_0015_13.npy,background,background/background_20260706_192826_634737_0015.wav,13,64x26,3.25,0.25
background/background_20260706_192826_634737_0015_14.npy,background,background/background_20260706_192826_634737_0015.wav,14,64x26,3.5,0.25
background/background_20260706_192826_634737_0015_15.npy,background,background/background_20260706_192826_634737_0015.wav,15,64x26,3.75,0.25
background/background_20260706_192826_634737_0015_16.npy,background,background/background_20260706_192826_634737_0015.wav,16,64x26,4.0,0.25
background/background_20260706_192826_634737_0015_17.npy,background,background/background_20260706_192826_634737_0015.wav,17,64x26,4.25,0.25
background/background_20260706_192826_634737_0015_18.npy,background,background/background_20260706_192826_634737_0015.wav,18,64x26,4.5,0.25
background/background_20260706_192826_634737_0015_19.npy,background,background/background_20260706_192826_634737_0015.wav,19,64x26,4.75,0.25
background/background_20260706_192831_637489_0016_00.npy,background,background/background_20260706_192831_637489_0016.wav,0,64x26,0.0,0.25
background/background_20260706_192831_637489_0016_01.npy,background,background/background_20260706_192831_637489_0016.wav,1,64x26,0.25,0.25
background/background_20260706_192831_637489_0016_02.npy,background,background/background_20260706_192831_637489_0016.wav,2,64x26,0.5,0.25
background/background_20260706_192831_637489_0016_03.npy,background,background/background_20260706_192831_637489_0016.wav,3,64x26,0.75,0.25
background/background_20260706_192831_637489_0016_04.npy,background,background/background_20260706_192831_637489_0016.wav,4,64x26,1.0,0.25
background/background_20260706_192831_637489_0016_05.npy,background,background/background_20260706_192831_637489_0016.wav,5,64x26,1.25,0.25
background/background_20260706_192831_637489_0016_06.npy,background,background/background_20260706_192831_637489_0016.wav,6,64x26,1.5,0.25
background/background_20260706_192831_637489_0016_07.npy,background,background/background_20260706_192831_637489_0016.wav,7,64x26,1.75,0.25
background/background_20260706_192831_637489_0016_08.npy,background,background/background_20260706_192831_637489_0016.wav,8,64x26,2.0,0.25
background/background_20260706_192831_637489_0016_09.npy,background,background/background_20260706_192831_637489_0016.wav,9,64x26,2.25,0.25
background/background_20260706_192831_637489_0016_10.npy,background,background/background_20260706_192831_637489_0016.wav,10,64x26,2.5,0.25
background/background_20260706_192831_637489_0016_11.npy,background,background/background_20260706_192831_637489_0016.wav,11,64x26,2.75,0.25
background/background_20260706_192831_637489_0016_12.npy,background,background/background_20260706_192831_637489_0016.wav,12,64x26,3.0,0.25
background/background_20260706_192831_637489_0016_13.npy,background,background/background_20260706_192831_637489_0016.wav,13,64x26,3.25,0.25
background/background_20260706_192831_637489_0016_14.npy,background,background/background_20260706_192831_637489_0016.wav,14,64x26,3.5,0.25
background/background_20260706_192831_637489_0016_15.npy,background,background/background_20260706_192831_637489_0016.wav,15,64x26,3.75,0.25
background/background_20260706_192831_637489_0016_16.npy,background,background/background_20260706_192831_637489_0016.wav,16,64x26,4.0,0.25
background/background_20260706_192831_637489_0016_17.npy,background,background/background_20260706_192831_637489_0016.wav,17,64x26,4.25,0.25
background/background_20260706_192831_637489_0016_18.npy,background,background/background_20260706_192831_637489_0016.wav,18,64x26,4.5,0.25
background/background_20260706_192831_637489_0016_19.npy,background,background/background_20260706_192831_637489_0016.wav,19,64x26,4.75,0.25
background/background_20260706_192836_640393_0017_00.npy,background,background/background_20260706_192836_640393_0017.wav,0,64x26,0.0,0.25
background/background_20260706_192836_640393_0017_01.npy,background,background/background_20260706_192836_640393_0017.wav,1,64x26,0.25,0.25
background/background_20260706_192836_640393_0017_02.npy,background,background/background_20260706_192836_640393_0017.wav,2,64x26,0.5,0.25
background/background_20260706_192836_640393_0017_03.npy,background,background/background_20260706_192836_640393_0017.wav,3,64x26,0.75,0.25
background/background_20260706_192836_640393_0017_04.npy,background,background/background_20260706_192836_640393_0017.wav,4,64x26,1.0,0.25
background/background_20260706_192836_640393_0017_05.npy,background,background/background_20260706_192836_640393_0017.wav,5,64x26,1.25,0.25
background/background_20260706_192836_640393_0017_06.npy,background,background/background_20260706_192836_640393_0017.wav,6,64x26,1.5,0.25
background/background_20260706_192836_640393_0017_07.npy,background,background/background_20260706_192836_640393_0017.wav,7,64x26,1.75,0.25
background/background_20260706_192836_640393_0017_08.npy,background,background/background_20260706_192836_640393_0017.wav,8,64x26,2.0,0.25
background/background_20260706_192836_640393_0017_09.npy,background,background/background_20260706_192836_640393_0017.wav,9,64x26,2.25,0.25
background/background_20260706_192836_640393_0017_10.npy,background,background/background_20260706_192836_640393_0017.wav,10,64x26,2.5,0.25
background/background_20260706_192836_640393_0017_11.npy,background,background/background_20260706_192836_640393_0017.wav,11,64x26,2.75,0.25
background/background_20260706_192836_640393_0017_12.npy,background,background/background_20260706_192836_640393_0017.wav,12,64x26,3.0,0.25
background/background_20260706_192836_640393_0017_13.npy,background,background/background_20260706_192836_640393_0017.wav,13,64x26,3.25,0.25
background/background_20260706_192836_640393_0017_14.npy,background,background/background_20260706_192836_640393_0017.wav,14,64x26,3.5,0.25
background/background_20260706_192836_640393_0017_15.npy,background,background/background_20260706_192836_640393_0017.wav,15,64x26,3.75,0.25
background/background_20260706_192836_640393_0017_16.npy,background,background/background_20260706_192836_640393_0017.wav,16,64x26,4.0,0.25
background/background_20260706_192836_640393_0017_17.npy,background,background/background_20260706_192836_640393_0017.wav,17,64x26,4.25,0.25
background/background_20260706_192836_640393_0017_18.npy,background,background/background_20260706_192836_640393_0017.wav,18,64x26,4.5,0.25
background/background_20260706_192836_640393_0017_19.npy,background,background/background_20260706_192836_640393_0017.wav,19,64x26,4.75,0.25
background/background_20260706_192841_643506_0018_00.npy,background,background/background_20260706_192841_643506_0018.wav,0,64x26,0.0,0.25
background/background_20260706_192841_643506_0018_01.npy,background,background/background_20260706_192841_643506_0018.wav,1,64x26,0.25,0.25
background/background_20260706_192841_643506_0018_02.npy,background,background/background_20260706_192841_643506_0018.wav,2,64x26,0.5,0.25
background/background_20260706_192841_643506_0018_03.npy,background,background/background_20260706_192841_643506_0018.wav,3,64x26,0.75,0.25
background/background_20260706_192841_643506_0018_04.npy,background,background/background_20260706_192841_643506_0018.wav,4,64x26,1.0,0.25
background/background_20260706_192841_643506_0018_05.npy,background,background/background_20260706_192841_643506_0018.wav,5,64x26,1.25,0.25
background/background_20260706_192841_643506_0018_06.npy,background,background/background_20260706_192841_643506_0018.wav,6,64x26,1.5,0.25
background/background_20260706_192841_643506_0018_07.npy,background,background/background_20260706_192841_643506_0018.wav,7,64x26,1.75,0.25
background/background_20260706_192841_643506_0018_08.npy,background,background/background_20260706_192841_643506_0018.wav,8,64x26,2.0,0.25
background/background_20260706_192841_643506_0018_09.npy,background,background/background_20260706_192841_643506_0018.wav,9,64x26,2.25,0.25
background/background_20260706_192841_643506_0018_10.npy,background,background/background_20260706_192841_643506_0018.wav,10,64x26,2.5,0.25
background/background_20260706_192841_643506_0018_11.npy,background,background/background_20260706_192841_643506_0018.wav,11,64x26,2.75,0.25
background/background_20260706_192841_643506_0018_12.npy,background,background/background_20260706_192841_643506_0018.wav,12,64x26,3.0,0.25
background/background_20260706_192841_643506_0018_13.npy,background,background/background_20260706_192841_643506_0018.wav,13,64x26,3.25,0.25
background/background_20260706_192841_643506_0018_14.npy,background,background/background_20260706_192841_643506_0018.wav,14,64x26,3.5,0.25
background/background_20260706_192841_643506_0018_15.npy,background,background/background_20260706_192841_643506_0018.wav,15,64x26,3.75,0.25
background/background_20260706_192841_643506_0018_16.npy,background,background/background_20260706_192841_643506_0018.wav,16,64x26,4.0,0.25
background/background_20260706_192841_643506_0018_17.npy,background,background/background_20260706_192841_643506_0018.wav,17,64x26,4.25,0.25
background/background_20260706_192841_643506_0018_18.npy,background,background/background_20260706_192841_643506_0018.wav,18,64x26,4.5,0.25
background/background_20260706_192841_643506_0018_19.npy,background,background/background_20260706_192841_643506_0018.wav,19,64x26,4.75,0.25
background/background_20260706_192846_646252_0019_00.npy,background,background/background_20260706_192846_646252_0019.wav,0,64x26,0.0,0.25
background/background_20260706_192846_646252_0019_01.npy,background,background/background_20260706_192846_646252_0019.wav,1,64x26,0.25,0.25
background/background_20260706_192846_646252_0019_02.npy,background,background/background_20260706_192846_646252_0019.wav,2,64x26,0.5,0.25
background/background_20260706_192846_646252_0019_03.npy,background,background/background_20260706_192846_646252_0019.wav,3,64x26,0.75,0.25
background/background_20260706_192846_646252_0019_04.npy,background,background/background_20260706_192846_646252_0019.wav,4,64x26,1.0,0.25
background/background_20260706_192846_646252_0019_05.npy,background,background/background_20260706_192846_646252_0019.wav,5,64x26,1.25,0.25
background/background_20260706_192846_646252_0019_06.npy,background,background/background_20260706_192846_646252_0019.wav,6,64x26,1.5,0.25
background/background_20260706_192846_646252_0019_07.npy,background,background/background_20260706_192846_646252_0019.wav,7,64x26,1.75,0.25
background/background_20260706_192846_646252_0019_08.npy,background,background/background_20260706_192846_646252_0019.wav,8,64x26,2.0,0.25
background/background_20260706_192846_646252_0019_09.npy,background,background/background_20260706_192846_646252_0019.wav,9,64x26,2.25,0.25
background/background_20260706_192846_646252_0019_10.npy,background,background/background_20260706_192846_646252_0019.wav,10,64x26,2.5,0.25
background/background_20260706_192846_646252_0019_11.npy,background,background/background_20260706_192846_646252_0019.wav,11,64x26,2.75,0.25
background/background_20260706_192846_646252_0019_12.npy,background,background/background_20260706_192846_646252_0019.wav,12,64x26,3.0,0.25
background/background_20260706_192846_646252_0019_13.npy,background,background/background_20260706_192846_646252_0019.wav,13,64x26,3.25,0.25
background/background_20260706_192846_646252_0019_14.npy,background,background/background_20260706_192846_646252_0019.wav,14,64x26,3.5,0.25
background/background_20260706_192846_646252_0019_15.npy,background,background/background_20260706_192846_646252_0019.wav,15,64x26,3.75,0.25
background/background_20260706_192846_646252_0019_16.npy,background,background/background_20260706_192846_646252_0019.wav,16,64x26,4.0,0.25
background/background_20260706_192846_646252_0019_17.npy,background,background/background_20260706_192846_646252_0019.wav,17,64x26,4.25,0.25
background/background_20260706_192846_646252_0019_18.npy,background,background/background_20260706_192846_646252_0019.wav,18,64x26,4.5,0.25
background/background_20260706_192846_646252_0019_19.npy,background,background/background_20260706_192846_646252_0019.wav,19,64x26,4.75,0.25
background/background_20260706_192851_649174_0020_00.npy,background,background/background_20260706_192851_649174_0020.wav,0,64x26,0.0,0.25
background/background_20260706_192851_649174_0020_01.npy,background,background/background_20260706_192851_649174_0020.wav,1,64x26,0.25,0.25
background/background_20260706_192851_649174_0020_02.npy,background,background/background_20260706_192851_649174_0020.wav,2,64x26,0.5,0.25
background/background_20260706_192851_649174_0020_03.npy,background,background/background_20260706_192851_649174_0020.wav,3,64x26,0.75,0.25
background/background_20260706_192851_649174_0020_04.npy,background,background/background_20260706_192851_649174_0020.wav,4,64x26,1.0,0.25
background/background_20260706_192851_649174_0020_05.npy,background,background/background_20260706_192851_649174_0020.wav,5,64x26,1.25,0.25
background/background_20260706_192851_649174_0020_06.npy,background,background/background_20260706_192851_649174_0020.wav,6,64x26,1.5,0.25
background/background_20260706_192851_649174_0020_07.npy,background,background/background_20260706_192851_649174_0020.wav,7,64x26,1.75,0.25
background/background_20260706_192851_649174_0020_08.npy,background,background/background_20260706_192851_649174_0020.wav,8,64x26,2.0,0.25
background/background_20260706_192851_649174_0020_09.npy,background,background/background_20260706_192851_649174_0020.wav,9,64x26,2.25,0.25
background/background_20260706_192851_649174_0020_10.npy,background,background/background_20260706_192851_649174_0020.wav,10,64x26,2.5,0.25
background/background_20260706_192851_649174_0020_11.npy,background,background/background_20260706_192851_649174_0020.wav,11,64x26,2.75,0.25
background/background_20260706_192851_649174_0020_12.npy,background,background/background_20260706_192851_649174_0020.wav,12,64x26,3.0,0.25
background/background_20260706_192851_649174_0020_13.npy,background,background/background_20260706_192851_649174_0020.wav,13,64x26,3.25,0.25
background/background_20260706_192851_649174_0020_14.npy,background,background/background_20260706_192851_649174_0020.wav,14,64x26,3.5,0.25
background/background_20260706_192851_649174_0020_15.npy,background,background/background_20260706_192851_649174_0020.wav,15,64x26,3.75,0.25
background/background_20260706_192851_649174_0020_16.npy,background,background/background_20260706_192851_649174_0020.wav,16,64x26,4.0,0.25
background/background_20260706_192851_649174_0020_17.npy,background,background/background_20260706_192851_649174_0020.wav,17,64x26,4.25,0.25
background/background_20260706_192851_649174_0020_18.npy,background,background/background_20260706_192851_649174_0020.wav,18,64x26,4.5,0.25
background/background_20260706_192851_649174_0020_19.npy,background,background/background_20260706_192851_649174_0020.wav,19,64x26,4.75,0.25
background/background_20260706_192856_652357_0021_00.npy,background,background/background_20260706_192856_652357_0021.wav,0,64x26,0.0,0.25
background/background_20260706_192856_652357_0021_01.npy,background,background/background_20260706_192856_652357_0021.wav,1,64x26,0.25,0.25
background/background_20260706_192856_652357_0021_02.npy,background,background/background_20260706_192856_652357_0021.wav,2,64x26,0.5,0.25
background/background_20260706_192856_652357_0021_03.npy,background,background/background_20260706_192856_652357_0021.wav,3,64x26,0.75,0.25
background/background_20260706_192856_652357_0021_04.npy,background,background/background_20260706_192856_652357_0021.wav,4,64x26,1.0,0.25
background/background_20260706_192856_652357_0021_05.npy,background,background/background_20260706_192856_652357_0021.wav,5,64x26,1.25,0.25
background/background_20260706_192856_652357_0021_06.npy,background,background/background_20260706_192856_652357_0021.wav,6,64x26,1.5,0.25
background/background_20260706_192856_652357_0021_07.npy,background,background/background_20260706_192856_652357_0021.wav,7,64x26,1.75,0.25
background/background_20260706_192856_652357_0021_08.npy,background,background/background_20260706_192856_652357_0021.wav,8,64x26,2.0,0.25
background/background_20260706_192856_652357_0021_09.npy,background,background/background_20260706_192856_652357_0021.wav,9,64x26,2.25,0.25
background/background_20260706_192856_652357_0021_10.npy,background,background/background_20260706_192856_652357_0021.wav,10,64x26,2.5,0.25
background/background_20260706_192856_652357_0021_11.npy,background,background/background_20260706_192856_652357_0021.wav,11,64x26,2.75,0.25
background/background_20260706_192856_652357_0021_12.npy,background,background/background_20260706_192856_652357_0021.wav,12,64x26,3.0,0.25
background/background_20260706_192856_652357_0021_13.npy,background,background/background_20260706_192856_652357_0021.wav,13,64x26,3.25,0.25
background/background_20260706_192856_652357_0021_14.npy,background,background/background_20260706_192856_652357_0021.wav,14,64x26,3.5,0.25
background/background_20260706_192856_652357_0021_15.npy,background,background/background_20260706_192856_652357_0021.wav,15,64x26,3.75,0.25
background/background_20260706_192856_652357_0021_16.npy,background,background/background_20260706_192856_652357_0021.wav,16,64x26,4.0,0.25
background/background_20260706_192856_652357_0021_17.npy,background,background/background_20260706_192856_652357_0021.wav,17,64x26,4.25,0.25
background/background_20260706_192856_652357_0021_18.npy,background,background/background_20260706_192856_652357_0021.wav,18,64x26,4.5,0.25
background/background_20260706_192856_652357_0021_19.npy,background,background/background_20260706_192856_652357_0021.wav,19,64x26,4.75,0.25
background/background_20260706_192901_655022_0022_00.npy,background,background/background_20260706_192901_655022_0022.wav,0,64x26,0.0,0.25
background/background_20260706_192901_655022_0022_01.npy,background,background/background_20260706_192901_655022_0022.wav,1,64x26,0.25,0.25
background/background_20260706_192901_655022_0022_02.npy,background,background/background_20260706_192901_655022_0022.wav,2,64x26,0.5,0.25
background/background_20260706_192901_655022_0022_03.npy,background,background/background_20260706_192901_655022_0022.wav,3,64x26,0.75,0.25
background/background_20260706_192901_655022_0022_04.npy,background,background/background_20260706_192901_655022_0022.wav,4,64x26,1.0,0.25
background/background_20260706_192901_655022_0022_05.npy,background,background/background_20260706_192901_655022_0022.wav,5,64x26,1.25,0.25
background/background_20260706_192901_655022_0022_06.npy,background,background/background_20260706_192901_655022_0022.wav,6,64x26,1.5,0.25
background/background_20260706_192901_655022_0022_07.npy,background,background/background_20260706_192901_655022_0022.wav,7,64x26,1.75,0.25
background/background_20260706_192901_655022_0022_08.npy,background,background/background_20260706_192901_655022_0022.wav,8,64x26,2.0,0.25
background/background_20260706_192901_655022_0022_09.npy,background,background/background_20260706_192901_655022_0022.wav,9,64x26,2.25,0.25
background/background_20260706_192901_655022_0022_10.npy,background,background/background_20260706_192901_655022_0022.wav,10,64x26,2.5,0.25
background/background_20260706_192901_655022_0022_11.npy,background,background/background_20260706_192901_655022_0022.wav,11,64x26,2.75,0.25
background/background_20260706_192901_655022_0022_12.npy,background,background/background_20260706_192901_655022_0022.wav,12,64x26,3.0,0.25
background/background_20260706_192901_655022_0022_13.npy,background,background/background_20260706_192901_655022_0022.wav,13,64x26,3.25,0.25
background/background_20260706_192901_655022_0022_14.npy,background,background/background_20260706_192901_655022_0022.wav,14,64x26,3.5,0.25
background/background_20260706_192901_655022_0022_15.npy,background,background/background_20260706_192901_655022_0022.wav,15,64x26,3.75,0.25
background/background_20260706_192901_655022_0022_16.npy,background,background/background_20260706_192901_655022_0022.wav,16,64x26,4.0,0.25
background/background_20260706_192901_655022_0022_17.npy,background,background/background_20260706_192901_655022_0022.wav,17,64x26,4.25,0.25
background/background_20260706_192901_655022_0022_18.npy,background,background/background_20260706_192901_655022_0022.wav,18,64x26,4.5,0.25
background/background_20260706_192901_655022_0022_19.npy,background,background/background_20260706_192901_655022_0022.wav,19,64x26,4.75,0.25
background/background_20260706_192906_658082_0023_00.npy,background,background/background_20260706_192906_658082_0023.wav,0,64x26,0.0,0.25
background/background_20260706_192906_658082_0023_01.npy,background,background/background_20260706_192906_658082_0023.wav,1,64x26,0.25,0.25
background/background_20260706_192906_658082_0023_02.npy,background,background/background_20260706_192906_658082_0023.wav,2,64x26,0.5,0.25
background/background_20260706_192906_658082_0023_03.npy,background,background/background_20260706_192906_658082_0023.wav,3,64x26,0.75,0.25
background/background_20260706_192906_658082_0023_04.npy,background,background/background_20260706_192906_658082_0023.wav,4,64x26,1.0,0.25
background/background_20260706_192906_658082_0023_05.npy,background,background/background_20260706_192906_658082_0023.wav,5,64x26,1.25,0.25
background/background_20260706_192906_658082_0023_06.npy,background,background/background_20260706_192906_658082_0023.wav,6,64x26,1.5,0.25
background/background_20260706_192906_658082_0023_07.npy,background,background/background_20260706_192906_658082_0023.wav,7,64x26,1.75,0.25
background/background_20260706_192906_658082_0023_08.npy,background,background/background_20260706_192906_658082_0023.wav,8,64x26,2.0,0.25
background/background_20260706_192906_658082_0023_09.npy,background,background/background_20260706_192906_658082_0023.wav,9,64x26,2.25,0.25
background/background_20260706_192906_658082_0023_10.npy,background,background/background_20260706_192906_658082_0023.wav,10,64x26,2.5,0.25
background/background_20260706_192906_658082_0023_11.npy,background,background/background_20260706_192906_658082_0023.wav,11,64x26,2.75,0.25
background/background_20260706_192906_658082_0023_12.npy,background,background/background_20260706_192906_658082_0023.wav,12,64x26,3.0,0.25
background/background_20260706_192906_658082_0023_13.npy,background,background/background_20260706_192906_658082_0023.wav,13,64x26,3.25,0.25
background/background_20260706_192906_658082_0023_14.npy,background,background/background_20260706_192906_658082_0023.wav,14,64x26,3.5,0.25
background/background_20260706_192906_658082_0023_15.npy,background,background/background_20260706_192906_658082_0023.wav,15,64x26,3.75,0.25
background/background_20260706_192906_658082_0023_16.npy,background,background/background_20260706_192906_658082_0023.wav,16,64x26,4.0,0.25
background/background_20260706_192906_658082_0023_17.npy,background,background/background_20260706_192906_658082_0023.wav,17,64x26,4.25,0.25
background/background_20260706_192906_658082_0023_18.npy,background,background/background_20260706_192906_658082_0023.wav,18,64x26,4.5,0.25
background/background_20260706_192906_658082_0023_19.npy,background,background/background_20260706_192906_658082_0023.wav,19,64x26,4.75,0.25
background/background_20260706_192911_660842_0024_00.npy,background,background/background_20260706_192911_660842_0024.wav,0,64x26,0.0,0.25
background/background_20260706_192911_660842_0024_01.npy,background,background/background_20260706_192911_660842_0024.wav,1,64x26,0.25,0.25
background/background_20260706_192911_660842_0024_02.npy,background,background/background_20260706_192911_660842_0024.wav,2,64x26,0.5,0.25
background/background_20260706_192911_660842_0024_03.npy,background,background/background_20260706_192911_660842_0024.wav,3,64x26,0.75,0.25
background/background_20260706_192911_660842_0024_04.npy,background,background/background_20260706_192911_660842_0024.wav,4,64x26,1.0,0.25
background/background_20260706_192911_660842_0024_05.npy,background,background/background_20260706_192911_660842_0024.wav,5,64x26,1.25,0.25
background/background_20260706_192911_660842_0024_06.npy,background,background/background_20260706_192911_660842_0024.wav,6,64x26,1.5,0.25
background/background_20260706_192911_660842_0024_07.npy,background,background/background_20260706_192911_660842_0024.wav,7,64x26,1.75,0.25
background/background_20260706_192911_660842_0024_08.npy,background,background/background_20260706_192911_660842_0024.wav,8,64x26,2.0,0.25
background/background_20260706_192911_660842_0024_09.npy,background,background/background_20260706_192911_660842_0024.wav,9,64x26,2.25,0.25
background/background_20260706_192911_660842_0024_10.npy,background,background/background_20260706_192911_660842_0024.wav,10,64x26,2.5,0.25
background/background_20260706_192911_660842_0024_11.npy,background,background/background_20260706_192911_660842_0024.wav,11,64x26,2.75,0.25
background/background_20260706_192911_660842_0024_12.npy,background,background/background_20260706_192911_660842_0024.wav,12,64x26,3.0,0.25
background/background_20260706_192911_660842_0024_13.npy,background,background/background_20260706_192911_660842_0024.wav,13,64x26,3.25,0.25
background/background_20260706_192911_660842_0024_14.npy,background,background/background_20260706_192911_660842_0024.wav,14,64x26,3.5,0.25
background/background_20260706_192911_660842_0024_15.npy,background,background/background_20260706_192911_660842_0024.wav,15,64x26,3.75,0.25
background/background_20260706_192911_660842_0024_16.npy,background,background/background_20260706_192911_660842_0024.wav,16,64x26,4.0,0.25
background/background_20260706_192911_660842_0024_17.npy,background,background/background_20260706_192911_660842_0024.wav,17,64x26,4.25,0.25
background/background_20260706_192911_660842_0024_18.npy,background,background/background_20260706_192911_660842_0024.wav,18,64x26,4.5,0.25
background/background_20260706_192911_660842_0024_19.npy,background,background/background_20260706_192911_660842_0024.wav,19,64x26,4.75,0.25
background/background_20260706_192916_663946_0025_00.npy,background,background/background_20260706_192916_663946_0025.wav,0,64x26,0.0,0.25
background/background_20260706_192916_663946_0025_01.npy,background,background/background_20260706_192916_663946_0025.wav,1,64x26,0.25,0.25
background/background_20260706_192916_663946_0025_02.npy,background,background/background_20260706_192916_663946_0025.wav,2,64x26,0.5,0.25
background/background_20260706_192916_663946_0025_03.npy,background,background/background_20260706_192916_663946_0025.wav,3,64x26,0.75,0.25
background/background_20260706_192916_663946_0025_04.npy,background,background/background_20260706_192916_663946_0025.wav,4,64x26,1.0,0.25
background/background_20260706_192916_663946_0025_05.npy,background,background/background_20260706_192916_663946_0025.wav,5,64x26,1.25,0.25
background/background_20260706_192916_663946_0025_06.npy,background,background/background_20260706_192916_663946_0025.wav,6,64x26,1.5,0.25
background/background_20260706_192916_663946_0025_07.npy,background,background/background_20260706_192916_663946_0025.wav,7,64x26,1.75,0.25
background/background_20260706_192916_663946_0025_08.npy,background,background/background_20260706_192916_663946_0025.wav,8,64x26,2.0,0.25
background/background_20260706_192916_663946_0025_09.npy,background,background/background_20260706_192916_663946_0025.wav,9,64x26,2.25,0.25
background/background_20260706_192916_663946_0025_10.npy,background,background/background_20260706_192916_663946_0025.wav,10,64x26,2.5,0.25
background/background_20260706_192916_663946_0025_11.npy,background,background/background_20260706_192916_663946_0025.wav,11,64x26,2.75,0.25
background/background_20260706_192916_663946_0025_12.npy,background,background/background_20260706_192916_663946_0025.wav,12,64x26,3.0,0.25
background/background_20260706_192916_663946_0025_13.npy,background,background/background_20260706_192916_663946_0025.wav,13,64x26,3.25,0.25
background/background_20260706_192916_663946_0025_14.npy,background,background/background_20260706_192916_663946_0025.wav,14,64x26,3.5,0.25
background/background_20260706_192916_663946_0025_15.npy,background,background/background_20260706_192916_663946_0025.wav,15,64x26,3.75,0.25
background/background_20260706_192916_663946_0025_16.npy,background,background/background_20260706_192916_663946_0025.wav,16,64x26,4.0,0.25
background/background_20260706_192916_663946_0025_17.npy,background,background/background_20260706_192916_663946_0025.wav,17,64x26,4.25,0.25
background/background_20260706_192916_663946_0025_18.npy,background,background/background_20260706_192916_663946_0025.wav,18,64x26,4.5,0.25
background/background_20260706_192916_663946_0025_19.npy,background,background/background_20260706_192916_663946_0025.wav,19,64x26,4.75,0.25
background/background_20260706_192921_666867_0026_00.npy,background,background/background_20260706_192921_666867_0026.wav,0,64x26,0.0,0.25
background/background_20260706_192921_666867_0026_01.npy,background,background/background_20260706_192921_666867_0026.wav,1,64x26,0.25,0.25
background/background_20260706_192921_666867_0026_02.npy,background,background/background_20260706_192921_666867_0026.wav,2,64x26,0.5,0.25
background/background_20260706_192921_666867_0026_03.npy,background,background/background_20260706_192921_666867_0026.wav,3,64x26,0.75,0.25
background/background_20260706_192921_666867_0026_04.npy,background,background/background_20260706_192921_666867_0026.wav,4,64x26,1.0,0.25
background/background_20260706_192921_666867_0026_05.npy,background,background/background_20260706_192921_666867_0026.wav,5,64x26,1.25,0.25
background/background_20260706_192921_666867_0026_06.npy,background,background/background_20260706_192921_666867_0026.wav,6,64x26,1.5,0.25
background/background_20260706_192921_666867_0026_07.npy,background,background/background_20260706_192921_666867_0026.wav,7,64x26,1.75,0.25
background/background_20260706_192921_666867_0026_08.npy,background,background/background_20260706_192921_666867_0026.wav,8,64x26,2.0,0.25
background/background_20260706_192921_666867_0026_09.npy,background,background/background_20260706_192921_666867_0026.wav,9,64x26,2.25,0.25
background/background_20260706_192921_666867_0026_10.npy,background,background/background_20260706_192921_666867_0026.wav,10,64x26,2.5,0.25
background/background_20260706_192921_666867_0026_11.npy,background,background/background_20260706_192921_666867_0026.wav,11,64x26,2.75,0.25
background/background_20260706_192921_666867_0026_12.npy,background,background/background_20260706_192921_666867_0026.wav,12,64x26,3.0,0.25
background/background_20260706_192921_666867_0026_13.npy,background,background/background_20260706_192921_666867_0026.wav,13,64x26,3.25,0.25
background/background_20260706_192921_666867_0026_14.npy,background,background/background_20260706_192921_666867_0026.wav,14,64x26,3.5,0.25
background/background_20260706_192921_666867_0026_15.npy,background,background/background_20260706_192921_666867_0026.wav,15,64x26,3.75,0.25
background/background_20260706_192921_666867_0026_16.npy,background,background/background_20260706_192921_666867_0026.wav,16,64x26,4.0,0.25
background/background_20260706_192921_666867_0026_17.npy,background,background/background_20260706_192921_666867_0026.wav,17,64x26,4.25,0.25
background/background_20260706_192921_666867_0026_18.npy,background,background/background_20260706_192921_666867_0026.wav,18,64x26,4.5,0.25
background/background_20260706_192921_666867_0026_19.npy,background,background/background_20260706_192921_666867_0026.wav,19,64x26,4.75,0.25
background/background_20260706_192926_669620_0027_00.npy,background,background/background_20260706_192926_669620_0027.wav,0,64x26,0.0,0.25
background/background_20260706_192926_669620_0027_01.npy,background,background/background_20260706_192926_669620_0027.wav,1,64x26,0.25,0.25
background/background_20260706_192926_669620_0027_02.npy,background,background/background_20260706_192926_669620_0027.wav,2,64x26,0.5,0.25
background/background_20260706_192926_669620_0027_03.npy,background,background/background_20260706_192926_669620_0027.wav,3,64x26,0.75,0.25
background/background_20260706_192926_669620_0027_04.npy,background,background/background_20260706_192926_669620_0027.wav,4,64x26,1.0,0.25
background/background_20260706_192926_669620_0027_05.npy,background,background/background_20260706_192926_669620_0027.wav,5,64x26,1.25,0.25
background/background_20260706_192926_669620_0027_06.npy,background,background/background_20260706_192926_669620_0027.wav,6,64x26,1.5,0.25
background/background_20260706_192926_669620_0027_07.npy,background,background/background_20260706_192926_669620_0027.wav,7,64x26,1.75,0.25
background/background_20260706_192926_669620_0027_08.npy,background,background/background_20260706_192926_669620_0027.wav,8,64x26,2.0,0.25
background/background_20260706_192926_669620_0027_09.npy,background,background/background_20260706_192926_669620_0027.wav,9,64x26,2.25,0.25
background/background_20260706_192926_669620_0027_10.npy,background,background/background_20260706_192926_669620_0027.wav,10,64x26,2.5,0.25
background/background_20260706_192926_669620_0027_11.npy,background,background/background_20260706_192926_669620_0027.wav,11,64x26,2.75,0.25
background/background_20260706_192926_669620_0027_12.npy,background,background/background_20260706_192926_669620_0027.wav,12,64x26,3.0,0.25
background/background_20260706_192926_669620_0027_13.npy,background,background/background_20260706_192926_669620_0027.wav,13,64x26,3.25,0.25
background/background_20260706_192926_669620_0027_14.npy,background,background/background_20260706_192926_669620_0027.wav,14,64x26,3.5,0.25
background/background_20260706_192926_669620_0027_15.npy,background,background/background_20260706_192926_669620_0027.wav,15,64x26,3.75,0.25
background/background_20260706_192926_669620_0027_16.npy,background,background/background_20260706_192926_669620_0027.wav,16,64x26,4.0,0.25
background/background_20260706_192926_669620_0027_17.npy,background,background/background_20260706_192926_669620_0027.wav,17,64x26,4.25,0.25
background/background_20260706_192926_669620_0027_18.npy,background,background/background_20260706_192926_669620_0027.wav,18,64x26,4.5,0.25
background/background_20260706_192926_669620_0027_19.npy,background,background/background_20260706_192926_669620_0027.wav,19,64x26,4.75,0.25
background/background_20260706_192931_672698_0028_00.npy,background,background/background_20260706_192931_672698_0028.wav,0,64x26,0.0,0.25
background/background_20260706_192931_672698_0028_01.npy,background,background/background_20260706_192931_672698_0028.wav,1,64x26,0.25,0.25
background/background_20260706_192931_672698_0028_02.npy,background,background/background_20260706_192931_672698_0028.wav,2,64x26,0.5,0.25
background/background_20260706_192931_672698_0028_03.npy,background,background/background_20260706_192931_672698_0028.wav,3,64x26,0.75,0.25
background/background_20260706_192931_672698_0028_04.npy,background,background/background_20260706_192931_672698_0028.wav,4,64x26,1.0,0.25
background/background_20260706_192931_672698_0028_05.npy,background,background/background_20260706_192931_672698_0028.wav,5,64x26,1.25,0.25
background/background_20260706_192931_672698_0028_06.npy,background,background/background_20260706_192931_672698_0028.wav,6,64x26,1.5,0.25
background/background_20260706_192931_672698_0028_07.npy,background,background/background_20260706_192931_672698_0028.wav,7,64x26,1.75,0.25
background/background_20260706_192931_672698_0028_08.npy,background,background/background_20260706_192931_672698_0028.wav,8,64x26,2.0,0.25
background/background_20260706_192931_672698_0028_09.npy,background,background/background_20260706_192931_672698_0028.wav,9,64x26,2.25,0.25
background/background_20260706_192931_672698_0028_10.npy,background,background/background_20260706_192931_672698_0028.wav,10,64x26,2.5,0.25
background/background_20260706_192931_672698_0028_11.npy,background,background/background_20260706_192931_672698_0028.wav,11,64x26,2.75,0.25
background/background_20260706_192931_672698_0028_12.npy,background,background/background_20260706_192931_672698_0028.wav,12,64x26,3.0,0.25
background/background_20260706_192931_672698_0028_13.npy,background,background/background_20260706_192931_672698_0028.wav,13,64x26,3.25,0.25
background/background_20260706_192931_672698_0028_14.npy,background,background/background_20260706_192931_672698_0028.wav,14,64x26,3.5,0.25
background/background_20260706_192931_672698_0028_15.npy,background,background/background_20260706_192931_672698_0028.wav,15,64x26,3.75,0.25
background/background_20260706_192931_672698_0028_16.npy,background,background/background_20260706_192931_672698_0028.wav,16,64x26,4.0,0.25
background/background_20260706_192931_672698_0028_17.npy,background,background/background_20260706_192931_672698_0028.wav,17,64x26,4.25,0.25
background/background_20260706_192931_672698_0028_18.npy,background,background/background_20260706_192931_672698_0028.wav,18,64x26,4.5,0.25
background/background_20260706_192931_672698_0028_19.npy,background,background/background_20260706_192931_672698_0028.wav,19,64x26,4.75,0.25
background/background_20260706_192936_675453_0029_00.npy,background,background/background_20260706_192936_675453_0029.wav,0,64x26,0.0,0.25
background/background_20260706_192936_675453_0029_01.npy,background,background/background_20260706_192936_675453_0029.wav,1,64x26,0.25,0.25
background/background_20260706_192936_675453_0029_02.npy,background,background/background_20260706_192936_675453_0029.wav,2,64x26,0.5,0.25
background/background_20260706_192936_675453_0029_03.npy,background,background/background_20260706_192936_675453_0029.wav,3,64x26,0.75,0.25
background/background_20260706_192936_675453_0029_04.npy,background,background/background_20260706_192936_675453_0029.wav,4,64x26,1.0,0.25
background/background_20260706_192936_675453_0029_05.npy,background,background/background_20260706_192936_675453_0029.wav,5,64x26,1.25,0.25
background/background_20260706_192936_675453_0029_06.npy,background,background/background_20260706_192936_675453_0029.wav,6,64x26,1.5,0.25
background/background_20260706_192936_675453_0029_07.npy,background,background/background_20260706_192936_675453_0029.wav,7,64x26,1.75,0.25
background/background_20260706_192936_675453_0029_08.npy,background,background/background_20260706_192936_675453_0029.wav,8,64x26,2.0,0.25
background/background_20260706_192936_675453_0029_09.npy,background,background/background_20260706_192936_675453_0029.wav,9,64x26,2.25,0.25
background/background_20260706_192936_675453_0029_10.npy,background,background/background_20260706_192936_675453_0029.wav,10,64x26,2.5,0.25
background/background_20260706_192936_675453_0029_11.npy,background,background/background_20260706_192936_675453_0029.wav,11,64x26,2.75,0.25
background/background_20260706_192936_675453_0029_12.npy,background,background/background_20260706_192936_675453_0029.wav,12,64x26,3.0,0.25
background/background_20260706_192936_675453_0029_13.npy,background,background/background_20260706_192936_675453_0029.wav,13,64x26,3.25,0.25
background/background_20260706_192936_675453_0029_14.npy,background,background/background_20260706_192936_675453_0029.wav,14,64x26,3.5,0.25
background/background_20260706_192936_675453_0029_15.npy,background,background/background_20260706_192936_675453_0029.wav,15,64x26,3.75,0.25
background/background_20260706_192936_675453_0029_16.npy,background,background/background_20260706_192936_675453_0029.wav,16,64x26,4.0,0.25
background/background_20260706_192936_675453_0029_17.npy,background,background/background_20260706_192936_675453_0029.wav,17,64x26,4.25,0.25
background/background_20260706_192936_675453_0029_18.npy,background,background/background_20260706_192936_675453_0029.wav,18,64x26,4.5,0.25
background/background_20260706_192936_675453_0029_19.npy,background,background/background_20260706_192936_675453_0029.wav,19,64x26,4.75,0.25
background/background_20260706_192941_678552_0030_00.npy,background,background/background_20260706_192941_678552_0030.wav,0,64x26,0.0,0.25
background/background_20260706_192941_678552_0030_01.npy,background,background/background_20260706_192941_678552_0030.wav,1,64x26,0.25,0.25
background/background_20260706_192941_678552_0030_02.npy,background,background/background_20260706_192941_678552_0030.wav,2,64x26,0.5,0.25
background/background_20260706_192941_678552_0030_03.npy,background,background/background_20260706_192941_678552_0030.wav,3,64x26,0.75,0.25
background/background_20260706_192941_678552_0030_04.npy,background,background/background_20260706_192941_678552_0030.wav,4,64x26,1.0,0.25
background/background_20260706_192941_678552_0030_05.npy,background,background/background_20260706_192941_678552_0030.wav,5,64x26,1.25,0.25
background/background_20260706_192941_678552_0030_06.npy,background,background/background_20260706_192941_678552_0030.wav,6,64x26,1.5,0.25
background/background_20260706_192941_678552_0030_07.npy,background,background/background_20260706_192941_678552_0030.wav,7,64x26,1.75,0.25
background/background_20260706_192941_678552_0030_08.npy,background,background/background_20260706_192941_678552_0030.wav,8,64x26,2.0,0.25
background/background_20260706_192941_678552_0030_09.npy,background,background/background_20260706_192941_678552_0030.wav,9,64x26,2.25,0.25
background/background_20260706_192941_678552_0030_10.npy,background,background/background_20260706_192941_678552_0030.wav,10,64x26,2.5,0.25
background/background_20260706_192941_678552_0030_11.npy,background,background/background_20260706_192941_678552_0030.wav,11,64x26,2.75,0.25
background/background_20260706_192941_678552_0030_12.npy,background,background/background_20260706_192941_678552_0030.wav,12,64x26,3.0,0.25
background/background_20260706_192941_678552_0030_13.npy,background,background/background_20260706_192941_678552_0030.wav,13,64x26,3.25,0.25
background/background_20260706_192941_678552_0030_14.npy,background,background/background_20260706_192941_678552_0030.wav,14,64x26,3.5,0.25
background/background_20260706_192941_678552_0030_15.npy,background,background/background_20260706_192941_678552_0030.wav,15,64x26,3.75,0.25
background/background_20260706_192941_678552_0030_16.npy,background,background/background_20260706_192941_678552_0030.wav,16,64x26,4.0,0.25
background/background_20260706_192941_678552_0030_17.npy,background,background/background_20260706_192941_678552_0030.wav,17,64x26,4.25,0.25
background/background_20260706_192941_678552_0030_18.npy,background,background/background_20260706_192941_678552_0030.wav,18,64x26,4.5,0.25
background/background_20260706_192941_678552_0030_19.npy,background,background/background_20260706_192941_678552_0030.wav,19,64x26,4.75,0.25
background/background_20260706_192946_681299_0031_00.npy,background,background/background_20260706_192946_681299_0031.wav,0,64x26,0.0,0.25
background/background_20260706_192946_681299_0031_01.npy,background,background/background_20260706_192946_681299_0031.wav,1,64x26,0.25,0.25
background/background_20260706_192946_681299_0031_02.npy,background,background/background_20260706_192946_681299_0031.wav,2,64x26,0.5,0.25
background/background_20260706_192946_681299_0031_03.npy,background,background/background_20260706_192946_681299_0031.wav,3,64x26,0.75,0.25
background/background_20260706_192946_681299_0031_04.npy,background,background/background_20260706_192946_681299_0031.wav,4,64x26,1.0,0.25
background/background_20260706_192946_681299_0031_05.npy,background,background/background_20260706_192946_681299_0031.wav,5,64x26,1.25,0.25
background/background_20260706_192946_681299_0031_06.npy,background,background/background_20260706_192946_681299_0031.wav,6,64x26,1.5,0.25
background/background_20260706_192946_681299_0031_07.npy,background,background/background_20260706_192946_681299_0031.wav,7,64x26,1.75,0.25
background/background_20260706_192946_681299_0031_08.npy,background,background/background_20260706_192946_681299_0031.wav,8,64x26,2.0,0.25
background/background_20260706_192946_681299_0031_09.npy,background,background/background_20260706_192946_681299_0031.wav,9,64x26,2.25,0.25
background/background_20260706_192946_681299_0031_10.npy,background,background/background_20260706_192946_681299_0031.wav,10,64x26,2.5,0.25
background/background_20260706_192946_681299_0031_11.npy,background,background/background_20260706_192946_681299_0031.wav,11,64x26,2.75,0.25
background/background_20260706_192946_681299_0031_12.npy,background,background/background_20260706_192946_681299_0031.wav,12,64x26,3.0,0.25
background/background_20260706_192946_681299_0031_13.npy,background,background/background_20260706_192946_681299_0031.wav,13,64x26,3.25,0.25
background/background_20260706_192946_681299_0031_14.npy,background,background/background_20260706_192946_681299_0031.wav,14,64x26,3.5,0.25
background/background_20260706_192946_681299_0031_15.npy,background,background/background_20260706_192946_681299_0031.wav,15,64x26,3.75,0.25
background/background_20260706_192946_681299_0031_16.npy,background,background/background_20260706_192946_681299_0031.wav,16,64x26,4.0,0.25
background/background_20260706_192946_681299_0031_17.npy,background,background/background_20260706_192946_681299_0031.wav,17,64x26,4.25,0.25
background/background_20260706_192946_681299_0031_18.npy,background,background/background_20260706_192946_681299_0031.wav,18,64x26,4.5,0.25
background/background_20260706_192946_681299_0031_19.npy,background,background/background_20260706_192946_681299_0031.wav,19,64x26,4.75,0.25
background/background_20260706_192951_684410_0032_00.npy,background,background/background_20260706_192951_684410_0032.wav,0,64x26,0.0,0.25
background/background_20260706_192951_684410_0032_01.npy,background,background/background_20260706_192951_684410_0032.wav,1,64x26,0.25,0.25
background/background_20260706_192951_684410_0032_02.npy,background,background/background_20260706_192951_684410_0032.wav,2,64x26,0.5,0.25
background/background_20260706_192951_684410_0032_03.npy,background,background/background_20260706_192951_684410_0032.wav,3,64x26,0.75,0.25
background/background_20260706_192951_684410_0032_04.npy,background,background/background_20260706_192951_684410_0032.wav,4,64x26,1.0,0.25
background/background_20260706_192951_684410_0032_05.npy,background,background/background_20260706_192951_684410_0032.wav,5,64x26,1.25,0.25
background/background_20260706_192951_684410_0032_06.npy,background,background/background_20260706_192951_684410_0032.wav,6,64x26,1.5,0.25
background/background_20260706_192951_684410_0032_07.npy,background,background/background_20260706_192951_684410_0032.wav,7,64x26,1.75,0.25
background/background_20260706_192951_684410_0032_08.npy,background,background/background_20260706_192951_684410_0032.wav,8,64x26,2.0,0.25
background/background_20260706_192951_684410_0032_09.npy,background,background/background_20260706_192951_684410_0032.wav,9,64x26,2.25,0.25
background/background_20260706_192951_684410_0032_10.npy,background,background/background_20260706_192951_684410_0032.wav,10,64x26,2.5,0.25
background/background_20260706_192951_684410_0032_11.npy,background,background/background_20260706_192951_684410_0032.wav,11,64x26,2.75,0.25
background/background_20260706_192951_684410_0032_12.npy,background,background/background_20260706_192951_684410_0032.wav,12,64x26,3.0,0.25
background/background_20260706_192951_684410_0032_13.npy,background,background/background_20260706_192951_684410_0032.wav,13,64x26,3.25,0.25
background/background_20260706_192951_684410_0032_14.npy,background,background/background_20260706_192951_684410_0032.wav,14,64x26,3.5,0.25
background/background_20260706_192951_684410_0032_15.npy,background,background/background_20260706_192951_684410_0032.wav,15,64x26,3.75,0.25
background/background_20260706_192951_684410_0032_16.npy,background,background/background_20260706_192951_684410_0032.wav,16,64x26,4.0,0.25
background/background_20260706_192951_684410_0032_17.npy,background,background/background_20260706_192951_684410_0032.wav,17,64x26,4.25,0.25
background/background_20260706_192951_684410_0032_18.npy,background,background/background_20260706_192951_684410_0032.wav,18,64x26,4.5,0.25
background/background_20260706_192951_684410_0032_19.npy,background,background/background_20260706_192951_684410_0032.wav,19,64x26,4.75,0.25
background/background_20260706_192956_687292_0033_00.npy,background,background/background_20260706_192956_687292_0033.wav,0,64x26,0.0,0.25
background/background_20260706_192956_687292_0033_01.npy,background,background/background_20260706_192956_687292_0033.wav,1,64x26,0.25,0.25
background/background_20260706_192956_687292_0033_02.npy,background,background/background_20260706_192956_687292_0033.wav,2,64x26,0.5,0.25
background/background_20260706_192956_687292_0033_03.npy,background,background/background_20260706_192956_687292_0033.wav,3,64x26,0.75,0.25
background/background_20260706_192956_687292_0033_04.npy,background,background/background_20260706_192956_687292_0033.wav,4,64x26,1.0,0.25
background/background_20260706_192956_687292_0033_05.npy,background,background/background_20260706_192956_687292_0033.wav,5,64x26,1.25,0.25
background/background_20260706_192956_687292_0033_06.npy,background,background/background_20260706_192956_687292_0033.wav,6,64x26,1.5,0.25
background/background_20260706_192956_687292_0033_07.npy,background,background/background_20260706_192956_687292_0033.wav,7,64x26,1.75,0.25
background/background_20260706_192956_687292_0033_08.npy,background,background/background_20260706_192956_687292_0033.wav,8,64x26,2.0,0.25
background/background_20260706_192956_687292_0033_09.npy,background,background/background_20260706_192956_687292_0033.wav,9,64x26,2.25,0.25
background/background_20260706_192956_687292_0033_10.npy,background,background/background_20260706_192956_687292_0033.wav,10,64x26,2.5,0.25
background/background_20260706_192956_687292_0033_11.npy,background,background/background_20260706_192956_687292_0033.wav,11,64x26,2.75,0.25
background/background_20260706_192956_687292_0033_12.npy,background,background/background_20260706_192956_687292_0033.wav,12,64x26,3.0,0.25
background/background_20260706_192956_687292_0033_13.npy,background,background/background_20260706_192956_687292_0033.wav,13,64x26,3.25,0.25
background/background_20260706_192956_687292_0033_14.npy,background,background/background_20260706_192956_687292_0033.wav,14,64x26,3.5,0.25
background/background_20260706_192956_687292_0033_15.npy,background,background/background_20260706_192956_687292_0033.wav,15,64x26,3.75,0.25
background/background_20260706_192956_687292_0033_16.npy,background,background/background_20260706_192956_687292_0033.wav,16,64x26,4.0,0.25
background/background_20260706_192956_687292_0033_17.npy,background,background/background_20260706_192956_687292_0033.wav,17,64x26,4.25,0.25
background/background_20260706_192956_687292_0033_18.npy,background,background/background_20260706_192956_687292_0033.wav,18,64x26,4.5,0.25
background/background_20260706_192956_687292_0033_19.npy,background,background/background_20260706_192956_687292_0033.wav,19,64x26,4.75,0.25
background/background_20260706_193001_690070_0034_00.npy,background,background/background_20260706_193001_690070_0034.wav,0,64x26,0.0,0.25
background/background_20260706_193001_690070_0034_01.npy,background,background/background_20260706_193001_690070_0034.wav,1,64x26,0.25,0.25
background/background_20260706_193001_690070_0034_02.npy,background,background/background_20260706_193001_690070_0034.wav,2,64x26,0.5,0.25
background/background_20260706_193001_690070_0034_03.npy,background,background/background_20260706_193001_690070_0034.wav,3,64x26,0.75,0.25
background/background_20260706_193001_690070_0034_04.npy,background,background/background_20260706_193001_690070_0034.wav,4,64x26,1.0,0.25
background/background_20260706_193001_690070_0034_05.npy,background,background/background_20260706_193001_690070_0034.wav,5,64x26,1.25,0.25
background/background_20260706_193001_690070_0034_06.npy,background,background/background_20260706_193001_690070_0034.wav,6,64x26,1.5,0.25
background/background_20260706_193001_690070_0034_07.npy,background,background/background_20260706_193001_690070_0034.wav,7,64x26,1.75,0.25
background/background_20260706_193001_690070_0034_08.npy,background,background/background_20260706_193001_690070_0034.wav,8,64x26,2.0,0.25
background/background_20260706_193001_690070_0034_09.npy,background,background/background_20260706_193001_690070_0034.wav,9,64x26,2.25,0.25
background/background_20260706_193001_690070_0034_10.npy,background,background/background_20260706_193001_690070_0034.wav,10,64x26,2.5,0.25
background/background_20260706_193001_690070_0034_11.npy,background,background/background_20260706_193001_690070_0034.wav,11,64x26,2.75,0.25
background/background_20260706_193001_690070_0034_12.npy,background,background/background_20260706_193001_690070_0034.wav,12,64x26,3.0,0.25
background/background_20260706_193001_690070_0034_13.npy,background,background/background_20260706_193001_690070_0034.wav,13,64x26,3.25,0.25
background/background_20260706_193001_690070_0034_14.npy,background,background/background_20260706_193001_690070_0034.wav,14,64x26,3.5,0.25
background/background_20260706_193001_690070_0034_15.npy,background,background/background_20260706_193001_690070_0034.wav,15,64x26,3.75,0.25
background/background_20260706_193001_690070_0034_16.npy,background,background/background_20260706_193001_690070_0034.wav,16,64x26,4.0,0.25
background/background_20260706_193001_690070_0034_17.npy,background,background/background_20260706_193001_690070_0034.wav,17,64x26,4.25,0.25
background/background_20260706_193001_690070_0034_18.npy,background,background/background_20260706_193001_690070_0034.wav,18,64x26,4.5,0.25
background/background_20260706_193001_690070_0034_19.npy,background,background/background_20260706_193001_690070_0034.wav,19,64x26,4.75,0.25
background/background_20260706_193006_693160_0035_00.npy,background,background/background_20260706_193006_693160_0035.wav,0,64x26,0.0,0.25
background/background_20260706_193006_693160_0035_01.npy,background,background/background_20260706_193006_693160_0035.wav,1,64x26,0.25,0.25
background/background_20260706_193006_693160_0035_02.npy,background,background/background_20260706_193006_693160_0035.wav,2,64x26,0.5,0.25
background/background_20260706_193006_693160_0035_03.npy,background,background/background_20260706_193006_693160_0035.wav,3,64x26,0.75,0.25
background/background_20260706_193006_693160_0035_04.npy,background,background/background_20260706_193006_693160_0035.wav,4,64x26,1.0,0.25
background/background_20260706_193006_693160_0035_05.npy,background,background/background_20260706_193006_693160_0035.wav,5,64x26,1.25,0.25
background/background_20260706_193006_693160_0035_06.npy,background,background/background_20260706_193006_693160_0035.wav,6,64x26,1.5,0.25
background/background_20260706_193006_693160_0035_07.npy,background,background/background_20260706_193006_693160_0035.wav,7,64x26,1.75,0.25
background/background_20260706_193006_693160_0035_08.npy,background,background/background_20260706_193006_693160_0035.wav,8,64x26,2.0,0.25
background/background_20260706_193006_693160_0035_09.npy,background,background/background_20260706_193006_693160_0035.wav,9,64x26,2.25,0.25
background/background_20260706_193006_693160_0035_10.npy,background,background/background_20260706_193006_693160_0035.wav,10,64x26,2.5,0.25
background/background_20260706_193006_693160_0035_11.npy,background,background/background_20260706_193006_693160_0035.wav,11,64x26,2.75,0.25
background/background_20260706_193006_693160_0035_12.npy,background,background/background_20260706_193006_693160_0035.wav,12,64x26,3.0,0.25
background/background_20260706_193006_693160_0035_13.npy,background,background/background_20260706_193006_693160_0035.wav,13,64x26,3.25,0.25
background/background_20260706_193006_693160_0035_14.npy,background,background/background_20260706_193006_693160_0035.wav,14,64x26,3.5,0.25
background/background_20260706_193006_693160_0035_15.npy,background,background/background_20260706_193006_693160_0035.wav,15,64x26,3.75,0.25
background/background_20260706_193006_693160_0035_16.npy,background,background/background_20260706_193006_693160_0035.wav,16,64x26,4.0,0.25
background/background_20260706_193006_693160_0035_17.npy,background,background/background_20260706_193006_693160_0035.wav,17,64x26,4.25,0.25
background/background_20260706_193006_693160_0035_18.npy,background,background/background_20260706_193006_693160_0035.wav,18,64x26,4.5,0.25
background/background_20260706_193006_693160_0035_19.npy,background,background/background_20260706_193006_693160_0035.wav,19,64x26,4.75,0.25
background/background_20260706_193011_695921_0036_00.npy,background,background/background_20260706_193011_695921_0036.wav,0,64x26,0.0,0.25
background/background_20260706_193011_695921_0036_01.npy,background,background/background_20260706_193011_695921_0036.wav,1,64x26,0.25,0.25
background/background_20260706_193011_695921_0036_02.npy,background,background/background_20260706_193011_695921_0036.wav,2,64x26,0.5,0.25
background/background_20260706_193011_695921_0036_03.npy,background,background/background_20260706_193011_695921_0036.wav,3,64x26,0.75,0.25
background/background_20260706_193011_695921_0036_04.npy,background,background/background_20260706_193011_695921_0036.wav,4,64x26,1.0,0.25
background/background_20260706_193011_695921_0036_05.npy,background,background/background_20260706_193011_695921_0036.wav,5,64x26,1.25,0.25
background/background_20260706_193011_695921_0036_06.npy,background,background/background_20260706_193011_695921_0036.wav,6,64x26,1.5,0.25
background/background_20260706_193011_695921_0036_07.npy,background,background/background_20260706_193011_695921_0036.wav,7,64x26,1.75,0.25
background/background_20260706_193011_695921_0036_08.npy,background,background/background_20260706_193011_695921_0036.wav,8,64x26,2.0,0.25
background/background_20260706_193011_695921_0036_09.npy,background,background/background_20260706_193011_695921_0036.wav,9,64x26,2.25,0.25
background/background_20260706_193011_695921_0036_10.npy,background,background/background_20260706_193011_695921_0036.wav,10,64x26,2.5,0.25
background/background_20260706_193011_695921_0036_11.npy,background,background/background_20260706_193011_695921_0036.wav,11,64x26,2.75,0.25
background/background_20260706_193011_695921_0036_12.npy,background,background/background_20260706_193011_695921_0036.wav,12,64x26,3.0,0.25
background/background_20260706_193011_695921_0036_13.npy,background,background/background_20260706_193011_695921_0036.wav,13,64x26,3.25,0.25
background/background_20260706_193011_695921_0036_14.npy,background,background/background_20260706_193011_695921_0036.wav,14,64x26,3.5,0.25
background/background_20260706_193011_695921_0036_15.npy,background,background/background_20260706_193011_695921_0036.wav,15,64x26,3.75,0.25
background/background_20260706_193011_695921_0036_16.npy,background,background/background_20260706_193011_695921_0036.wav,16,64x26,4.0,0.25
background/background_20260706_193011_695921_0036_17.npy,background,background/background_20260706_193011_695921_0036.wav,17,64x26,4.25,0.25
background/background_20260706_193011_695921_0036_18.npy,background,background/background_20260706_193011_695921_0036.wav,18,64x26,4.5,0.25
background/background_20260706_193011_695921_0036_19.npy,background,background/background_20260706_193011_695921_0036.wav,19,64x26,4.75,0.25
background/background_20260706_193016_698979_0037_00.npy,background,background/background_20260706_193016_698979_0037.wav,0,64x26,0.0,0.25
background/background_20260706_193016_698979_0037_01.npy,background,background/background_20260706_193016_698979_0037.wav,1,64x26,0.25,0.25
background/background_20260706_193016_698979_0037_02.npy,background,background/background_20260706_193016_698979_0037.wav,2,64x26,0.5,0.25
background/background_20260706_193016_698979_0037_03.npy,background,background/background_20260706_193016_698979_0037.wav,3,64x26,0.75,0.25
background/background_20260706_193016_698979_0037_04.npy,background,background/background_20260706_193016_698979_0037.wav,4,64x26,1.0,0.25
background/background_20260706_193016_698979_0037_05.npy,background,background/background_20260706_193016_698979_0037.wav,5,64x26,1.25,0.25
background/background_20260706_193016_698979_0037_06.npy,background,background/background_20260706_193016_698979_0037.wav,6,64x26,1.5,0.25
background/background_20260706_193016_698979_0037_07.npy,background,background/background_20260706_193016_698979_0037.wav,7,64x26,1.75,0.25
background/background_20260706_193016_698979_0037_08.npy,background,background/background_20260706_193016_698979_0037.wav,8,64x26,2.0,0.25
background/background_20260706_193016_698979_0037_09.npy,background,background/background_20260706_193016_698979_0037.wav,9,64x26,2.25,0.25
background/background_20260706_193016_698979_0037_10.npy,background,background/background_20260706_193016_698979_0037.wav,10,64x26,2.5,0.25
background/background_20260706_193016_698979_0037_11.npy,background,background/background_20260706_193016_698979_0037.wav,11,64x26,2.75,0.25
background/background_20260706_193016_698979_0037_12.npy,background,background/background_20260706_193016_698979_0037.wav,12,64x26,3.0,0.25
background/background_20260706_193016_698979_0037_13.npy,background,background/background_20260706_193016_698979_0037.wav,13,64x26,3.25,0.25
background/background_20260706_193016_698979_0037_14.npy,background,background/background_20260706_193016_698979_0037.wav,14,64x26,3.5,0.25
background/background_20260706_193016_698979_0037_15.npy,background,background/background_20260706_193016_698979_0037.wav,15,64x26,3.75,0.25
background/background_20260706_193016_698979_0037_16.npy,background,background/background_20260706_193016_698979_0037.wav,16,64x26,4.0,0.25
background/background_20260706_193016_698979_0037_17.npy,background,background/background_20260706_193016_698979_0037.wav,17,64x26,4.25,0.25
background/background_20260706_193016_698979_0037_18.npy,background,background/background_20260706_193016_698979_0037.wav,18,64x26,4.5,0.25
background/background_20260706_193016_698979_0037_19.npy,background,background/background_20260706_193016_698979_0037.wav,19,64x26,4.75,0.25
background/background_20260706_193021_701875_0038_00.npy,background,background/background_20260706_193021_701875_0038.wav,0,64x26,0.0,0.25
background/background_20260706_193021_701875_0038_01.npy,background,background/background_20260706_193021_701875_0038.wav,1,64x26,0.25,0.25
background/background_20260706_193021_701875_0038_02.npy,background,background/background_20260706_193021_701875_0038.wav,2,64x26,0.5,0.25
background/background_20260706_193021_701875_0038_03.npy,background,background/background_20260706_193021_701875_0038.wav,3,64x26,0.75,0.25
background/background_20260706_193021_701875_0038_04.npy,background,background/background_20260706_193021_701875_0038.wav,4,64x26,1.0,0.25
background/background_20260706_193021_701875_0038_05.npy,background,background/background_20260706_193021_701875_0038.wav,5,64x26,1.25,0.25
background/background_20260706_193021_701875_0038_06.npy,background,background/background_20260706_193021_701875_0038.wav,6,64x26,1.5,0.25
background/background_20260706_193021_701875_0038_07.npy,background,background/background_20260706_193021_701875_0038.wav,7,64x26,1.75,0.25
background/background_20260706_193021_701875_0038_08.npy,background,background/background_20260706_193021_701875_0038.wav,8,64x26,2.0,0.25
background/background_20260706_193021_701875_0038_09.npy,background,background/background_20260706_193021_701875_0038.wav,9,64x26,2.25,0.25
background/background_20260706_193021_701875_0038_10.npy,background,background/background_20260706_193021_701875_0038.wav,10,64x26,2.5,0.25
background/background_20260706_193021_701875_0038_11.npy,background,background/background_20260706_193021_701875_0038.wav,11,64x26,2.75,0.25
background/background_20260706_193021_701875_0038_12.npy,background,background/background_20260706_193021_701875_0038.wav,12,64x26,3.0,0.25
background/background_20260706_193021_701875_0038_13.npy,background,background/background_20260706_193021_701875_0038.wav,13,64x26,3.25,0.25
background/background_20260706_193021_701875_0038_14.npy,background,background/background_20260706_193021_701875_0038.wav,14,64x26,3.5,0.25
background/background_20260706_193021_701875_0038_15.npy,background,background/background_20260706_193021_701875_0038.wav,15,64x26,3.75,0.25
background/background_20260706_193021_701875_0038_16.npy,background,background/background_20260706_193021_701875_0038.wav,16,64x26,4.0,0.25
background/background_20260706_193021_701875_0038_17.npy,background,background/background_20260706_193021_701875_0038.wav,17,64x26,4.25,0.25
background/background_20260706_193021_701875_0038_18.npy,background,background/background_20260706_193021_701875_0038.wav,18,64x26,4.5,0.25
background/background_20260706_193021_701875_0038_19.npy,background,background/background_20260706_193021_701875_0038.wav,19,64x26,4.75,0.25
background/background_20260706_193026_704831_0039_00.npy,background,background/background_20260706_193026_704831_0039.wav,0,64x26,0.0,0.25
background/background_20260706_193026_704831_0039_01.npy,background,background/background_20260706_193026_704831_0039.wav,1,64x26,0.25,0.25
background/background_20260706_193026_704831_0039_02.npy,background,background/background_20260706_193026_704831_0039.wav,2,64x26,0.5,0.25
background/background_20260706_193026_704831_0039_03.npy,background,background/background_20260706_193026_704831_0039.wav,3,64x26,0.75,0.25
background/background_20260706_193026_704831_0039_04.npy,background,background/background_20260706_193026_704831_0039.wav,4,64x26,1.0,0.25
background/background_20260706_193026_704831_0039_05.npy,background,background/background_20260706_193026_704831_0039.wav,5,64x26,1.25,0.25
background/background_20260706_193026_704831_0039_06.npy,background,background/background_20260706_193026_704831_0039.wav,6,64x26,1.5,0.25
background/background_20260706_193026_704831_0039_07.npy,background,background/background_20260706_193026_704831_0039.wav,7,64x26,1.75,0.25
background/background_20260706_193026_704831_0039_08.npy,background,background/background_20260706_193026_704831_0039.wav,8,64x26,2.0,0.25
background/background_20260706_193026_704831_0039_09.npy,background,background/background_20260706_193026_704831_0039.wav,9,64x26,2.25,0.25
background/background_20260706_193026_704831_0039_10.npy,background,background/background_20260706_193026_704831_0039.wav,10,64x26,2.5,0.25
background/background_20260706_193026_704831_0039_11.npy,background,background/background_20260706_193026_704831_0039.wav,11,64x26,2.75,0.25
background/background_20260706_193026_704831_0039_12.npy,background,background/background_20260706_193026_704831_0039.wav,12,64x26,3.0,0.25
background/background_20260706_193026_704831_0039_13.npy,background,background/background_20260706_193026_704831_0039.wav,13,64x26,3.25,0.25
background/background_20260706_193026_704831_0039_14.npy,background,background/background_20260706_193026_704831_0039.wav,14,64x26,3.5,0.25
background/background_20260706_193026_704831_0039_15.npy,background,background/background_20260706_193026_704831_0039.wav,15,64x26,3.75,0.25
background/background_20260706_193026_704831_0039_16.npy,background,background/background_20260706_193026_704831_0039.wav,16,64x26,4.0,0.25
background/background_20260706_193026_704831_0039_17.npy,background,background/background_20260706_193026_704831_0039.wav,17,64x26,4.25,0.25
background/background_20260706_193026_704831_0039_18.npy,background,background/background_20260706_193026_704831_0039.wav,18,64x26,4.5,0.25
background/background_20260706_193026_704831_0039_19.npy,background,background/background_20260706_193026_704831_0039.wav,19,64x26,4.75,0.25
background/background_20260706_193031_707774_0040_00.npy,background,background/background_20260706_193031_707774_0040.wav,0,64x26,0.0,0.25
background/background_20260706_193031_707774_0040_01.npy,background,background/background_20260706_193031_707774_0040.wav,1,64x26,0.25,0.25
background/background_20260706_193031_707774_0040_02.npy,background,background/background_20260706_193031_707774_0040.wav,2,64x26,0.5,0.25
background/background_20260706_193031_707774_0040_03.npy,background,background/background_20260706_193031_707774_0040.wav,3,64x26,0.75,0.25
background/background_20260706_193031_707774_0040_04.npy,background,background/background_20260706_193031_707774_0040.wav,4,64x26,1.0,0.25
background/background_20260706_193031_707774_0040_05.npy,background,background/background_20260706_193031_707774_0040.wav,5,64x26,1.25,0.25
background/background_20260706_193031_707774_0040_06.npy,background,background/background_20260706_193031_707774_0040.wav,6,64x26,1.5,0.25
background/background_20260706_193031_707774_0040_07.npy,background,background/background_20260706_193031_707774_0040.wav,7,64x26,1.75,0.25
background/background_20260706_193031_707774_0040_08.npy,background,background/background_20260706_193031_707774_0040.wav,8,64x26,2.0,0.25
background/background_20260706_193031_707774_0040_09.npy,background,background/background_20260706_193031_707774_0040.wav,9,64x26,2.25,0.25
background/background_20260706_193031_707774_0040_10.npy,background,background/background_20260706_193031_707774_0040.wav,10,64x26,2.5,0.25
background/background_20260706_193031_707774_0040_11.npy,background,background/background_20260706_193031_707774_0040.wav,11,64x26,2.75,0.25
background/background_20260706_193031_707774_0040_12.npy,background,background/background_20260706_193031_707774_0040.wav,12,64x26,3.0,0.25
background/background_20260706_193031_707774_0040_13.npy,background,background/background_20260706_193031_707774_0040.wav,13,64x26,3.25,0.25
background/background_20260706_193031_707774_0040_14.npy,background,background/background_20260706_193031_707774_0040.wav,14,64x26,3.5,0.25
background/background_20260706_193031_707774_0040_15.npy,background,background/background_20260706_193031_707774_0040.wav,15,64x26,3.75,0.25
background/background_20260706_193031_707774_0040_16.npy,background,background/background_20260706_193031_707774_0040.wav,16,64x26,4.0,0.25
background/background_20260706_193031_707774_0040_17.npy,background,background/background_20260706_193031_707774_0040.wav,17,64x26,4.25,0.25
background/background_20260706_193031_707774_0040_18.npy,background,background/background_20260706_193031_707774_0040.wav,18,64x26,4.5,0.25
background/background_20260706_193031_707774_0040_19.npy,background,background/background_20260706_193031_707774_0040.wav,19,64x26,4.75,0.25
background/background_20260706_193036_710494_0041_00.npy,background,background/background_20260706_193036_710494_0041.wav,0,64x26,0.0,0.25
background/background_20260706_193036_710494_0041_01.npy,background,background/background_20260706_193036_710494_0041.wav,1,64x26,0.25,0.25
background/background_20260706_193036_710494_0041_02.npy,background,background/background_20260706_193036_710494_0041.wav,2,64x26,0.5,0.25
background/background_20260706_193036_710494_0041_03.npy,background,background/background_20260706_193036_710494_0041.wav,3,64x26,0.75,0.25
background/background_20260706_193036_710494_0041_04.npy,background,background/background_20260706_193036_710494_0041.wav,4,64x26,1.0,0.25
background/background_20260706_193036_710494_0041_05.npy,background,background/background_20260706_193036_710494_0041.wav,5,64x26,1.25,0.25
background/background_20260706_193036_710494_0041_06.npy,background,background/background_20260706_193036_710494_0041.wav,6,64x26,1.5,0.25
background/background_20260706_193036_710494_0041_07.npy,background,background/background_20260706_193036_710494_0041.wav,7,64x26,1.75,0.25
background/background_20260706_193036_710494_0041_08.npy,background,background/background_20260706_193036_710494_0041.wav,8,64x26,2.0,0.25
background/background_20260706_193036_710494_0041_09.npy,background,background/background_20260706_193036_710494_0041.wav,9,64x26,2.25,0.25
background/background_20260706_193036_710494_0041_10.npy,background,background/background_20260706_193036_710494_0041.wav,10,64x26,2.5,0.25
background/background_20260706_193036_710494_0041_11.npy,background,background/background_20260706_193036_710494_0041.wav,11,64x26,2.75,0.25
background/background_20260706_193036_710494_0041_12.npy,background,background/background_20260706_193036_710494_0041.wav,12,64x26,3.0,0.25
background/background_20260706_193036_710494_0041_13.npy,background,background/background_20260706_193036_710494_0041.wav,13,64x26,3.25,0.25
background/background_20260706_193036_710494_0041_14.npy,background,background/background_20260706_193036_710494_0041.wav,14,64x26,3.5,0.25
background/background_20260706_193036_710494_0041_15.npy,background,background/background_20260706_193036_710494_0041.wav,15,64x26,3.75,0.25
background/background_20260706_193036_710494_0041_16.npy,background,background/background_20260706_193036_710494_0041.wav,16,64x26,4.0,0.25
background/background_20260706_193036_710494_0041_17.npy,background,background/background_20260706_193036_710494_0041.wav,17,64x26,4.25,0.25
background/background_20260706_193036_710494_0041_18.npy,background,background/background_20260706_193036_710494_0041.wav,18,64x26,4.5,0.25
background/background_20260706_193036_710494_0041_19.npy,background,background/background_20260706_193036_710494_0041.wav,19,64x26,4.75,0.25
background/background_20260706_193041_713592_0042_00.npy,background,background/background_20260706_193041_713592_0042.wav,0,64x26,0.0,0.25
background/background_20260706_193041_713592_0042_01.npy,background,background/background_20260706_193041_713592_0042.wav,1,64x26,0.25,0.25
background/background_20260706_193041_713592_0042_02.npy,background,background/background_20260706_193041_713592_0042.wav,2,64x26,0.5,0.25
background/background_20260706_193041_713592_0042_03.npy,background,background/background_20260706_193041_713592_0042.wav,3,64x26,0.75,0.25
background/background_20260706_193041_713592_0042_04.npy,background,background/background_20260706_193041_713592_0042.wav,4,64x26,1.0,0.25
background/background_20260706_193041_713592_0042_05.npy,background,background/background_20260706_193041_713592_0042.wav,5,64x26,1.25,0.25
background/background_20260706_193041_713592_0042_06.npy,background,background/background_20260706_193041_713592_0042.wav,6,64x26,1.5,0.25
background/background_20260706_193041_713592_0042_07.npy,background,background/background_20260706_193041_713592_0042.wav,7,64x26,1.75,0.25
background/background_20260706_193041_713592_0042_08.npy,background,background/background_20260706_193041_713592_0042.wav,8,64x26,2.0,0.25
background/background_20260706_193041_713592_0042_09.npy,background,background/background_20260706_193041_713592_0042.wav,9,64x26,2.25,0.25
background/background_20260706_193041_713592_0042_10.npy,background,background/background_20260706_193041_713592_0042.wav,10,64x26,2.5,0.25
background/background_20260706_193041_713592_0042_11.npy,background,background/background_20260706_193041_713592_0042.wav,11,64x26,2.75,0.25
background/background_20260706_193041_713592_0042_12.npy,background,background/background_20260706_193041_713592_0042.wav,12,64x26,3.0,0.25
background/background_20260706_193041_713592_0042_13.npy,background,background/background_20260706_193041_713592_0042.wav,13,64x26,3.25,0.25
background/background_20260706_193041_713592_0042_14.npy,background,background/background_20260706_193041_713592_0042.wav,14,64x26,3.5,0.25
background/background_20260706_193041_713592_0042_15.npy,background,background/background_20260706_193041_713592_0042.wav,15,64x26,3.75,0.25
background/background_20260706_193041_713592_0042_16.npy,background,background/background_20260706_193041_713592_0042.wav,16,64x26,4.0,0.25
background/background_20260706_193041_713592_0042_17.npy,background,background/background_20260706_193041_713592_0042.wav,17,64x26,4.25,0.25
background/background_20260706_193041_713592_0042_18.npy,background,background/background_20260706_193041_713592_0042.wav,18,64x26,4.5,0.25
background/background_20260706_193041_713592_0042_19.npy,background,background/background_20260706_193041_713592_0042.wav,19,64x26,4.75,0.25
background/background_20260706_193046_716361_0043_00.npy,background,background/background_20260706_193046_716361_0043.wav,0,64x26,0.0,0.25
background/background_20260706_193046_716361_0043_01.npy,background,background/background_20260706_193046_716361_0043.wav,1,64x26,0.25,0.25
background/background_20260706_193046_716361_0043_02.npy,background,background/background_20260706_193046_716361_0043.wav,2,64x26,0.5,0.25
background/background_20260706_193046_716361_0043_03.npy,background,background/background_20260706_193046_716361_0043.wav,3,64x26,0.75,0.25
background/background_20260706_193046_716361_0043_04.npy,background,background/background_20260706_193046_716361_0043.wav,4,64x26,1.0,0.25
background/background_20260706_193046_716361_0043_05.npy,background,background/background_20260706_193046_716361_0043.wav,5,64x26,1.25,0.25
background/background_20260706_193046_716361_0043_06.npy,background,background/background_20260706_193046_716361_0043.wav,6,64x26,1.5,0.25
background/background_20260706_193046_716361_0043_07.npy,background,background/background_20260706_193046_716361_0043.wav,7,64x26,1.75,0.25
background/background_20260706_193046_716361_0043_08.npy,background,background/background_20260706_193046_716361_0043.wav,8,64x26,2.0,0.25
background/background_20260706_193046_716361_0043_09.npy,background,background/background_20260706_193046_716361_0043.wav,9,64x26,2.25,0.25
background/background_20260706_193046_716361_0043_10.npy,background,background/background_20260706_193046_716361_0043.wav,10,64x26,2.5,0.25
background/background_20260706_193046_716361_0043_11.npy,background,background/background_20260706_193046_716361_0043.wav,11,64x26,2.75,0.25
background/background_20260706_193046_716361_0043_12.npy,background,background/background_20260706_193046_716361_0043.wav,12,64x26,3.0,0.25
background/background_20260706_193046_716361_0043_13.npy,background,background/background_20260706_193046_716361_0043.wav,13,64x26,3.25,0.25
background/background_20260706_193046_716361_0043_14.npy,background,background/background_20260706_193046_716361_0043.wav,14,64x26,3.5,0.25
background/background_20260706_193046_716361_0043_15.npy,background,background/background_20260706_193046_716361_0043.wav,15,64x26,3.75,0.25
background/background_20260706_193046_716361_0043_16.npy,background,background/background_20260706_193046_716361_0043.wav,16,64x26,4.0,0.25
background/background_20260706_193046_716361_0043_17.npy,background,background/background_20260706_193046_716361_0043.wav,17,64x26,4.25,0.25
background/background_20260706_193046_716361_0043_18.npy,background,background/background_20260706_193046_716361_0043.wav,18,64x26,4.5,0.25
background/background_20260706_193046_716361_0043_19.npy,background,background/background_20260706_193046_716361_0043.wav,19,64x26,4.75,0.25
background/background_20260706_193051_719286_0044_00.npy,background,background/background_20260706_193051_719286_0044.wav,0,64x26,0.0,0.25
background/background_20260706_193051_719286_0044_01.npy,background,background/background_20260706_193051_719286_0044.wav,1,64x26,0.25,0.25
background/background_20260706_193051_719286_0044_02.npy,background,background/background_20260706_193051_719286_0044.wav,2,64x26,0.5,0.25
background/background_20260706_193051_719286_0044_03.npy,background,background/background_20260706_193051_719286_0044.wav,3,64x26,0.75,0.25
background/background_20260706_193051_719286_0044_04.npy,background,background/background_20260706_193051_719286_0044.wav,4,64x26,1.0,0.25
background/background_20260706_193051_719286_0044_05.npy,background,background/background_20260706_193051_719286_0044.wav,5,64x26,1.25,0.25
background/background_20260706_193051_719286_0044_06.npy,background,background/background_20260706_193051_719286_0044.wav,6,64x26,1.5,0.25
background/background_20260706_193051_719286_0044_07.npy,background,background/background_20260706_193051_719286_0044.wav,7,64x26,1.75,0.25
background/background_20260706_193051_719286_0044_08.npy,background,background/background_20260706_193051_719286_0044.wav,8,64x26,2.0,0.25
background/background_20260706_193051_719286_0044_09.npy,background,background/background_20260706_193051_719286_0044.wav,9,64x26,2.25,0.25
background/background_20260706_193051_719286_0044_10.npy,background,background/background_20260706_193051_719286_0044.wav,10,64x26,2.5,0.25
background/background_20260706_193051_719286_0044_11.npy,background,background/background_20260706_193051_719286_0044.wav,11,64x26,2.75,0.25
background/background_20260706_193051_719286_0044_12.npy,background,background/background_20260706_193051_719286_0044.wav,12,64x26,3.0,0.25
background/background_20260706_193051_719286_0044_13.npy,background,background/background_20260706_193051_719286_0044.wav,13,64x26,3.25,0.25
background/background_20260706_193051_719286_0044_14.npy,background,background/background_20260706_193051_719286_0044.wav,14,64x26,3.5,0.25
background/background_20260706_193051_719286_0044_15.npy,background,background/background_20260706_193051_719286_0044.wav,15,64x26,3.75,0.25
background/background_20260706_193051_719286_0044_16.npy,background,background/background_20260706_193051_719286_0044.wav,16,64x26,4.0,0.25
background/background_20260706_193051_719286_0044_17.npy,background,background/background_20260706_193051_719286_0044.wav,17,64x26,4.25,0.25
background/background_20260706_193051_719286_0044_18.npy,background,background/background_20260706_193051_719286_0044.wav,18,64x26,4.5,0.25
background/background_20260706_193051_719286_0044_19.npy,background,background/background_20260706_193051_719286_0044.wav,19,64x26,4.75,0.25
background/background_20260706_193056_722193_0045_00.npy,background,background/background_20260706_193056_722193_0045.wav,0,64x26,0.0,0.25
background/background_20260706_193056_722193_0045_01.npy,background,background/background_20260706_193056_722193_0045.wav,1,64x26,0.25,0.25
background/background_20260706_193056_722193_0045_02.npy,background,background/background_20260706_193056_722193_0045.wav,2,64x26,0.5,0.25
background/background_20260706_193056_722193_0045_03.npy,background,background/background_20260706_193056_722193_0045.wav,3,64x26,0.75,0.25
background/background_20260706_193056_722193_0045_04.npy,background,background/background_20260706_193056_722193_0045.wav,4,64x26,1.0,0.25
background/background_20260706_193056_722193_0045_05.npy,background,background/background_20260706_193056_722193_0045.wav,5,64x26,1.25,0.25
background/background_20260706_193056_722193_0045_06.npy,background,background/background_20260706_193056_722193_0045.wav,6,64x26,1.5,0.25
background/background_20260706_193056_722193_0045_07.npy,background,background/background_20260706_193056_722193_0045.wav,7,64x26,1.75,0.25
background/background_20260706_193056_722193_0045_08.npy,background,background/background_20260706_193056_722193_0045.wav,8,64x26,2.0,0.25
background/background_20260706_193056_722193_0045_09.npy,background,background/background_20260706_193056_722193_0045.wav,9,64x26,2.25,0.25
background/background_20260706_193056_722193_0045_10.npy,background,background/background_20260706_193056_722193_0045.wav,10,64x26,2.5,0.25
background/background_20260706_193056_722193_0045_11.npy,background,background/background_20260706_193056_722193_0045.wav,11,64x26,2.75,0.25
background/background_20260706_193056_722193_0045_12.npy,background,background/background_20260706_193056_722193_0045.wav,12,64x26,3.0,0.25
background/background_20260706_193056_722193_0045_13.npy,background,background/background_20260706_193056_722193_0045.wav,13,64x26,3.25,0.25
background/background_20260706_193056_722193_0045_14.npy,background,background/background_20260706_193056_722193_0045.wav,14,64x26,3.5,0.25
background/background_20260706_193056_722193_0045_15.npy,background,background/background_20260706_193056_722193_0045.wav,15,64x26,3.75,0.25
background/background_20260706_193056_722193_0045_16.npy,background,background/background_20260706_193056_722193_0045.wav,16,64x26,4.0,0.25
background/background_20260706_193056_722193_0045_17.npy,background,background/background_20260706_193056_722193_0045.wav,17,64x26,4.25,0.25
background/background_20260706_193056_722193_0045_18.npy,background,background/background_20260706_193056_722193_0045.wav,18,64x26,4.5,0.25
background/background_20260706_193056_722193_0045_19.npy,background,background/background_20260706_193056_722193_0045.wav,19,64x26,4.75,0.25
background/background_20260706_193101_725288_0046_00.npy,background,background/background_20260706_193101_725288_0046.wav,0,64x26,0.0,0.25
background/background_20260706_193101_725288_0046_01.npy,background,background/background_20260706_193101_725288_0046.wav,1,64x26,0.25,0.25
background/background_20260706_193101_725288_0046_02.npy,background,background/background_20260706_193101_725288_0046.wav,2,64x26,0.5,0.25
background/background_20260706_193101_725288_0046_03.npy,background,background/background_20260706_193101_725288_0046.wav,3,64x26,0.75,0.25
background/background_20260706_193101_725288_0046_04.npy,background,background/background_20260706_193101_725288_0046.wav,4,64x26,1.0,0.25
background/background_20260706_193101_725288_0046_05.npy,background,background/background_20260706_193101_725288_0046.wav,5,64x26,1.25,0.25
background/background_20260706_193101_725288_0046_06.npy,background,background/background_20260706_193101_725288_0046.wav,6,64x26,1.5,0.25
background/background_20260706_193101_725288_0046_07.npy,background,background/background_20260706_193101_725288_0046.wav,7,64x26,1.75,0.25
background/background_20260706_193101_725288_0046_08.npy,background,background/background_20260706_193101_725288_0046.wav,8,64x26,2.0,0.25
background/background_20260706_193101_725288_0046_09.npy,background,background/background_20260706_193101_725288_0046.wav,9,64x26,2.25,0.25
background/background_20260706_193101_725288_0046_10.npy,background,background/background_20260706_193101_725288_0046.wav,10,64x26,2.5,0.25
background/background_20260706_193101_725288_0046_11.npy,background,background/background_20260706_193101_725288_0046.wav,11,64x26,2.75,0.25
background/background_20260706_193101_725288_0046_12.npy,background,background/background_20260706_193101_725288_0046.wav,12,64x26,3.0,0.25
background/background_20260706_193101_725288_0046_13.npy,background,background/background_20260706_193101_725288_0046.wav,13,64x26,3.25,0.25
background/background_20260706_193101_725288_0046_14.npy,background,background/background_20260706_193101_725288_0046.wav,14,64x26,3.5,0.25
background/background_20260706_193101_725288_0046_15.npy,background,background/background_20260706_193101_725288_0046.wav,15,64x26,3.75,0.25
background/background_20260706_193101_725288_0046_16.npy,background,background/background_20260706_193101_725288_0046.wav,16,64x26,4.0,0.25
background/background_20260706_193101_725288_0046_17.npy,background,background/background_20260706_193101_725288_0046.wav,17,64x26,4.25,0.25
background/background_20260706_193101_725288_0046_18.npy,background,background/background_20260706_193101_725288_0046.wav,18,64x26,4.5,0.25
background/background_20260706_193101_725288_0046_19.npy,background,background/background_20260706_193101_725288_0046.wav,19,64x26,4.75,0.25
background/background_20260706_193106_728036_0047_00.npy,background,background/background_20260706_193106_728036_0047.wav,0,64x26,0.0,0.25
background/background_20260706_193106_728036_0047_01.npy,background,background/background_20260706_193106_728036_0047.wav,1,64x26,0.25,0.25
background/background_20260706_193106_728036_0047_02.npy,background,background/background_20260706_193106_728036_0047.wav,2,64x26,0.5,0.25
background/background_20260706_193106_728036_0047_03.npy,background,background/background_20260706_193106_728036_0047.wav,3,64x26,0.75,0.25
background/background_20260706_193106_728036_0047_04.npy,background,background/background_20260706_193106_728036_0047.wav,4,64x26,1.0,0.25
background/background_20260706_193106_728036_0047_05.npy,background,background/background_20260706_193106_728036_0047.wav,5,64x26,1.25,0.25
background/background_20260706_193106_728036_0047_06.npy,background,background/background_20260706_193106_728036_0047.wav,6,64x26,1.5,0.25
background/background_20260706_193106_728036_0047_07.npy,background,background/background_20260706_193106_728036_0047.wav,7,64x26,1.75,0.25
background/background_20260706_193106_728036_0047_08.npy,background,background/background_20260706_193106_728036_0047.wav,8,64x26,2.0,0.25
background/background_20260706_193106_728036_0047_09.npy,background,background/background_20260706_193106_728036_0047.wav,9,64x26,2.25,0.25
background/background_20260706_193106_728036_0047_10.npy,background,background/background_20260706_193106_728036_0047.wav,10,64x26,2.5,0.25
background/background_20260706_193106_728036_0047_11.npy,background,background/background_20260706_193106_728036_0047.wav,11,64x26,2.75,0.25
background/background_20260706_193106_728036_0047_12.npy,background,background/background_20260706_193106_728036_0047.wav,12,64x26,3.0,0.25
background/background_20260706_193106_728036_0047_13.npy,background,background/background_20260706_193106_728036_0047.wav,13,64x26,3.25,0.25
background/background_20260706_193106_728036_0047_14.npy,background,background/background_20260706_193106_728036_0047.wav,14,64x26,3.5,0.25
background/background_20260706_193106_728036_0047_15.npy,background,background/background_20260706_193106_728036_0047.wav,15,64x26,3.75,0.25
background/background_20260706_193106_728036_0047_16.npy,background,background/background_20260706_193106_728036_0047.wav,16,64x26,4.0,0.25
background/background_20260706_193106_728036_0047_17.npy,background,background/background_20260706_193106_728036_0047.wav,17,64x26,4.25,0.25
background/background_20260706_193106_728036_0047_18.npy,background,background/background_20260706_193106_728036_0047.wav,18,64x26,4.5,0.25
background/background_20260706_193106_728036_0047_19.npy,background,background/background_20260706_193106_728036_0047.wav,19,64x26,4.75,0.25
background/background_20260706_193111_730965_0048_00.npy,background,background/background_20260706_193111_730965_0048.wav,0,64x26,0.0,0.25
background/background_20260706_193111_730965_0048_01.npy,background,background/background_20260706_193111_730965_0048.wav,1,64x26,0.25,0.25
background/background_20260706_193111_730965_0048_02.npy,background,background/background_20260706_193111_730965_0048.wav,2,64x26,0.5,0.25
background/background_20260706_193111_730965_0048_03.npy,background,background/background_20260706_193111_730965_0048.wav,3,64x26,0.75,0.25
background/background_20260706_193111_730965_0048_04.npy,background,background/background_20260706_193111_730965_0048.wav,4,64x26,1.0,0.25
background/background_20260706_193111_730965_0048_05.npy,background,background/background_20260706_193111_730965_0048.wav,5,64x26,1.25,0.25
background/background_20260706_193111_730965_0048_06.npy,background,background/background_20260706_193111_730965_0048.wav,6,64x26,1.5,0.25
background/background_20260706_193111_730965_0048_07.npy,background,background/background_20260706_193111_730965_0048.wav,7,64x26,1.75,0.25
background/background_20260706_193111_730965_0048_08.npy,background,background/background_20260706_193111_730965_0048.wav,8,64x26,2.0,0.25
background/background_20260706_193111_730965_0048_09.npy,background,background/background_20260706_193111_730965_0048.wav,9,64x26,2.25,0.25
background/background_20260706_193111_730965_0048_10.npy,background,background/background_20260706_193111_730965_0048.wav,10,64x26,2.5,0.25
background/background_20260706_193111_730965_0048_11.npy,background,background/background_20260706_193111_730965_0048.wav,11,64x26,2.75,0.25
background/background_20260706_193111_730965_0048_12.npy,background,background/background_20260706_193111_730965_0048.wav,12,64x26,3.0,0.25
background/background_20260706_193111_730965_0048_13.npy,background,background/background_20260706_193111_730965_0048.wav,13,64x26,3.25,0.25
background/background_20260706_193111_730965_0048_14.npy,background,background/background_20260706_193111_730965_0048.wav,14,64x26,3.5,0.25
background/background_20260706_193111_730965_0048_15.npy,background,background/background_20260706_193111_730965_0048.wav,15,64x26,3.75,0.25
background/background_20260706_193111_730965_0048_16.npy,background,background/background_20260706_193111_730965_0048.wav,16,64x26,4.0,0.25
background/background_20260706_193111_730965_0048_17.npy,background,background/background_20260706_193111_730965_0048.wav,17,64x26,4.25,0.25
background/background_20260706_193111_730965_0048_18.npy,background,background/background_20260706_193111_730965_0048.wav,18,64x26,4.5,0.25
background/background_20260706_193111_730965_0048_19.npy,background,background/background_20260706_193111_730965_0048.wav,19,64x26,4.75,0.25
background/background_20260706_193116_734049_0049_00.npy,background,background/background_20260706_193116_734049_0049.wav,0,64x26,0.0,0.25
background/background_20260706_193116_734049_0049_01.npy,background,background/background_20260706_193116_734049_0049.wav,1,64x26,0.25,0.25
background/background_20260706_193116_734049_0049_02.npy,background,background/background_20260706_193116_734049_0049.wav,2,64x26,0.5,0.25
background/background_20260706_193116_734049_0049_03.npy,background,background/background_20260706_193116_734049_0049.wav,3,64x26,0.75,0.25
background/background_20260706_193116_734049_0049_04.npy,background,background/background_20260706_193116_734049_0049.wav,4,64x26,1.0,0.25
background/background_20260706_193116_734049_0049_05.npy,background,background/background_20260706_193116_734049_0049.wav,5,64x26,1.25,0.25
background/background_20260706_193116_734049_0049_06.npy,background,background/background_20260706_193116_734049_0049.wav,6,64x26,1.5,0.25
background/background_20260706_193116_734049_0049_07.npy,background,background/background_20260706_193116_734049_0049.wav,7,64x26,1.75,0.25
background/background_20260706_193116_734049_0049_08.npy,background,background/background_20260706_193116_734049_0049.wav,8,64x26,2.0,0.25
background/background_20260706_193116_734049_0049_09.npy,background,background/background_20260706_193116_734049_0049.wav,9,64x26,2.25,0.25
background/background_20260706_193116_734049_0049_10.npy,background,background/background_20260706_193116_734049_0049.wav,10,64x26,2.5,0.25
background/background_20260706_193116_734049_0049_11.npy,background,background/background_20260706_193116_734049_0049.wav,11,64x26,2.75,0.25
background/background_20260706_193116_734049_0049_12.npy,background,background/background_20260706_193116_734049_0049.wav,12,64x26,3.0,0.25
background/background_20260706_193116_734049_0049_13.npy,background,background/background_20260706_193116_734049_0049.wav,13,64x26,3.25,0.25
background/background_20260706_193116_734049_0049_14.npy,background,background/background_20260706_193116_734049_0049.wav,14,64x26,3.5,0.25
background/background_20260706_193116_734049_0049_15.npy,background,background/background_20260706_193116_734049_0049.wav,15,64x26,3.75,0.25
background/background_20260706_193116_734049_0049_16.npy,background,background/background_20260706_193116_734049_0049.wav,16,64x26,4.0,0.25
background/background_20260706_193116_734049_0049_17.npy,background,background/background_20260706_193116_734049_0049.wav,17,64x26,4.25,0.25
background/background_20260706_193116_734049_0049_18.npy,background,background/background_20260706_193116_734049_0049.wav,18,64x26,4.5,0.25
background/background_20260706_193116_734049_0049_19.npy,background,background/background_20260706_193116_734049_0049.wav,19,64x26,4.75,0.25
background/background_20260706_193121_736934_0050_00.npy,background,background/background_20260706_193121_736934_0050.wav,0,64x26,0.0,0.25
background/background_20260706_193121_736934_0050_01.npy,background,background/background_20260706_193121_736934_0050.wav,1,64x26,0.25,0.25
background/background_20260706_193121_736934_0050_02.npy,background,background/background_20260706_193121_736934_0050.wav,2,64x26,0.5,0.25
background/background_20260706_193121_736934_0050_03.npy,background,background/background_20260706_193121_736934_0050.wav,3,64x26,0.75,0.25
background/background_20260706_193121_736934_0050_04.npy,background,background/background_20260706_193121_736934_0050.wav,4,64x26,1.0,0.25
background/background_20260706_193121_736934_0050_05.npy,background,background/background_20260706_193121_736934_0050.wav,5,64x26,1.25,0.25
background/background_20260706_193121_736934_0050_06.npy,background,background/background_20260706_193121_736934_0050.wav,6,64x26,1.5,0.25
background/background_20260706_193121_736934_0050_07.npy,background,background/background_20260706_193121_736934_0050.wav,7,64x26,1.75,0.25
background/background_20260706_193121_736934_0050_08.npy,background,background/background_20260706_193121_736934_0050.wav,8,64x26,2.0,0.25
background/background_20260706_193121_736934_0050_09.npy,background,background/background_20260706_193121_736934_0050.wav,9,64x26,2.25,0.25
background/background_20260706_193121_736934_0050_10.npy,background,background/background_20260706_193121_736934_0050.wav,10,64x26,2.5,0.25
background/background_20260706_193121_736934_0050_11.npy,background,background/background_20260706_193121_736934_0050.wav,11,64x26,2.75,0.25
background/background_20260706_193121_736934_0050_12.npy,background,background/background_20260706_193121_736934_0050.wav,12,64x26,3.0,0.25
background/background_20260706_193121_736934_0050_13.npy,background,background/background_20260706_193121_736934_0050.wav,13,64x26,3.25,0.25
background/background_20260706_193121_736934_0050_14.npy,background,background/background_20260706_193121_736934_0050.wav,14,64x26,3.5,0.25
background/background_20260706_193121_736934_0050_15.npy,background,background/background_20260706_193121_736934_0050.wav,15,64x26,3.75,0.25
background/background_20260706_193121_736934_0050_16.npy,background,background/background_20260706_193121_736934_0050.wav,16,64x26,4.0,0.25
background/background_20260706_193121_736934_0050_17.npy,background,background/background_20260706_193121_736934_0050.wav,17,64x26,4.25,0.25
background/background_20260706_193121_736934_0050_18.npy,background,background/background_20260706_193121_736934_0050.wav,18,64x26,4.5,0.25
background/background_20260706_193121_736934_0050_19.npy,background,background/background_20260706_193121_736934_0050.wav,19,64x26,4.75,0.25
background/background_20260706_193126_739887_0051_00.npy,background,background/background_20260706_193126_739887_0051.wav,0,64x26,0.0,0.25
background/background_20260706_193126_739887_0051_01.npy,background,background/background_20260706_193126_739887_0051.wav,1,64x26,0.25,0.25
background/background_20260706_193126_739887_0051_02.npy,background,background/background_20260706_193126_739887_0051.wav,2,64x26,0.5,0.25
background/background_20260706_193126_739887_0051_03.npy,background,background/background_20260706_193126_739887_0051.wav,3,64x26,0.75,0.25
background/background_20260706_193126_739887_0051_04.npy,background,background/background_20260706_193126_739887_0051.wav,4,64x26,1.0,0.25
background/background_20260706_193126_739887_0051_05.npy,background,background/background_20260706_193126_739887_0051.wav,5,64x26,1.25,0.25
background/background_20260706_193126_739887_0051_06.npy,background,background/background_20260706_193126_739887_0051.wav,6,64x26,1.5,0.25
background/background_20260706_193126_739887_0051_07.npy,background,background/background_20260706_193126_739887_0051.wav,7,64x26,1.75,0.25
background/background_20260706_193126_739887_0051_08.npy,background,background/background_20260706_193126_739887_0051.wav,8,64x26,2.0,0.25
background/background_20260706_193126_739887_0051_09.npy,background,background/background_20260706_193126_739887_0051.wav,9,64x26,2.25,0.25
background/background_20260706_193126_739887_0051_10.npy,background,background/background_20260706_193126_739887_0051.wav,10,64x26,2.5,0.25
background/background_20260706_193126_739887_0051_11.npy,background,background/background_20260706_193126_739887_0051.wav,11,64x26,2.75,0.25
background/background_20260706_193126_739887_0051_12.npy,background,background/background_20260706_193126_739887_0051.wav,12,64x26,3.0,0.25
background/background_20260706_193126_739887_0051_13.npy,background,background/background_20260706_193126_739887_0051.wav,13,64x26,3.25,0.25
background/background_20260706_193126_739887_0051_14.npy,background,background/background_20260706_193126_739887_0051.wav,14,64x26,3.5,0.25
background/background_20260706_193126_739887_0051_15.npy,background,background/background_20260706_193126_739887_0051.wav,15,64x26,3.75,0.25
background/background_20260706_193126_739887_0051_16.npy,background,background/background_20260706_193126_739887_0051.wav,16,64x26,4.0,0.25
background/background_20260706_193126_739887_0051_17.npy,background,background/background_20260706_193126_739887_0051.wav,17,64x26,4.25,0.25
background/background_20260706_193126_739887_0051_18.npy,background,background/background_20260706_193126_739887_0051.wav,18,64x26,4.5,0.25
background/background_20260706_193126_739887_0051_19.npy,background,background/background_20260706_193126_739887_0051.wav,19,64x26,4.75,0.25
background/background_20260706_193131_742632_0052_00.npy,background,background/background_20260706_193131_742632_0052.wav,0,64x26,0.0,0.25
background/background_20260706_193131_742632_0052_01.npy,background,background/background_20260706_193131_742632_0052.wav,1,64x26,0.25,0.25
background/background_20260706_193131_742632_0052_02.npy,background,background/background_20260706_193131_742632_0052.wav,2,64x26,0.5,0.25
background/background_20260706_193131_742632_0052_03.npy,background,background/background_20260706_193131_742632_0052.wav,3,64x26,0.75,0.25
background/background_20260706_193131_742632_0052_04.npy,background,background/background_20260706_193131_742632_0052.wav,4,64x26,1.0,0.25
background/background_20260706_193131_742632_0052_05.npy,background,background/background_20260706_193131_742632_0052.wav,5,64x26,1.25,0.25
background/background_20260706_193131_742632_0052_06.npy,background,background/background_20260706_193131_742632_0052.wav,6,64x26,1.5,0.25
background/background_20260706_193131_742632_0052_07.npy,background,background/background_20260706_193131_742632_0052.wav,7,64x26,1.75,0.25
background/background_20260706_193131_742632_0052_08.npy,background,background/background_20260706_193131_742632_0052.wav,8,64x26,2.0,0.25
background/background_20260706_193131_742632_0052_09.npy,background,background/background_20260706_193131_742632_0052.wav,9,64x26,2.25,0.25
background/background_20260706_193131_742632_0052_10.npy,background,background/background_20260706_193131_742632_0052.wav,10,64x26,2.5,0.25
background/background_20260706_193131_742632_0052_11.npy,background,background/background_20260706_193131_742632_0052.wav,11,64x26,2.75,0.25
background/background_20260706_193131_742632_0052_12.npy,background,background/background_20260706_193131_742632_0052.wav,12,64x26,3.0,0.25
background/background_20260706_193131_742632_0052_13.npy,background,background/background_20260706_193131_742632_0052.wav,13,64x26,3.25,0.25
background/background_20260706_193131_742632_0052_14.npy,background,background/background_20260706_193131_742632_0052.wav,14,64x26,3.5,0.25
background/background_20260706_193131_742632_0052_15.npy,background,background/background_20260706_193131_742632_0052.wav,15,64x26,3.75,0.25
background/background_20260706_193131_742632_0052_16.npy,background,background/background_20260706_193131_742632_0052.wav,16,64x26,4.0,0.25
background/background_20260706_193131_742632_0052_17.npy,background,background/background_20260706_193131_742632_0052.wav,17,64x26,4.25,0.25
background/background_20260706_193131_742632_0052_18.npy,background,background/background_20260706_193131_742632_0052.wav,18,64x26,4.5,0.25
background/background_20260706_193131_742632_0052_19.npy,background,background/background_20260706_193131_742632_0052.wav,19,64x26,4.75,0.25
background/background_20260706_193136_745569_0053_00.npy,background,background/background_20260706_193136_745569_0053.wav,0,64x26,0.0,0.25
background/background_20260706_193136_745569_0053_01.npy,background,background/background_20260706_193136_745569_0053.wav,1,64x26,0.25,0.25
background/background_20260706_193136_745569_0053_02.npy,background,background/background_20260706_193136_745569_0053.wav,2,64x26,0.5,0.25
background/background_20260706_193136_745569_0053_03.npy,background,background/background_20260706_193136_745569_0053.wav,3,64x26,0.75,0.25
background/background_20260706_193136_745569_0053_04.npy,background,background/background_20260706_193136_745569_0053.wav,4,64x26,1.0,0.25
background/background_20260706_193136_745569_0053_05.npy,background,background/background_20260706_193136_745569_0053.wav,5,64x26,1.25,0.25
background/background_20260706_193136_745569_0053_06.npy,background,background/background_20260706_193136_745569_0053.wav,6,64x26,1.5,0.25
background/background_20260706_193136_745569_0053_07.npy,background,background/background_20260706_193136_745569_0053.wav,7,64x26,1.75,0.25
background/background_20260706_193136_745569_0053_08.npy,background,background/background_20260706_193136_745569_0053.wav,8,64x26,2.0,0.25
background/background_20260706_193136_745569_0053_09.npy,background,background/background_20260706_193136_745569_0053.wav,9,64x26,2.25,0.25
background/background_20260706_193136_745569_0053_10.npy,background,background/background_20260706_193136_745569_0053.wav,10,64x26,2.5,0.25
background/background_20260706_193136_745569_0053_11.npy,background,background/background_20260706_193136_745569_0053.wav,11,64x26,2.75,0.25
background/background_20260706_193136_745569_0053_12.npy,background,background/background_20260706_193136_745569_0053.wav,12,64x26,3.0,0.25
background/background_20260706_193136_745569_0053_13.npy,background,background/background_20260706_193136_745569_0053.wav,13,64x26,3.25,0.25
background/background_20260706_193136_745569_0053_14.npy,background,background/background_20260706_193136_745569_0053.wav,14,64x26,3.5,0.25
background/background_20260706_193136_745569_0053_15.npy,background,background/background_20260706_193136_745569_0053.wav,15,64x26,3.75,0.25
background/background_20260706_193136_745569_0053_16.npy,background,background/background_20260706_193136_745569_0053.wav,16,64x26,4.0,0.25
background/background_20260706_193136_745569_0053_17.npy,background,background/background_20260706_193136_745569_0053.wav,17,64x26,4.25,0.25
background/background_20260706_193136_745569_0053_18.npy,background,background/background_20260706_193136_745569_0053.wav,18,64x26,4.5,0.25
background/background_20260706_193136_745569_0053_19.npy,background,background/background_20260706_193136_745569_0053.wav,19,64x26,4.75,0.25
background/background_20260706_193141_748654_0054_00.npy,background,background/background_20260706_193141_748654_0054.wav,0,64x26,0.0,0.25
background/background_20260706_193141_748654_0054_01.npy,background,background/background_20260706_193141_748654_0054.wav,1,64x26,0.25,0.25
background/background_20260706_193141_748654_0054_02.npy,background,background/background_20260706_193141_748654_0054.wav,2,64x26,0.5,0.25
background/background_20260706_193141_748654_0054_03.npy,background,background/background_20260706_193141_748654_0054.wav,3,64x26,0.75,0.25
background/background_20260706_193141_748654_0054_04.npy,background,background/background_20260706_193141_748654_0054.wav,4,64x26,1.0,0.25
background/background_20260706_193141_748654_0054_05.npy,background,background/background_20260706_193141_748654_0054.wav,5,64x26,1.25,0.25
background/background_20260706_193141_748654_0054_06.npy,background,background/background_20260706_193141_748654_0054.wav,6,64x26,1.5,0.25
background/background_20260706_193141_748654_0054_07.npy,background,background/background_20260706_193141_748654_0054.wav,7,64x26,1.75,0.25
background/background_20260706_193141_748654_0054_08.npy,background,background/background_20260706_193141_748654_0054.wav,8,64x26,2.0,0.25
background/background_20260706_193141_748654_0054_09.npy,background,background/background_20260706_193141_748654_0054.wav,9,64x26,2.25,0.25
background/background_20260706_193141_748654_0054_10.npy,background,background/background_20260706_193141_748654_0054.wav,10,64x26,2.5,0.25
background/background_20260706_193141_748654_0054_11.npy,background,background/background_20260706_193141_748654_0054.wav,11,64x26,2.75,0.25
background/background_20260706_193141_748654_0054_12.npy,background,background/background_20260706_193141_748654_0054.wav,12,64x26,3.0,0.25
background/background_20260706_193141_748654_0054_13.npy,background,background/background_20260706_193141_748654_0054.wav,13,64x26,3.25,0.25
background/background_20260706_193141_748654_0054_14.npy,background,background/background_20260706_193141_748654_0054.wav,14,64x26,3.5,0.25
background/background_20260706_193141_748654_0054_15.npy,background,background/background_20260706_193141_748654_0054.wav,15,64x26,3.75,0.25
background/background_20260706_193141_748654_0054_16.npy,background,background/background_20260706_193141_748654_0054.wav,16,64x26,4.0,0.25
background/background_20260706_193141_748654_0054_17.npy,background,background/background_20260706_193141_748654_0054.wav,17,64x26,4.25,0.25
background/background_20260706_193141_748654_0054_18.npy,background,background/background_20260706_193141_748654_0054.wav,18,64x26,4.5,0.25
background/background_20260706_193141_748654_0054_19.npy,background,background/background_20260706_193141_748654_0054.wav,19,64x26,4.75,0.25
background/background_20260706_193146_751397_0055_00.npy,background,background/background_20260706_193146_751397_0055.wav,0,64x26,0.0,0.25
background/background_20260706_193146_751397_0055_01.npy,background,background/background_20260706_193146_751397_0055.wav,1,64x26,0.25,0.25
background/background_20260706_193146_751397_0055_02.npy,background,background/background_20260706_193146_751397_0055.wav,2,64x26,0.5,0.25
background/background_20260706_193146_751397_0055_03.npy,background,background/background_20260706_193146_751397_0055.wav,3,64x26,0.75,0.25
background/background_20260706_193146_751397_0055_04.npy,background,background/background_20260706_193146_751397_0055.wav,4,64x26,1.0,0.25
background/background_20260706_193146_751397_0055_05.npy,background,background/background_20260706_193146_751397_0055.wav,5,64x26,1.25,0.25
background/background_20260706_193146_751397_0055_06.npy,background,background/background_20260706_193146_751397_0055.wav,6,64x26,1.5,0.25
background/background_20260706_193146_751397_0055_07.npy,background,background/background_20260706_193146_751397_0055.wav,7,64x26,1.75,0.25
background/background_20260706_193146_751397_0055_08.npy,background,background/background_20260706_193146_751397_0055.wav,8,64x26,2.0,0.25
background/background_20260706_193146_751397_0055_09.npy,background,background/background_20260706_193146_751397_0055.wav,9,64x26,2.25,0.25
background/background_20260706_193146_751397_0055_10.npy,background,background/background_20260706_193146_751397_0055.wav,10,64x26,2.5,0.25
background/background_20260706_193146_751397_0055_11.npy,background,background/background_20260706_193146_751397_0055.wav,11,64x26,2.75,0.25
background/background_20260706_193146_751397_0055_12.npy,background,background/background_20260706_193146_751397_0055.wav,12,64x26,3.0,0.25
background/background_20260706_193146_751397_0055_13.npy,background,background/background_20260706_193146_751397_0055.wav,13,64x26,3.25,0.25
background/background_20260706_193146_751397_0055_14.npy,background,background/background_20260706_193146_751397_0055.wav,14,64x26,3.5,0.25
background/background_20260706_193146_751397_0055_15.npy,background,background/background_20260706_193146_751397_0055.wav,15,64x26,3.75,0.25
background/background_20260706_193146_751397_0055_16.npy,background,background/background_20260706_193146_751397_0055.wav,16,64x26,4.0,0.25
background/background_20260706_193146_751397_0055_17.npy,background,background/background_20260706_193146_751397_0055.wav,17,64x26,4.25,0.25
background/background_20260706_193146_751397_0055_18.npy,background,background/background_20260706_193146_751397_0055.wav,18,64x26,4.5,0.25
background/background_20260706_193146_751397_0055_19.npy,background,background/background_20260706_193146_751397_0055.wav,19,64x26,4.75,0.25
background/background_20260706_193930_975772_0000_00.npy,background,background/background_20260706_193930_975772_0000.wav,0,64x26,0.0,0.25
background/background_20260706_193930_975772_0000_01.npy,background,background/background_20260706_193930_975772_0000.wav,1,64x26,0.25,0.25
background/background_20260706_193930_975772_0000_02.npy,background,background/background_20260706_193930_975772_0000.wav,2,64x26,0.5,0.25
background/background_20260706_193930_975772_0000_03.npy,background,background/background_20260706_193930_975772_0000.wav,3,64x26,0.75,0.25
background/background_20260706_193930_975772_0000_04.npy,background,background/background_20260706_193930_975772_0000.wav,4,64x26,1.0,0.25
background/background_20260706_193930_975772_0000_05.npy,background,background/background_20260706_193930_975772_0000.wav,5,64x26,1.25,0.25
background/background_20260706_193930_975772_0000_06.npy,background,background/background_20260706_193930_975772_0000.wav,6,64x26,1.5,0.25
background/background_20260706_193930_975772_0000_07.npy,background,background/background_20260706_193930_975772_0000.wav,7,64x26,1.75,0.25
background/background_20260706_193930_975772_0000_08.npy,background,background/background_20260706_193930_975772_0000.wav,8,64x26,2.0,0.25
background/background_20260706_193930_975772_0000_09.npy,background,background/background_20260706_193930_975772_0000.wav,9,64x26,2.25,0.25
background/background_20260706_193930_975772_0000_10.npy,background,background/background_20260706_193930_975772_0000.wav,10,64x26,2.5,0.25
background/background_20260706_193930_975772_0000_11.npy,background,background/background_20260706_193930_975772_0000.wav,11,64x26,2.75,0.25
background/background_20260706_193930_975772_0000_12.npy,background,background/background_20260706_193930_975772_0000.wav,12,64x26,3.0,0.25
background/background_20260706_193930_975772_0000_13.npy,background,background/background_20260706_193930_975772_0000.wav,13,64x26,3.25,0.25
background/background_20260706_193930_975772_0000_14.npy,background,background/background_20260706_193930_975772_0000.wav,14,64x26,3.5,0.25
background/background_20260706_193930_975772_0000_15.npy,background,background/background_20260706_193930_975772_0000.wav,15,64x26,3.75,0.25
background/background_20260706_193930_975772_0000_16.npy,background,background/background_20260706_193930_975772_0000.wav,16,64x26,4.0,0.25
background/background_20260706_193930_975772_0000_17.npy,background,background/background_20260706_193930_975772_0000.wav,17,64x26,4.25,0.25
background/background_20260706_193930_975772_0000_18.npy,background,background/background_20260706_193930_975772_0000.wav,18,64x26,4.5,0.25
background/background_20260706_193930_975772_0000_19.npy,background,background/background_20260706_193930_975772_0000.wav,19,64x26,4.75,0.25
background/background_20260706_193935_978662_0001_00.npy,background,background/background_20260706_193935_978662_0001.wav,0,64x26,0.0,0.25
background/background_20260706_193935_978662_0001_01.npy,background,background/background_20260706_193935_978662_0001.wav,1,64x26,0.25,0.25
background/background_20260706_193935_978662_0001_02.npy,background,background/background_20260706_193935_978662_0001.wav,2,64x26,0.5,0.25
background/background_20260706_193935_978662_0001_03.npy,background,background/background_20260706_193935_978662_0001.wav,3,64x26,0.75,0.25
background/background_20260706_193935_978662_0001_04.npy,background,background/background_20260706_193935_978662_0001.wav,4,64x26,1.0,0.25
background/background_20260706_193935_978662_0001_05.npy,background,background/background_20260706_193935_978662_0001.wav,5,64x26,1.25,0.25
background/background_20260706_193935_978662_0001_06.npy,background,background/background_20260706_193935_978662_0001.wav,6,64x26,1.5,0.25
background/background_20260706_193935_978662_0001_07.npy,background,background/background_20260706_193935_978662_0001.wav,7,64x26,1.75,0.25
background/background_20260706_193935_978662_0001_08.npy,background,background/background_20260706_193935_978662_0001.wav,8,64x26,2.0,0.25
background/background_20260706_193935_978662_0001_09.npy,background,background/background_20260706_193935_978662_0001.wav,9,64x26,2.25,0.25
background/background_20260706_193935_978662_0001_10.npy,background,background/background_20260706_193935_978662_0001.wav,10,64x26,2.5,0.25
background/background_20260706_193935_978662_0001_11.npy,background,background/background_20260706_193935_978662_0001.wav,11,64x26,2.75,0.25
background/background_20260706_193935_978662_0001_12.npy,background,background/background_20260706_193935_978662_0001.wav,12,64x26,3.0,0.25
background/background_20260706_193935_978662_0001_13.npy,background,background/background_20260706_193935_978662_0001.wav,13,64x26,3.25,0.25
background/background_20260706_193935_978662_0001_14.npy,background,background/background_20260706_193935_978662_0001.wav,14,64x26,3.5,0.25
background/background_20260706_193935_978662_0001_15.npy,background,background/background_20260706_193935_978662_0001.wav,15,64x26,3.75,0.25
background/background_20260706_193935_978662_0001_16.npy,background,background/background_20260706_193935_978662_0001.wav,16,64x26,4.0,0.25
background/background_20260706_193935_978662_0001_17.npy,background,background/background_20260706_193935_978662_0001.wav,17,64x26,4.25,0.25
background/background_20260706_193935_978662_0001_18.npy,background,background/background_20260706_193935_978662_0001.wav,18,64x26,4.5,0.25
background/background_20260706_193935_978662_0001_19.npy,background,background/background_20260706_193935_978662_0001.wav,19,64x26,4.75,0.25
background/background_20260706_193940_981732_0002_00.npy,background,background/background_20260706_193940_981732_0002.wav,0,64x26,0.0,0.25
background/background_20260706_193940_981732_0002_01.npy,background,background/background_20260706_193940_981732_0002.wav,1,64x26,0.25,0.25
background/background_20260706_193940_981732_0002_02.npy,background,background/background_20260706_193940_981732_0002.wav,2,64x26,0.5,0.25
background/background_20260706_193940_981732_0002_03.npy,background,background/background_20260706_193940_981732_0002.wav,3,64x26,0.75,0.25
background/background_20260706_193940_981732_0002_04.npy,background,background/background_20260706_193940_981732_0002.wav,4,64x26,1.0,0.25
background/background_20260706_193940_981732_0002_05.npy,background,background/background_20260706_193940_981732_0002.wav,5,64x26,1.25,0.25
background/background_20260706_193940_981732_0002_06.npy,background,background/background_20260706_193940_981732_0002.wav,6,64x26,1.5,0.25
background/background_20260706_193940_981732_0002_07.npy,background,background/background_20260706_193940_981732_0002.wav,7,64x26,1.75,0.25
background/background_20260706_193940_981732_0002_08.npy,background,background/background_20260706_193940_981732_0002.wav,8,64x26,2.0,0.25
background/background_20260706_193940_981732_0002_09.npy,background,background/background_20260706_193940_981732_0002.wav,9,64x26,2.25,0.25
background/background_20260706_193940_981732_0002_10.npy,background,background/background_20260706_193940_981732_0002.wav,10,64x26,2.5,0.25
background/background_20260706_193940_981732_0002_11.npy,background,background/background_20260706_193940_981732_0002.wav,11,64x26,2.75,0.25
background/background_20260706_193940_981732_0002_12.npy,background,background/background_20260706_193940_981732_0002.wav,12,64x26,3.0,0.25
background/background_20260706_193940_981732_0002_13.npy,background,background/background_20260706_193940_981732_0002.wav,13,64x26,3.25,0.25
background/background_20260706_193940_981732_0002_14.npy,background,background/background_20260706_193940_981732_0002.wav,14,64x26,3.5,0.25
background/background_20260706_193940_981732_0002_15.npy,background,background/background_20260706_193940_981732_0002.wav,15,64x26,3.75,0.25
background/background_20260706_193940_981732_0002_16.npy,background,background/background_20260706_193940_981732_0002.wav,16,64x26,4.0,0.25
background/background_20260706_193940_981732_0002_17.npy,background,background/background_20260706_193940_981732_0002.wav,17,64x26,4.25,0.25
background/background_20260706_193940_981732_0002_18.npy,background,background/background_20260706_193940_981732_0002.wav,18,64x26,4.5,0.25
background/background_20260706_193940_981732_0002_19.npy,background,background/background_20260706_193940_981732_0002.wav,19,64x26,4.75,0.25
background/background_20260706_193945_984815_0003_00.npy,background,background/background_20260706_193945_984815_0003.wav,0,64x26,0.0,0.25
background/background_20260706_193945_984815_0003_01.npy,background,background/background_20260706_193945_984815_0003.wav,1,64x26,0.25,0.25
background/background_20260706_193945_984815_0003_02.npy,background,background/background_20260706_193945_984815_0003.wav,2,64x26,0.5,0.25
background/background_20260706_193945_984815_0003_03.npy,background,background/background_20260706_193945_984815_0003.wav,3,64x26,0.75,0.25
background/background_20260706_193945_984815_0003_04.npy,background,background/background_20260706_193945_984815_0003.wav,4,64x26,1.0,0.25
background/background_20260706_193945_984815_0003_05.npy,background,background/background_20260706_193945_984815_0003.wav,5,64x26,1.25,0.25
background/background_20260706_193945_984815_0003_06.npy,background,background/background_20260706_193945_984815_0003.wav,6,64x26,1.5,0.25
background/background_20260706_193945_984815_0003_07.npy,background,background/background_20260706_193945_984815_0003.wav,7,64x26,1.75,0.25
background/background_20260706_193945_984815_0003_08.npy,background,background/background_20260706_193945_984815_0003.wav,8,64x26,2.0,0.25
background/background_20260706_193945_984815_0003_09.npy,background,background/background_20260706_193945_984815_0003.wav,9,64x26,2.25,0.25
background/background_20260706_193945_984815_0003_10.npy,background,background/background_20260706_193945_984815_0003.wav,10,64x26,2.5,0.25
background/background_20260706_193945_984815_0003_11.npy,background,background/background_20260706_193945_984815_0003.wav,11,64x26,2.75,0.25
background/background_20260706_193945_984815_0003_12.npy,background,background/background_20260706_193945_984815_0003.wav,12,64x26,3.0,0.25
background/background_20260706_193945_984815_0003_13.npy,background,background/background_20260706_193945_984815_0003.wav,13,64x26,3.25,0.25
background/background_20260706_193945_984815_0003_14.npy,background,background/background_20260706_193945_984815_0003.wav,14,64x26,3.5,0.25
background/background_20260706_193945_984815_0003_15.npy,background,background/background_20260706_193945_984815_0003.wav,15,64x26,3.75,0.25
background/background_20260706_193945_984815_0003_16.npy,background,background/background_20260706_193945_984815_0003.wav,16,64x26,4.0,0.25
background/background_20260706_193945_984815_0003_17.npy,background,background/background_20260706_193945_984815_0003.wav,17,64x26,4.25,0.25
background/background_20260706_193945_984815_0003_18.npy,background,background/background_20260706_193945_984815_0003.wav,18,64x26,4.5,0.25
background/background_20260706_193945_984815_0003_19.npy,background,background/background_20260706_193945_984815_0003.wav,19,64x26,4.75,0.25
background/background_20260706_193950_987800_0004_00.npy,background,background/background_20260706_193950_987800_0004.wav,0,64x26,0.0,0.25
background/background_20260706_193950_987800_0004_01.npy,background,background/background_20260706_193950_987800_0004.wav,1,64x26,0.25,0.25
background/background_20260706_193950_987800_0004_02.npy,background,background/background_20260706_193950_987800_0004.wav,2,64x26,0.5,0.25
background/background_20260706_193950_987800_0004_03.npy,background,background/background_20260706_193950_987800_0004.wav,3,64x26,0.75,0.25
background/background_20260706_193950_987800_0004_04.npy,background,background/background_20260706_193950_987800_0004.wav,4,64x26,1.0,0.25
background/background_20260706_193950_987800_0004_05.npy,background,background/background_20260706_193950_987800_0004.wav,5,64x26,1.25,0.25
background/background_20260706_193950_987800_0004_06.npy,background,background/background_20260706_193950_987800_0004.wav,6,64x26,1.5,0.25
background/background_20260706_193950_987800_0004_07.npy,background,background/background_20260706_193950_987800_0004.wav,7,64x26,1.75,0.25
background/background_20260706_193950_987800_0004_08.npy,background,background/background_20260706_193950_987800_0004.wav,8,64x26,2.0,0.25
background/background_20260706_193950_987800_0004_09.npy,background,background/background_20260706_193950_987800_0004.wav,9,64x26,2.25,0.25
background/background_20260706_193950_987800_0004_10.npy,background,background/background_20260706_193950_987800_0004.wav,10,64x26,2.5,0.25
background/background_20260706_193950_987800_0004_11.npy,background,background/background_20260706_193950_987800_0004.wav,11,64x26,2.75,0.25
background/background_20260706_193950_987800_0004_12.npy,background,background/background_20260706_193950_987800_0004.wav,12,64x26,3.0,0.25
background/background_20260706_193950_987800_0004_13.npy,background,background/background_20260706_193950_987800_0004.wav,13,64x26,3.25,0.25
background/background_20260706_193950_987800_0004_14.npy,background,background/background_20260706_193950_987800_0004.wav,14,64x26,3.5,0.25
background/background_20260706_193950_987800_0004_15.npy,background,background/background_20260706_193950_987800_0004.wav,15,64x26,3.75,0.25
background/background_20260706_193950_987800_0004_16.npy,background,background/background_20260706_193950_987800_0004.wav,16,64x26,4.0,0.25
background/background_20260706_193950_987800_0004_17.npy,background,background/background_20260706_193950_987800_0004.wav,17,64x26,4.25,0.25
background/background_20260706_193950_987800_0004_18.npy,background,background/background_20260706_193950_987800_0004.wav,18,64x26,4.5,0.25
background/background_20260706_193950_987800_0004_19.npy,background,background/background_20260706_193950_987800_0004.wav,19,64x26,4.75,0.25
background/background_20260706_193955_990859_0005_00.npy,background,background/background_20260706_193955_990859_0005.wav,0,64x26,0.0,0.25
background/background_20260706_193955_990859_0005_01.npy,background,background/background_20260706_193955_990859_0005.wav,1,64x26,0.25,0.25
background/background_20260706_193955_990859_0005_02.npy,background,background/background_20260706_193955_990859_0005.wav,2,64x26,0.5,0.25
background/background_20260706_193955_990859_0005_03.npy,background,background/background_20260706_193955_990859_0005.wav,3,64x26,0.75,0.25
background/background_20260706_193955_990859_0005_04.npy,background,background/background_20260706_193955_990859_0005.wav,4,64x26,1.0,0.25
background/background_20260706_193955_990859_0005_05.npy,background,background/background_20260706_193955_990859_0005.wav,5,64x26,1.25,0.25
background/background_20260706_193955_990859_0005_06.npy,background,background/background_20260706_193955_990859_0005.wav,6,64x26,1.5,0.25
background/background_20260706_193955_990859_0005_07.npy,background,background/background_20260706_193955_990859_0005.wav,7,64x26,1.75,0.25
background/background_20260706_193955_990859_0005_08.npy,background,background/background_20260706_193955_990859_0005.wav,8,64x26,2.0,0.25
background/background_20260706_193955_990859_0005_09.npy,background,background/background_20260706_193955_990859_0005.wav,9,64x26,2.25,0.25
background/background_20260706_193955_990859_0005_10.npy,background,background/background_20260706_193955_990859_0005.wav,10,64x26,2.5,0.25
background/background_20260706_193955_990859_0005_11.npy,background,background/background_20260706_193955_990859_0005.wav,11,64x26,2.75,0.25
background/background_20260706_193955_990859_0005_12.npy,background,background/background_20260706_193955_990859_0005.wav,12,64x26,3.0,0.25
background/background_20260706_193955_990859_0005_13.npy,background,background/background_20260706_193955_990859_0005.wav,13,64x26,3.25,0.25
background/background_20260706_193955_990859_0005_14.npy,background,background/background_20260706_193955_990859_0005.wav,14,64x26,3.5,0.25
background/background_20260706_193955_990859_0005_15.npy,background,background/background_20260706_193955_990859_0005.wav,15,64x26,3.75,0.25
background/background_20260706_193955_990859_0005_16.npy,background,background/background_20260706_193955_990859_0005.wav,16,64x26,4.0,0.25
background/background_20260706_193955_990859_0005_17.npy,background,background/background_20260706_193955_990859_0005.wav,17,64x26,4.25,0.25
background/background_20260706_193955_990859_0005_18.npy,background,background/background_20260706_193955_990859_0005.wav,18,64x26,4.5,0.25
background/background_20260706_193955_990859_0005_19.npy,background,background/background_20260706_193955_990859_0005.wav,19,64x26,4.75,0.25
background/background_20260706_194000_993933_0006_00.npy,background,background/background_20260706_194000_993933_0006.wav,0,64x26,0.0,0.25
background/background_20260706_194000_993933_0006_01.npy,background,background/background_20260706_194000_993933_0006.wav,1,64x26,0.25,0.25
background/background_20260706_194000_993933_0006_02.npy,background,background/background_20260706_194000_993933_0006.wav,2,64x26,0.5,0.25
background/background_20260706_194000_993933_0006_03.npy,background,background/background_20260706_194000_993933_0006.wav,3,64x26,0.75,0.25
background/background_20260706_194000_993933_0006_04.npy,background,background/background_20260706_194000_993933_0006.wav,4,64x26,1.0,0.25
background/background_20260706_194000_993933_0006_05.npy,background,background/background_20260706_194000_993933_0006.wav,5,64x26,1.25,0.25
background/background_20260706_194000_993933_0006_06.npy,background,background/background_20260706_194000_993933_0006.wav,6,64x26,1.5,0.25
background/background_20260706_194000_993933_0006_07.npy,background,background/background_20260706_194000_993933_0006.wav,7,64x26,1.75,0.25
background/background_20260706_194000_993933_0006_08.npy,background,background/background_20260706_194000_993933_0006.wav,8,64x26,2.0,0.25
background/background_20260706_194000_993933_0006_09.npy,background,background/background_20260706_194000_993933_0006.wav,9,64x26,2.25,0.25
background/background_20260706_194000_993933_0006_10.npy,background,background/background_20260706_194000_993933_0006.wav,10,64x26,2.5,0.25
background/background_20260706_194000_993933_0006_11.npy,background,background/background_20260706_194000_993933_0006.wav,11,64x26,2.75,0.25
background/background_20260706_194000_993933_0006_12.npy,background,background/background_20260706_194000_993933_0006.wav,12,64x26,3.0,0.25
background/background_20260706_194000_993933_0006_13.npy,background,background/background_20260706_194000_993933_0006.wav,13,64x26,3.25,0.25
background/background_20260706_194000_993933_0006_14.npy,background,background/background_20260706_194000_993933_0006.wav,14,64x26,3.5,0.25
background/background_20260706_194000_993933_0006_15.npy,background,background/background_20260706_194000_993933_0006.wav,15,64x26,3.75,0.25
background/background_20260706_194000_993933_0006_16.npy,background,background/background_20260706_194000_993933_0006.wav,16,64x26,4.0,0.25
background/background_20260706_194000_993933_0006_17.npy,background,background/background_20260706_194000_993933_0006.wav,17,64x26,4.25,0.25
background/background_20260706_194000_993933_0006_18.npy,background,background/background_20260706_194000_993933_0006.wav,18,64x26,4.5,0.25
background/background_20260706_194000_993933_0006_19.npy,background,background/background_20260706_194000_993933_0006.wav,19,64x26,4.75,0.25
background/background_20260706_194005_997119_0007_00.npy,background,background/background_20260706_194005_997119_0007.wav,0,64x26,0.0,0.25
background/background_20260706_194005_997119_0007_01.npy,background,background/background_20260706_194005_997119_0007.wav,1,64x26,0.25,0.25
background/background_20260706_194005_997119_0007_02.npy,background,background/background_20260706_194005_997119_0007.wav,2,64x26,0.5,0.25
background/background_20260706_194005_997119_0007_03.npy,background,background/background_20260706_194005_997119_0007.wav,3,64x26,0.75,0.25
background/background_20260706_194005_997119_0007_04.npy,background,background/background_20260706_194005_997119_0007.wav,4,64x26,1.0,0.25
background/background_20260706_194005_997119_0007_05.npy,background,background/background_20260706_194005_997119_0007.wav,5,64x26,1.25,0.25
background/background_20260706_194005_997119_0007_06.npy,background,background/background_20260706_194005_997119_0007.wav,6,64x26,1.5,0.25
background/background_20260706_194005_997119_0007_07.npy,background,background/background_20260706_194005_997119_0007.wav,7,64x26,1.75,0.25
background/background_20260706_194005_997119_0007_08.npy,background,background/background_20260706_194005_997119_0007.wav,8,64x26,2.0,0.25
background/background_20260706_194005_997119_0007_09.npy,background,background/background_20260706_194005_997119_0007.wav,9,64x26,2.25,0.25
background/background_20260706_194005_997119_0007_10.npy,background,background/background_20260706_194005_997119_0007.wav,10,64x26,2.5,0.25
background/background_20260706_194005_997119_0007_11.npy,background,background/background_20260706_194005_997119_0007.wav,11,64x26,2.75,0.25
background/background_20260706_194005_997119_0007_12.npy,background,background/background_20260706_194005_997119_0007.wav,12,64x26,3.0,0.25
background/background_20260706_194005_997119_0007_13.npy,background,background/background_20260706_194005_997119_0007.wav,13,64x26,3.25,0.25
background/background_20260706_194005_997119_0007_14.npy,background,background/background_20260706_194005_997119_0007.wav,14,64x26,3.5,0.25
background/background_20260706_194005_997119_0007_15.npy,background,background/background_20260706_194005_997119_0007.wav,15,64x26,3.75,0.25
background/background_20260706_194005_997119_0007_16.npy,background,background/background_20260706_194005_997119_0007.wav,16,64x26,4.0,0.25
background/background_20260706_194005_997119_0007_17.npy,background,background/background_20260706_194005_997119_0007.wav,17,64x26,4.25,0.25
background/background_20260706_194005_997119_0007_18.npy,background,background/background_20260706_194005_997119_0007.wav,18,64x26,4.5,0.25
background/background_20260706_194005_997119_0007_19.npy,background,background/background_20260706_194005_997119_0007.wav,19,64x26,4.75,0.25
background/background_20260706_194011_000035_0008_00.npy,background,background/background_20260706_194011_000035_0008.wav,0,64x26,0.0,0.25
background/background_20260706_194011_000035_0008_01.npy,background,background/background_20260706_194011_000035_0008.wav,1,64x26,0.25,0.25
background/background_20260706_194011_000035_0008_02.npy,background,background/background_20260706_194011_000035_0008.wav,2,64x26,0.5,0.25
background/background_20260706_194011_000035_0008_03.npy,background,background/background_20260706_194011_000035_0008.wav,3,64x26,0.75,0.25
background/background_20260706_194011_000035_0008_04.npy,background,background/background_20260706_194011_000035_0008.wav,4,64x26,1.0,0.25
background/background_20260706_194011_000035_0008_05.npy,background,background/background_20260706_194011_000035_0008.wav,5,64x26,1.25,0.25
background/background_20260706_194011_000035_0008_06.npy,background,background/background_20260706_194011_000035_0008.wav,6,64x26,1.5,0.25
background/background_20260706_194011_000035_0008_07.npy,background,background/background_20260706_194011_000035_0008.wav,7,64x26,1.75,0.25
background/background_20260706_194011_000035_0008_08.npy,background,background/background_20260706_194011_000035_0008.wav,8,64x26,2.0,0.25
background/background_20260706_194011_000035_0008_09.npy,background,background/background_20260706_194011_000035_0008.wav,9,64x26,2.25,0.25
background/background_20260706_194011_000035_0008_10.npy,background,background/background_20260706_194011_000035_0008.wav,10,64x26,2.5,0.25
background/background_20260706_194011_000035_0008_11.npy,background,background/background_20260706_194011_000035_0008.wav,11,64x26,2.75,0.25
background/background_20260706_194011_000035_0008_12.npy,background,background/background_20260706_194011_000035_0008.wav,12,64x26,3.0,0.25
background/background_20260706_194011_000035_0008_13.npy,background,background/background_20260706_194011_000035_0008.wav,13,64x26,3.25,0.25
background/background_20260706_194011_000035_0008_14.npy,background,background/background_20260706_194011_000035_0008.wav,14,64x26,3.5,0.25
background/background_20260706_194011_000035_0008_15.npy,background,background/background_20260706_194011_000035_0008.wav,15,64x26,3.75,0.25
background/background_20260706_194011_000035_0008_16.npy,background,background/background_20260706_194011_000035_0008.wav,16,64x26,4.0,0.25
background/background_20260706_194011_000035_0008_17.npy,background,background/background_20260706_194011_000035_0008.wav,17,64x26,4.25,0.25
background/background_20260706_194011_000035_0008_18.npy,background,background/background_20260706_194011_000035_0008.wav,18,64x26,4.5,0.25
background/background_20260706_194011_000035_0008_19.npy,background,background/background_20260706_194011_000035_0008.wav,19,64x26,4.75,0.25
background/background_20260706_194016_003000_0009_00.npy,background,background/background_20260706_194016_003000_0009.wav,0,64x26,0.0,0.25
background/background_20260706_194016_003000_0009_01.npy,background,background/background_20260706_194016_003000_0009.wav,1,64x26,0.25,0.25
background/background_20260706_194016_003000_0009_02.npy,background,background/background_20260706_194016_003000_0009.wav,2,64x26,0.5,0.25
background/background_20260706_194016_003000_0009_03.npy,background,background/background_20260706_194016_003000_0009.wav,3,64x26,0.75,0.25
background/background_20260706_194016_003000_0009_04.npy,background,background/background_20260706_194016_003000_0009.wav,4,64x26,1.0,0.25
background/background_20260706_194016_003000_0009_05.npy,background,background/background_20260706_194016_003000_0009.wav,5,64x26,1.25,0.25
background/background_20260706_194016_003000_0009_06.npy,background,background/background_20260706_194016_003000_0009.wav,6,64x26,1.5,0.25
background/background_20260706_194016_003000_0009_07.npy,background,background/background_20260706_194016_003000_0009.wav,7,64x26,1.75,0.25
background/background_20260706_194016_003000_0009_08.npy,background,background/background_20260706_194016_003000_0009.wav,8,64x26,2.0,0.25
background/background_20260706_194016_003000_0009_09.npy,background,background/background_20260706_194016_003000_0009.wav,9,64x26,2.25,0.25
background/background_20260706_194016_003000_0009_10.npy,background,background/background_20260706_194016_003000_0009.wav,10,64x26,2.5,0.25
background/background_20260706_194016_003000_0009_11.npy,background,background/background_20260706_194016_003000_0009.wav,11,64x26,2.75,0.25
background/background_20260706_194016_003000_0009_12.npy,background,background/background_20260706_194016_003000_0009.wav,12,64x26,3.0,0.25
background/background_20260706_194016_003000_0009_13.npy,background,background/background_20260706_194016_003000_0009.wav,13,64x26,3.25,0.25
background/background_20260706_194016_003000_0009_14.npy,background,background/background_20260706_194016_003000_0009.wav,14,64x26,3.5,0.25
background/background_20260706_194016_003000_0009_15.npy,background,background/background_20260706_194016_003000_0009.wav,15,64x26,3.75,0.25
background/background_20260706_194016_003000_0009_16.npy,background,background/background_20260706_194016_003000_0009.wav,16,64x26,4.0,0.25
background/background_20260706_194016_003000_0009_17.npy,background,background/background_20260706_194016_003000_0009.wav,17,64x26,4.25,0.25
background/background_20260706_194016_003000_0009_18.npy,background,background/background_20260706_194016_003000_0009.wav,18,64x26,4.5,0.25
background/background_20260706_194016_003000_0009_19.npy,background,background/background_20260706_194016_003000_0009.wav,19,64x26,4.75,0.25
background/background_20260706_194021_006215_0010_00.npy,background,background/background_20260706_194021_006215_0010.wav,0,64x26,0.0,0.25
background/background_20260706_194021_006215_0010_01.npy,background,background/background_20260706_194021_006215_0010.wav,1,64x26,0.25,0.25
background/background_20260706_194021_006215_0010_02.npy,background,background/background_20260706_194021_006215_0010.wav,2,64x26,0.5,0.25
background/background_20260706_194021_006215_0010_03.npy,background,background/background_20260706_194021_006215_0010.wav,3,64x26,0.75,0.25
background/background_20260706_194021_006215_0010_04.npy,background,background/background_20260706_194021_006215_0010.wav,4,64x26,1.0,0.25
background/background_20260706_194021_006215_0010_05.npy,background,background/background_20260706_194021_006215_0010.wav,5,64x26,1.25,0.25
background/background_20260706_194021_006215_0010_06.npy,background,background/background_20260706_194021_006215_0010.wav,6,64x26,1.5,0.25
background/background_20260706_194021_006215_0010_07.npy,background,background/background_20260706_194021_006215_0010.wav,7,64x26,1.75,0.25
background/background_20260706_194021_006215_0010_08.npy,background,background/background_20260706_194021_006215_0010.wav,8,64x26,2.0,0.25
background/background_20260706_194021_006215_0010_09.npy,background,background/background_20260706_194021_006215_0010.wav,9,64x26,2.25,0.25
background/background_20260706_194021_006215_0010_10.npy,background,background/background_20260706_194021_006215_0010.wav,10,64x26,2.5,0.25
background/background_20260706_194021_006215_0010_11.npy,background,background/background_20260706_194021_006215_0010.wav,11,64x26,2.75,0.25
background/background_20260706_194021_006215_0010_12.npy,background,background/background_20260706_194021_006215_0010.wav,12,64x26,3.0,0.25
background/background_20260706_194021_006215_0010_13.npy,background,background/background_20260706_194021_006215_0010.wav,13,64x26,3.25,0.25
background/background_20260706_194021_006215_0010_14.npy,background,background/background_20260706_194021_006215_0010.wav,14,64x26,3.5,0.25
background/background_20260706_194021_006215_0010_15.npy,background,background/background_20260706_194021_006215_0010.wav,15,64x26,3.75,0.25
background/background_20260706_194021_006215_0010_16.npy,background,background/background_20260706_194021_006215_0010.wav,16,64x26,4.0,0.25
background/background_20260706_194021_006215_0010_17.npy,background,background/background_20260706_194021_006215_0010.wav,17,64x26,4.25,0.25
background/background_20260706_194021_006215_0010_18.npy,background,background/background_20260706_194021_006215_0010.wav,18,64x26,4.5,0.25
background/background_20260706_194021_006215_0010_19.npy,background,background/background_20260706_194021_006215_0010.wav,19,64x26,4.75,0.25
background/background_20260706_194026_009058_0011_00.npy,background,background/background_20260706_194026_009058_0011.wav,0,64x26,0.0,0.25
background/background_20260706_194026_009058_0011_01.npy,background,background/background_20260706_194026_009058_0011.wav,1,64x26,0.25,0.25
background/background_20260706_194026_009058_0011_02.npy,background,background/background_20260706_194026_009058_0011.wav,2,64x26,0.5,0.25
background/background_20260706_194026_009058_0011_03.npy,background,background/background_20260706_194026_009058_0011.wav,3,64x26,0.75,0.25
background/background_20260706_194026_009058_0011_04.npy,background,background/background_20260706_194026_009058_0011.wav,4,64x26,1.0,0.25
background/background_20260706_194026_009058_0011_05.npy,background,background/background_20260706_194026_009058_0011.wav,5,64x26,1.25,0.25
background/background_20260706_194026_009058_0011_06.npy,background,background/background_20260706_194026_009058_0011.wav,6,64x26,1.5,0.25
background/background_20260706_194026_009058_0011_07.npy,background,background/background_20260706_194026_009058_0011.wav,7,64x26,1.75,0.25
background/background_20260706_194026_009058_0011_08.npy,background,background/background_20260706_194026_009058_0011.wav,8,64x26,2.0,0.25
background/background_20260706_194026_009058_0011_09.npy,background,background/background_20260706_194026_009058_0011.wav,9,64x26,2.25,0.25
background/background_20260706_194026_009058_0011_10.npy,background,background/background_20260706_194026_009058_0011.wav,10,64x26,2.5,0.25
background/background_20260706_194026_009058_0011_11.npy,background,background/background_20260706_194026_009058_0011.wav,11,64x26,2.75,0.25
background/background_20260706_194026_009058_0011_12.npy,background,background/background_20260706_194026_009058_0011.wav,12,64x26,3.0,0.25
background/background_20260706_194026_009058_0011_13.npy,background,background/background_20260706_194026_009058_0011.wav,13,64x26,3.25,0.25
background/background_20260706_194026_009058_0011_14.npy,background,background/background_20260706_194026_009058_0011.wav,14,64x26,3.5,0.25
background/background_20260706_194026_009058_0011_15.npy,background,background/background_20260706_194026_009058_0011.wav,15,64x26,3.75,0.25
background/background_20260706_194026_009058_0011_16.npy,background,background/background_20260706_194026_009058_0011.wav,16,64x26,4.0,0.25
background/background_20260706_194026_009058_0011_17.npy,background,background/background_20260706_194026_009058_0011.wav,17,64x26,4.25,0.25
background/background_20260706_194026_009058_0011_18.npy,background,background/background_20260706_194026_009058_0011.wav,18,64x26,4.5,0.25
background/background_20260706_194026_009058_0011_19.npy,background,background/background_20260706_194026_009058_0011.wav,19,64x26,4.75,0.25
background/background_20260706_194031_012117_0012_00.npy,background,background/background_20260706_194031_012117_0012.wav,0,64x26,0.0,0.25
background/background_20260706_194031_012117_0012_01.npy,background,background/background_20260706_194031_012117_0012.wav,1,64x26,0.25,0.25
background/background_20260706_194031_012117_0012_02.npy,background,background/background_20260706_194031_012117_0012.wav,2,64x26,0.5,0.25
background/background_20260706_194031_012117_0012_03.npy,background,background/background_20260706_194031_012117_0012.wav,3,64x26,0.75,0.25
background/background_20260706_194031_012117_0012_04.npy,background,background/background_20260706_194031_012117_0012.wav,4,64x26,1.0,0.25
background/background_20260706_194031_012117_0012_05.npy,background,background/background_20260706_194031_012117_0012.wav,5,64x26,1.25,0.25
background/background_20260706_194031_012117_0012_06.npy,background,background/background_20260706_194031_012117_0012.wav,6,64x26,1.5,0.25
background/background_20260706_194031_012117_0012_07.npy,background,background/background_20260706_194031_012117_0012.wav,7,64x26,1.75,0.25
background/background_20260706_194031_012117_0012_08.npy,background,background/background_20260706_194031_012117_0012.wav,8,64x26,2.0,0.25
background/background_20260706_194031_012117_0012_09.npy,background,background/background_20260706_194031_012117_0012.wav,9,64x26,2.25,0.25
background/background_20260706_194031_012117_0012_10.npy,background,background/background_20260706_194031_012117_0012.wav,10,64x26,2.5,0.25
background/background_20260706_194031_012117_0012_11.npy,background,background/background_20260706_194031_012117_0012.wav,11,64x26,2.75,0.25
background/background_20260706_194031_012117_0012_12.npy,background,background/background_20260706_194031_012117_0012.wav,12,64x26,3.0,0.25
background/background_20260706_194031_012117_0012_13.npy,background,background/background_20260706_194031_012117_0012.wav,13,64x26,3.25,0.25
background/background_20260706_194031_012117_0012_14.npy,background,background/background_20260706_194031_012117_0012.wav,14,64x26,3.5,0.25
background/background_20260706_194031_012117_0012_15.npy,background,background/background_20260706_194031_012117_0012.wav,15,64x26,3.75,0.25
background/background_20260706_194031_012117_0012_16.npy,background,background/background_20260706_194031_012117_0012.wav,16,64x26,4.0,0.25
background/background_20260706_194031_012117_0012_17.npy,background,background/background_20260706_194031_012117_0012.wav,17,64x26,4.25,0.25
background/background_20260706_194031_012117_0012_18.npy,background,background/background_20260706_194031_012117_0012.wav,18,64x26,4.5,0.25
background/background_20260706_194031_012117_0012_19.npy,background,background/background_20260706_194031_012117_0012.wav,19,64x26,4.75,0.25
background/background_20260706_194036_015135_0013_00.npy,background,background/background_20260706_194036_015135_0013.wav,0,64x26,0.0,0.25
background/background_20260706_194036_015135_0013_01.npy,background,background/background_20260706_194036_015135_0013.wav,1,64x26,0.25,0.25
background/background_20260706_194036_015135_0013_02.npy,background,background/background_20260706_194036_015135_0013.wav,2,64x26,0.5,0.25
background/background_20260706_194036_015135_0013_03.npy,background,background/background_20260706_194036_015135_0013.wav,3,64x26,0.75,0.25
background/background_20260706_194036_015135_0013_04.npy,background,background/background_20260706_194036_015135_0013.wav,4,64x26,1.0,0.25
background/background_20260706_194036_015135_0013_05.npy,background,background/background_20260706_194036_015135_0013.wav,5,64x26,1.25,0.25
background/background_20260706_194036_015135_0013_06.npy,background,background/background_20260706_194036_015135_0013.wav,6,64x26,1.5,0.25
background/background_20260706_194036_015135_0013_07.npy,background,background/background_20260706_194036_015135_0013.wav,7,64x26,1.75,0.25
background/background_20260706_194036_015135_0013_08.npy,background,background/background_20260706_194036_015135_0013.wav,8,64x26,2.0,0.25
background/background_20260706_194036_015135_0013_09.npy,background,background/background_20260706_194036_015135_0013.wav,9,64x26,2.25,0.25
background/background_20260706_194036_015135_0013_10.npy,background,background/background_20260706_194036_015135_0013.wav,10,64x26,2.5,0.25
background/background_20260706_194036_015135_0013_11.npy,background,background/background_20260706_194036_015135_0013.wav,11,64x26,2.75,0.25
background/background_20260706_194036_015135_0013_12.npy,background,background/background_20260706_194036_015135_0013.wav,12,64x26,3.0,0.25
background/background_20260706_194036_015135_0013_13.npy,background,background/background_20260706_194036_015135_0013.wav,13,64x26,3.25,0.25
background/background_20260706_194036_015135_0013_14.npy,background,background/background_20260706_194036_015135_0013.wav,14,64x26,3.5,0.25
background/background_20260706_194036_015135_0013_15.npy,background,background/background_20260706_194036_015135_0013.wav,15,64x26,3.75,0.25
background/background_20260706_194036_015135_0013_16.npy,background,background/background_20260706_194036_015135_0013.wav,16,64x26,4.0,0.25
background/background_20260706_194036_015135_0013_17.npy,background,background/background_20260706_194036_015135_0013.wav,17,64x26,4.25,0.25
background/background_20260706_194036_015135_0013_18.npy,background,background/background_20260706_194036_015135_0013.wav,18,64x26,4.5,0.25
background/background_20260706_194036_015135_0013_19.npy,background,background/background_20260706_194036_015135_0013.wav,19,64x26,4.75,0.25
background/background_20260706_194041_018375_0014_00.npy,background,background/background_20260706_194041_018375_0014.wav,0,64x26,0.0,0.25
background/background_20260706_194041_018375_0014_01.npy,background,background/background_20260706_194041_018375_0014.wav,1,64x26,0.25,0.25
background/background_20260706_194041_018375_0014_02.npy,background,background/background_20260706_194041_018375_0014.wav,2,64x26,0.5,0.25
background/background_20260706_194041_018375_0014_03.npy,background,background/background_20260706_194041_018375_0014.wav,3,64x26,0.75,0.25
background/background_20260706_194041_018375_0014_04.npy,background,background/background_20260706_194041_018375_0014.wav,4,64x26,1.0,0.25
background/background_20260706_194041_018375_0014_05.npy,background,background/background_20260706_194041_018375_0014.wav,5,64x26,1.25,0.25
background/background_20260706_194041_018375_0014_06.npy,background,background/background_20260706_194041_018375_0014.wav,6,64x26,1.5,0.25
background/background_20260706_194041_018375_0014_07.npy,background,background/background_20260706_194041_018375_0014.wav,7,64x26,1.75,0.25
background/background_20260706_194041_018375_0014_08.npy,background,background/background_20260706_194041_018375_0014.wav,8,64x26,2.0,0.25
background/background_20260706_194041_018375_0014_09.npy,background,background/background_20260706_194041_018375_0014.wav,9,64x26,2.25,0.25
background/background_20260706_194041_018375_0014_10.npy,background,background/background_20260706_194041_018375_0014.wav,10,64x26,2.5,0.25
background/background_20260706_194041_018375_0014_11.npy,background,background/background_20260706_194041_018375_0014.wav,11,64x26,2.75,0.25
background/background_20260706_194041_018375_0014_12.npy,background,background/background_20260706_194041_018375_0014.wav,12,64x26,3.0,0.25
background/background_20260706_194041_018375_0014_13.npy,background,background/background_20260706_194041_018375_0014.wav,13,64x26,3.25,0.25
background/background_20260706_194041_018375_0014_14.npy,background,background/background_20260706_194041_018375_0014.wav,14,64x26,3.5,0.25
background/background_20260706_194041_018375_0014_15.npy,background,background/background_20260706_194041_018375_0014.wav,15,64x26,3.75,0.25
background/background_20260706_194041_018375_0014_16.npy,background,background/background_20260706_194041_018375_0014.wav,16,64x26,4.0,0.25
background/background_20260706_194041_018375_0014_17.npy,background,background/background_20260706_194041_018375_0014.wav,17,64x26,4.25,0.25
background/background_20260706_194041_018375_0014_18.npy,background,background/background_20260706_194041_018375_0014.wav,18,64x26,4.5,0.25
background/background_20260706_194041_018375_0014_19.npy,background,background/background_20260706_194041_018375_0014.wav,19,64x26,4.75,0.25
background/background_20260706_194046_021299_0015_00.npy,background,background/background_20260706_194046_021299_0015.wav,0,64x26,0.0,0.25
background/background_20260706_194046_021299_0015_01.npy,background,background/background_20260706_194046_021299_0015.wav,1,64x26,0.25,0.25
background/background_20260706_194046_021299_0015_02.npy,background,background/background_20260706_194046_021299_0015.wav,2,64x26,0.5,0.25
background/background_20260706_194046_021299_0015_03.npy,background,background/background_20260706_194046_021299_0015.wav,3,64x26,0.75,0.25
background/background_20260706_194046_021299_0015_04.npy,background,background/background_20260706_194046_021299_0015.wav,4,64x26,1.0,0.25
background/background_20260706_194046_021299_0015_05.npy,background,background/background_20260706_194046_021299_0015.wav,5,64x26,1.25,0.25
background/background_20260706_194046_021299_0015_06.npy,background,background/background_20260706_194046_021299_0015.wav,6,64x26,1.5,0.25
background/background_20260706_194046_021299_0015_07.npy,background,background/background_20260706_194046_021299_0015.wav,7,64x26,1.75,0.25
background/background_20260706_194046_021299_0015_08.npy,background,background/background_20260706_194046_021299_0015.wav,8,64x26,2.0,0.25
background/background_20260706_194046_021299_0015_09.npy,background,background/background_20260706_194046_021299_0015.wav,9,64x26,2.25,0.25
background/background_20260706_194046_021299_0015_10.npy,background,background/background_20260706_194046_021299_0015.wav,10,64x26,2.5,0.25
background/background_20260706_194046_021299_0015_11.npy,background,background/background_20260706_194046_021299_0015.wav,11,64x26,2.75,0.25
background/background_20260706_194046_021299_0015_12.npy,background,background/background_20260706_194046_021299_0015.wav,12,64x26,3.0,0.25
background/background_20260706_194046_021299_0015_13.npy,background,background/background_20260706_194046_021299_0015.wav,13,64x26,3.25,0.25
background/background_20260706_194046_021299_0015_14.npy,background,background/background_20260706_194046_021299_0015.wav,14,64x26,3.5,0.25
background/background_20260706_194046_021299_0015_15.npy,background,background/background_20260706_194046_021299_0015.wav,15,64x26,3.75,0.25
background/background_20260706_194046_021299_0015_16.npy,background,background/background_20260706_194046_021299_0015.wav,16,64x26,4.0,0.25
background/background_20260706_194046_021299_0015_17.npy,background,background/background_20260706_194046_021299_0015.wav,17,64x26,4.25,0.25
background/background_20260706_194046_021299_0015_18.npy,background,background/background_20260706_194046_021299_0015.wav,18,64x26,4.5,0.25
background/background_20260706_194046_021299_0015_19.npy,background,background/background_20260706_194046_021299_0015.wav,19,64x26,4.75,0.25
background/background_20260706_194051_024531_0016_00.npy,background,background/background_20260706_194051_024531_0016.wav,0,64x26,0.0,0.25
background/background_20260706_194051_024531_0016_01.npy,background,background/background_20260706_194051_024531_0016.wav,1,64x26,0.25,0.25
background/background_20260706_194051_024531_0016_02.npy,background,background/background_20260706_194051_024531_0016.wav,2,64x26,0.5,0.25
background/background_20260706_194051_024531_0016_03.npy,background,background/background_20260706_194051_024531_0016.wav,3,64x26,0.75,0.25
background/background_20260706_194051_024531_0016_04.npy,background,background/background_20260706_194051_024531_0016.wav,4,64x26,1.0,0.25
background/background_20260706_194051_024531_0016_05.npy,background,background/background_20260706_194051_024531_0016.wav,5,64x26,1.25,0.25
background/background_20260706_194051_024531_0016_06.npy,background,background/background_20260706_194051_024531_0016.wav,6,64x26,1.5,0.25
background/background_20260706_194051_024531_0016_07.npy,background,background/background_20260706_194051_024531_0016.wav,7,64x26,1.75,0.25
background/background_20260706_194051_024531_0016_08.npy,background,background/background_20260706_194051_024531_0016.wav,8,64x26,2.0,0.25
background/background_20260706_194051_024531_0016_09.npy,background,background/background_20260706_194051_024531_0016.wav,9,64x26,2.25,0.25
background/background_20260706_194051_024531_0016_10.npy,background,background/background_20260706_194051_024531_0016.wav,10,64x26,2.5,0.25
background/background_20260706_194051_024531_0016_11.npy,background,background/background_20260706_194051_024531_0016.wav,11,64x26,2.75,0.25
background/background_20260706_194051_024531_0016_12.npy,background,background/background_20260706_194051_024531_0016.wav,12,64x26,3.0,0.25
background/background_20260706_194051_024531_0016_13.npy,background,background/background_20260706_194051_024531_0016.wav,13,64x26,3.25,0.25
background/background_20260706_194051_024531_0016_14.npy,background,background/background_20260706_194051_024531_0016.wav,14,64x26,3.5,0.25
background/background_20260706_194051_024531_0016_15.npy,background,background/background_20260706_194051_024531_0016.wav,15,64x26,3.75,0.25
background/background_20260706_194051_024531_0016_16.npy,background,background/background_20260706_194051_024531_0016.wav,16,64x26,4.0,0.25
background/background_20260706_194051_024531_0016_17.npy,background,background/background_20260706_194051_024531_0016.wav,17,64x26,4.25,0.25
background/background_20260706_194051_024531_0016_18.npy,background,background/background_20260706_194051_024531_0016.wav,18,64x26,4.5,0.25
background/background_20260706_194051_024531_0016_19.npy,background,background/background_20260706_194051_024531_0016.wav,19,64x26,4.75,0.25
background/background_20260706_194056_027392_0017_00.npy,background,background/background_20260706_194056_027392_0017.wav,0,64x26,0.0,0.25
background/background_20260706_194056_027392_0017_01.npy,background,background/background_20260706_194056_027392_0017.wav,1,64x26,0.25,0.25
background/background_20260706_194056_027392_0017_02.npy,background,background/background_20260706_194056_027392_0017.wav,2,64x26,0.5,0.25
background/background_20260706_194056_027392_0017_03.npy,background,background/background_20260706_194056_027392_0017.wav,3,64x26,0.75,0.25
background/background_20260706_194056_027392_0017_04.npy,background,background/background_20260706_194056_027392_0017.wav,4,64x26,1.0,0.25
background/background_20260706_194056_027392_0017_05.npy,background,background/background_20260706_194056_027392_0017.wav,5,64x26,1.25,0.25
background/background_20260706_194056_027392_0017_06.npy,background,background/background_20260706_194056_027392_0017.wav,6,64x26,1.5,0.25
background/background_20260706_194056_027392_0017_07.npy,background,background/background_20260706_194056_027392_0017.wav,7,64x26,1.75,0.25
background/background_20260706_194056_027392_0017_08.npy,background,background/background_20260706_194056_027392_0017.wav,8,64x26,2.0,0.25
background/background_20260706_194056_027392_0017_09.npy,background,background/background_20260706_194056_027392_0017.wav,9,64x26,2.25,0.25
background/background_20260706_194056_027392_0017_10.npy,background,background/background_20260706_194056_027392_0017.wav,10,64x26,2.5,0.25
background/background_20260706_194056_027392_0017_11.npy,background,background/background_20260706_194056_027392_0017.wav,11,64x26,2.75,0.25
background/background_20260706_194056_027392_0017_12.npy,background,background/background_20260706_194056_027392_0017.wav,12,64x26,3.0,0.25
background/background_20260706_194056_027392_0017_13.npy,background,background/background_20260706_194056_027392_0017.wav,13,64x26,3.25,0.25
background/background_20260706_194056_027392_0017_14.npy,background,background/background_20260706_194056_027392_0017.wav,14,64x26,3.5,0.25
background/background_20260706_194056_027392_0017_15.npy,background,background/background_20260706_194056_027392_0017.wav,15,64x26,3.75,0.25
background/background_20260706_194056_027392_0017_16.npy,background,background/background_20260706_194056_027392_0017.wav,16,64x26,4.0,0.25
background/background_20260706_194056_027392_0017_17.npy,background,background/background_20260706_194056_027392_0017.wav,17,64x26,4.25,0.25
background/background_20260706_194056_027392_0017_18.npy,background,background/background_20260706_194056_027392_0017.wav,18,64x26,4.5,0.25
background/background_20260706_194056_027392_0017_19.npy,background,background/background_20260706_194056_027392_0017.wav,19,64x26,4.75,0.25
background/background_20260706_194101_030527_0018_00.npy,background,background/background_20260706_194101_030527_0018.wav,0,64x26,0.0,0.25
background/background_20260706_194101_030527_0018_01.npy,background,background/background_20260706_194101_030527_0018.wav,1,64x26,0.25,0.25
background/background_20260706_194101_030527_0018_02.npy,background,background/background_20260706_194101_030527_0018.wav,2,64x26,0.5,0.25
background/background_20260706_194101_030527_0018_03.npy,background,background/background_20260706_194101_030527_0018.wav,3,64x26,0.75,0.25
background/background_20260706_194101_030527_0018_04.npy,background,background/background_20260706_194101_030527_0018.wav,4,64x26,1.0,0.25
background/background_20260706_194101_030527_0018_05.npy,background,background/background_20260706_194101_030527_0018.wav,5,64x26,1.25,0.25
background/background_20260706_194101_030527_0018_06.npy,background,background/background_20260706_194101_030527_0018.wav,6,64x26,1.5,0.25
background/background_20260706_194101_030527_0018_07.npy,background,background/background_20260706_194101_030527_0018.wav,7,64x26,1.75,0.25
background/background_20260706_194101_030527_0018_08.npy,background,background/background_20260706_194101_030527_0018.wav,8,64x26,2.0,0.25
background/background_20260706_194101_030527_0018_09.npy,background,background/background_20260706_194101_030527_0018.wav,9,64x26,2.25,0.25
background/background_20260706_194101_030527_0018_10.npy,background,background/background_20260706_194101_030527_0018.wav,10,64x26,2.5,0.25
background/background_20260706_194101_030527_0018_11.npy,background,background/background_20260706_194101_030527_0018.wav,11,64x26,2.75,0.25
background/background_20260706_194101_030527_0018_12.npy,background,background/background_20260706_194101_030527_0018.wav,12,64x26,3.0,0.25
background/background_20260706_194101_030527_0018_13.npy,background,background/background_20260706_194101_030527_0018.wav,13,64x26,3.25,0.25
background/background_20260706_194101_030527_0018_14.npy,background,background/background_20260706_194101_030527_0018.wav,14,64x26,3.5,0.25
background/background_20260706_194101_030527_0018_15.npy,background,background/background_20260706_194101_030527_0018.wav,15,64x26,3.75,0.25
background/background_20260706_194101_030527_0018_16.npy,background,background/background_20260706_194101_030527_0018.wav,16,64x26,4.0,0.25
background/background_20260706_194101_030527_0018_17.npy,background,background/background_20260706_194101_030527_0018.wav,17,64x26,4.25,0.25
background/background_20260706_194101_030527_0018_18.npy,background,background/background_20260706_194101_030527_0018.wav,18,64x26,4.5,0.25
background/background_20260706_194101_030527_0018_19.npy,background,background/background_20260706_194101_030527_0018.wav,19,64x26,4.75,0.25
background/background_20260706_194106_033313_0019_00.npy,background,background/background_20260706_194106_033313_0019.wav,0,64x26,0.0,0.25
background/background_20260706_194106_033313_0019_01.npy,background,background/background_20260706_194106_033313_0019.wav,1,64x26,0.25,0.25
background/background_20260706_194106_033313_0019_02.npy,background,background/background_20260706_194106_033313_0019.wav,2,64x26,0.5,0.25
background/background_20260706_194106_033313_0019_03.npy,background,background/background_20260706_194106_033313_0019.wav,3,64x26,0.75,0.25
background/background_20260706_194106_033313_0019_04.npy,background,background/background_20260706_194106_033313_0019.wav,4,64x26,1.0,0.25
background/background_20260706_194106_033313_0019_05.npy,background,background/background_20260706_194106_033313_0019.wav,5,64x26,1.25,0.25
background/background_20260706_194106_033313_0019_06.npy,background,background/background_20260706_194106_033313_0019.wav,6,64x26,1.5,0.25
background/background_20260706_194106_033313_0019_07.npy,background,background/background_20260706_194106_033313_0019.wav,7,64x26,1.75,0.25
background/background_20260706_194106_033313_0019_08.npy,background,background/background_20260706_194106_033313_0019.wav,8,64x26,2.0,0.25
background/background_20260706_194106_033313_0019_09.npy,background,background/background_20260706_194106_033313_0019.wav,9,64x26,2.25,0.25
background/background_20260706_194106_033313_0019_10.npy,background,background/background_20260706_194106_033313_0019.wav,10,64x26,2.5,0.25
background/background_20260706_194106_033313_0019_11.npy,background,background/background_20260706_194106_033313_0019.wav,11,64x26,2.75,0.25
background/background_20260706_194106_033313_0019_12.npy,background,background/background_20260706_194106_033313_0019.wav,12,64x26,3.0,0.25
background/background_20260706_194106_033313_0019_13.npy,background,background/background_20260706_194106_033313_0019.wav,13,64x26,3.25,0.25
background/background_20260706_194106_033313_0019_14.npy,background,background/background_20260706_194106_033313_0019.wav,14,64x26,3.5,0.25
background/background_20260706_194106_033313_0019_15.npy,background,background/background_20260706_194106_033313_0019.wav,15,64x26,3.75,0.25
background/background_20260706_194106_033313_0019_16.npy,background,background/background_20260706_194106_033313_0019.wav,16,64x26,4.0,0.25
background/background_20260706_194106_033313_0019_17.npy,background,background/background_20260706_194106_033313_0019.wav,17,64x26,4.25,0.25
background/background_20260706_194106_033313_0019_18.npy,background,background/background_20260706_194106_033313_0019.wav,18,64x26,4.5,0.25
background/background_20260706_194106_033313_0019_19.npy,background,background/background_20260706_194106_033313_0019.wav,19,64x26,4.75,0.25
background/background_20260706_194111_036734_0020_00.npy,background,background/background_20260706_194111_036734_0020.wav,0,64x26,0.0,0.25
background/background_20260706_194111_036734_0020_01.npy,background,background/background_20260706_194111_036734_0020.wav,1,64x26,0.25,0.25
background/background_20260706_194111_036734_0020_02.npy,background,background/background_20260706_194111_036734_0020.wav,2,64x26,0.5,0.25
background/background_20260706_194111_036734_0020_03.npy,background,background/background_20260706_194111_036734_0020.wav,3,64x26,0.75,0.25
background/background_20260706_194111_036734_0020_04.npy,background,background/background_20260706_194111_036734_0020.wav,4,64x26,1.0,0.25
background/background_20260706_194111_036734_0020_05.npy,background,background/background_20260706_194111_036734_0020.wav,5,64x26,1.25,0.25
background/background_20260706_194111_036734_0020_06.npy,background,background/background_20260706_194111_036734_0020.wav,6,64x26,1.5,0.25
background/background_20260706_194111_036734_0020_07.npy,background,background/background_20260706_194111_036734_0020.wav,7,64x26,1.75,0.25
background/background_20260706_194111_036734_0020_08.npy,background,background/background_20260706_194111_036734_0020.wav,8,64x26,2.0,0.25
background/background_20260706_194111_036734_0020_09.npy,background,background/background_20260706_194111_036734_0020.wav,9,64x26,2.25,0.25
background/background_20260706_194111_036734_0020_10.npy,background,background/background_20260706_194111_036734_0020.wav,10,64x26,2.5,0.25
background/background_20260706_194111_036734_0020_11.npy,background,background/background_20260706_194111_036734_0020.wav,11,64x26,2.75,0.25
background/background_20260706_194111_036734_0020_12.npy,background,background/background_20260706_194111_036734_0020.wav,12,64x26,3.0,0.25
background/background_20260706_194111_036734_0020_13.npy,background,background/background_20260706_194111_036734_0020.wav,13,64x26,3.25,0.25
background/background_20260706_194111_036734_0020_14.npy,background,background/background_20260706_194111_036734_0020.wav,14,64x26,3.5,0.25
background/background_20260706_194111_036734_0020_15.npy,background,background/background_20260706_194111_036734_0020.wav,15,64x26,3.75,0.25
background/background_20260706_194111_036734_0020_16.npy,background,background/background_20260706_194111_036734_0020.wav,16,64x26,4.0,0.25
background/background_20260706_194111_036734_0020_17.npy,background,background/background_20260706_194111_036734_0020.wav,17,64x26,4.25,0.25
background/background_20260706_194111_036734_0020_18.npy,background,background/background_20260706_194111_036734_0020.wav,18,64x26,4.5,0.25
background/background_20260706_194111_036734_0020_19.npy,background,background/background_20260706_194111_036734_0020.wav,19,64x26,4.75,0.25
background/background_20260706_194116_039357_0021_00.npy,background,background/background_20260706_194116_039357_0021.wav,0,64x26,0.0,0.25
background/background_20260706_194116_039357_0021_01.npy,background,background/background_20260706_194116_039357_0021.wav,1,64x26,0.25,0.25
background/background_20260706_194116_039357_0021_02.npy,background,background/background_20260706_194116_039357_0021.wav,2,64x26,0.5,0.25
background/background_20260706_194116_039357_0021_03.npy,background,background/background_20260706_194116_039357_0021.wav,3,64x26,0.75,0.25
background/background_20260706_194116_039357_0021_04.npy,background,background/background_20260706_194116_039357_0021.wav,4,64x26,1.0,0.25
background/background_20260706_194116_039357_0021_05.npy,background,background/background_20260706_194116_039357_0021.wav,5,64x26,1.25,0.25
background/background_20260706_194116_039357_0021_06.npy,background,background/background_20260706_194116_039357_0021.wav,6,64x26,1.5,0.25
background/background_20260706_194116_039357_0021_07.npy,background,background/background_20260706_194116_039357_0021.wav,7,64x26,1.75,0.25
background/background_20260706_194116_039357_0021_08.npy,background,background/background_20260706_194116_039357_0021.wav,8,64x26,2.0,0.25
background/background_20260706_194116_039357_0021_09.npy,background,background/background_20260706_194116_039357_0021.wav,9,64x26,2.25,0.25
background/background_20260706_194116_039357_0021_10.npy,background,background/background_20260706_194116_039357_0021.wav,10,64x26,2.5,0.25
background/background_20260706_194116_039357_0021_11.npy,background,background/background_20260706_194116_039357_0021.wav,11,64x26,2.75,0.25
background/background_20260706_194116_039357_0021_12.npy,background,background/background_20260706_194116_039357_0021.wav,12,64x26,3.0,0.25
background/background_20260706_194116_039357_0021_13.npy,background,background/background_20260706_194116_039357_0021.wav,13,64x26,3.25,0.25
background/background_20260706_194116_039357_0021_14.npy,background,background/background_20260706_194116_039357_0021.wav,14,64x26,3.5,0.25
background/background_20260706_194116_039357_0021_15.npy,background,background/background_20260706_194116_039357_0021.wav,15,64x26,3.75,0.25
background/background_20260706_194116_039357_0021_16.npy,background,background/background_20260706_194116_039357_0021.wav,16,64x26,4.0,0.25
background/background_20260706_194116_039357_0021_17.npy,background,background/background_20260706_194116_039357_0021.wav,17,64x26,4.25,0.25
background/background_20260706_194116_039357_0021_18.npy,background,background/background_20260706_194116_039357_0021.wav,18,64x26,4.5,0.25
background/background_20260706_194116_039357_0021_19.npy,background,background/background_20260706_194116_039357_0021.wav,19,64x26,4.75,0.25
background/background_20260706_194121_042483_0022_00.npy,background,background/background_20260706_194121_042483_0022.wav,0,64x26,0.0,0.25
background/background_20260706_194121_042483_0022_01.npy,background,background/background_20260706_194121_042483_0022.wav,1,64x26,0.25,0.25
background/background_20260706_194121_042483_0022_02.npy,background,background/background_20260706_194121_042483_0022.wav,2,64x26,0.5,0.25
background/background_20260706_194121_042483_0022_03.npy,background,background/background_20260706_194121_042483_0022.wav,3,64x26,0.75,0.25
background/background_20260706_194121_042483_0022_04.npy,background,background/background_20260706_194121_042483_0022.wav,4,64x26,1.0,0.25
background/background_20260706_194121_042483_0022_05.npy,background,background/background_20260706_194121_042483_0022.wav,5,64x26,1.25,0.25
background/background_20260706_194121_042483_0022_06.npy,background,background/background_20260706_194121_042483_0022.wav,6,64x26,1.5,0.25
background/background_20260706_194121_042483_0022_07.npy,background,background/background_20260706_194121_042483_0022.wav,7,64x26,1.75,0.25
background/background_20260706_194121_042483_0022_08.npy,background,background/background_20260706_194121_042483_0022.wav,8,64x26,2.0,0.25
background/background_20260706_194121_042483_0022_09.npy,background,background/background_20260706_194121_042483_0022.wav,9,64x26,2.25,0.25
background/background_20260706_194121_042483_0022_10.npy,background,background/background_20260706_194121_042483_0022.wav,10,64x26,2.5,0.25
background/background_20260706_194121_042483_0022_11.npy,background,background/background_20260706_194121_042483_0022.wav,11,64x26,2.75,0.25
background/background_20260706_194121_042483_0022_12.npy,background,background/background_20260706_194121_042483_0022.wav,12,64x26,3.0,0.25
background/background_20260706_194121_042483_0022_13.npy,background,background/background_20260706_194121_042483_0022.wav,13,64x26,3.25,0.25
background/background_20260706_194121_042483_0022_14.npy,background,background/background_20260706_194121_042483_0022.wav,14,64x26,3.5,0.25
background/background_20260706_194121_042483_0022_15.npy,background,background/background_20260706_194121_042483_0022.wav,15,64x26,3.75,0.25
background/background_20260706_194121_042483_0022_16.npy,background,background/background_20260706_194121_042483_0022.wav,16,64x26,4.0,0.25
background/background_20260706_194121_042483_0022_17.npy,background,background/background_20260706_194121_042483_0022.wav,17,64x26,4.25,0.25
background/background_20260706_194121_042483_0022_18.npy,background,background/background_20260706_194121_042483_0022.wav,18,64x26,4.5,0.25
background/background_20260706_194121_042483_0022_19.npy,background,background/background_20260706_194121_042483_0022.wav,19,64x26,4.75,0.25
background/background_20260706_194126_045465_0023_00.npy,background,background/background_20260706_194126_045465_0023.wav,0,64x26,0.0,0.25
background/background_20260706_194126_045465_0023_01.npy,background,background/background_20260706_194126_045465_0023.wav,1,64x26,0.25,0.25
background/background_20260706_194126_045465_0023_02.npy,background,background/background_20260706_194126_045465_0023.wav,2,64x26,0.5,0.25
background/background_20260706_194126_045465_0023_03.npy,background,background/background_20260706_194126_045465_0023.wav,3,64x26,0.75,0.25
background/background_20260706_194126_045465_0023_04.npy,background,background/background_20260706_194126_045465_0023.wav,4,64x26,1.0,0.25
background/background_20260706_194126_045465_0023_05.npy,background,background/background_20260706_194126_045465_0023.wav,5,64x26,1.25,0.25
background/background_20260706_194126_045465_0023_06.npy,background,background/background_20260706_194126_045465_0023.wav,6,64x26,1.5,0.25
background/background_20260706_194126_045465_0023_07.npy,background,background/background_20260706_194126_045465_0023.wav,7,64x26,1.75,0.25
background/background_20260706_194126_045465_0023_08.npy,background,background/background_20260706_194126_045465_0023.wav,8,64x26,2.0,0.25
background/background_20260706_194126_045465_0023_09.npy,background,background/background_20260706_194126_045465_0023.wav,9,64x26,2.25,0.25
background/background_20260706_194126_045465_0023_10.npy,background,background/background_20260706_194126_045465_0023.wav,10,64x26,2.5,0.25
background/background_20260706_194126_045465_0023_11.npy,background,background/background_20260706_194126_045465_0023.wav,11,64x26,2.75,0.25
background/background_20260706_194126_045465_0023_12.npy,background,background/background_20260706_194126_045465_0023.wav,12,64x26,3.0,0.25
background/background_20260706_194126_045465_0023_13.npy,background,background/background_20260706_194126_045465_0023.wav,13,64x26,3.25,0.25
background/background_20260706_194126_045465_0023_14.npy,background,background/background_20260706_194126_045465_0023.wav,14,64x26,3.5,0.25
background/background_20260706_194126_045465_0023_15.npy,background,background/background_20260706_194126_045465_0023.wav,15,64x26,3.75,0.25
background/background_20260706_194126_045465_0023_16.npy,background,background/background_20260706_194126_045465_0023.wav,16,64x26,4.0,0.25
background/background_20260706_194126_045465_0023_17.npy,background,background/background_20260706_194126_045465_0023.wav,17,64x26,4.25,0.25
background/background_20260706_194126_045465_0023_18.npy,background,background/background_20260706_194126_045465_0023.wav,18,64x26,4.5,0.25
background/background_20260706_194126_045465_0023_19.npy,background,background/background_20260706_194126_045465_0023.wav,19,64x26,4.75,0.25
background/background_20260706_194131_048777_0024_00.npy,background,background/background_20260706_194131_048777_0024.wav,0,64x26,0.0,0.25
background/background_20260706_194131_048777_0024_01.npy,background,background/background_20260706_194131_048777_0024.wav,1,64x26,0.25,0.25
background/background_20260706_194131_048777_0024_02.npy,background,background/background_20260706_194131_048777_0024.wav,2,64x26,0.5,0.25
background/background_20260706_194131_048777_0024_03.npy,background,background/background_20260706_194131_048777_0024.wav,3,64x26,0.75,0.25
background/background_20260706_194131_048777_0024_04.npy,background,background/background_20260706_194131_048777_0024.wav,4,64x26,1.0,0.25
background/background_20260706_194131_048777_0024_05.npy,background,background/background_20260706_194131_048777_0024.wav,5,64x26,1.25,0.25
background/background_20260706_194131_048777_0024_06.npy,background,background/background_20260706_194131_048777_0024.wav,6,64x26,1.5,0.25
background/background_20260706_194131_048777_0024_07.npy,background,background/background_20260706_194131_048777_0024.wav,7,64x26,1.75,0.25
background/background_20260706_194131_048777_0024_08.npy,background,background/background_20260706_194131_048777_0024.wav,8,64x26,2.0,0.25
background/background_20260706_194131_048777_0024_09.npy,background,background/background_20260706_194131_048777_0024.wav,9,64x26,2.25,0.25
background/background_20260706_194131_048777_0024_10.npy,background,background/background_20260706_194131_048777_0024.wav,10,64x26,2.5,0.25
background/background_20260706_194131_048777_0024_11.npy,background,background/background_20260706_194131_048777_0024.wav,11,64x26,2.75,0.25
background/background_20260706_194131_048777_0024_12.npy,background,background/background_20260706_194131_048777_0024.wav,12,64x26,3.0,0.25
background/background_20260706_194131_048777_0024_13.npy,background,background/background_20260706_194131_048777_0024.wav,13,64x26,3.25,0.25
background/background_20260706_194131_048777_0024_14.npy,background,background/background_20260706_194131_048777_0024.wav,14,64x26,3.5,0.25
background/background_20260706_194131_048777_0024_15.npy,background,background/background_20260706_194131_048777_0024.wav,15,64x26,3.75,0.25
background/background_20260706_194131_048777_0024_16.npy,background,background/background_20260706_194131_048777_0024.wav,16,64x26,4.0,0.25
background/background_20260706_194131_048777_0024_17.npy,background,background/background_20260706_194131_048777_0024.wav,17,64x26,4.25,0.25
background/background_20260706_194131_048777_0024_18.npy,background,background/background_20260706_194131_048777_0024.wav,18,64x26,4.5,0.25
background/background_20260706_194131_048777_0024_19.npy,background,background/background_20260706_194131_048777_0024.wav,19,64x26,4.75,0.25
background/background_20260706_194136_051527_0025_00.npy,background,background/background_20260706_194136_051527_0025.wav,0,64x26,0.0,0.25
background/background_20260706_194136_051527_0025_01.npy,background,background/background_20260706_194136_051527_0025.wav,1,64x26,0.25,0.25
background/background_20260706_194136_051527_0025_02.npy,background,background/background_20260706_194136_051527_0025.wav,2,64x26,0.5,0.25
background/background_20260706_194136_051527_0025_03.npy,background,background/background_20260706_194136_051527_0025.wav,3,64x26,0.75,0.25
background/background_20260706_194136_051527_0025_04.npy,background,background/background_20260706_194136_051527_0025.wav,4,64x26,1.0,0.25
background/background_20260706_194136_051527_0025_05.npy,background,background/background_20260706_194136_051527_0025.wav,5,64x26,1.25,0.25
background/background_20260706_194136_051527_0025_06.npy,background,background/background_20260706_194136_051527_0025.wav,6,64x26,1.5,0.25
background/background_20260706_194136_051527_0025_07.npy,background,background/background_20260706_194136_051527_0025.wav,7,64x26,1.75,0.25
background/background_20260706_194136_051527_0025_08.npy,background,background/background_20260706_194136_051527_0025.wav,8,64x26,2.0,0.25
background/background_20260706_194136_051527_0025_09.npy,background,background/background_20260706_194136_051527_0025.wav,9,64x26,2.25,0.25
background/background_20260706_194136_051527_0025_10.npy,background,background/background_20260706_194136_051527_0025.wav,10,64x26,2.5,0.25
background/background_20260706_194136_051527_0025_11.npy,background,background/background_20260706_194136_051527_0025.wav,11,64x26,2.75,0.25
background/background_20260706_194136_051527_0025_12.npy,background,background/background_20260706_194136_051527_0025.wav,12,64x26,3.0,0.25
background/background_20260706_194136_051527_0025_13.npy,background,background/background_20260706_194136_051527_0025.wav,13,64x26,3.25,0.25
background/background_20260706_194136_051527_0025_14.npy,background,background/background_20260706_194136_051527_0025.wav,14,64x26,3.5,0.25
background/background_20260706_194136_051527_0025_15.npy,background,background/background_20260706_194136_051527_0025.wav,15,64x26,3.75,0.25
background/background_20260706_194136_051527_0025_16.npy,background,background/background_20260706_194136_051527_0025.wav,16,64x26,4.0,0.25
background/background_20260706_194136_051527_0025_17.npy,background,background/background_20260706_194136_051527_0025.wav,17,64x26,4.25,0.25
background/background_20260706_194136_051527_0025_18.npy,background,background/background_20260706_194136_051527_0025.wav,18,64x26,4.5,0.25
background/background_20260706_194136_051527_0025_19.npy,background,background/background_20260706_194136_051527_0025.wav,19,64x26,4.75,0.25
background/background_20260706_194141_054419_0026_00.npy,background,background/background_20260706_194141_054419_0026.wav,0,64x26,0.0,0.25
background/background_20260706_194141_054419_0026_01.npy,background,background/background_20260706_194141_054419_0026.wav,1,64x26,0.25,0.25
background/background_20260706_194141_054419_0026_02.npy,background,background/background_20260706_194141_054419_0026.wav,2,64x26,0.5,0.25
background/background_20260706_194141_054419_0026_03.npy,background,background/background_20260706_194141_054419_0026.wav,3,64x26,0.75,0.25
background/background_20260706_194141_054419_0026_04.npy,background,background/background_20260706_194141_054419_0026.wav,4,64x26,1.0,0.25
background/background_20260706_194141_054419_0026_05.npy,background,background/background_20260706_194141_054419_0026.wav,5,64x26,1.25,0.25
background/background_20260706_194141_054419_0026_06.npy,background,background/background_20260706_194141_054419_0026.wav,6,64x26,1.5,0.25
background/background_20260706_194141_054419_0026_07.npy,background,background/background_20260706_194141_054419_0026.wav,7,64x26,1.75,0.25
background/background_20260706_194141_054419_0026_08.npy,background,background/background_20260706_194141_054419_0026.wav,8,64x26,2.0,0.25
background/background_20260706_194141_054419_0026_09.npy,background,background/background_20260706_194141_054419_0026.wav,9,64x26,2.25,0.25
background/background_20260706_194141_054419_0026_10.npy,background,background/background_20260706_194141_054419_0026.wav,10,64x26,2.5,0.25
background/background_20260706_194141_054419_0026_11.npy,background,background/background_20260706_194141_054419_0026.wav,11,64x26,2.75,0.25
background/background_20260706_194141_054419_0026_12.npy,background,background/background_20260706_194141_054419_0026.wav,12,64x26,3.0,0.25
background/background_20260706_194141_054419_0026_13.npy,background,background/background_20260706_194141_054419_0026.wav,13,64x26,3.25,0.25
background/background_20260706_194141_054419_0026_14.npy,background,background/background_20260706_194141_054419_0026.wav,14,64x26,3.5,0.25
background/background_20260706_194141_054419_0026_15.npy,background,background/background_20260706_194141_054419_0026.wav,15,64x26,3.75,0.25
background/background_20260706_194141_054419_0026_16.npy,background,background/background_20260706_194141_054419_0026.wav,16,64x26,4.0,0.25
background/background_20260706_194141_054419_0026_17.npy,background,background/background_20260706_194141_054419_0026.wav,17,64x26,4.25,0.25
background/background_20260706_194141_054419_0026_18.npy,background,background/background_20260706_194141_054419_0026.wav,18,64x26,4.5,0.25
background/background_20260706_194141_054419_0026_19.npy,background,background/background_20260706_194141_054419_0026.wav,19,64x26,4.75,0.25
background/background_20260706_194146_057424_0027_00.npy,background,background/background_20260706_194146_057424_0027.wav,0,64x26,0.0,0.25
background/background_20260706_194146_057424_0027_01.npy,background,background/background_20260706_194146_057424_0027.wav,1,64x26,0.25,0.25
background/background_20260706_194146_057424_0027_02.npy,background,background/background_20260706_194146_057424_0027.wav,2,64x26,0.5,0.25
background/background_20260706_194146_057424_0027_03.npy,background,background/background_20260706_194146_057424_0027.wav,3,64x26,0.75,0.25
background/background_20260706_194146_057424_0027_04.npy,background,background/background_20260706_194146_057424_0027.wav,4,64x26,1.0,0.25
background/background_20260706_194146_057424_0027_05.npy,background,background/background_20260706_194146_057424_0027.wav,5,64x26,1.25,0.25
background/background_20260706_194146_057424_0027_06.npy,background,background/background_20260706_194146_057424_0027.wav,6,64x26,1.5,0.25
background/background_20260706_194146_057424_0027_07.npy,background,background/background_20260706_194146_057424_0027.wav,7,64x26,1.75,0.25
background/background_20260706_194146_057424_0027_08.npy,background,background/background_20260706_194146_057424_0027.wav,8,64x26,2.0,0.25
background/background_20260706_194146_057424_0027_09.npy,background,background/background_20260706_194146_057424_0027.wav,9,64x26,2.25,0.25
background/background_20260706_194146_057424_0027_10.npy,background,background/background_20260706_194146_057424_0027.wav,10,64x26,2.5,0.25
background/background_20260706_194146_057424_0027_11.npy,background,background/background_20260706_194146_057424_0027.wav,11,64x26,2.75,0.25
background/background_20260706_194146_057424_0027_12.npy,background,background/background_20260706_194146_057424_0027.wav,12,64x26,3.0,0.25
background/background_20260706_194146_057424_0027_13.npy,background,background/background_20260706_194146_057424_0027.wav,13,64x26,3.25,0.25
background/background_20260706_194146_057424_0027_14.npy,background,background/background_20260706_194146_057424_0027.wav,14,64x26,3.5,0.25
background/background_20260706_194146_057424_0027_15.npy,background,background/background_20260706_194146_057424_0027.wav,15,64x26,3.75,0.25
background/background_20260706_194146_057424_0027_16.npy,background,background/background_20260706_194146_057424_0027.wav,16,64x26,4.0,0.25
background/background_20260706_194146_057424_0027_17.npy,background,background/background_20260706_194146_057424_0027.wav,17,64x26,4.25,0.25
background/background_20260706_194146_057424_0027_18.npy,background,background/background_20260706_194146_057424_0027.wav,18,64x26,4.5,0.25
background/background_20260706_194146_057424_0027_19.npy,background,background/background_20260706_194146_057424_0027.wav,19,64x26,4.75,0.25
background/background_20260706_194151_060609_0028_00.npy,background,background/background_20260706_194151_060609_0028.wav,0,64x26,0.0,0.25
background/background_20260706_194151_060609_0028_01.npy,background,background/background_20260706_194151_060609_0028.wav,1,64x26,0.25,0.25
background/background_20260706_194151_060609_0028_02.npy,background,background/background_20260706_194151_060609_0028.wav,2,64x26,0.5,0.25
background/background_20260706_194151_060609_0028_03.npy,background,background/background_20260706_194151_060609_0028.wav,3,64x26,0.75,0.25
background/background_20260706_194151_060609_0028_04.npy,background,background/background_20260706_194151_060609_0028.wav,4,64x26,1.0,0.25
background/background_20260706_194151_060609_0028_05.npy,background,background/background_20260706_194151_060609_0028.wav,5,64x26,1.25,0.25
background/background_20260706_194151_060609_0028_06.npy,background,background/background_20260706_194151_060609_0028.wav,6,64x26,1.5,0.25
background/background_20260706_194151_060609_0028_07.npy,background,background/background_20260706_194151_060609_0028.wav,7,64x26,1.75,0.25
background/background_20260706_194151_060609_0028_08.npy,background,background/background_20260706_194151_060609_0028.wav,8,64x26,2.0,0.25
background/background_20260706_194151_060609_0028_09.npy,background,background/background_20260706_194151_060609_0028.wav,9,64x26,2.25,0.25
background/background_20260706_194151_060609_0028_10.npy,background,background/background_20260706_194151_060609_0028.wav,10,64x26,2.5,0.25
background/background_20260706_194151_060609_0028_11.npy,background,background/background_20260706_194151_060609_0028.wav,11,64x26,2.75,0.25
background/background_20260706_194151_060609_0028_12.npy,background,background/background_20260706_194151_060609_0028.wav,12,64x26,3.0,0.25
background/background_20260706_194151_060609_0028_13.npy,background,background/background_20260706_194151_060609_0028.wav,13,64x26,3.25,0.25
background/background_20260706_194151_060609_0028_14.npy,background,background/background_20260706_194151_060609_0028.wav,14,64x26,3.5,0.25
background/background_20260706_194151_060609_0028_15.npy,background,background/background_20260706_194151_060609_0028.wav,15,64x26,3.75,0.25
background/background_20260706_194151_060609_0028_16.npy,background,background/background_20260706_194151_060609_0028.wav,16,64x26,4.0,0.25
background/background_20260706_194151_060609_0028_17.npy,background,background/background_20260706_194151_060609_0028.wav,17,64x26,4.25,0.25
background/background_20260706_194151_060609_0028_18.npy,background,background/background_20260706_194151_060609_0028.wav,18,64x26,4.5,0.25
background/background_20260706_194151_060609_0028_19.npy,background,background/background_20260706_194151_060609_0028.wav,19,64x26,4.75,0.25
background/background_20260706_194156_063464_0029_00.npy,background,background/background_20260706_194156_063464_0029.wav,0,64x26,0.0,0.25
background/background_20260706_194156_063464_0029_01.npy,background,background/background_20260706_194156_063464_0029.wav,1,64x26,0.25,0.25
background/background_20260706_194156_063464_0029_02.npy,background,background/background_20260706_194156_063464_0029.wav,2,64x26,0.5,0.25
background/background_20260706_194156_063464_0029_03.npy,background,background/background_20260706_194156_063464_0029.wav,3,64x26,0.75,0.25
background/background_20260706_194156_063464_0029_04.npy,background,background/background_20260706_194156_063464_0029.wav,4,64x26,1.0,0.25
background/background_20260706_194156_063464_0029_05.npy,background,background/background_20260706_194156_063464_0029.wav,5,64x26,1.25,0.25
background/background_20260706_194156_063464_0029_06.npy,background,background/background_20260706_194156_063464_0029.wav,6,64x26,1.5,0.25
background/background_20260706_194156_063464_0029_07.npy,background,background/background_20260706_194156_063464_0029.wav,7,64x26,1.75,0.25
background/background_20260706_194156_063464_0029_08.npy,background,background/background_20260706_194156_063464_0029.wav,8,64x26,2.0,0.25
background/background_20260706_194156_063464_0029_09.npy,background,background/background_20260706_194156_063464_0029.wav,9,64x26,2.25,0.25
background/background_20260706_194156_063464_0029_10.npy,background,background/background_20260706_194156_063464_0029.wav,10,64x26,2.5,0.25
background/background_20260706_194156_063464_0029_11.npy,background,background/background_20260706_194156_063464_0029.wav,11,64x26,2.75,0.25
background/background_20260706_194156_063464_0029_12.npy,background,background/background_20260706_194156_063464_0029.wav,12,64x26,3.0,0.25
background/background_20260706_194156_063464_0029_13.npy,background,background/background_20260706_194156_063464_0029.wav,13,64x26,3.25,0.25
background/background_20260706_194156_063464_0029_14.npy,background,background/background_20260706_194156_063464_0029.wav,14,64x26,3.5,0.25
background/background_20260706_194156_063464_0029_15.npy,background,background/background_20260706_194156_063464_0029.wav,15,64x26,3.75,0.25
background/background_20260706_194156_063464_0029_16.npy,background,background/background_20260706_194156_063464_0029.wav,16,64x26,4.0,0.25
background/background_20260706_194156_063464_0029_17.npy,background,background/background_20260706_194156_063464_0029.wav,17,64x26,4.25,0.25
background/background_20260706_194156_063464_0029_18.npy,background,background/background_20260706_194156_063464_0029.wav,18,64x26,4.5,0.25
background/background_20260706_194156_063464_0029_19.npy,background,background/background_20260706_194156_063464_0029.wav,19,64x26,4.75,0.25
background/background_20260706_194201_066516_0030_00.npy,background,background/background_20260706_194201_066516_0030.wav,0,64x26,0.0,0.25
background/background_20260706_194201_066516_0030_01.npy,background,background/background_20260706_194201_066516_0030.wav,1,64x26,0.25,0.25
background/background_20260706_194201_066516_0030_02.npy,background,background/background_20260706_194201_066516_0030.wav,2,64x26,0.5,0.25
background/background_20260706_194201_066516_0030_03.npy,background,background/background_20260706_194201_066516_0030.wav,3,64x26,0.75,0.25
background/background_20260706_194201_066516_0030_04.npy,background,background/background_20260706_194201_066516_0030.wav,4,64x26,1.0,0.25
background/background_20260706_194201_066516_0030_05.npy,background,background/background_20260706_194201_066516_0030.wav,5,64x26,1.25,0.25
background/background_20260706_194201_066516_0030_06.npy,background,background/background_20260706_194201_066516_0030.wav,6,64x26,1.5,0.25
background/background_20260706_194201_066516_0030_07.npy,background,background/background_20260706_194201_066516_0030.wav,7,64x26,1.75,0.25
background/background_20260706_194201_066516_0030_08.npy,background,background/background_20260706_194201_066516_0030.wav,8,64x26,2.0,0.25
background/background_20260706_194201_066516_0030_09.npy,background,background/background_20260706_194201_066516_0030.wav,9,64x26,2.25,0.25
background/background_20260706_194201_066516_0030_10.npy,background,background/background_20260706_194201_066516_0030.wav,10,64x26,2.5,0.25
background/background_20260706_194201_066516_0030_11.npy,background,background/background_20260706_194201_066516_0030.wav,11,64x26,2.75,0.25
background/background_20260706_194201_066516_0030_12.npy,background,background/background_20260706_194201_066516_0030.wav,12,64x26,3.0,0.25
background/background_20260706_194201_066516_0030_13.npy,background,background/background_20260706_194201_066516_0030.wav,13,64x26,3.25,0.25
background/background_20260706_194201_066516_0030_14.npy,background,background/background_20260706_194201_066516_0030.wav,14,64x26,3.5,0.25
background/background_20260706_194201_066516_0030_15.npy,background,background/background_20260706_194201_066516_0030.wav,15,64x26,3.75,0.25
background/background_20260706_194201_066516_0030_16.npy,background,background/background_20260706_194201_066516_0030.wav,16,64x26,4.0,0.25
background/background_20260706_194201_066516_0030_17.npy,background,background/background_20260706_194201_066516_0030.wav,17,64x26,4.25,0.25
background/background_20260706_194201_066516_0030_18.npy,background,background/background_20260706_194201_066516_0030.wav,18,64x26,4.5,0.25
background/background_20260706_194201_066516_0030_19.npy,background,background/background_20260706_194201_066516_0030.wav,19,64x26,4.75,0.25
background/background_20260706_194206_069524_0031_00.npy,background,background/background_20260706_194206_069524_0031.wav,0,64x26,0.0,0.25
background/background_20260706_194206_069524_0031_01.npy,background,background/background_20260706_194206_069524_0031.wav,1,64x26,0.25,0.25
background/background_20260706_194206_069524_0031_02.npy,background,background/background_20260706_194206_069524_0031.wav,2,64x26,0.5,0.25
background/background_20260706_194206_069524_0031_03.npy,background,background/background_20260706_194206_069524_0031.wav,3,64x26,0.75,0.25
background/background_20260706_194206_069524_0031_04.npy,background,background/background_20260706_194206_069524_0031.wav,4,64x26,1.0,0.25
background/background_20260706_194206_069524_0031_05.npy,background,background/background_20260706_194206_069524_0031.wav,5,64x26,1.25,0.25
background/background_20260706_194206_069524_0031_06.npy,background,background/background_20260706_194206_069524_0031.wav,6,64x26,1.5,0.25
background/background_20260706_194206_069524_0031_07.npy,background,background/background_20260706_194206_069524_0031.wav,7,64x26,1.75,0.25
background/background_20260706_194206_069524_0031_08.npy,background,background/background_20260706_194206_069524_0031.wav,8,64x26,2.0,0.25
background/background_20260706_194206_069524_0031_09.npy,background,background/background_20260706_194206_069524_0031.wav,9,64x26,2.25,0.25
background/background_20260706_194206_069524_0031_10.npy,background,background/background_20260706_194206_069524_0031.wav,10,64x26,2.5,0.25
background/background_20260706_194206_069524_0031_11.npy,background,background/background_20260706_194206_069524_0031.wav,11,64x26,2.75,0.25
background/background_20260706_194206_069524_0031_12.npy,background,background/background_20260706_194206_069524_0031.wav,12,64x26,3.0,0.25
background/background_20260706_194206_069524_0031_13.npy,background,background/background_20260706_194206_069524_0031.wav,13,64x26,3.25,0.25
background/background_20260706_194206_069524_0031_14.npy,background,background/background_20260706_194206_069524_0031.wav,14,64x26,3.5,0.25
background/background_20260706_194206_069524_0031_15.npy,background,background/background_20260706_194206_069524_0031.wav,15,64x26,3.75,0.25
background/background_20260706_194206_069524_0031_16.npy,background,background/background_20260706_194206_069524_0031.wav,16,64x26,4.0,0.25
background/background_20260706_194206_069524_0031_17.npy,background,background/background_20260706_194206_069524_0031.wav,17,64x26,4.25,0.25
background/background_20260706_194206_069524_0031_18.npy,background,background/background_20260706_194206_069524_0031.wav,18,64x26,4.5,0.25
background/background_20260706_194206_069524_0031_19.npy,background,background/background_20260706_194206_069524_0031.wav,19,64x26,4.75,0.25
background/background_20260706_194211_072712_0032_00.npy,background,background/background_20260706_194211_072712_0032.wav,0,64x26,0.0,0.25
background/background_20260706_194211_072712_0032_01.npy,background,background/background_20260706_194211_072712_0032.wav,1,64x26,0.25,0.25
background/background_20260706_194211_072712_0032_02.npy,background,background/background_20260706_194211_072712_0032.wav,2,64x26,0.5,0.25
background/background_20260706_194211_072712_0032_03.npy,background,background/background_20260706_194211_072712_0032.wav,3,64x26,0.75,0.25
background/background_20260706_194211_072712_0032_04.npy,background,background/background_20260706_194211_072712_0032.wav,4,64x26,1.0,0.25
background/background_20260706_194211_072712_0032_05.npy,background,background/background_20260706_194211_072712_0032.wav,5,64x26,1.25,0.25
background/background_20260706_194211_072712_0032_06.npy,background,background/background_20260706_194211_072712_0032.wav,6,64x26,1.5,0.25
background/background_20260706_194211_072712_0032_07.npy,background,background/background_20260706_194211_072712_0032.wav,7,64x26,1.75,0.25
background/background_20260706_194211_072712_0032_08.npy,background,background/background_20260706_194211_072712_0032.wav,8,64x26,2.0,0.25
background/background_20260706_194211_072712_0032_09.npy,background,background/background_20260706_194211_072712_0032.wav,9,64x26,2.25,0.25
background/background_20260706_194211_072712_0032_10.npy,background,background/background_20260706_194211_072712_0032.wav,10,64x26,2.5,0.25
background/background_20260706_194211_072712_0032_11.npy,background,background/background_20260706_194211_072712_0032.wav,11,64x26,2.75,0.25
background/background_20260706_194211_072712_0032_12.npy,background,background/background_20260706_194211_072712_0032.wav,12,64x26,3.0,0.25
background/background_20260706_194211_072712_0032_13.npy,background,background/background_20260706_194211_072712_0032.wav,13,64x26,3.25,0.25
background/background_20260706_194211_072712_0032_14.npy,background,background/background_20260706_194211_072712_0032.wav,14,64x26,3.5,0.25
background/background_20260706_194211_072712_0032_15.npy,background,background/background_20260706_194211_072712_0032.wav,15,64x26,3.75,0.25
background/background_20260706_194211_072712_0032_16.npy,background,background/background_20260706_194211_072712_0032.wav,16,64x26,4.0,0.25
background/background_20260706_194211_072712_0032_17.npy,background,background/background_20260706_194211_072712_0032.wav,17,64x26,4.25,0.25
background/background_20260706_194211_072712_0032_18.npy,background,background/background_20260706_194211_072712_0032.wav,18,64x26,4.5,0.25
background/background_20260706_194211_072712_0032_19.npy,background,background/background_20260706_194211_072712_0032.wav,19,64x26,4.75,0.25
background/background_20260706_194216_075533_0033_00.npy,background,background/background_20260706_194216_075533_0033.wav,0,64x26,0.0,0.25
background/background_20260706_194216_075533_0033_01.npy,background,background/background_20260706_194216_075533_0033.wav,1,64x26,0.25,0.25
background/background_20260706_194216_075533_0033_02.npy,background,background/background_20260706_194216_075533_0033.wav,2,64x26,0.5,0.25
background/background_20260706_194216_075533_0033_03.npy,background,background/background_20260706_194216_075533_0033.wav,3,64x26,0.75,0.25
background/background_20260706_194216_075533_0033_04.npy,background,background/background_20260706_194216_075533_0033.wav,4,64x26,1.0,0.25
background/background_20260706_194216_075533_0033_05.npy,background,background/background_20260706_194216_075533_0033.wav,5,64x26,1.25,0.25
background/background_20260706_194216_075533_0033_06.npy,background,background/background_20260706_194216_075533_0033.wav,6,64x26,1.5,0.25
background/background_20260706_194216_075533_0033_07.npy,background,background/background_20260706_194216_075533_0033.wav,7,64x26,1.75,0.25
background/background_20260706_194216_075533_0033_08.npy,background,background/background_20260706_194216_075533_0033.wav,8,64x26,2.0,0.25
background/background_20260706_194216_075533_0033_09.npy,background,background/background_20260706_194216_075533_0033.wav,9,64x26,2.25,0.25
background/background_20260706_194216_075533_0033_10.npy,background,background/background_20260706_194216_075533_0033.wav,10,64x26,2.5,0.25
background/background_20260706_194216_075533_0033_11.npy,background,background/background_20260706_194216_075533_0033.wav,11,64x26,2.75,0.25
background/background_20260706_194216_075533_0033_12.npy,background,background/background_20260706_194216_075533_0033.wav,12,64x26,3.0,0.25
background/background_20260706_194216_075533_0033_13.npy,background,background/background_20260706_194216_075533_0033.wav,13,64x26,3.25,0.25
background/background_20260706_194216_075533_0033_14.npy,background,background/background_20260706_194216_075533_0033.wav,14,64x26,3.5,0.25
background/background_20260706_194216_075533_0033_15.npy,background,background/background_20260706_194216_075533_0033.wav,15,64x26,3.75,0.25
background/background_20260706_194216_075533_0033_16.npy,background,background/background_20260706_194216_075533_0033.wav,16,64x26,4.0,0.25
background/background_20260706_194216_075533_0033_17.npy,background,background/background_20260706_194216_075533_0033.wav,17,64x26,4.25,0.25
background/background_20260706_194216_075533_0033_18.npy,background,background/background_20260706_194216_075533_0033.wav,18,64x26,4.5,0.25
background/background_20260706_194216_075533_0033_19.npy,background,background/background_20260706_194216_075533_0033.wav,19,64x26,4.75,0.25
background/background_20260706_194221_078555_0034_00.npy,background,background/background_20260706_194221_078555_0034.wav,0,64x26,0.0,0.25
background/background_20260706_194221_078555_0034_01.npy,background,background/background_20260706_194221_078555_0034.wav,1,64x26,0.25,0.25
background/background_20260706_194221_078555_0034_02.npy,background,background/background_20260706_194221_078555_0034.wav,2,64x26,0.5,0.25
background/background_20260706_194221_078555_0034_03.npy,background,background/background_20260706_194221_078555_0034.wav,3,64x26,0.75,0.25
background/background_20260706_194221_078555_0034_04.npy,background,background/background_20260706_194221_078555_0034.wav,4,64x26,1.0,0.25
background/background_20260706_194221_078555_0034_05.npy,background,background/background_20260706_194221_078555_0034.wav,5,64x26,1.25,0.25
background/background_20260706_194221_078555_0034_06.npy,background,background/background_20260706_194221_078555_0034.wav,6,64x26,1.5,0.25
background/background_20260706_194221_078555_0034_07.npy,background,background/background_20260706_194221_078555_0034.wav,7,64x26,1.75,0.25
background/background_20260706_194221_078555_0034_08.npy,background,background/background_20260706_194221_078555_0034.wav,8,64x26,2.0,0.25
background/background_20260706_194221_078555_0034_09.npy,background,background/background_20260706_194221_078555_0034.wav,9,64x26,2.25,0.25
background/background_20260706_194221_078555_0034_10.npy,background,background/background_20260706_194221_078555_0034.wav,10,64x26,2.5,0.25
background/background_20260706_194221_078555_0034_11.npy,background,background/background_20260706_194221_078555_0034.wav,11,64x26,2.75,0.25
background/background_20260706_194221_078555_0034_12.npy,background,background/background_20260706_194221_078555_0034.wav,12,64x26,3.0,0.25
background/background_20260706_194221_078555_0034_13.npy,background,background/background_20260706_194221_078555_0034.wav,13,64x26,3.25,0.25
background/background_20260706_194221_078555_0034_14.npy,background,background/background_20260706_194221_078555_0034.wav,14,64x26,3.5,0.25
background/background_20260706_194221_078555_0034_15.npy,background,background/background_20260706_194221_078555_0034.wav,15,64x26,3.75,0.25
background/background_20260706_194221_078555_0034_16.npy,background,background/background_20260706_194221_078555_0034.wav,16,64x26,4.0,0.25
background/background_20260706_194221_078555_0034_17.npy,background,background/background_20260706_194221_078555_0034.wav,17,64x26,4.25,0.25
background/background_20260706_194221_078555_0034_18.npy,background,background/background_20260706_194221_078555_0034.wav,18,64x26,4.5,0.25
background/background_20260706_194221_078555_0034_19.npy,background,background/background_20260706_194221_078555_0034.wav,19,64x26,4.75,0.25
background/background_20260706_194226_081658_0035_00.npy,background,background/background_20260706_194226_081658_0035.wav,0,64x26,0.0,0.25
background/background_20260706_194226_081658_0035_01.npy,background,background/background_20260706_194226_081658_0035.wav,1,64x26,0.25,0.25
background/background_20260706_194226_081658_0035_02.npy,background,background/background_20260706_194226_081658_0035.wav,2,64x26,0.5,0.25
background/background_20260706_194226_081658_0035_03.npy,background,background/background_20260706_194226_081658_0035.wav,3,64x26,0.75,0.25
background/background_20260706_194226_081658_0035_04.npy,background,background/background_20260706_194226_081658_0035.wav,4,64x26,1.0,0.25
background/background_20260706_194226_081658_0035_05.npy,background,background/background_20260706_194226_081658_0035.wav,5,64x26,1.25,0.25
background/background_20260706_194226_081658_0035_06.npy,background,background/background_20260706_194226_081658_0035.wav,6,64x26,1.5,0.25
background/background_20260706_194226_081658_0035_07.npy,background,background/background_20260706_194226_081658_0035.wav,7,64x26,1.75,0.25
background/background_20260706_194226_081658_0035_08.npy,background,background/background_20260706_194226_081658_0035.wav,8,64x26,2.0,0.25
background/background_20260706_194226_081658_0035_09.npy,background,background/background_20260706_194226_081658_0035.wav,9,64x26,2.25,0.25
background/background_20260706_194226_081658_0035_10.npy,background,background/background_20260706_194226_081658_0035.wav,10,64x26,2.5,0.25
background/background_20260706_194226_081658_0035_11.npy,background,background/background_20260706_194226_081658_0035.wav,11,64x26,2.75,0.25
background/background_20260706_194226_081658_0035_12.npy,background,background/background_20260706_194226_081658_0035.wav,12,64x26,3.0,0.25
background/background_20260706_194226_081658_0035_13.npy,background,background/background_20260706_194226_081658_0035.wav,13,64x26,3.25,0.25
background/background_20260706_194226_081658_0035_14.npy,background,background/background_20260706_194226_081658_0035.wav,14,64x26,3.5,0.25
background/background_20260706_194226_081658_0035_15.npy,background,background/background_20260706_194226_081658_0035.wav,15,64x26,3.75,0.25
background/background_20260706_194226_081658_0035_16.npy,background,background/background_20260706_194226_081658_0035.wav,16,64x26,4.0,0.25
background/background_20260706_194226_081658_0035_17.npy,background,background/background_20260706_194226_081658_0035.wav,17,64x26,4.25,0.25
background/background_20260706_194226_081658_0035_18.npy,background,background/background_20260706_194226_081658_0035.wav,18,64x26,4.5,0.25
background/background_20260706_194226_081658_0035_19.npy,background,background/background_20260706_194226_081658_0035.wav,19,64x26,4.75,0.25
background/background_20260706_194231_084585_0036_00.npy,background,background/background_20260706_194231_084585_0036.wav,0,64x26,0.0,0.25
background/background_20260706_194231_084585_0036_01.npy,background,background/background_20260706_194231_084585_0036.wav,1,64x26,0.25,0.25
background/background_20260706_194231_084585_0036_02.npy,background,background/background_20260706_194231_084585_0036.wav,2,64x26,0.5,0.25
background/background_20260706_194231_084585_0036_03.npy,background,background/background_20260706_194231_084585_0036.wav,3,64x26,0.75,0.25
background/background_20260706_194231_084585_0036_04.npy,background,background/background_20260706_194231_084585_0036.wav,4,64x26,1.0,0.25
background/background_20260706_194231_084585_0036_05.npy,background,background/background_20260706_194231_084585_0036.wav,5,64x26,1.25,0.25
background/background_20260706_194231_084585_0036_06.npy,background,background/background_20260706_194231_084585_0036.wav,6,64x26,1.5,0.25
background/background_20260706_194231_084585_0036_07.npy,background,background/background_20260706_194231_084585_0036.wav,7,64x26,1.75,0.25
background/background_20260706_194231_084585_0036_08.npy,background,background/background_20260706_194231_084585_0036.wav,8,64x26,2.0,0.25
background/background_20260706_194231_084585_0036_09.npy,background,background/background_20260706_194231_084585_0036.wav,9,64x26,2.25,0.25
background/background_20260706_194231_084585_0036_10.npy,background,background/background_20260706_194231_084585_0036.wav,10,64x26,2.5,0.25
background/background_20260706_194231_084585_0036_11.npy,background,background/background_20260706_194231_084585_0036.wav,11,64x26,2.75,0.25
background/background_20260706_194231_084585_0036_12.npy,background,background/background_20260706_194231_084585_0036.wav,12,64x26,3.0,0.25
background/background_20260706_194231_084585_0036_13.npy,background,background/background_20260706_194231_084585_0036.wav,13,64x26,3.25,0.25
background/background_20260706_194231_084585_0036_14.npy,background,background/background_20260706_194231_084585_0036.wav,14,64x26,3.5,0.25
background/background_20260706_194231_084585_0036_15.npy,background,background/background_20260706_194231_084585_0036.wav,15,64x26,3.75,0.25
background/background_20260706_194231_084585_0036_16.npy,background,background/background_20260706_194231_084585_0036.wav,16,64x26,4.0,0.25
background/background_20260706_194231_084585_0036_17.npy,background,background/background_20260706_194231_084585_0036.wav,17,64x26,4.25,0.25
background/background_20260706_194231_084585_0036_18.npy,background,background/background_20260706_194231_084585_0036.wav,18,64x26,4.5,0.25
background/background_20260706_194231_084585_0036_19.npy,background,background/background_20260706_194231_084585_0036.wav,19,64x26,4.75,0.25
background/background_20260706_194236_087594_0037_00.npy,background,background/background_20260706_194236_087594_0037.wav,0,64x26,0.0,0.25
background/background_20260706_194236_087594_0037_01.npy,background,background/background_20260706_194236_087594_0037.wav,1,64x26,0.25,0.25
background/background_20260706_194236_087594_0037_02.npy,background,background/background_20260706_194236_087594_0037.wav,2,64x26,0.5,0.25
background/background_20260706_194236_087594_0037_03.npy,background,background/background_20260706_194236_087594_0037.wav,3,64x26,0.75,0.25
background/background_20260706_194236_087594_0037_04.npy,background,background/background_20260706_194236_087594_0037.wav,4,64x26,1.0,0.25
background/background_20260706_194236_087594_0037_05.npy,background,background/background_20260706_194236_087594_0037.wav,5,64x26,1.25,0.25
background/background_20260706_194236_087594_0037_06.npy,background,background/background_20260706_194236_087594_0037.wav,6,64x26,1.5,0.25
background/background_20260706_194236_087594_0037_07.npy,background,background/background_20260706_194236_087594_0037.wav,7,64x26,1.75,0.25
background/background_20260706_194236_087594_0037_08.npy,background,background/background_20260706_194236_087594_0037.wav,8,64x26,2.0,0.25
background/background_20260706_194236_087594_0037_09.npy,background,background/background_20260706_194236_087594_0037.wav,9,64x26,2.25,0.25
background/background_20260706_194236_087594_0037_10.npy,background,background/background_20260706_194236_087594_0037.wav,10,64x26,2.5,0.25
background/background_20260706_194236_087594_0037_11.npy,background,background/background_20260706_194236_087594_0037.wav,11,64x26,2.75,0.25
background/background_20260706_194236_087594_0037_12.npy,background,background/background_20260706_194236_087594_0037.wav,12,64x26,3.0,0.25
background/background_20260706_194236_087594_0037_13.npy,background,background/background_20260706_194236_087594_0037.wav,13,64x26,3.25,0.25
background/background_20260706_194236_087594_0037_14.npy,background,background/background_20260706_194236_087594_0037.wav,14,64x26,3.5,0.25
background/background_20260706_194236_087594_0037_15.npy,background,background/background_20260706_194236_087594_0037.wav,15,64x26,3.75,0.25
background/background_20260706_194236_087594_0037_16.npy,background,background/background_20260706_194236_087594_0037.wav,16,64x26,4.0,0.25
background/background_20260706_194236_087594_0037_17.npy,background,background/background_20260706_194236_087594_0037.wav,17,64x26,4.25,0.25
background/background_20260706_194236_087594_0037_18.npy,background,background/background_20260706_194236_087594_0037.wav,18,64x26,4.5,0.25
background/background_20260706_194236_087594_0037_19.npy,background,background/background_20260706_194236_087594_0037.wav,19,64x26,4.75,0.25
background/background_20260706_194241_090774_0038_00.npy,background,background/background_20260706_194241_090774_0038.wav,0,64x26,0.0,0.25
background/background_20260706_194241_090774_0038_01.npy,background,background/background_20260706_194241_090774_0038.wav,1,64x26,0.25,0.25
background/background_20260706_194241_090774_0038_02.npy,background,background/background_20260706_194241_090774_0038.wav,2,64x26,0.5,0.25
background/background_20260706_194241_090774_0038_03.npy,background,background/background_20260706_194241_090774_0038.wav,3,64x26,0.75,0.25
background/background_20260706_194241_090774_0038_04.npy,background,background/background_20260706_194241_090774_0038.wav,4,64x26,1.0,0.25
background/background_20260706_194241_090774_0038_05.npy,background,background/background_20260706_194241_090774_0038.wav,5,64x26,1.25,0.25
background/background_20260706_194241_090774_0038_06.npy,background,background/background_20260706_194241_090774_0038.wav,6,64x26,1.5,0.25
background/background_20260706_194241_090774_0038_07.npy,background,background/background_20260706_194241_090774_0038.wav,7,64x26,1.75,0.25
background/background_20260706_194241_090774_0038_08.npy,background,background/background_20260706_194241_090774_0038.wav,8,64x26,2.0,0.25
background/background_20260706_194241_090774_0038_09.npy,background,background/background_20260706_194241_090774_0038.wav,9,64x26,2.25,0.25
background/background_20260706_194241_090774_0038_10.npy,background,background/background_20260706_194241_090774_0038.wav,10,64x26,2.5,0.25
background/background_20260706_194241_090774_0038_11.npy,background,background/background_20260706_194241_090774_0038.wav,11,64x26,2.75,0.25
background/background_20260706_194241_090774_0038_12.npy,background,background/background_20260706_194241_090774_0038.wav,12,64x26,3.0,0.25
background/background_20260706_194241_090774_0038_13.npy,background,background/background_20260706_194241_090774_0038.wav,13,64x26,3.25,0.25
background/background_20260706_194241_090774_0038_14.npy,background,background/background_20260706_194241_090774_0038.wav,14,64x26,3.5,0.25
background/background_20260706_194241_090774_0038_15.npy,background,background/background_20260706_194241_090774_0038.wav,15,64x26,3.75,0.25
background/background_20260706_194241_090774_0038_16.npy,background,background/background_20260706_194241_090774_0038.wav,16,64x26,4.0,0.25
background/background_20260706_194241_090774_0038_17.npy,background,background/background_20260706_194241_090774_0038.wav,17,64x26,4.25,0.25
background/background_20260706_194241_090774_0038_18.npy,background,background/background_20260706_194241_090774_0038.wav,18,64x26,4.5,0.25
background/background_20260706_194241_090774_0038_19.npy,background,background/background_20260706_194241_090774_0038.wav,19,64x26,4.75,0.25
background/background_20260706_194246_093614_0039_00.npy,background,background/background_20260706_194246_093614_0039.wav,0,64x26,0.0,0.25
background/background_20260706_194246_093614_0039_01.npy,background,background/background_20260706_194246_093614_0039.wav,1,64x26,0.25,0.25
background/background_20260706_194246_093614_0039_02.npy,background,background/background_20260706_194246_093614_0039.wav,2,64x26,0.5,0.25
background/background_20260706_194246_093614_0039_03.npy,background,background/background_20260706_194246_093614_0039.wav,3,64x26,0.75,0.25
background/background_20260706_194246_093614_0039_04.npy,background,background/background_20260706_194246_093614_0039.wav,4,64x26,1.0,0.25
background/background_20260706_194246_093614_0039_05.npy,background,background/background_20260706_194246_093614_0039.wav,5,64x26,1.25,0.25
background/background_20260706_194246_093614_0039_06.npy,background,background/background_20260706_194246_093614_0039.wav,6,64x26,1.5,0.25
background/background_20260706_194246_093614_0039_07.npy,background,background/background_20260706_194246_093614_0039.wav,7,64x26,1.75,0.25
background/background_20260706_194246_093614_0039_08.npy,background,background/background_20260706_194246_093614_0039.wav,8,64x26,2.0,0.25
background/background_20260706_194246_093614_0039_09.npy,background,background/background_20260706_194246_093614_0039.wav,9,64x26,2.25,0.25
background/background_20260706_194246_093614_0039_10.npy,background,background/background_20260706_194246_093614_0039.wav,10,64x26,2.5,0.25
background/background_20260706_194246_093614_0039_11.npy,background,background/background_20260706_194246_093614_0039.wav,11,64x26,2.75,0.25
background/background_20260706_194246_093614_0039_12.npy,background,background/background_20260706_194246_093614_0039.wav,12,64x26,3.0,0.25
background/background_20260706_194246_093614_0039_13.npy,background,background/background_20260706_194246_093614_0039.wav,13,64x26,3.25,0.25
background/background_20260706_194246_093614_0039_14.npy,background,background/background_20260706_194246_093614_0039.wav,14,64x26,3.5,0.25
background/background_20260706_194246_093614_0039_15.npy,background,background/background_20260706_194246_093614_0039.wav,15,64x26,3.75,0.25
background/background_20260706_194246_093614_0039_16.npy,background,background/background_20260706_194246_093614_0039.wav,16,64x26,4.0,0.25
background/background_20260706_194246_093614_0039_17.npy,background,background/background_20260706_194246_093614_0039.wav,17,64x26,4.25,0.25
background/background_20260706_194246_093614_0039_18.npy,background,background/background_20260706_194246_093614_0039.wav,18,64x26,4.5,0.25
background/background_20260706_194246_093614_0039_19.npy,background,background/background_20260706_194246_093614_0039.wav,19,64x26,4.75,0.25
background/background_20260706_194251_096769_0040_00.npy,background,background/background_20260706_194251_096769_0040.wav,0,64x26,0.0,0.25
background/background_20260706_194251_096769_0040_01.npy,background,background/background_20260706_194251_096769_0040.wav,1,64x26,0.25,0.25
background/background_20260706_194251_096769_0040_02.npy,background,background/background_20260706_194251_096769_0040.wav,2,64x26,0.5,0.25
background/background_20260706_194251_096769_0040_03.npy,background,background/background_20260706_194251_096769_0040.wav,3,64x26,0.75,0.25
background/background_20260706_194251_096769_0040_04.npy,background,background/background_20260706_194251_096769_0040.wav,4,64x26,1.0,0.25
background/background_20260706_194251_096769_0040_05.npy,background,background/background_20260706_194251_096769_0040.wav,5,64x26,1.25,0.25
background/background_20260706_194251_096769_0040_06.npy,background,background/background_20260706_194251_096769_0040.wav,6,64x26,1.5,0.25
background/background_20260706_194251_096769_0040_07.npy,background,background/background_20260706_194251_096769_0040.wav,7,64x26,1.75,0.25
background/background_20260706_194251_096769_0040_08.npy,background,background/background_20260706_194251_096769_0040.wav,8,64x26,2.0,0.25
background/background_20260706_194251_096769_0040_09.npy,background,background/background_20260706_194251_096769_0040.wav,9,64x26,2.25,0.25
background/background_20260706_194251_096769_0040_10.npy,background,background/background_20260706_194251_096769_0040.wav,10,64x26,2.5,0.25
background/background_20260706_194251_096769_0040_11.npy,background,background/background_20260706_194251_096769_0040.wav,11,64x26,2.75,0.25
background/background_20260706_194251_096769_0040_12.npy,background,background/background_20260706_194251_096769_0040.wav,12,64x26,3.0,0.25
background/background_20260706_194251_096769_0040_13.npy,background,background/background_20260706_194251_096769_0040.wav,13,64x26,3.25,0.25
background/background_20260706_194251_096769_0040_14.npy,background,background/background_20260706_194251_096769_0040.wav,14,64x26,3.5,0.25
background/background_20260706_194251_096769_0040_15.npy,background,background/background_20260706_194251_096769_0040.wav,15,64x26,3.75,0.25
background/background_20260706_194251_096769_0040_16.npy,background,background/background_20260706_194251_096769_0040.wav,16,64x26,4.0,0.25
background/background_20260706_194251_096769_0040_17.npy,background,background/background_20260706_194251_096769_0040.wav,17,64x26,4.25,0.25
background/background_20260706_194251_096769_0040_18.npy,background,background/background_20260706_194251_096769_0040.wav,18,64x26,4.5,0.25
background/background_20260706_194251_096769_0040_19.npy,background,background/background_20260706_194251_096769_0040.wav,19,64x26,4.75,0.25
background/background_20260706_194256_099796_0041_00.npy,background,background/background_20260706_194256_099796_0041.wav,0,64x26,0.0,0.25
background/background_20260706_194256_099796_0041_01.npy,background,background/background_20260706_194256_099796_0041.wav,1,64x26,0.25,0.25
background/background_20260706_194256_099796_0041_02.npy,background,background/background_20260706_194256_099796_0041.wav,2,64x26,0.5,0.25
background/background_20260706_194256_099796_0041_03.npy,background,background/background_20260706_194256_099796_0041.wav,3,64x26,0.75,0.25
background/background_20260706_194256_099796_0041_04.npy,background,background/background_20260706_194256_099796_0041.wav,4,64x26,1.0,0.25
background/background_20260706_194256_099796_0041_05.npy,background,background/background_20260706_194256_099796_0041.wav,5,64x26,1.25,0.25
background/background_20260706_194256_099796_0041_06.npy,background,background/background_20260706_194256_099796_0041.wav,6,64x26,1.5,0.25
background/background_20260706_194256_099796_0041_07.npy,background,background/background_20260706_194256_099796_0041.wav,7,64x26,1.75,0.25
background/background_20260706_194256_099796_0041_08.npy,background,background/background_20260706_194256_099796_0041.wav,8,64x26,2.0,0.25
background/background_20260706_194256_099796_0041_09.npy,background,background/background_20260706_194256_099796_0041.wav,9,64x26,2.25,0.25
background/background_20260706_194256_099796_0041_10.npy,background,background/background_20260706_194256_099796_0041.wav,10,64x26,2.5,0.25
background/background_20260706_194256_099796_0041_11.npy,background,background/background_20260706_194256_099796_0041.wav,11,64x26,2.75,0.25
background/background_20260706_194256_099796_0041_12.npy,background,background/background_20260706_194256_099796_0041.wav,12,64x26,3.0,0.25
background/background_20260706_194256_099796_0041_13.npy,background,background/background_20260706_194256_099796_0041.wav,13,64x26,3.25,0.25
background/background_20260706_194256_099796_0041_14.npy,background,background/background_20260706_194256_099796_0041.wav,14,64x26,3.5,0.25
background/background_20260706_194256_099796_0041_15.npy,background,background/background_20260706_194256_099796_0041.wav,15,64x26,3.75,0.25
background/background_20260706_194256_099796_0041_16.npy,background,background/background_20260706_194256_099796_0041.wav,16,64x26,4.0,0.25
background/background_20260706_194256_099796_0041_17.npy,background,background/background_20260706_194256_099796_0041.wav,17,64x26,4.25,0.25
background/background_20260706_194256_099796_0041_18.npy,background,background/background_20260706_194256_099796_0041.wav,18,64x26,4.5,0.25
background/background_20260706_194256_099796_0041_19.npy,background,background/background_20260706_194256_099796_0041.wav,19,64x26,4.75,0.25
background/background_20260706_194301_102657_0042_00.npy,background,background/background_20260706_194301_102657_0042.wav,0,64x26,0.0,0.25
background/background_20260706_194301_102657_0042_01.npy,background,background/background_20260706_194301_102657_0042.wav,1,64x26,0.25,0.25
background/background_20260706_194301_102657_0042_02.npy,background,background/background_20260706_194301_102657_0042.wav,2,64x26,0.5,0.25
background/background_20260706_194301_102657_0042_03.npy,background,background/background_20260706_194301_102657_0042.wav,3,64x26,0.75,0.25
background/background_20260706_194301_102657_0042_04.npy,background,background/background_20260706_194301_102657_0042.wav,4,64x26,1.0,0.25
background/background_20260706_194301_102657_0042_05.npy,background,background/background_20260706_194301_102657_0042.wav,5,64x26,1.25,0.25
background/background_20260706_194301_102657_0042_06.npy,background,background/background_20260706_194301_102657_0042.wav,6,64x26,1.5,0.25
background/background_20260706_194301_102657_0042_07.npy,background,background/background_20260706_194301_102657_0042.wav,7,64x26,1.75,0.25
background/background_20260706_194301_102657_0042_08.npy,background,background/background_20260706_194301_102657_0042.wav,8,64x26,2.0,0.25
background/background_20260706_194301_102657_0042_09.npy,background,background/background_20260706_194301_102657_0042.wav,9,64x26,2.25,0.25
background/background_20260706_194301_102657_0042_10.npy,background,background/background_20260706_194301_102657_0042.wav,10,64x26,2.5,0.25
background/background_20260706_194301_102657_0042_11.npy,background,background/background_20260706_194301_102657_0042.wav,11,64x26,2.75,0.25
background/background_20260706_194301_102657_0042_12.npy,background,background/background_20260706_194301_102657_0042.wav,12,64x26,3.0,0.25
background/background_20260706_194301_102657_0042_13.npy,background,background/background_20260706_194301_102657_0042.wav,13,64x26,3.25,0.25
background/background_20260706_194301_102657_0042_14.npy,background,background/background_20260706_194301_102657_0042.wav,14,64x26,3.5,0.25
background/background_20260706_194301_102657_0042_15.npy,background,background/background_20260706_194301_102657_0042.wav,15,64x26,3.75,0.25
background/background_20260706_194301_102657_0042_16.npy,background,background/background_20260706_194301_102657_0042.wav,16,64x26,4.0,0.25
background/background_20260706_194301_102657_0042_17.npy,background,background/background_20260706_194301_102657_0042.wav,17,64x26,4.25,0.25
background/background_20260706_194301_102657_0042_18.npy,background,background/background_20260706_194301_102657_0042.wav,18,64x26,4.5,0.25
background/background_20260706_194301_102657_0042_19.npy,background,background/background_20260706_194301_102657_0042.wav,19,64x26,4.75,0.25
background/background_20260706_194306_105854_0043_00.npy,background,background/background_20260706_194306_105854_0043.wav,0,64x26,0.0,0.25
background/background_20260706_194306_105854_0043_01.npy,background,background/background_20260706_194306_105854_0043.wav,1,64x26,0.25,0.25
background/background_20260706_194306_105854_0043_02.npy,background,background/background_20260706_194306_105854_0043.wav,2,64x26,0.5,0.25
background/background_20260706_194306_105854_0043_03.npy,background,background/background_20260706_194306_105854_0043.wav,3,64x26,0.75,0.25
background/background_20260706_194306_105854_0043_04.npy,background,background/background_20260706_194306_105854_0043.wav,4,64x26,1.0,0.25
background/background_20260706_194306_105854_0043_05.npy,background,background/background_20260706_194306_105854_0043.wav,5,64x26,1.25,0.25
background/background_20260706_194306_105854_0043_06.npy,background,background/background_20260706_194306_105854_0043.wav,6,64x26,1.5,0.25
background/background_20260706_194306_105854_0043_07.npy,background,background/background_20260706_194306_105854_0043.wav,7,64x26,1.75,0.25
background/background_20260706_194306_105854_0043_08.npy,background,background/background_20260706_194306_105854_0043.wav,8,64x26,2.0,0.25
background/background_20260706_194306_105854_0043_09.npy,background,background/background_20260706_194306_105854_0043.wav,9,64x26,2.25,0.25
background/background_20260706_194306_105854_0043_10.npy,background,background/background_20260706_194306_105854_0043.wav,10,64x26,2.5,0.25
background/background_20260706_194306_105854_0043_11.npy,background,background/background_20260706_194306_105854_0043.wav,11,64x26,2.75,0.25
background/background_20260706_194306_105854_0043_12.npy,background,background/background_20260706_194306_105854_0043.wav,12,64x26,3.0,0.25
background/background_20260706_194306_105854_0043_13.npy,background,background/background_20260706_194306_105854_0043.wav,13,64x26,3.25,0.25
background/background_20260706_194306_105854_0043_14.npy,background,background/background_20260706_194306_105854_0043.wav,14,64x26,3.5,0.25
background/background_20260706_194306_105854_0043_15.npy,background,background/background_20260706_194306_105854_0043.wav,15,64x26,3.75,0.25
background/background_20260706_194306_105854_0043_16.npy,background,background/background_20260706_194306_105854_0043.wav,16,64x26,4.0,0.25
background/background_20260706_194306_105854_0043_17.npy,background,background/background_20260706_194306_105854_0043.wav,17,64x26,4.25,0.25
background/background_20260706_194306_105854_0043_18.npy,background,background/background_20260706_194306_105854_0043.wav,18,64x26,4.5,0.25
background/background_20260706_194306_105854_0043_19.npy,background,background/background_20260706_194306_105854_0043.wav,19,64x26,4.75,0.25
background/background_20260706_194311_108664_0044_00.npy,background,background/background_20260706_194311_108664_0044.wav,0,64x26,0.0,0.25
background/background_20260706_194311_108664_0044_01.npy,background,background/background_20260706_194311_108664_0044.wav,1,64x26,0.25,0.25
background/background_20260706_194311_108664_0044_02.npy,background,background/background_20260706_194311_108664_0044.wav,2,64x26,0.5,0.25
background/background_20260706_194311_108664_0044_03.npy,background,background/background_20260706_194311_108664_0044.wav,3,64x26,0.75,0.25
background/background_20260706_194311_108664_0044_04.npy,background,background/background_20260706_194311_108664_0044.wav,4,64x26,1.0,0.25
background/background_20260706_194311_108664_0044_05.npy,background,background/background_20260706_194311_108664_0044.wav,5,64x26,1.25,0.25
background/background_20260706_194311_108664_0044_06.npy,background,background/background_20260706_194311_108664_0044.wav,6,64x26,1.5,0.25
background/background_20260706_194311_108664_0044_07.npy,background,background/background_20260706_194311_108664_0044.wav,7,64x26,1.75,0.25
background/background_20260706_194311_108664_0044_08.npy,background,background/background_20260706_194311_108664_0044.wav,8,64x26,2.0,0.25
background/background_20260706_194311_108664_0044_09.npy,background,background/background_20260706_194311_108664_0044.wav,9,64x26,2.25,0.25
background/background_20260706_194311_108664_0044_10.npy,background,background/background_20260706_194311_108664_0044.wav,10,64x26,2.5,0.25
background/background_20260706_194311_108664_0044_11.npy,background,background/background_20260706_194311_108664_0044.wav,11,64x26,2.75,0.25
background/background_20260706_194311_108664_0044_12.npy,background,background/background_20260706_194311_108664_0044.wav,12,64x26,3.0,0.25
background/background_20260706_194311_108664_0044_13.npy,background,background/background_20260706_194311_108664_0044.wav,13,64x26,3.25,0.25
background/background_20260706_194311_108664_0044_14.npy,background,background/background_20260706_194311_108664_0044.wav,14,64x26,3.5,0.25
background/background_20260706_194311_108664_0044_15.npy,background,background/background_20260706_194311_108664_0044.wav,15,64x26,3.75,0.25
background/background_20260706_194311_108664_0044_16.npy,background,background/background_20260706_194311_108664_0044.wav,16,64x26,4.0,0.25
background/background_20260706_194311_108664_0044_17.npy,background,background/background_20260706_194311_108664_0044.wav,17,64x26,4.25,0.25
background/background_20260706_194311_108664_0044_18.npy,background,background/background_20260706_194311_108664_0044.wav,18,64x26,4.5,0.25
background/background_20260706_194311_108664_0044_19.npy,background,background/background_20260706_194311_108664_0044.wav,19,64x26,4.75,0.25
background/background_20260706_194316_111678_0045_00.npy,background,background/background_20260706_194316_111678_0045.wav,0,64x26,0.0,0.25
background/background_20260706_194316_111678_0045_01.npy,background,background/background_20260706_194316_111678_0045.wav,1,64x26,0.25,0.25
background/background_20260706_194316_111678_0045_02.npy,background,background/background_20260706_194316_111678_0045.wav,2,64x26,0.5,0.25
background/background_20260706_194316_111678_0045_03.npy,background,background/background_20260706_194316_111678_0045.wav,3,64x26,0.75,0.25
background/background_20260706_194316_111678_0045_04.npy,background,background/background_20260706_194316_111678_0045.wav,4,64x26,1.0,0.25
background/background_20260706_194316_111678_0045_05.npy,background,background/background_20260706_194316_111678_0045.wav,5,64x26,1.25,0.25
background/background_20260706_194316_111678_0045_06.npy,background,background/background_20260706_194316_111678_0045.wav,6,64x26,1.5,0.25
background/background_20260706_194316_111678_0045_07.npy,background,background/background_20260706_194316_111678_0045.wav,7,64x26,1.75,0.25
background/background_20260706_194316_111678_0045_08.npy,background,background/background_20260706_194316_111678_0045.wav,8,64x26,2.0,0.25
background/background_20260706_194316_111678_0045_09.npy,background,background/background_20260706_194316_111678_0045.wav,9,64x26,2.25,0.25
background/background_20260706_194316_111678_0045_10.npy,background,background/background_20260706_194316_111678_0045.wav,10,64x26,2.5,0.25
background/background_20260706_194316_111678_0045_11.npy,background,background/background_20260706_194316_111678_0045.wav,11,64x26,2.75,0.25
background/background_20260706_194316_111678_0045_12.npy,background,background/background_20260706_194316_111678_0045.wav,12,64x26,3.0,0.25
background/background_20260706_194316_111678_0045_13.npy,background,background/background_20260706_194316_111678_0045.wav,13,64x26,3.25,0.25
background/background_20260706_194316_111678_0045_14.npy,background,background/background_20260706_194316_111678_0045.wav,14,64x26,3.5,0.25
background/background_20260706_194316_111678_0045_15.npy,background,background/background_20260706_194316_111678_0045.wav,15,64x26,3.75,0.25
background/background_20260706_194316_111678_0045_16.npy,background,background/background_20260706_194316_111678_0045.wav,16,64x26,4.0,0.25
background/background_20260706_194316_111678_0045_17.npy,background,background/background_20260706_194316_111678_0045.wav,17,64x26,4.25,0.25
background/background_20260706_194316_111678_0045_18.npy,background,background/background_20260706_194316_111678_0045.wav,18,64x26,4.5,0.25
background/background_20260706_194316_111678_0045_19.npy,background,background/background_20260706_194316_111678_0045.wav,19,64x26,4.75,0.25
background/background_20260706_194321_114868_0046_00.npy,background,background/background_20260706_194321_114868_0046.wav,0,64x26,0.0,0.25
background/background_20260706_194321_114868_0046_01.npy,background,background/background_20260706_194321_114868_0046.wav,1,64x26,0.25,0.25
background/background_20260706_194321_114868_0046_02.npy,background,background/background_20260706_194321_114868_0046.wav,2,64x26,0.5,0.25
background/background_20260706_194321_114868_0046_03.npy,background,background/background_20260706_194321_114868_0046.wav,3,64x26,0.75,0.25
background/background_20260706_194321_114868_0046_04.npy,background,background/background_20260706_194321_114868_0046.wav,4,64x26,1.0,0.25
background/background_20260706_194321_114868_0046_05.npy,background,background/background_20260706_194321_114868_0046.wav,5,64x26,1.25,0.25
background/background_20260706_194321_114868_0046_06.npy,background,background/background_20260706_194321_114868_0046.wav,6,64x26,1.5,0.25
background/background_20260706_194321_114868_0046_07.npy,background,background/background_20260706_194321_114868_0046.wav,7,64x26,1.75,0.25
background/background_20260706_194321_114868_0046_08.npy,background,background/background_20260706_194321_114868_0046.wav,8,64x26,2.0,0.25
background/background_20260706_194321_114868_0046_09.npy,background,background/background_20260706_194321_114868_0046.wav,9,64x26,2.25,0.25
background/background_20260706_194321_114868_0046_10.npy,background,background/background_20260706_194321_114868_0046.wav,10,64x26,2.5,0.25
background/background_20260706_194321_114868_0046_11.npy,background,background/background_20260706_194321_114868_0046.wav,11,64x26,2.75,0.25
background/background_20260706_194321_114868_0046_12.npy,background,background/background_20260706_194321_114868_0046.wav,12,64x26,3.0,0.25
background/background_20260706_194321_114868_0046_13.npy,background,background/background_20260706_194321_114868_0046.wav,13,64x26,3.25,0.25
background/background_20260706_194321_114868_0046_14.npy,background,background/background_20260706_194321_114868_0046.wav,14,64x26,3.5,0.25
background/background_20260706_194321_114868_0046_15.npy,background,background/background_20260706_194321_114868_0046.wav,15,64x26,3.75,0.25
background/background_20260706_194321_114868_0046_16.npy,background,background/background_20260706_194321_114868_0046.wav,16,64x26,4.0,0.25
background/background_20260706_194321_114868_0046_17.npy,background,background/background_20260706_194321_114868_0046.wav,17,64x26,4.25,0.25
background/background_20260706_194321_114868_0046_18.npy,background,background/background_20260706_194321_114868_0046.wav,18,64x26,4.5,0.25
background/background_20260706_194321_114868_0046_19.npy,background,background/background_20260706_194321_114868_0046.wav,19,64x26,4.75,0.25
background/background_20260706_194326_117691_0047_00.npy,background,background/background_20260706_194326_117691_0047.wav,0,64x26,0.0,0.25
background/background_20260706_194326_117691_0047_01.npy,background,background/background_20260706_194326_117691_0047.wav,1,64x26,0.25,0.25
background/background_20260706_194326_117691_0047_02.npy,background,background/background_20260706_194326_117691_0047.wav,2,64x26,0.5,0.25
background/background_20260706_194326_117691_0047_03.npy,background,background/background_20260706_194326_117691_0047.wav,3,64x26,0.75,0.25
background/background_20260706_194326_117691_0047_04.npy,background,background/background_20260706_194326_117691_0047.wav,4,64x26,1.0,0.25
background/background_20260706_194326_117691_0047_05.npy,background,background/background_20260706_194326_117691_0047.wav,5,64x26,1.25,0.25
background/background_20260706_194326_117691_0047_06.npy,background,background/background_20260706_194326_117691_0047.wav,6,64x26,1.5,0.25
background/background_20260706_194326_117691_0047_07.npy,background,background/background_20260706_194326_117691_0047.wav,7,64x26,1.75,0.25
background/background_20260706_194326_117691_0047_08.npy,background,background/background_20260706_194326_117691_0047.wav,8,64x26,2.0,0.25
background/background_20260706_194326_117691_0047_09.npy,background,background/background_20260706_194326_117691_0047.wav,9,64x26,2.25,0.25
background/background_20260706_194326_117691_0047_10.npy,background,background/background_20260706_194326_117691_0047.wav,10,64x26,2.5,0.25
background/background_20260706_194326_117691_0047_11.npy,background,background/background_20260706_194326_117691_0047.wav,11,64x26,2.75,0.25
background/background_20260706_194326_117691_0047_12.npy,background,background/background_20260706_194326_117691_0047.wav,12,64x26,3.0,0.25
background/background_20260706_194326_117691_0047_13.npy,background,background/background_20260706_194326_117691_0047.wav,13,64x26,3.25,0.25
background/background_20260706_194326_117691_0047_14.npy,background,background/background_20260706_194326_117691_0047.wav,14,64x26,3.5,0.25
background/background_20260706_194326_117691_0047_15.npy,background,background/background_20260706_194326_117691_0047.wav,15,64x26,3.75,0.25
background/background_20260706_194326_117691_0047_16.npy,background,background/background_20260706_194326_117691_0047.wav,16,64x26,4.0,0.25
background/background_20260706_194326_117691_0047_17.npy,background,background/background_20260706_194326_117691_0047.wav,17,64x26,4.25,0.25
background/background_20260706_194326_117691_0047_18.npy,background,background/background_20260706_194326_117691_0047.wav,18,64x26,4.5,0.25
background/background_20260706_194326_117691_0047_19.npy,background,background/background_20260706_194326_117691_0047.wav,19,64x26,4.75,0.25
background/background_20260706_194331_120882_0048_00.npy,background,background/background_20260706_194331_120882_0048.wav,0,64x26,0.0,0.25
background/background_20260706_194331_120882_0048_01.npy,background,background/background_20260706_194331_120882_0048.wav,1,64x26,0.25,0.25
background/background_20260706_194331_120882_0048_02.npy,background,background/background_20260706_194331_120882_0048.wav,2,64x26,0.5,0.25
background/background_20260706_194331_120882_0048_03.npy,background,background/background_20260706_194331_120882_0048.wav,3,64x26,0.75,0.25
background/background_20260706_194331_120882_0048_04.npy,background,background/background_20260706_194331_120882_0048.wav,4,64x26,1.0,0.25
background/background_20260706_194331_120882_0048_05.npy,background,background/background_20260706_194331_120882_0048.wav,5,64x26,1.25,0.25
background/background_20260706_194331_120882_0048_06.npy,background,background/background_20260706_194331_120882_0048.wav,6,64x26,1.5,0.25
background/background_20260706_194331_120882_0048_07.npy,background,background/background_20260706_194331_120882_0048.wav,7,64x26,1.75,0.25
background/background_20260706_194331_120882_0048_08.npy,background,background/background_20260706_194331_120882_0048.wav,8,64x26,2.0,0.25
background/background_20260706_194331_120882_0048_09.npy,background,background/background_20260706_194331_120882_0048.wav,9,64x26,2.25,0.25
background/background_20260706_194331_120882_0048_10.npy,background,background/background_20260706_194331_120882_0048.wav,10,64x26,2.5,0.25
background/background_20260706_194331_120882_0048_11.npy,background,background/background_20260706_194331_120882_0048.wav,11,64x26,2.75,0.25
background/background_20260706_194331_120882_0048_12.npy,background,background/background_20260706_194331_120882_0048.wav,12,64x26,3.0,0.25
background/background_20260706_194331_120882_0048_13.npy,background,background/background_20260706_194331_120882_0048.wav,13,64x26,3.25,0.25
background/background_20260706_194331_120882_0048_14.npy,background,background/background_20260706_194331_120882_0048.wav,14,64x26,3.5,0.25
background/background_20260706_194331_120882_0048_15.npy,background,background/background_20260706_194331_120882_0048.wav,15,64x26,3.75,0.25
background/background_20260706_194331_120882_0048_16.npy,background,background/background_20260706_194331_120882_0048.wav,16,64x26,4.0,0.25
background/background_20260706_194331_120882_0048_17.npy,background,background/background_20260706_194331_120882_0048.wav,17,64x26,4.25,0.25
background/background_20260706_194331_120882_0048_18.npy,background,background/background_20260706_194331_120882_0048.wav,18,64x26,4.5,0.25
background/background_20260706_194331_120882_0048_19.npy,background,background/background_20260706_194331_120882_0048.wav,19,64x26,4.75,0.25
background/background_20260706_194336_123712_0049_00.npy,background,background/background_20260706_194336_123712_0049.wav,0,64x26,0.0,0.25
background/background_20260706_194336_123712_0049_01.npy,background,background/background_20260706_194336_123712_0049.wav,1,64x26,0.25,0.25
background/background_20260706_194336_123712_0049_02.npy,background,background/background_20260706_194336_123712_0049.wav,2,64x26,0.5,0.25
background/background_20260706_194336_123712_0049_03.npy,background,background/background_20260706_194336_123712_0049.wav,3,64x26,0.75,0.25
background/background_20260706_194336_123712_0049_04.npy,background,background/background_20260706_194336_123712_0049.wav,4,64x26,1.0,0.25
background/background_20260706_194336_123712_0049_05.npy,background,background/background_20260706_194336_123712_0049.wav,5,64x26,1.25,0.25
background/background_20260706_194336_123712_0049_06.npy,background,background/background_20260706_194336_123712_0049.wav,6,64x26,1.5,0.25
background/background_20260706_194336_123712_0049_07.npy,background,background/background_20260706_194336_123712_0049.wav,7,64x26,1.75,0.25
background/background_20260706_194336_123712_0049_08.npy,background,background/background_20260706_194336_123712_0049.wav,8,64x26,2.0,0.25
background/background_20260706_194336_123712_0049_09.npy,background,background/background_20260706_194336_123712_0049.wav,9,64x26,2.25,0.25
background/background_20260706_194336_123712_0049_10.npy,background,background/background_20260706_194336_123712_0049.wav,10,64x26,2.5,0.25
background/background_20260706_194336_123712_0049_11.npy,background,background/background_20260706_194336_123712_0049.wav,11,64x26,2.75,0.25
background/background_20260706_194336_123712_0049_12.npy,background,background/background_20260706_194336_123712_0049.wav,12,64x26,3.0,0.25
background/background_20260706_194336_123712_0049_13.npy,background,background/background_20260706_194336_123712_0049.wav,13,64x26,3.25,0.25
background/background_20260706_194336_123712_0049_14.npy,background,background/background_20260706_194336_123712_0049.wav,14,64x26,3.5,0.25
background/background_20260706_194336_123712_0049_15.npy,background,background/background_20260706_194336_123712_0049.wav,15,64x26,3.75,0.25
background/background_20260706_194336_123712_0049_16.npy,background,background/background_20260706_194336_123712_0049.wav,16,64x26,4.0,0.25
background/background_20260706_194336_123712_0049_17.npy,background,background/background_20260706_194336_123712_0049.wav,17,64x26,4.25,0.25
background/background_20260706_194336_123712_0049_18.npy,background,background/background_20260706_194336_123712_0049.wav,18,64x26,4.5,0.25
background/background_20260706_194336_123712_0049_19.npy,background,background/background_20260706_194336_123712_0049.wav,19,64x26,4.75,0.25
background/background_20260706_194341_126868_0050_00.npy,background,background/background_20260706_194341_126868_0050.wav,0,64x26,0.0,0.25
background/background_20260706_194341_126868_0050_01.npy,background,background/background_20260706_194341_126868_0050.wav,1,64x26,0.25,0.25
background/background_20260706_194341_126868_0050_02.npy,background,background/background_20260706_194341_126868_0050.wav,2,64x26,0.5,0.25
background/background_20260706_194341_126868_0050_03.npy,background,background/background_20260706_194341_126868_0050.wav,3,64x26,0.75,0.25
background/background_20260706_194341_126868_0050_04.npy,background,background/background_20260706_194341_126868_0050.wav,4,64x26,1.0,0.25
background/background_20260706_194341_126868_0050_05.npy,background,background/background_20260706_194341_126868_0050.wav,5,64x26,1.25,0.25
background/background_20260706_194341_126868_0050_06.npy,background,background/background_20260706_194341_126868_0050.wav,6,64x26,1.5,0.25
background/background_20260706_194341_126868_0050_07.npy,background,background/background_20260706_194341_126868_0050.wav,7,64x26,1.75,0.25
background/background_20260706_194341_126868_0050_08.npy,background,background/background_20260706_194341_126868_0050.wav,8,64x26,2.0,0.25
background/background_20260706_194341_126868_0050_09.npy,background,background/background_20260706_194341_126868_0050.wav,9,64x26,2.25,0.25
background/background_20260706_194341_126868_0050_10.npy,background,background/background_20260706_194341_126868_0050.wav,10,64x26,2.5,0.25
background/background_20260706_194341_126868_0050_11.npy,background,background/background_20260706_194341_126868_0050.wav,11,64x26,2.75,0.25
background/background_20260706_194341_126868_0050_12.npy,background,background/background_20260706_194341_126868_0050.wav,12,64x26,3.0,0.25
background/background_20260706_194341_126868_0050_13.npy,background,background/background_20260706_194341_126868_0050.wav,13,64x26,3.25,0.25
background/background_20260706_194341_126868_0050_14.npy,background,background/background_20260706_194341_126868_0050.wav,14,64x26,3.5,0.25
background/background_20260706_194341_126868_0050_15.npy,background,background/background_20260706_194341_126868_0050.wav,15,64x26,3.75,0.25
background/background_20260706_194341_126868_0050_16.npy,background,background/background_20260706_194341_126868_0050.wav,16,64x26,4.0,0.25
background/background_20260706_194341_126868_0050_17.npy,background,background/background_20260706_194341_126868_0050.wav,17,64x26,4.25,0.25
background/background_20260706_194341_126868_0050_18.npy,background,background/background_20260706_194341_126868_0050.wav,18,64x26,4.5,0.25
background/background_20260706_194341_126868_0050_19.npy,background,background/background_20260706_194341_126868_0050.wav,19,64x26,4.75,0.25
background_self_fire/background_self_fire_20260706_193409_078035_0000_00.npy,background_self_fire,background_self_fire/background_self_fire_20260706_193409_078035_0000.wav,0,64x26,0.0,0.25
background_self_fire/background_self_fire_20260706_193409_078035_0000_01.npy,background_self_fire,background_self_fire/background_self_fire_20260706_193409_078035_0000.wav,1,64x26,0.25,0.25
background_self_fire/background_self_fire_20260706_193409_078035_0000_02.npy,background_self_fire,background_self_fire/background_self_fire_20260706_193409_078035_0000.wav,2,64x26,0.5,0.25
background_self_fire/background_self_fire_20260706_193409_078035_0000_03.npy,background_self_fire,background_self_fire/background_self_fire_20260706_193409_078035_0000.wav,3,64x26,0.75,0.25
background_self_fire/background_self_fire_20260706_193411_864771_0001_00.npy,background_self_fire,background_self_fire/background_self_fire_20260706_193411_864771_0001.wav,0,64x26,0.0,0.25
background_self_fire/background_self_fire_20260706_193411_864771_0001_01.npy,background_self_fire,background_self_fire/background_self_fire_20260706_193411_864771_0001.wav,1,64x26,0.25,0.25
background_self_fire/background_self_fire_20260706_193411_864771_0001_02.npy,background_self_fire,background_self_fire/background_self_fire_20260706_193411_864771_0001.wav,2,64x26,0.5,0.25
background_self_fire/background_self_fire_20260706_193411_864771_0001_03.npy,background_self_fire,background_self_fire/background_self_fire_20260706_193411_864771_0001.wav,3,64x26,0.75,0.25
background_self_fire/background_self_fire_20260706_193415_470159_0002_00.npy,background_self_fire,background_self_fire/background_self_fire_20260706_193415_470159_0002.wav,0,64x26,0.0,0.25
background_self_fire/background_self_fire_20260706_193415_470159_0002_01.npy,background_self_fire,background_self_fire/background_self_fire_20260706_193415_470159_0002.wav,1,64x26,0.25,0.25
background_self_fire/background_self_fire_20260706_193415_470159_0002_02.npy,background_self_fire,background_self_fire/background_self_fire_20260706_193415_470159_0002.wav,2,64x26,0.5,0.25
background_self_fire/background_self_fire_20260706_193415_470159_0002_03.npy,background_self_fire,background_self_fire/background_self_fire_20260706_193415_470159_0002.wav,3,64x26,0.75,0.25
background_self_fire/background_self_fire_20260706_193417_582213_0003_00.npy,background_self_fire,background_self_fire/background_self_fire_20260706_193417_582213_0003.wav,0,64x26,0.0,0.25
background_self_fire/background_self_fire_20260706_193417_582213_0003_01.npy,background_self_fire,background_self_fire/background_self_fire_20260706_193417_582213_0003.wav,1,64x26,0.25,0.25
background_self_fire/background_self_fire_20260706_193417_582213_0003_02.npy,background_self_fire,background_self_fire/background_self_fire_20260706_193417_582213_0003.wav,2,64x26,0.5,0.25
background_self_fire/background_self_fire_20260706_193417_582213_0003_03.npy,background_self_fire,background_self_fire/background_self_fire_20260706_193417_582213_0003.wav,3,64x26,0.75,0.25
background_self_fire/background_self_fire_20260706_193419_585622_0004_00.npy,background_self_fire,background_self_fire/background_self_fire_20260706_193419_585622_0004.wav,0,64x26,0.0,0.25
background_self_fire/background_self_fire_20260706_193419_585622_0004_01.npy,background_self_fire,background_self_fire/background_self_fire_20260706_193419_585622_0004.wav,1,64x26,0.25,0.25
background_self_fire/background_self_fire_20260706_193419_585622_0004_02.npy,background_self_fire,background_self_fire/background_self_fire_20260706_193419_585622_0004.wav,2,64x26,0.5,0.25
background_self_fire/background_self_fire_20260706_193419_585622_0004_03.npy,background_self_fire,background_self_fire/background_self_fire_20260706_193419_585622_0004.wav,3,64x26,0.75,0.25
background_self_fire/background_self_fire_20260706_193421_592912_0005_00.npy,background_self_fire,background_self_fire/background_self_fire_20260706_193421_592912_0005.wav,0,64x26,0.0,0.25
background_self_fire/background_self_fire_20260706_193421_592912_0005_01.npy,background_self_fire,background_self_fire/background_self_fire_20260706_193421_592912_0005.wav,1,64x26,0.25,0.25
background_self_fire/background_self_fire_20260706_193421_592912_0005_02.npy,background_self_fire,background_self_fire/background_self_fire_20260706_193421_592912_0005.wav,2,64x26,0.5,0.25
background_self_fire/background_self_fire_20260706_193421_592912_0005_03.npy,background_self_fire,background_self_fire/background_self_fire_20260706_193421_592912_0005.wav,3,64x26,0.75,0.25
background_self_fire/background_self_fire_20260706_193423_596110_0006_00.npy,background_self_fire,background_self_fire/background_self_fire_20260706_193423_596110_0006.wav,0,64x26,0.0,0.25
background_self_fire/background_self_fire_20260706_193423_596110_0006_01.npy,background_self_fire,background_self_fire/background_self_fire_20260706_193423_596110_0006.wav,1,64x26,0.25,0.25
background_self_fire/background_self_fire_20260706_193423_596110_0006_02.npy,background_self_fire,background_self_fire/background_self_fire_20260706_193423_596110_0006.wav,2,64x26,0.5,0.25
background_self_fire/background_self_fire_20260706_193423_596110_0006_03.npy,background_self_fire,background_self_fire/background_self_fire_20260706_193423_596110_0006.wav,3,64x26,0.75,0.25
background_self_fire/background_self_fire_20260706_193425_604927_0007_00.npy,background_self_fire,background_self_fire/background_self_fire_20260706_193425_604927_0007.wav,0,64x26,0.0,0.25
background_self_fire/background_self_fire_20260706_193425_604927_0007_01.npy,background_self_fire,background_self_fire/background_self_fire_20260706_193425_604927_0007.wav,1,64x26,0.25,0.25
background_self_fire/background_self_fire_20260706_193425_604927_0007_02.npy,background_self_fire,background_self_fire/background_self_fire_20260706_193425_604927_0007.wav,2,64x26,0.5,0.25
background_self_fire/background_self_fire_20260706_193425_604927_0007_03.npy,background_self_fire,background_self_fire/background_self_fire_20260706_193425_604927_0007.wav,3,64x26,0.75,0.25
background_self_fire/background_self_fire_20260706_193428_592830_0008_00.npy,background_self_fire,background_self_fire/background_self_fire_20260706_193428_592830_0008.wav,0,64x26,0.0,0.25
background_self_fire/background_self_fire_20260706_193428_592830_0008_01.npy,background_self_fire,background_self_fire/background_self_fire_20260706_193428_592830_0008.wav,1,64x26,0.25,0.25
background_self_fire/background_self_fire_20260706_193428_592830_0008_02.npy,background_self_fire,background_self_fire/background_self_fire_20260706_193428_592830_0008.wav,2,64x26,0.5,0.25
background_self_fire/background_self_fire_20260706_193428_592830_0008_03.npy,background_self_fire,background_self_fire/background_self_fire_20260706_193428_592830_0008.wav,3,64x26,0.75,0.25
background_self_fire/background_self_fire_20260706_193430_593929_0009_00.npy,background_self_fire,background_self_fire/background_self_fire_20260706_193430_593929_0009.wav,0,64x26,0.0,0.25
background_self_fire/background_self_fire_20260706_193430_593929_0009_01.npy,background_self_fire,background_self_fire/background_self_fire_20260706_193430_593929_0009.wav,1,64x26,0.25,0.25
background_self_fire/background_self_fire_20260706_193430_593929_0009_02.npy,background_self_fire,background_self_fire/background_self_fire_20260706_193430_593929_0009.wav,2,64x26,0.5,0.25
background_self_fire/background_self_fire_20260706_193430_593929_0009_03.npy,background_self_fire,background_self_fire/background_self_fire_20260706_193430_593929_0009.wav,3,64x26,0.75,0.25
background_self_fire/background_self_fire_20260706_193432_599308_0010_00.npy,background_self_fire,background_self_fire/background_self_fire_20260706_193432_599308_0010.wav,0,64x26,0.0,0.25
background_self_fire/background_self_fire_20260706_193432_599308_0010_01.npy,background_self_fire,background_self_fire/background_self_fire_20260706_193432_599308_0010.wav,1,64x26,0.25,0.25
background_self_fire/background_self_fire_20260706_193432_599308_0010_02.npy,background_self_fire,background_self_fire/background_self_fire_20260706_193432_599308_0010.wav,2,64x26,0.5,0.25
background_self_fire/background_self_fire_20260706_193432_599308_0010_03.npy,background_self_fire,background_self_fire/background_self_fire_20260706_193432_599308_0010.wav,3,64x26,0.75,0.25
background_self_fire/background_self_fire_20260706_193434_606506_0011_00.npy,background_self_fire,background_self_fire/background_self_fire_20260706_193434_606506_0011.wav,0,64x26,0.0,0.25
background_self_fire/background_self_fire_20260706_193434_606506_0011_01.npy,background_self_fire,background_self_fire/background_self_fire_20260706_193434_606506_0011.wav,1,64x26,0.25,0.25
background_self_fire/background_self_fire_20260706_193434_606506_0011_02.npy,background_self_fire,background_self_fire/background_self_fire_20260706_193434_606506_0011.wav,2,64x26,0.5,0.25
background_self_fire/background_self_fire_20260706_193434_606506_0011_03.npy,background_self_fire,background_self_fire/background_self_fire_20260706_193434_606506_0011.wav,3,64x26,0.75,0.25
background_self_fire/background_self_fire_20260706_193436_868569_0012_00.npy,background_self_fire,background_self_fire/background_self_fire_20260706_193436_868569_0012.wav,0,64x26,0.0,0.25
background_self_fire/background_self_fire_20260706_193436_868569_0012_01.npy,background_self_fire,background_self_fire/background_self_fire_20260706_193436_868569_0012.wav,1,64x26,0.25,0.25
background_self_fire/background_self_fire_20260706_193436_868569_0012_02.npy,background_self_fire,background_self_fire/background_self_fire_20260706_193436_868569_0012.wav,2,64x26,0.5,0.25
background_self_fire/background_self_fire_20260706_193436_868569_0012_03.npy,background_self_fire,background_self_fire/background_self_fire_20260706_193436_868569_0012.wav,3,64x26,0.75,0.25
background_self_fire/background_self_fire_20260706_193438_906098_0013_00.npy,background_self_fire,background_self_fire/background_self_fire_20260706_193438_906098_0013.wav,0,64x26,0.0,0.25
background_self_fire/background_self_fire_20260706_193438_906098_0013_01.npy,background_self_fire,background_self_fire/background_self_fire_20260706_193438_906098_0013.wav,1,64x26,0.25,0.25
background_self_fire/background_self_fire_20260706_193438_906098_0013_02.npy,background_self_fire,background_self_fire/background_self_fire_20260706_193438_906098_0013.wav,2,64x26,0.5,0.25
background_self_fire/background_self_fire_20260706_193438_906098_0013_03.npy,background_self_fire,background_self_fire/background_self_fire_20260706_193438_906098_0013.wav,3,64x26,0.75,0.25
background_self_fire/background_self_fire_20260706_193442_502556_0014_00.npy,background_self_fire,background_self_fire/background_self_fire_20260706_193442_502556_0014.wav,0,64x26,0.0,0.25
background_self_fire/background_self_fire_20260706_193442_502556_0014_01.npy,background_self_fire,background_self_fire/background_self_fire_20260706_193442_502556_0014.wav,1,64x26,0.25,0.25
background_self_fire/background_self_fire_20260706_193442_502556_0014_02.npy,background_self_fire,background_self_fire/background_self_fire_20260706_193442_502556_0014.wav,2,64x26,0.5,0.25
background_self_fire/background_self_fire_20260706_193442_502556_0014_03.npy,background_self_fire,background_self_fire/background_self_fire_20260706_193442_502556_0014.wav,3,64x26,0.75,0.25
background_self_fire/background_self_fire_20260706_193444_503983_0015_00.npy,background_self_fire,background_self_fire/background_self_fire_20260706_193444_503983_0015.wav,0,64x26,0.0,0.25
background_self_fire/background_self_fire_20260706_193444_503983_0015_01.npy,background_self_fire,background_self_fire/background_self_fire_20260706_193444_503983_0015.wav,1,64x26,0.25,0.25
background_self_fire/background_self_fire_20260706_193444_503983_0015_02.npy,background_self_fire,background_self_fire/background_self_fire_20260706_193444_503983_0015.wav,2,64x26,0.5,0.25
background_self_fire/background_self_fire_20260706_193444_503983_0015_03.npy,background_self_fire,background_self_fire/background_self_fire_20260706_193444_503983_0015.wav,3,64x26,0.75,0.25
background_self_fire/background_self_fire_20260706_193446_510459_0016_00.npy,background_self_fire,background_self_fire/background_self_fire_20260706_193446_510459_0016.wav,0,64x26,0.0,0.25
background_self_fire/background_self_fire_20260706_193446_510459_0016_01.npy,background_self_fire,background_self_fire/background_self_fire_20260706_193446_510459_0016.wav,1,64x26,0.25,0.25
background_self_fire/background_self_fire_20260706_193446_510459_0016_02.npy,background_self_fire,background_self_fire/background_self_fire_20260706_193446_510459_0016.wav,2,64x26,0.5,0.25
background_self_fire/background_self_fire_20260706_193446_510459_0016_03.npy,background_self_fire,background_self_fire/background_self_fire_20260706_193446_510459_0016.wav,3,64x26,0.75,0.25
background_self_fire/background_self_fire_20260706_193448_515238_0017_00.npy,background_self_fire,background_self_fire/background_self_fire_20260706_193448_515238_0017.wav,0,64x26,0.0,0.25
background_self_fire/background_self_fire_20260706_193448_515238_0017_01.npy,background_self_fire,background_self_fire/background_self_fire_20260706_193448_515238_0017.wav,1,64x26,0.25,0.25
background_self_fire/background_self_fire_20260706_193448_515238_0017_02.npy,background_self_fire,background_self_fire/background_self_fire_20260706_193448_515238_0017.wav,2,64x26,0.5,0.25
background_self_fire/background_self_fire_20260706_193448_515238_0017_03.npy,background_self_fire,background_self_fire/background_self_fire_20260706_193448_515238_0017.wav,3,64x26,0.75,0.25
background_self_fire/background_self_fire_20260706_193450_575987_0018_00.npy,background_self_fire,background_self_fire/background_self_fire_20260706_193450_575987_0018.wav,0,64x26,0.0,0.25
background_self_fire/background_self_fire_20260706_193450_575987_0018_01.npy,background_self_fire,background_self_fire/background_self_fire_20260706_193450_575987_0018.wav,1,64x26,0.25,0.25
background_self_fire/background_self_fire_20260706_193450_575987_0018_02.npy,background_self_fire,background_self_fire/background_self_fire_20260706_193450_575987_0018.wav,2,64x26,0.5,0.25
background_self_fire/background_self_fire_20260706_193450_575987_0018_03.npy,background_self_fire,background_self_fire/background_self_fire_20260706_193450_575987_0018.wav,3,64x26,0.75,0.25
background_self_fire/background_self_fire_20260706_193452_578904_0019_00.npy,background_self_fire,background_self_fire/background_self_fire_20260706_193452_578904_0019.wav,0,64x26,0.0,0.25
background_self_fire/background_self_fire_20260706_193452_578904_0019_01.npy,background_self_fire,background_self_fire/background_self_fire_20260706_193452_578904_0019.wav,1,64x26,0.25,0.25
background_self_fire/background_self_fire_20260706_193452_578904_0019_02.npy,background_self_fire,background_self_fire/background_self_fire_20260706_193452_578904_0019.wav,2,64x26,0.5,0.25
background_self_fire/background_self_fire_20260706_193452_578904_0019_03.npy,background_self_fire,background_self_fire/background_self_fire_20260706_193452_578904_0019.wav,3,64x26,0.75,0.25
background_self_fire/background_self_fire_20260706_193457_061872_0020_00.npy,background_self_fire,background_self_fire/background_self_fire_20260706_193457_061872_0020.wav,0,64x26,0.0,0.25
background_self_fire/background_self_fire_20260706_193457_061872_0020_01.npy,background_self_fire,background_self_fire/background_self_fire_20260706_193457_061872_0020.wav,1,64x26,0.25,0.25
background_self_fire/background_self_fire_20260706_193457_061872_0020_02.npy,background_self_fire,background_self_fire/background_self_fire_20260706_193457_061872_0020.wav,2,64x26,0.5,0.25
background_self_fire/background_self_fire_20260706_193457_061872_0020_03.npy,background_self_fire,background_self_fire/background_self_fire_20260706_193457_061872_0020.wav,3,64x26,0.75,0.25
background_self_fire/background_self_fire_20260706_193500_572417_0021_00.npy,background_self_fire,background_self_fire/background_self_fire_20260706_193500_572417_0021.wav,0,64x26,0.0,0.25
background_self_fire/background_self_fire_20260706_193500_572417_0021_01.npy,background_self_fire,background_self_fire/background_self_fire_20260706_193500_572417_0021.wav,1,64x26,0.25,0.25
background_self_fire/background_self_fire_20260706_193500_572417_0021_02.npy,background_self_fire,background_self_fire/background_self_fire_20260706_193500_572417_0021.wav,2,64x26,0.5,0.25
background_self_fire/background_self_fire_20260706_193500_572417_0021_03.npy,background_self_fire,background_self_fire/background_self_fire_20260706_193500_572417_0021.wav,3,64x26,0.75,0.25
background_self_fire/background_self_fire_20260706_193502_919413_0022_00.npy,background_self_fire,background_self_fire/background_self_fire_20260706_193502_919413_0022.wav,0,64x26,0.0,0.25
background_self_fire/background_self_fire_20260706_193502_919413_0022_01.npy,background_self_fire,background_self_fire/background_self_fire_20260706_193502_919413_0022.wav,1,64x26,0.25,0.25
background_self_fire/background_self_fire_20260706_193502_919413_0022_02.npy,background_self_fire,background_self_fire/background_self_fire_20260706_193502_919413_0022.wav,2,64x26,0.5,0.25
background_self_fire/background_self_fire_20260706_193502_919413_0022_03.npy,background_self_fire,background_self_fire/background_self_fire_20260706_193502_919413_0022.wav,3,64x26,0.75,0.25
background_self_fire/background_self_fire_20260706_193504_922121_0023_00.npy,background_self_fire,background_self_fire/background_self_fire_20260706_193504_922121_0023.wav,0,64x26,0.0,0.25
background_self_fire/background_self_fire_20260706_193504_922121_0023_01.npy,background_self_fire,background_self_fire/background_self_fire_20260706_193504_922121_0023.wav,1,64x26,0.25,0.25
background_self_fire/background_self_fire_20260706_193504_922121_0023_02.npy,background_self_fire,background_self_fire/background_self_fire_20260706_193504_922121_0023.wav,2,64x26,0.5,0.25
background_self_fire/background_self_fire_20260706_193504_922121_0023_03.npy,background_self_fire,background_self_fire/background_self_fire_20260706_193504_922121_0023.wav,3,64x26,0.75,0.25
background_self_fire/background_self_fire_20260706_193506_926601_0024_00.npy,background_self_fire,background_self_fire/background_self_fire_20260706_193506_926601_0024.wav,0,64x26,0.0,0.25
background_self_fire/background_self_fire_20260706_193506_926601_0024_01.npy,background_self_fire,background_self_fire/background_self_fire_20260706_193506_926601_0024.wav,1,64x26,0.25,0.25
background_self_fire/background_self_fire_20260706_193506_926601_0024_02.npy,background_self_fire,background_self_fire/background_self_fire_20260706_193506_926601_0024.wav,2,64x26,0.5,0.25
background_self_fire/background_self_fire_20260706_193506_926601_0024_03.npy,background_self_fire,background_self_fire/background_self_fire_20260706_193506_926601_0024.wav,3,64x26,0.75,0.25
background_self_fire/background_self_fire_20260706_193508_933806_0025_00.npy,background_self_fire,background_self_fire/background_self_fire_20260706_193508_933806_0025.wav,0,64x26,0.0,0.25
background_self_fire/background_self_fire_20260706_193508_933806_0025_01.npy,background_self_fire,background_self_fire/background_self_fire_20260706_193508_933806_0025.wav,1,64x26,0.25,0.25
background_self_fire/background_self_fire_20260706_193508_933806_0025_02.npy,background_self_fire,background_self_fire/background_self_fire_20260706_193508_933806_0025.wav,2,64x26,0.5,0.25
background_self_fire/background_self_fire_20260706_193508_933806_0025_03.npy,background_self_fire,background_self_fire/background_self_fire_20260706_193508_933806_0025.wav,3,64x26,0.75,0.25
background_self_fire/background_self_fire_20260706_193510_937099_0026_00.npy,background_self_fire,background_self_fire/background_self_fire_20260706_193510_937099_0026.wav,0,64x26,0.0,0.25
background_self_fire/background_self_fire_20260706_193510_937099_0026_01.npy,background_self_fire,background_self_fire/background_self_fire_20260706_193510_937099_0026.wav,1,64x26,0.25,0.25
background_self_fire/background_self_fire_20260706_193510_937099_0026_02.npy,background_self_fire,background_self_fire/background_self_fire_20260706_193510_937099_0026.wav,2,64x26,0.5,0.25
background_self_fire/background_self_fire_20260706_193510_937099_0026_03.npy,background_self_fire,background_self_fire/background_self_fire_20260706_193510_937099_0026.wav,3,64x26,0.75,0.25
background_self_fire/background_self_fire_20260706_193512_942581_0027_00.npy,background_self_fire,background_self_fire/background_self_fire_20260706_193512_942581_0027.wav,0,64x26,0.0,0.25
background_self_fire/background_self_fire_20260706_193512_942581_0027_01.npy,background_self_fire,background_self_fire/background_self_fire_20260706_193512_942581_0027.wav,1,64x26,0.25,0.25
background_self_fire/background_self_fire_20260706_193512_942581_0027_02.npy,background_self_fire,background_self_fire/background_self_fire_20260706_193512_942581_0027.wav,2,64x26,0.5,0.25
background_self_fire/background_self_fire_20260706_193512_942581_0027_03.npy,background_self_fire,background_self_fire/background_self_fire_20260706_193512_942581_0027.wav,3,64x26,0.75,0.25
background_self_fire/background_self_fire_20260706_193514_949885_0028_00.npy,background_self_fire,background_self_fire/background_self_fire_20260706_193514_949885_0028.wav,0,64x26,0.0,0.25
background_self_fire/background_self_fire_20260706_193514_949885_0028_01.npy,background_self_fire,background_self_fire/background_self_fire_20260706_193514_949885_0028.wav,1,64x26,0.25,0.25
background_self_fire/background_self_fire_20260706_193514_949885_0028_02.npy,background_self_fire,background_self_fire/background_self_fire_20260706_193514_949885_0028.wav,2,64x26,0.5,0.25
background_self_fire/background_self_fire_20260706_193514_949885_0028_03.npy,background_self_fire,background_self_fire/background_self_fire_20260706_193514_949885_0028.wav,3,64x26,0.75,0.25
background_self_fire/background_self_fire_20260706_193516_956298_0029_00.npy,background_self_fire,background_self_fire/background_self_fire_20260706_193516_956298_0029.wav,0,64x26,0.0,0.25
background_self_fire/background_self_fire_20260706_193516_956298_0029_01.npy,background_self_fire,background_self_fire/background_self_fire_20260706_193516_956298_0029.wav,1,64x26,0.25,0.25
background_self_fire/background_self_fire_20260706_193516_956298_0029_02.npy,background_self_fire,background_self_fire/background_self_fire_20260706_193516_956298_0029.wav,2,64x26,0.5,0.25
background_self_fire/background_self_fire_20260706_193516_956298_0029_03.npy,background_self_fire,background_self_fire/background_self_fire_20260706_193516_956298_0029.wav,3,64x26,0.75,0.25
background_self_fire/background_self_fire_20260706_193518_959013_0030_00.npy,background_self_fire,background_self_fire/background_self_fire_20260706_193518_959013_0030.wav,0,64x26,0.0,0.25
background_self_fire/background_self_fire_20260706_193518_959013_0030_01.npy,background_self_fire,background_self_fire/background_self_fire_20260706_193518_959013_0030.wav,1,64x26,0.25,0.25
background_self_fire/background_self_fire_20260706_193518_959013_0030_02.npy,background_self_fire,background_self_fire/background_self_fire_20260706_193518_959013_0030.wav,2,64x26,0.5,0.25
background_self_fire/background_self_fire_20260706_193518_959013_0030_03.npy,background_self_fire,background_self_fire/background_self_fire_20260706_193518_959013_0030.wav,3,64x26,0.75,0.25
background_self_fire/background_self_fire_20260706_193520_965551_0031_00.npy,background_self_fire,background_self_fire/background_self_fire_20260706_193520_965551_0031.wav,0,64x26,0.0,0.25
background_self_fire/background_self_fire_20260706_193520_965551_0031_01.npy,background_self_fire,background_self_fire/background_self_fire_20260706_193520_965551_0031.wav,1,64x26,0.25,0.25
background_self_fire/background_self_fire_20260706_193520_965551_0031_02.npy,background_self_fire,background_self_fire/background_self_fire_20260706_193520_965551_0031.wav,2,64x26,0.5,0.25
background_self_fire/background_self_fire_20260706_193520_965551_0031_03.npy,background_self_fire,background_self_fire/background_self_fire_20260706_193520_965551_0031.wav,3,64x26,0.75,0.25
background_self_fire/background_self_fire_20260706_193522_970017_0032_00.npy,background_self_fire,background_self_fire/background_self_fire_20260706_193522_970017_0032.wav,0,64x26,0.0,0.25
background_self_fire/background_self_fire_20260706_193522_970017_0032_01.npy,background_self_fire,background_self_fire/background_self_fire_20260706_193522_970017_0032.wav,1,64x26,0.25,0.25
background_self_fire/background_self_fire_20260706_193522_970017_0032_02.npy,background_self_fire,background_self_fire/background_self_fire_20260706_193522_970017_0032.wav,2,64x26,0.5,0.25
background_self_fire/background_self_fire_20260706_193522_970017_0032_03.npy,background_self_fire,background_self_fire/background_self_fire_20260706_193522_970017_0032.wav,3,64x26,0.75,0.25
background_self_fire/background_self_fire_20260706_193525_265918_0033_00.npy,background_self_fire,background_self_fire/background_self_fire_20260706_193525_265918_0033.wav,0,64x26,0.0,0.25
background_self_fire/background_self_fire_20260706_193525_265918_0033_01.npy,background_self_fire,background_self_fire/background_self_fire_20260706_193525_265918_0033.wav,1,64x26,0.25,0.25
background_self_fire/background_self_fire_20260706_193525_265918_0033_02.npy,background_self_fire,background_self_fire/background_self_fire_20260706_193525_265918_0033.wav,2,64x26,0.5,0.25
background_self_fire/background_self_fire_20260706_193525_265918_0033_03.npy,background_self_fire,background_self_fire/background_self_fire_20260706_193525_265918_0033.wav,3,64x26,0.75,0.25
background_self_fire/background_self_fire_20260706_193527_268749_0034_00.npy,background_self_fire,background_self_fire/background_self_fire_20260706_193527_268749_0034.wav,0,64x26,0.0,0.25
background_self_fire/background_self_fire_20260706_193527_268749_0034_01.npy,background_self_fire,background_self_fire/background_self_fire_20260706_193527_268749_0034.wav,1,64x26,0.25,0.25
background_self_fire/background_self_fire_20260706_193527_268749_0034_02.npy,background_self_fire,background_self_fire/background_self_fire_20260706_193527_268749_0034.wav,2,64x26,0.5,0.25
background_self_fire/background_self_fire_20260706_193527_268749_0034_03.npy,background_self_fire,background_self_fire/background_self_fire_20260706_193527_268749_0034.wav,3,64x26,0.75,0.25
background_self_fire/background_self_fire_20260706_193529_274856_0035_00.npy,background_self_fire,background_self_fire/background_self_fire_20260706_193529_274856_0035.wav,0,64x26,0.0,0.25
background_self_fire/background_self_fire_20260706_193529_274856_0035_01.npy,background_self_fire,background_self_fire/background_self_fire_20260706_193529_274856_0035.wav,1,64x26,0.25,0.25
background_self_fire/background_self_fire_20260706_193529_274856_0035_02.npy,background_self_fire,background_self_fire/background_self_fire_20260706_193529_274856_0035.wav,2,64x26,0.5,0.25
background_self_fire/background_self_fire_20260706_193529_274856_0035_03.npy,background_self_fire,background_self_fire/background_self_fire_20260706_193529_274856_0035.wav,3,64x26,0.75,0.25
background_self_fire/background_self_fire_20260706_193531_280999_0036_00.npy,background_self_fire,background_self_fire/background_self_fire_20260706_193531_280999_0036.wav,0,64x26,0.0,0.25
background_self_fire/background_self_fire_20260706_193531_280999_0036_01.npy,background_self_fire,background_self_fire/background_self_fire_20260706_193531_280999_0036.wav,1,64x26,0.25,0.25
background_self_fire/background_self_fire_20260706_193531_280999_0036_02.npy,background_self_fire,background_self_fire/background_self_fire_20260706_193531_280999_0036.wav,2,64x26,0.5,0.25
background_self_fire/background_self_fire_20260706_193531_280999_0036_03.npy,background_self_fire,background_self_fire/background_self_fire_20260706_193531_280999_0036.wav,3,64x26,0.75,0.25
background_self_fire/background_self_fire_20260706_193533_284998_0037_00.npy,background_self_fire,background_self_fire/background_self_fire_20260706_193533_284998_0037.wav,0,64x26,0.0,0.25
background_self_fire/background_self_fire_20260706_193533_284998_0037_01.npy,background_self_fire,background_self_fire/background_self_fire_20260706_193533_284998_0037.wav,1,64x26,0.25,0.25
background_self_fire/background_self_fire_20260706_193533_284998_0037_02.npy,background_self_fire,background_self_fire/background_self_fire_20260706_193533_284998_0037.wav,2,64x26,0.5,0.25
background_self_fire/background_self_fire_20260706_193533_284998_0037_03.npy,background_self_fire,background_self_fire/background_self_fire_20260706_193533_284998_0037.wav,3,64x26,0.75,0.25
background_self_fire/background_self_fire_20260706_193535_367761_0038_00.npy,background_self_fire,background_self_fire/background_self_fire_20260706_193535_367761_0038.wav,0,64x26,0.0,0.25
background_self_fire/background_self_fire_20260706_193535_367761_0038_01.npy,background_self_fire,background_self_fire/background_self_fire_20260706_193535_367761_0038.wav,1,64x26,0.25,0.25
background_self_fire/background_self_fire_20260706_193535_367761_0038_02.npy,background_self_fire,background_self_fire/background_self_fire_20260706_193535_367761_0038.wav,2,64x26,0.5,0.25
background_self_fire/background_self_fire_20260706_193535_367761_0038_03.npy,background_self_fire,background_self_fire/background_self_fire_20260706_193535_367761_0038.wav,3,64x26,0.75,0.25
background_self_fire/background_self_fire_20260706_193547_634870_0039_00.npy,background_self_fire,background_self_fire/background_self_fire_20260706_193547_634870_0039.wav,0,64x26,0.0,0.25
background_self_fire/background_self_fire_20260706_193547_634870_0039_01.npy,background_self_fire,background_self_fire/background_self_fire_20260706_193547_634870_0039.wav,1,64x26,0.25,0.25
background_self_fire/background_self_fire_20260706_193547_634870_0039_02.npy,background_self_fire,background_self_fire/background_self_fire_20260706_193547_634870_0039.wav,2,64x26,0.5,0.25
background_self_fire/background_self_fire_20260706_193547_634870_0039_03.npy,background_self_fire,background_self_fire/background_self_fire_20260706_193547_634870_0039.wav,3,64x26,0.75,0.25
background_self_fire/background_self_fire_20260706_193549_640301_0040_00.npy,background_self_fire,background_self_fire/background_self_fire_20260706_193549_640301_0040.wav,0,64x26,0.0,0.25
background_self_fire/background_self_fire_20260706_193549_640301_0040_01.npy,background_self_fire,background_self_fire/background_self_fire_20260706_193549_640301_0040.wav,1,64x26,0.25,0.25
background_self_fire/background_self_fire_20260706_193549_640301_0040_02.npy,background_self_fire,background_self_fire/background_self_fire_20260706_193549_640301_0040.wav,2,64x26,0.5,0.25
background_self_fire/background_self_fire_20260706_193549_640301_0040_03.npy,background_self_fire,background_self_fire/background_self_fire_20260706_193549_640301_0040.wav,3,64x26,0.75,0.25
background_self_fire/background_self_fire_20260706_193551_644983_0041_00.npy,background_self_fire,background_self_fire/background_self_fire_20260706_193551_644983_0041.wav,0,64x26,0.0,0.25
background_self_fire/background_self_fire_20260706_193551_644983_0041_01.npy,background_self_fire,background_self_fire/background_self_fire_20260706_193551_644983_0041.wav,1,64x26,0.25,0.25
background_self_fire/background_self_fire_20260706_193551_644983_0041_02.npy,background_self_fire,background_self_fire/background_self_fire_20260706_193551_644983_0041.wav,2,64x26,0.5,0.25
background_self_fire/background_self_fire_20260706_193551_644983_0041_03.npy,background_self_fire,background_self_fire/background_self_fire_20260706_193551_644983_0041.wav,3,64x26,0.75,0.25
background_self_fire/background_self_fire_20260706_193553_648677_0042_00.npy,background_self_fire,background_self_fire/background_self_fire_20260706_193553_648677_0042.wav,0,64x26,0.0,0.25
background_self_fire/background_self_fire_20260706_193553_648677_0042_01.npy,background_self_fire,background_self_fire/background_self_fire_20260706_193553_648677_0042.wav,1,64x26,0.25,0.25
background_self_fire/background_self_fire_20260706_193553_648677_0042_02.npy,background_self_fire,background_self_fire/background_self_fire_20260706_193553_648677_0042.wav,2,64x26,0.5,0.25
background_self_fire/background_self_fire_20260706_193553_648677_0042_03.npy,background_self_fire,background_self_fire/background_self_fire_20260706_193553_648677_0042.wav,3,64x26,0.75,0.25
background_self_fire/background_self_fire_20260706_193555_655095_0043_00.npy,background_self_fire,background_self_fire/background_self_fire_20260706_193555_655095_0043.wav,0,64x26,0.0,0.25
background_self_fire/background_self_fire_20260706_193555_655095_0043_01.npy,background_self_fire,background_self_fire/background_self_fire_20260706_193555_655095_0043.wav,1,64x26,0.25,0.25
background_self_fire/background_self_fire_20260706_193555_655095_0043_02.npy,background_self_fire,background_self_fire/background_self_fire_20260706_193555_655095_0043.wav,2,64x26,0.5,0.25
background_self_fire/background_self_fire_20260706_193555_655095_0043_03.npy,background_self_fire,background_self_fire/background_self_fire_20260706_193555_655095_0043.wav,3,64x26,0.75,0.25
background_self_fire/background_self_fire_20260706_193557_661727_0044_00.npy,background_self_fire,background_self_fire/background_self_fire_20260706_193557_661727_0044.wav,0,64x26,0.0,0.25
background_self_fire/background_self_fire_20260706_193557_661727_0044_01.npy,background_self_fire,background_self_fire/background_self_fire_20260706_193557_661727_0044.wav,1,64x26,0.25,0.25
background_self_fire/background_self_fire_20260706_193557_661727_0044_02.npy,background_self_fire,background_self_fire/background_self_fire_20260706_193557_661727_0044.wav,2,64x26,0.5,0.25
background_self_fire/background_self_fire_20260706_193557_661727_0044_03.npy,background_self_fire,background_self_fire/background_self_fire_20260706_193557_661727_0044.wav,3,64x26,0.75,0.25
background_self_fire/background_self_fire_20260706_193559_665398_0045_00.npy,background_self_fire,background_self_fire/background_self_fire_20260706_193559_665398_0045.wav,0,64x26,0.0,0.25
background_self_fire/background_self_fire_20260706_193559_665398_0045_01.npy,background_self_fire,background_self_fire/background_self_fire_20260706_193559_665398_0045.wav,1,64x26,0.25,0.25
background_self_fire/background_self_fire_20260706_193559_665398_0045_02.npy,background_self_fire,background_self_fire/background_self_fire_20260706_193559_665398_0045.wav,2,64x26,0.5,0.25
background_self_fire/background_self_fire_20260706_193559_665398_0045_03.npy,background_self_fire,background_self_fire/background_self_fire_20260706_193559_665398_0045.wav,3,64x26,0.75,0.25
background_self_fire/background_self_fire_20260706_193601_672874_0046_00.npy,background_self_fire,background_self_fire/background_self_fire_20260706_193601_672874_0046.wav,0,64x26,0.0,0.25
background_self_fire/background_self_fire_20260706_193601_672874_0046_01.npy,background_self_fire,background_self_fire/background_self_fire_20260706_193601_672874_0046.wav,1,64x26,0.25,0.25
background_self_fire/background_self_fire_20260706_193601_672874_0046_02.npy,background_self_fire,background_self_fire/background_self_fire_20260706_193601_672874_0046.wav,2,64x26,0.5,0.25
background_self_fire/background_self_fire_20260706_193601_672874_0046_03.npy,background_self_fire,background_self_fire/background_self_fire_20260706_193601_672874_0046.wav,3,64x26,0.75,0.25
background_self_fire/background_self_fire_20260706_193606_420193_0047_00.npy,background_self_fire,background_self_fire/background_self_fire_20260706_193606_420193_0047.wav,0,64x26,0.0,0.25
background_self_fire/background_self_fire_20260706_193606_420193_0047_01.npy,background_self_fire,background_self_fire/background_self_fire_20260706_193606_420193_0047.wav,1,64x26,0.25,0.25
background_self_fire/background_self_fire_20260706_193606_420193_0047_02.npy,background_self_fire,background_self_fire/background_self_fire_20260706_193606_420193_0047.wav,2,64x26,0.5,0.25
background_self_fire/background_self_fire_20260706_193606_420193_0047_03.npy,background_self_fire,background_self_fire/background_self_fire_20260706_193606_420193_0047.wav,3,64x26,0.75,0.25
background_self_fire/background_self_fire_20260706_193608_424792_0048_00.npy,background_self_fire,background_self_fire/background_self_fire_20260706_193608_424792_0048.wav,0,64x26,0.0,0.25
background_self_fire/background_self_fire_20260706_193608_424792_0048_01.npy,background_self_fire,background_self_fire/background_self_fire_20260706_193608_424792_0048.wav,1,64x26,0.25,0.25
background_self_fire/background_self_fire_20260706_193608_424792_0048_02.npy,background_self_fire,background_self_fire/background_self_fire_20260706_193608_424792_0048.wav,2,64x26,0.5,0.25
background_self_fire/background_self_fire_20260706_193608_424792_0048_03.npy,background_self_fire,background_self_fire/background_self_fire_20260706_193608_424792_0048.wav,3,64x26,0.75,0.25
background_self_fire/background_self_fire_20260706_193610_428649_0049_00.npy,background_self_fire,background_self_fire/background_self_fire_20260706_193610_428649_0049.wav,0,64x26,0.0,0.25
background_self_fire/background_self_fire_20260706_193610_428649_0049_01.npy,background_self_fire,background_self_fire/background_self_fire_20260706_193610_428649_0049.wav,1,64x26,0.25,0.25
background_self_fire/background_self_fire_20260706_193610_428649_0049_02.npy,background_self_fire,background_self_fire/background_self_fire_20260706_193610_428649_0049.wav,2,64x26,0.5,0.25
background_self_fire/background_self_fire_20260706_193610_428649_0049_03.npy,background_self_fire,background_self_fire/background_self_fire_20260706_193610_428649_0049.wav,3,64x26,0.75,0.25
background_self_fire/background_self_fire_20260706_193612_434738_0050_00.npy,background_self_fire,background_self_fire/background_self_fire_20260706_193612_434738_0050.wav,0,64x26,0.0,0.25
background_self_fire/background_self_fire_20260706_193612_434738_0050_01.npy,background_self_fire,background_self_fire/background_self_fire_20260706_193612_434738_0050.wav,1,64x26,0.25,0.25
background_self_fire/background_self_fire_20260706_193612_434738_0050_02.npy,background_self_fire,background_self_fire/background_self_fire_20260706_193612_434738_0050.wav,2,64x26,0.5,0.25
background_self_fire/background_self_fire_20260706_193612_434738_0050_03.npy,background_self_fire,background_self_fire/background_self_fire_20260706_193612_434738_0050.wav,3,64x26,0.75,0.25
background_self_fire/background_self_fire_20260706_193614_441116_0051_00.npy,background_self_fire,background_self_fire/background_self_fire_20260706_193614_441116_0051.wav,0,64x26,0.0,0.25
background_self_fire/background_self_fire_20260706_193614_441116_0051_01.npy,background_self_fire,background_self_fire/background_self_fire_20260706_193614_441116_0051.wav,1,64x26,0.25,0.25
background_self_fire/background_self_fire_20260706_193614_441116_0051_02.npy,background_self_fire,background_self_fire/background_self_fire_20260706_193614_441116_0051.wav,2,64x26,0.5,0.25
background_self_fire/background_self_fire_20260706_193614_441116_0051_03.npy,background_self_fire,background_self_fire/background_self_fire_20260706_193614_441116_0051.wav,3,64x26,0.75,0.25
background_self_fire/background_self_fire_20260706_193616_444458_0052_00.npy,background_self_fire,background_self_fire/background_self_fire_20260706_193616_444458_0052.wav,0,64x26,0.0,0.25
background_self_fire/background_self_fire_20260706_193616_444458_0052_01.npy,background_self_fire,background_self_fire/background_self_fire_20260706_193616_444458_0052.wav,1,64x26,0.25,0.25
background_self_fire/background_self_fire_20260706_193616_444458_0052_02.npy,background_self_fire,background_self_fire/background_self_fire_20260706_193616_444458_0052.wav,2,64x26,0.5,0.25
background_self_fire/background_self_fire_20260706_193616_444458_0052_03.npy,background_self_fire,background_self_fire/background_self_fire_20260706_193616_444458_0052.wav,3,64x26,0.75,0.25
background_self_fire/background_self_fire_20260706_193618_450331_0053_00.npy,background_self_fire,background_self_fire/background_self_fire_20260706_193618_450331_0053.wav,0,64x26,0.0,0.25
background_self_fire/background_self_fire_20260706_193618_450331_0053_01.npy,background_self_fire,background_self_fire/background_self_fire_20260706_193618_450331_0053.wav,1,64x26,0.25,0.25
background_self_fire/background_self_fire_20260706_193618_450331_0053_02.npy,background_self_fire,background_self_fire/background_self_fire_20260706_193618_450331_0053.wav,2,64x26,0.5,0.25
background_self_fire/background_self_fire_20260706_193618_450331_0053_03.npy,background_self_fire,background_self_fire/background_self_fire_20260706_193618_450331_0053.wav,3,64x26,0.75,0.25
background_self_fire/background_self_fire_20260706_193620_455623_0054_00.npy,background_self_fire,background_self_fire/background_self_fire_20260706_193620_455623_0054.wav,0,64x26,0.0,0.25
background_self_fire/background_self_fire_20260706_193620_455623_0054_01.npy,background_self_fire,background_self_fire/background_self_fire_20260706_193620_455623_0054.wav,1,64x26,0.25,0.25
background_self_fire/background_self_fire_20260706_193620_455623_0054_02.npy,background_self_fire,background_self_fire/background_self_fire_20260706_193620_455623_0054.wav,2,64x26,0.5,0.25
background_self_fire/background_self_fire_20260706_193620_455623_0054_03.npy,background_self_fire,background_self_fire/background_self_fire_20260706_193620_455623_0054.wav,3,64x26,0.75,0.25
background_self_fire/background_self_fire_20260706_193626_516983_0055_00.npy,background_self_fire,background_self_fire/background_self_fire_20260706_193626_516983_0055.wav,0,64x26,0.0,0.25
background_self_fire/background_self_fire_20260706_193626_516983_0055_01.npy,background_self_fire,background_self_fire/background_self_fire_20260706_193626_516983_0055.wav,1,64x26,0.25,0.25
background_self_fire/background_self_fire_20260706_193626_516983_0055_02.npy,background_self_fire,background_self_fire/background_self_fire_20260706_193626_516983_0055.wav,2,64x26,0.5,0.25
background_self_fire/background_self_fire_20260706_193626_516983_0055_03.npy,background_self_fire,background_self_fire/background_self_fire_20260706_193626_516983_0055.wav,3,64x26,0.75,0.25
background_self_fire/background_self_fire_20260706_193628_520644_0056_00.npy,background_self_fire,background_self_fire/background_self_fire_20260706_193628_520644_0056.wav,0,64x26,0.0,0.25
background_self_fire/background_self_fire_20260706_193628_520644_0056_01.npy,background_self_fire,background_self_fire/background_self_fire_20260706_193628_520644_0056.wav,1,64x26,0.25,0.25
background_self_fire/background_self_fire_20260706_193628_520644_0056_02.npy,background_self_fire,background_self_fire/background_self_fire_20260706_193628_520644_0056.wav,2,64x26,0.5,0.25
background_self_fire/background_self_fire_20260706_193628_520644_0056_03.npy,background_self_fire,background_self_fire/background_self_fire_20260706_193628_520644_0056.wav,3,64x26,0.75,0.25
background_self_fire/background_self_fire_20260706_193630_527095_0057_00.npy,background_self_fire,background_self_fire/background_self_fire_20260706_193630_527095_0057.wav,0,64x26,0.0,0.25
background_self_fire/background_self_fire_20260706_193630_527095_0057_01.npy,background_self_fire,background_self_fire/background_self_fire_20260706_193630_527095_0057.wav,1,64x26,0.25,0.25
background_self_fire/background_self_fire_20260706_193630_527095_0057_02.npy,background_self_fire,background_self_fire/background_self_fire_20260706_193630_527095_0057.wav,2,64x26,0.5,0.25
background_self_fire/background_self_fire_20260706_193630_527095_0057_03.npy,background_self_fire,background_self_fire/background_self_fire_20260706_193630_527095_0057.wav,3,64x26,0.75,0.25
background_self_fire/background_self_fire_20260706_193632_534011_0058_00.npy,background_self_fire,background_self_fire/background_self_fire_20260706_193632_534011_0058.wav,0,64x26,0.0,0.25
background_self_fire/background_self_fire_20260706_193632_534011_0058_01.npy,background_self_fire,background_self_fire/background_self_fire_20260706_193632_534011_0058.wav,1,64x26,0.25,0.25
background_self_fire/background_self_fire_20260706_193632_534011_0058_02.npy,background_self_fire,background_self_fire/background_self_fire_20260706_193632_534011_0058.wav,2,64x26,0.5,0.25
background_self_fire/background_self_fire_20260706_193632_534011_0058_03.npy,background_self_fire,background_self_fire/background_self_fire_20260706_193632_534011_0058.wav,3,64x26,0.75,0.25
background_self_fire/background_self_fire_20260706_193634_536167_0059_00.npy,background_self_fire,background_self_fire/background_self_fire_20260706_193634_536167_0059.wav,0,64x26,0.0,0.25
background_self_fire/background_self_fire_20260706_193634_536167_0059_01.npy,background_self_fire,background_self_fire/background_self_fire_20260706_193634_536167_0059.wav,1,64x26,0.25,0.25
background_self_fire/background_self_fire_20260706_193634_536167_0059_02.npy,background_self_fire,background_self_fire/background_self_fire_20260706_193634_536167_0059.wav,2,64x26,0.5,0.25
background_self_fire/background_self_fire_20260706_193634_536167_0059_03.npy,background_self_fire,background_self_fire/background_self_fire_20260706_193634_536167_0059.wav,3,64x26,0.75,0.25
background_self_fire/background_self_fire_20260706_193636_541365_0060_00.npy,background_self_fire,background_self_fire/background_self_fire_20260706_193636_541365_0060.wav,0,64x26,0.0,0.25
background_self_fire/background_self_fire_20260706_193636_541365_0060_01.npy,background_self_fire,background_self_fire/background_self_fire_20260706_193636_541365_0060.wav,1,64x26,0.25,0.25
background_self_fire/background_self_fire_20260706_193636_541365_0060_02.npy,background_self_fire,background_self_fire/background_self_fire_20260706_193636_541365_0060.wav,2,64x26,0.5,0.25
background_self_fire/background_self_fire_20260706_193636_541365_0060_03.npy,background_self_fire,background_self_fire/background_self_fire_20260706_193636_541365_0060.wav,3,64x26,0.75,0.25
background_self_fire/background_self_fire_20260706_193638_547474_0061_00.npy,background_self_fire,background_self_fire/background_self_fire_20260706_193638_547474_0061.wav,0,64x26,0.0,0.25
background_self_fire/background_self_fire_20260706_193638_547474_0061_01.npy,background_self_fire,background_self_fire/background_self_fire_20260706_193638_547474_0061.wav,1,64x26,0.25,0.25
background_self_fire/background_self_fire_20260706_193638_547474_0061_02.npy,background_self_fire,background_self_fire/background_self_fire_20260706_193638_547474_0061.wav,2,64x26,0.5,0.25
background_self_fire/background_self_fire_20260706_193638_547474_0061_03.npy,background_self_fire,background_self_fire/background_self_fire_20260706_193638_547474_0061.wav,3,64x26,0.75,0.25
background_self_fire/background_self_fire_20260706_193640_553765_0062_00.npy,background_self_fire,background_self_fire/background_self_fire_20260706_193640_553765_0062.wav,0,64x26,0.0,0.25
background_self_fire/background_self_fire_20260706_193640_553765_0062_01.npy,background_self_fire,background_self_fire/background_self_fire_20260706_193640_553765_0062.wav,1,64x26,0.25,0.25
background_self_fire/background_self_fire_20260706_193640_553765_0062_02.npy,background_self_fire,background_self_fire/background_self_fire_20260706_193640_553765_0062.wav,2,64x26,0.5,0.25
background_self_fire/background_self_fire_20260706_193640_553765_0062_03.npy,background_self_fire,background_self_fire/background_self_fire_20260706_193640_553765_0062.wav,3,64x26,0.75,0.25
background_self_fire/background_self_fire_20260706_193642_558710_0063_00.npy,background_self_fire,background_self_fire/background_self_fire_20260706_193642_558710_0063.wav,0,64x26,0.0,0.25
background_self_fire/background_self_fire_20260706_193642_558710_0063_01.npy,background_self_fire,background_self_fire/background_self_fire_20260706_193642_558710_0063.wav,1,64x26,0.25,0.25
background_self_fire/background_self_fire_20260706_193642_558710_0063_02.npy,background_self_fire,background_self_fire/background_self_fire_20260706_193642_558710_0063.wav,2,64x26,0.5,0.25
background_self_fire/background_self_fire_20260706_193642_558710_0063_03.npy,background_self_fire,background_self_fire/background_self_fire_20260706_193642_558710_0063.wav,3,64x26,0.75,0.25
background_self_fire/background_self_fire_20260706_193644_565015_0064_00.npy,background_self_fire,background_self_fire/background_self_fire_20260706_193644_565015_0064.wav,0,64x26,0.0,0.25
background_self_fire/background_self_fire_20260706_193644_565015_0064_01.npy,background_self_fire,background_self_fire/background_self_fire_20260706_193644_565015_0064.wav,1,64x26,0.25,0.25
background_self_fire/background_self_fire_20260706_193644_565015_0064_02.npy,background_self_fire,background_self_fire/background_self_fire_20260706_193644_565015_0064.wav,2,64x26,0.5,0.25
background_self_fire/background_self_fire_20260706_193644_565015_0064_03.npy,background_self_fire,background_self_fire/background_self_fire_20260706_193644_565015_0064.wav,3,64x26,0.75,0.25
background_self_fire/background_self_fire_20260706_193646_569653_0065_00.npy,background_self_fire,background_self_fire/background_self_fire_20260706_193646_569653_0065.wav,0,64x26,0.0,0.25
background_self_fire/background_self_fire_20260706_193646_569653_0065_01.npy,background_self_fire,background_self_fire/background_self_fire_20260706_193646_569653_0065.wav,1,64x26,0.25,0.25
background_self_fire/background_self_fire_20260706_193646_569653_0065_02.npy,background_self_fire,background_self_fire/background_self_fire_20260706_193646_569653_0065.wav,2,64x26,0.5,0.25
background_self_fire/background_self_fire_20260706_193646_569653_0065_03.npy,background_self_fire,background_self_fire/background_self_fire_20260706_193646_569653_0065.wav,3,64x26,0.75,0.25
background_self_fire/background_self_fire_20260706_193648_575524_0066_00.npy,background_self_fire,background_self_fire/background_self_fire_20260706_193648_575524_0066.wav,0,64x26,0.0,0.25
background_self_fire/background_self_fire_20260706_193648_575524_0066_01.npy,background_self_fire,background_self_fire/background_self_fire_20260706_193648_575524_0066.wav,1,64x26,0.25,0.25
background_self_fire/background_self_fire_20260706_193648_575524_0066_02.npy,background_self_fire,background_self_fire/background_self_fire_20260706_193648_575524_0066.wav,2,64x26,0.5,0.25
background_self_fire/background_self_fire_20260706_193648_575524_0066_03.npy,background_self_fire,background_self_fire/background_self_fire_20260706_193648_575524_0066.wav,3,64x26,0.75,0.25
background_self_fire/background_self_fire_20260706_193657_046614_0067_00.npy,background_self_fire,background_self_fire/background_self_fire_20260706_193657_046614_0067.wav,0,64x26,0.0,0.25
background_self_fire/background_self_fire_20260706_193657_046614_0067_01.npy,background_self_fire,background_self_fire/background_self_fire_20260706_193657_046614_0067.wav,1,64x26,0.25,0.25
background_self_fire/background_self_fire_20260706_193657_046614_0067_02.npy,background_self_fire,background_self_fire/background_self_fire_20260706_193657_046614_0067.wav,2,64x26,0.5,0.25
background_self_fire/background_self_fire_20260706_193657_046614_0067_03.npy,background_self_fire,background_self_fire/background_self_fire_20260706_193657_046614_0067.wav,3,64x26,0.75,0.25
background_self_fire/background_self_fire_20260706_193659_049732_0068_00.npy,background_self_fire,background_self_fire/background_self_fire_20260706_193659_049732_0068.wav,0,64x26,0.0,0.25
background_self_fire/background_self_fire_20260706_193659_049732_0068_01.npy,background_self_fire,background_self_fire/background_self_fire_20260706_193659_049732_0068.wav,1,64x26,0.25,0.25
background_self_fire/background_self_fire_20260706_193659_049732_0068_02.npy,background_self_fire,background_self_fire/background_self_fire_20260706_193659_049732_0068.wav,2,64x26,0.5,0.25
background_self_fire/background_self_fire_20260706_193659_049732_0068_03.npy,background_self_fire,background_self_fire/background_self_fire_20260706_193659_049732_0068.wav,3,64x26,0.75,0.25
background_self_fire/background_self_fire_20260706_193701_055735_0069_00.npy,background_self_fire,background_self_fire/background_self_fire_20260706_193701_055735_0069.wav,0,64x26,0.0,0.25
background_self_fire/background_self_fire_20260706_193701_055735_0069_01.npy,background_self_fire,background_self_fire/background_self_fire_20260706_193701_055735_0069.wav,1,64x26,0.25,0.25
background_self_fire/background_self_fire_20260706_193701_055735_0069_02.npy,background_self_fire,background_self_fire/background_self_fire_20260706_193701_055735_0069.wav,2,64x26,0.5,0.25
background_self_fire/background_self_fire_20260706_193701_055735_0069_03.npy,background_self_fire,background_self_fire/background_self_fire_20260706_193701_055735_0069.wav,3,64x26,0.75,0.25
background_self_fire/background_self_fire_20260706_193703_061015_0070_00.npy,background_self_fire,background_self_fire/background_self_fire_20260706_193703_061015_0070.wav,0,64x26,0.0,0.25
background_self_fire/background_self_fire_20260706_193703_061015_0070_01.npy,background_self_fire,background_self_fire/background_self_fire_20260706_193703_061015_0070.wav,1,64x26,0.25,0.25
background_self_fire/background_self_fire_20260706_193703_061015_0070_02.npy,background_self_fire,background_self_fire/background_self_fire_20260706_193703_061015_0070.wav,2,64x26,0.5,0.25
background_self_fire/background_self_fire_20260706_193703_061015_0070_03.npy,background_self_fire,background_self_fire/background_self_fire_20260706_193703_061015_0070.wav,3,64x26,0.75,0.25
background_self_fire/background_self_fire_20260706_193705_421861_0071_00.npy,background_self_fire,background_self_fire/background_self_fire_20260706_193705_421861_0071.wav,0,64x26,0.0,0.25
background_self_fire/background_self_fire_20260706_193705_421861_0071_01.npy,background_self_fire,background_self_fire/background_self_fire_20260706_193705_421861_0071.wav,1,64x26,0.25,0.25
background_self_fire/background_self_fire_20260706_193705_421861_0071_02.npy,background_self_fire,background_self_fire/background_self_fire_20260706_193705_421861_0071.wav,2,64x26,0.5,0.25
background_self_fire/background_self_fire_20260706_193705_421861_0071_03.npy,background_self_fire,background_self_fire/background_self_fire_20260706_193705_421861_0071.wav,3,64x26,0.75,0.25
background_self_fire/background_self_fire_20260706_193707_423242_0072_00.npy,background_self_fire,background_self_fire/background_self_fire_20260706_193707_423242_0072.wav,0,64x26,0.0,0.25
background_self_fire/background_self_fire_20260706_193707_423242_0072_01.npy,background_self_fire,background_self_fire/background_self_fire_20260706_193707_423242_0072.wav,1,64x26,0.25,0.25
background_self_fire/background_self_fire_20260706_193707_423242_0072_02.npy,background_self_fire,background_self_fire/background_self_fire_20260706_193707_423242_0072.wav,2,64x26,0.5,0.25
background_self_fire/background_self_fire_20260706_193707_423242_0072_03.npy,background_self_fire,background_self_fire/background_self_fire_20260706_193707_423242_0072.wav,3,64x26,0.75,0.25
background_self_fire/background_self_fire_20260706_193713_495402_0073_00.npy,background_self_fire,background_self_fire/background_self_fire_20260706_193713_495402_0073.wav,0,64x26,0.0,0.25
background_self_fire/background_self_fire_20260706_193713_495402_0073_01.npy,background_self_fire,background_self_fire/background_self_fire_20260706_193713_495402_0073.wav,1,64x26,0.25,0.25
background_self_fire/background_self_fire_20260706_193713_495402_0073_02.npy,background_self_fire,background_self_fire/background_self_fire_20260706_193713_495402_0073.wav,2,64x26,0.5,0.25
background_self_fire/background_self_fire_20260706_193713_495402_0073_03.npy,background_self_fire,background_self_fire/background_self_fire_20260706_193713_495402_0073.wav,3,64x26,0.75,0.25
background_self_fire/background_self_fire_20260706_193715_500776_0074_00.npy,background_self_fire,background_self_fire/background_self_fire_20260706_193715_500776_0074.wav,0,64x26,0.0,0.25
background_self_fire/background_self_fire_20260706_193715_500776_0074_01.npy,background_self_fire,background_self_fire/background_self_fire_20260706_193715_500776_0074.wav,1,64x26,0.25,0.25
background_self_fire/background_self_fire_20260706_193715_500776_0074_02.npy,background_self_fire,background_self_fire/background_self_fire_20260706_193715_500776_0074.wav,2,64x26,0.5,0.25
background_self_fire/background_self_fire_20260706_193715_500776_0074_03.npy,background_self_fire,background_self_fire/background_self_fire_20260706_193715_500776_0074.wav,3,64x26,0.75,0.25
background_self_fire/background_self_fire_20260706_193717_527713_0075_00.npy,background_self_fire,background_self_fire/background_self_fire_20260706_193717_527713_0075.wav,0,64x26,0.0,0.25
background_self_fire/background_self_fire_20260706_193717_527713_0075_01.npy,background_self_fire,background_self_fire/background_self_fire_20260706_193717_527713_0075.wav,1,64x26,0.25,0.25
background_self_fire/background_self_fire_20260706_193717_527713_0075_02.npy,background_self_fire,background_self_fire/background_self_fire_20260706_193717_527713_0075.wav,2,64x26,0.5,0.25
background_self_fire/background_self_fire_20260706_193717_527713_0075_03.npy,background_self_fire,background_self_fire/background_self_fire_20260706_193717_527713_0075.wav,3,64x26,0.75,0.25
background_self_fire/background_self_fire_20260706_193720_077018_0076_00.npy,background_self_fire,background_self_fire/background_self_fire_20260706_193720_077018_0076.wav,0,64x26,0.0,0.25
background_self_fire/background_self_fire_20260706_193720_077018_0076_01.npy,background_self_fire,background_self_fire/background_self_fire_20260706_193720_077018_0076.wav,1,64x26,0.25,0.25
background_self_fire/background_self_fire_20260706_193720_077018_0076_02.npy,background_self_fire,background_self_fire/background_self_fire_20260706_193720_077018_0076.wav,2,64x26,0.5,0.25
background_self_fire/background_self_fire_20260706_193720_077018_0076_03.npy,background_self_fire,background_self_fire/background_self_fire_20260706_193720_077018_0076.wav,3,64x26,0.75,0.25
background_self_fire/background_self_fire_20260706_193722_083607_0077_00.npy,background_self_fire,background_self_fire/background_self_fire_20260706_193722_083607_0077.wav,0,64x26,0.0,0.25
background_self_fire/background_self_fire_20260706_193722_083607_0077_01.npy,background_self_fire,background_self_fire/background_self_fire_20260706_193722_083607_0077.wav,1,64x26,0.25,0.25
background_self_fire/background_self_fire_20260706_193722_083607_0077_02.npy,background_self_fire,background_self_fire/background_self_fire_20260706_193722_083607_0077.wav,2,64x26,0.5,0.25
background_self_fire/background_self_fire_20260706_193722_083607_0077_03.npy,background_self_fire,background_self_fire/background_self_fire_20260706_193722_083607_0077.wav,3,64x26,0.75,0.25
background_self_fire/background_self_fire_20260706_193724_085443_0078_00.npy,background_self_fire,background_self_fire/background_self_fire_20260706_193724_085443_0078.wav,0,64x26,0.0,0.25
background_self_fire/background_self_fire_20260706_193724_085443_0078_01.npy,background_self_fire,background_self_fire/background_self_fire_20260706_193724_085443_0078.wav,1,64x26,0.25,0.25
background_self_fire/background_self_fire_20260706_193724_085443_0078_02.npy,background_self_fire,background_self_fire/background_self_fire_20260706_193724_085443_0078.wav,2,64x26,0.5,0.25
background_self_fire/background_self_fire_20260706_193724_085443_0078_03.npy,background_self_fire,background_self_fire/background_self_fire_20260706_193724_085443_0078.wav,3,64x26,0.75,0.25
background_self_fire/background_self_fire_20260706_193753_787360_0079_00.npy,background_self_fire,background_self_fire/background_self_fire_20260706_193753_787360_0079.wav,0,64x26,0.0,0.25
background_self_fire/background_self_fire_20260706_193753_787360_0079_01.npy,background_self_fire,background_self_fire/background_self_fire_20260706_193753_787360_0079.wav,1,64x26,0.25,0.25
background_self_fire/background_self_fire_20260706_193753_787360_0079_02.npy,background_self_fire,background_self_fire/background_self_fire_20260706_193753_787360_0079.wav,2,64x26,0.5,0.25
background_self_fire/background_self_fire_20260706_193753_787360_0079_03.npy,background_self_fire,background_self_fire/background_self_fire_20260706_193753_787360_0079.wav,3,64x26,0.75,0.25
background_self_fire/background_self_fire_20260706_193755_790541_0080_00.npy,background_self_fire,background_self_fire/background_self_fire_20260706_193755_790541_0080.wav,0,64x26,0.0,0.25
background_self_fire/background_self_fire_20260706_193755_790541_0080_01.npy,background_self_fire,background_self_fire/background_self_fire_20260706_193755_790541_0080.wav,1,64x26,0.25,0.25
background_self_fire/background_self_fire_20260706_193755_790541_0080_02.npy,background_self_fire,background_self_fire/background_self_fire_20260706_193755_790541_0080.wav,2,64x26,0.5,0.25
background_self_fire/background_self_fire_20260706_193755_790541_0080_03.npy,background_self_fire,background_self_fire/background_self_fire_20260706_193755_790541_0080.wav,3,64x26,0.75,0.25
background_self_fire/background_self_fire_20260706_193803_098218_0081_00.npy,background_self_fire,background_self_fire/background_self_fire_20260706_193803_098218_0081.wav,0,64x26,0.0,0.25
background_self_fire/background_self_fire_20260706_193803_098218_0081_01.npy,background_self_fire,background_self_fire/background_self_fire_20260706_193803_098218_0081.wav,1,64x26,0.25,0.25
background_self_fire/background_self_fire_20260706_193803_098218_0081_02.npy,background_self_fire,background_self_fire/background_self_fire_20260706_193803_098218_0081.wav,2,64x26,0.5,0.25
background_self_fire/background_self_fire_20260706_193803_098218_0081_03.npy,background_self_fire,background_self_fire/background_self_fire_20260706_193803_098218_0081.wav,3,64x26,0.75,0.25
background_self_fire/background_self_fire_20260706_193805_104243_0082_00.npy,background_self_fire,background_self_fire/background_self_fire_20260706_193805_104243_0082.wav,0,64x26,0.0,0.25
background_self_fire/background_self_fire_20260706_193805_104243_0082_01.npy,background_self_fire,background_self_fire/background_self_fire_20260706_193805_104243_0082.wav,1,64x26,0.25,0.25
background_self_fire/background_self_fire_20260706_193805_104243_0082_02.npy,background_self_fire,background_self_fire/background_self_fire_20260706_193805_104243_0082.wav,2,64x26,0.5,0.25
background_self_fire/background_self_fire_20260706_193805_104243_0082_03.npy,background_self_fire,background_self_fire/background_self_fire_20260706_193805_104243_0082.wav,3,64x26,0.75,0.25
background_self_fire/background_self_fire_20260706_193807_107434_0083_00.npy,background_self_fire,background_self_fire/background_self_fire_20260706_193807_107434_0083.wav,0,64x26,0.0,0.25
background_self_fire/background_self_fire_20260706_193807_107434_0083_01.npy,background_self_fire,background_self_fire/background_self_fire_20260706_193807_107434_0083.wav,1,64x26,0.25,0.25
background_self_fire/background_self_fire_20260706_193807_107434_0083_02.npy,background_self_fire,background_self_fire/background_self_fire_20260706_193807_107434_0083.wav,2,64x26,0.5,0.25
background_self_fire/background_self_fire_20260706_193807_107434_0083_03.npy,background_self_fire,background_self_fire/background_self_fire_20260706_193807_107434_0083.wav,3,64x26,0.75,0.25
background_self_fire/background_self_fire_20260706_193809_111567_0084_00.npy,background_self_fire,background_self_fire/background_self_fire_20260706_193809_111567_0084.wav,0,64x26,0.0,0.25
background_self_fire/background_self_fire_20260706_193809_111567_0084_01.npy,background_self_fire,background_self_fire/background_self_fire_20260706_193809_111567_0084.wav,1,64x26,0.25,0.25
background_self_fire/background_self_fire_20260706_193809_111567_0084_02.npy,background_self_fire,background_self_fire/background_self_fire_20260706_193809_111567_0084.wav,2,64x26,0.5,0.25
background_self_fire/background_self_fire_20260706_193809_111567_0084_03.npy,background_self_fire,background_self_fire/background_self_fire_20260706_193809_111567_0084.wav,3,64x26,0.75,0.25
background_self_fire/background_self_fire_20260706_193811_118009_0085_00.npy,background_self_fire,background_self_fire/background_self_fire_20260706_193811_118009_0085.wav,0,64x26,0.0,0.25
background_self_fire/background_self_fire_20260706_193811_118009_0085_01.npy,background_self_fire,background_self_fire/background_self_fire_20260706_193811_118009_0085.wav,1,64x26,0.25,0.25
background_self_fire/background_self_fire_20260706_193811_118009_0085_02.npy,background_self_fire,background_self_fire/background_self_fire_20260706_193811_118009_0085.wav,2,64x26,0.5,0.25
background_self_fire/background_self_fire_20260706_193811_118009_0085_03.npy,background_self_fire,background_self_fire/background_self_fire_20260706_193811_118009_0085.wav,3,64x26,0.75,0.25
background_self_fire/background_self_fire_20260706_193813_122690_0086_00.npy,background_self_fire,background_self_fire/background_self_fire_20260706_193813_122690_0086.wav,0,64x26,0.0,0.25
background_self_fire/background_self_fire_20260706_193813_122690_0086_01.npy,background_self_fire,background_self_fire/background_self_fire_20260706_193813_122690_0086.wav,1,64x26,0.25,0.25
background_self_fire/background_self_fire_20260706_193813_122690_0086_02.npy,background_self_fire,background_self_fire/background_self_fire_20260706_193813_122690_0086.wav,2,64x26,0.5,0.25
background_self_fire/background_self_fire_20260706_193813_122690_0086_03.npy,background_self_fire,background_self_fire/background_self_fire_20260706_193813_122690_0086.wav,3,64x26,0.75,0.25
background_self_fire/background_self_fire_20260706_193815_127847_0087_00.npy,background_self_fire,background_self_fire/background_self_fire_20260706_193815_127847_0087.wav,0,64x26,0.0,0.25
background_self_fire/background_self_fire_20260706_193815_127847_0087_01.npy,background_self_fire,background_self_fire/background_self_fire_20260706_193815_127847_0087.wav,1,64x26,0.25,0.25
background_self_fire/background_self_fire_20260706_193815_127847_0087_02.npy,background_self_fire,background_self_fire/background_self_fire_20260706_193815_127847_0087.wav,2,64x26,0.5,0.25
background_self_fire/background_self_fire_20260706_193815_127847_0087_03.npy,background_self_fire,background_self_fire/background_self_fire_20260706_193815_127847_0087.wav,3,64x26,0.75,0.25
background_self_fire/background_self_fire_20260706_193817_133251_0088_00.npy,background_self_fire,background_self_fire/background_self_fire_20260706_193817_133251_0088.wav,0,64x26,0.0,0.25
background_self_fire/background_self_fire_20260706_193817_133251_0088_01.npy,background_self_fire,background_self_fire/background_self_fire_20260706_193817_133251_0088.wav,1,64x26,0.25,0.25
background_self_fire/background_self_fire_20260706_193817_133251_0088_02.npy,background_self_fire,background_self_fire/background_self_fire_20260706_193817_133251_0088.wav,2,64x26,0.5,0.25
background_self_fire/background_self_fire_20260706_193817_133251_0088_03.npy,background_self_fire,background_self_fire/background_self_fire_20260706_193817_133251_0088.wav,3,64x26,0.75,0.25
background_self_fire/background_self_fire_20260706_193819_139089_0089_00.npy,background_self_fire,background_self_fire/background_self_fire_20260706_193819_139089_0089.wav,0,64x26,0.0,0.25
background_self_fire/background_self_fire_20260706_193819_139089_0089_01.npy,background_self_fire,background_self_fire/background_self_fire_20260706_193819_139089_0089.wav,1,64x26,0.25,0.25
background_self_fire/background_self_fire_20260706_193819_139089_0089_02.npy,background_self_fire,background_self_fire/background_self_fire_20260706_193819_139089_0089.wav,2,64x26,0.5,0.25
background_self_fire/background_self_fire_20260706_193819_139089_0089_03.npy,background_self_fire,background_self_fire/background_self_fire_20260706_193819_139089_0089.wav,3,64x26,0.75,0.25
background_self_fire/background_self_fire_20260706_193821_144032_0090_00.npy,background_self_fire,background_self_fire/background_self_fire_20260706_193821_144032_0090.wav,0,64x26,0.0,0.25
background_self_fire/background_self_fire_20260706_193821_144032_0090_01.npy,background_self_fire,background_self_fire/background_self_fire_20260706_193821_144032_0090.wav,1,64x26,0.25,0.25
background_self_fire/background_self_fire_20260706_193821_144032_0090_02.npy,background_self_fire,background_self_fire/background_self_fire_20260706_193821_144032_0090.wav,2,64x26,0.5,0.25
background_self_fire/background_self_fire_20260706_193821_144032_0090_03.npy,background_self_fire,background_self_fire/background_self_fire_20260706_193821_144032_0090.wav,3,64x26,0.75,0.25
background_self_fire/background_self_fire_20260706_193823_408455_0091_00.npy,background_self_fire,background_self_fire/background_self_fire_20260706_193823_408455_0091.wav,0,64x26,0.0,0.25
background_self_fire/background_self_fire_20260706_193823_408455_0091_01.npy,background_self_fire,background_self_fire/background_self_fire_20260706_193823_408455_0091.wav,1,64x26,0.25,0.25
background_self_fire/background_self_fire_20260706_193823_408455_0091_02.npy,background_self_fire,background_self_fire/background_self_fire_20260706_193823_408455_0091.wav,2,64x26,0.5,0.25
background_self_fire/background_self_fire_20260706_193823_408455_0091_03.npy,background_self_fire,background_self_fire/background_self_fire_20260706_193823_408455_0091.wav,3,64x26,0.75,0.25
background_self_fire/background_self_fire_20260706_193825_410964_0092_00.npy,background_self_fire,background_self_fire/background_self_fire_20260706_193825_410964_0092.wav,0,64x26,0.0,0.25
background_self_fire/background_self_fire_20260706_193825_410964_0092_01.npy,background_self_fire,background_self_fire/background_self_fire_20260706_193825_410964_0092.wav,1,64x26,0.25,0.25
background_self_fire/background_self_fire_20260706_193825_410964_0092_02.npy,background_self_fire,background_self_fire/background_self_fire_20260706_193825_410964_0092.wav,2,64x26,0.5,0.25
background_self_fire/background_self_fire_20260706_193825_410964_0092_03.npy,background_self_fire,background_self_fire/background_self_fire_20260706_193825_410964_0092.wav,3,64x26,0.75,0.25
background_self_fire/background_self_fire_20260706_193827_416516_0093_00.npy,background_self_fire,background_self_fire/background_self_fire_20260706_193827_416516_0093.wav,0,64x26,0.0,0.25
background_self_fire/background_self_fire_20260706_193827_416516_0093_01.npy,background_self_fire,background_self_fire/background_self_fire_20260706_193827_416516_0093.wav,1,64x26,0.25,0.25
background_self_fire/background_self_fire_20260706_193827_416516_0093_02.npy,background_self_fire,background_self_fire/background_self_fire_20260706_193827_416516_0093.wav,2,64x26,0.5,0.25
background_self_fire/background_self_fire_20260706_193827_416516_0093_03.npy,background_self_fire,background_self_fire/background_self_fire_20260706_193827_416516_0093.wav,3,64x26,0.75,0.25
background_self_fire/background_self_fire_20260706_193829_422428_0094_00.npy,background_self_fire,background_self_fire/background_self_fire_20260706_193829_422428_0094.wav,0,64x26,0.0,0.25
background_self_fire/background_self_fire_20260706_193829_422428_0094_01.npy,background_self_fire,background_self_fire/background_self_fire_20260706_193829_422428_0094.wav,1,64x26,0.25,0.25
background_self_fire/background_self_fire_20260706_193829_422428_0094_02.npy,background_self_fire,background_self_fire/background_self_fire_20260706_193829_422428_0094.wav,2,64x26,0.5,0.25
background_self_fire/background_self_fire_20260706_193829_422428_0094_03.npy,background_self_fire,background_self_fire/background_self_fire_20260706_193829_422428_0094.wav,3,64x26,0.75,0.25
background_self_fire/background_self_fire_20260706_193831_428742_0095_00.npy,background_self_fire,background_self_fire/background_self_fire_20260706_193831_428742_0095.wav,0,64x26,0.0,0.25
background_self_fire/background_self_fire_20260706_193831_428742_0095_01.npy,background_self_fire,background_self_fire/background_self_fire_20260706_193831_428742_0095.wav,1,64x26,0.25,0.25
background_self_fire/background_self_fire_20260706_193831_428742_0095_02.npy,background_self_fire,background_self_fire/background_self_fire_20260706_193831_428742_0095.wav,2,64x26,0.5,0.25
background_self_fire/background_self_fire_20260706_193831_428742_0095_03.npy,background_self_fire,background_self_fire/background_self_fire_20260706_193831_428742_0095.wav,3,64x26,0.75,0.25
background_self_fire/background_self_fire_20260706_193833_436207_0096_00.npy,background_self_fire,background_self_fire/background_self_fire_20260706_193833_436207_0096.wav,0,64x26,0.0,0.25
background_self_fire/background_self_fire_20260706_193833_436207_0096_01.npy,background_self_fire,background_self_fire/background_self_fire_20260706_193833_436207_0096.wav,1,64x26,0.25,0.25
background_self_fire/background_self_fire_20260706_193833_436207_0096_02.npy,background_self_fire,background_self_fire/background_self_fire_20260706_193833_436207_0096.wav,2,64x26,0.5,0.25
background_self_fire/background_self_fire_20260706_193833_436207_0096_03.npy,background_self_fire,background_self_fire/background_self_fire_20260706_193833_436207_0096.wav,3,64x26,0.75,0.25
background_self_fire/background_self_fire_20260706_193835_438728_0097_00.npy,background_self_fire,background_self_fire/background_self_fire_20260706_193835_438728_0097.wav,0,64x26,0.0,0.25
background_self_fire/background_self_fire_20260706_193835_438728_0097_01.npy,background_self_fire,background_self_fire/background_self_fire_20260706_193835_438728_0097.wav,1,64x26,0.25,0.25
background_self_fire/background_self_fire_20260706_193835_438728_0097_02.npy,background_self_fire,background_self_fire/background_self_fire_20260706_193835_438728_0097.wav,2,64x26,0.5,0.25
background_self_fire/background_self_fire_20260706_193835_438728_0097_03.npy,background_self_fire,background_self_fire/background_self_fire_20260706_193835_438728_0097.wav,3,64x26,0.75,0.25
background_self_fire/background_self_fire_20260706_193837_444097_0098_00.npy,background_self_fire,background_self_fire/background_self_fire_20260706_193837_444097_0098.wav,0,64x26,0.0,0.25
background_self_fire/background_self_fire_20260706_193837_444097_0098_01.npy,background_self_fire,background_self_fire/background_self_fire_20260706_193837_444097_0098.wav,1,64x26,0.25,0.25
background_self_fire/background_self_fire_20260706_193837_444097_0098_02.npy,background_self_fire,background_self_fire/background_self_fire_20260706_193837_444097_0098.wav,2,64x26,0.5,0.25
background_self_fire/background_self_fire_20260706_193837_444097_0098_03.npy,background_self_fire,background_self_fire/background_self_fire_20260706_193837_444097_0098.wav,3,64x26,0.75,0.25
background_self_fire/background_self_fire_20260706_193839_450628_0099_00.npy,background_self_fire,background_self_fire/background_self_fire_20260706_193839_450628_0099.wav,0,64x26,0.0,0.25
background_self_fire/background_self_fire_20260706_193839_450628_0099_01.npy,background_self_fire,background_self_fire/background_self_fire_20260706_193839_450628_0099.wav,1,64x26,0.25,0.25
background_self_fire/background_self_fire_20260706_193839_450628_0099_02.npy,background_self_fire,background_self_fire/background_self_fire_20260706_193839_450628_0099.wav,2,64x26,0.5,0.25
background_self_fire/background_self_fire_20260706_193839_450628_0099_03.npy,background_self_fire,background_self_fire/background_self_fire_20260706_193839_450628_0099.wav,3,64x26,0.75,0.25
background_self_fire/background_self_fire_20260706_193841_455090_0100_00.npy,background_self_fire,background_self_fire/background_self_fire_20260706_193841_455090_0100.wav,0,64x26,0.0,0.25
background_self_fire/background_self_fire_20260706_193841_455090_0100_01.npy,background_self_fire,background_self_fire/background_self_fire_20260706_193841_455090_0100.wav,1,64x26,0.25,0.25
background_self_fire/background_self_fire_20260706_193841_455090_0100_02.npy,background_self_fire,background_self_fire/background_self_fire_20260706_193841_455090_0100.wav,2,64x26,0.5,0.25
background_self_fire/background_self_fire_20260706_193841_455090_0100_03.npy,background_self_fire,background_self_fire/background_self_fire_20260706_193841_455090_0100.wav,3,64x26,0.75,0.25
background_self_fire/background_self_fire_20260706_193857_139221_0101_00.npy,background_self_fire,background_self_fire/background_self_fire_20260706_193857_139221_0101.wav,0,64x26,0.0,0.25
background_self_fire/background_self_fire_20260706_193857_139221_0101_01.npy,background_self_fire,background_self_fire/background_self_fire_20260706_193857_139221_0101.wav,1,64x26,0.25,0.25
background_self_fire/background_self_fire_20260706_193857_139221_0101_02.npy,background_self_fire,background_self_fire/background_self_fire_20260706_193857_139221_0101.wav,2,64x26,0.5,0.25
background_self_fire/background_self_fire_20260706_193857_139221_0101_03.npy,background_self_fire,background_self_fire/background_self_fire_20260706_193857_139221_0101.wav,3,64x26,0.75,0.25
background_self_fire/background_self_fire_20260706_193859_143606_0102_00.npy,background_self_fire,background_self_fire/background_self_fire_20260706_193859_143606_0102.wav,0,64x26,0.0,0.25
background_self_fire/background_self_fire_20260706_193859_143606_0102_01.npy,background_self_fire,background_self_fire/background_self_fire_20260706_193859_143606_0102.wav,1,64x26,0.25,0.25
background_self_fire/background_self_fire_20260706_193859_143606_0102_02.npy,background_self_fire,background_self_fire/background_self_fire_20260706_193859_143606_0102.wav,2,64x26,0.5,0.25
background_self_fire/background_self_fire_20260706_193859_143606_0102_03.npy,background_self_fire,background_self_fire/background_self_fire_20260706_193859_143606_0102.wav,3,64x26,0.75,0.25
background_self_fire/background_self_fire_20260706_193901_147113_0103_00.npy,background_self_fire,background_self_fire/background_self_fire_20260706_193901_147113_0103.wav,0,64x26,0.0,0.25
background_self_fire/background_self_fire_20260706_193901_147113_0103_01.npy,background_self_fire,background_self_fire/background_self_fire_20260706_193901_147113_0103.wav,1,64x26,0.25,0.25
background_self_fire/background_self_fire_20260706_193901_147113_0103_02.npy,background_self_fire,background_self_fire/background_self_fire_20260706_193901_147113_0103.wav,2,64x26,0.5,0.25
background_self_fire/background_self_fire_20260706_193901_147113_0103_03.npy,background_self_fire,background_self_fire/background_self_fire_20260706_193901_147113_0103.wav,3,64x26,0.75,0.25
hit/hit_20260701_162821_198016_0000_00.npy,hit,hit/hit_20260701_162821_198016_0000.wav,0,64x26,0.0,0.25
hit/hit_20260701_162821_198016_0000_01.npy,hit,hit/hit_20260701_162821_198016_0000.wav,1,64x26,0.25,0.25
hit/hit_20260701_162821_198016_0000_02.npy,hit,hit/hit_20260701_162821_198016_0000.wav,2,64x26,0.5,0.25
hit/hit_20260701_162821_198016_0000_03.npy,hit,hit/hit_20260701_162821_198016_0000.wav,3,64x26,0.75,0.25
hit/hit_20260701_162828_103695_0001_00.npy,hit,hit/hit_20260701_162828_103695_0001.wav,0,64x26,0.0,0.25
hit/hit_20260701_162828_103695_0001_01.npy,hit,hit/hit_20260701_162828_103695_0001.wav,1,64x26,0.25,0.25
hit/hit_20260701_162828_103695_0001_02.npy,hit,hit/hit_20260701_162828_103695_0001.wav,2,64x26,0.5,0.25
hit/hit_20260701_162828_103695_0001_03.npy,hit,hit/hit_20260701_162828_103695_0001.wav,3,64x26,0.75,0.25
hit/hit_20260701_162834_301357_0002_00.npy,hit,hit/hit_20260701_162834_301357_0002.wav,0,64x26,0.0,0.25
hit/hit_20260701_162834_301357_0002_01.npy,hit,hit/hit_20260701_162834_301357_0002.wav,1,64x26,0.25,0.25
hit/hit_20260701_162834_301357_0002_02.npy,hit,hit/hit_20260701_162834_301357_0002.wav,2,64x26,0.5,0.25
hit/hit_20260701_162834_301357_0002_03.npy,hit,hit/hit_20260701_162834_301357_0002.wav,3,64x26,0.75,0.25
hit/hit_20260701_162844_648634_0003_00.npy,hit,hit/hit_20260701_162844_648634_0003.wav,0,64x26,0.0,0.25
hit/hit_20260701_162844_648634_0003_01.npy,hit,hit/hit_20260701_162844_648634_0003.wav,1,64x26,0.25,0.25
hit/hit_20260701_162844_648634_0003_02.npy,hit,hit/hit_20260701_162844_648634_0003.wav,2,64x26,0.5,0.25
hit/hit_20260701_162844_648634_0003_03.npy,hit,hit/hit_20260701_162844_648634_0003.wav,3,64x26,0.75,0.25
hit/hit_20260701_162850_377055_0004_00.npy,hit,hit/hit_20260701_162850_377055_0004.wav,0,64x26,0.0,0.25
hit/hit_20260701_162850_377055_0004_01.npy,hit,hit/hit_20260701_162850_377055_0004.wav,1,64x26,0.25,0.25
hit/hit_20260701_162850_377055_0004_02.npy,hit,hit/hit_20260701_162850_377055_0004.wav,2,64x26,0.5,0.25
hit/hit_20260701_162850_377055_0004_03.npy,hit,hit/hit_20260701_162850_377055_0004.wav,3,64x26,0.75,0.25
hit/hit_20260701_162856_307997_0005_00.npy,hit,hit/hit_20260701_162856_307997_0005.wav,0,64x26,0.0,0.25
hit/hit_20260701_162856_307997_0005_01.npy,hit,hit/hit_20260701_162856_307997_0005.wav,1,64x26,0.25,0.25
hit/hit_20260701_162856_307997_0005_02.npy,hit,hit/hit_20260701_162856_307997_0005.wav,2,64x26,0.5,0.25
hit/hit_20260701_162856_307997_0005_03.npy,hit,hit/hit_20260701_162856_307997_0005.wav,3,64x26,0.75,0.25
hit/hit_20260701_163012_985669_0000_00.npy,hit,hit/hit_20260701_163012_985669_0000.wav,0,64x26,0.0,0.25
hit/hit_20260701_163012_985669_0000_01.npy,hit,hit/hit_20260701_163012_985669_0000.wav,1,64x26,0.25,0.25
hit/hit_20260701_163012_985669_0000_02.npy,hit,hit/hit_20260701_163012_985669_0000.wav,2,64x26,0.5,0.25
hit/hit_20260701_163012_985669_0000_03.npy,hit,hit/hit_20260701_163012_985669_0000.wav,3,64x26,0.75,0.25
hit/hit_20260701_163018_696658_0001_00.npy,hit,hit/hit_20260701_163018_696658_0001.wav,0,64x26,0.0,0.25
hit/hit_20260701_163018_696658_0001_01.npy,hit,hit/hit_20260701_163018_696658_0001.wav,1,64x26,0.25,0.25
hit/hit_20260701_163018_696658_0001_02.npy,hit,hit/hit_20260701_163018_696658_0001.wav,2,64x26,0.5,0.25
hit/hit_20260701_163018_696658_0001_03.npy,hit,hit/hit_20260701_163018_696658_0001.wav,3,64x26,0.75,0.25
hit/hit_20260701_163026_121366_0002_00.npy,hit,hit/hit_20260701_163026_121366_0002.wav,0,64x26,0.0,0.25
hit/hit_20260701_163026_121366_0002_01.npy,hit,hit/hit_20260701_163026_121366_0002.wav,1,64x26,0.25,0.25
hit/hit_20260701_163026_121366_0002_02.npy,hit,hit/hit_20260701_163026_121366_0002.wav,2,64x26,0.5,0.25
hit/hit_20260701_163026_121366_0002_03.npy,hit,hit/hit_20260701_163026_121366_0002.wav,3,64x26,0.75,0.25
hit/hit_20260701_163028_425139_0003_00.npy,hit,hit/hit_20260701_163028_425139_0003.wav,0,64x26,0.0,0.25
hit/hit_20260701_163028_425139_0003_01.npy,hit,hit/hit_20260701_163028_425139_0003.wav,1,64x26,0.25,0.25
hit/hit_20260701_163028_425139_0003_02.npy,hit,hit/hit_20260701_163028_425139_0003.wav,2,64x26,0.5,0.25
hit/hit_20260701_163028_425139_0003_03.npy,hit,hit/hit_20260701_163028_425139_0003.wav,3,64x26,0.75,0.25
hit/hit_20260701_163036_649703_0004_00.npy,hit,hit/hit_20260701_163036_649703_0004.wav,0,64x26,0.0,0.25
hit/hit_20260701_163036_649703_0004_01.npy,hit,hit/hit_20260701_163036_649703_0004.wav,1,64x26,0.25,0.25
hit/hit_20260701_163036_649703_0004_02.npy,hit,hit/hit_20260701_163036_649703_0004.wav,2,64x26,0.5,0.25
hit/hit_20260701_163036_649703_0004_03.npy,hit,hit/hit_20260701_163036_649703_0004.wav,3,64x26,0.75,0.25
hit/hit_20260701_163044_212747_0005_00.npy,hit,hit/hit_20260701_163044_212747_0005.wav,0,64x26,0.0,0.25
hit/hit_20260701_163044_212747_0005_01.npy,hit,hit/hit_20260701_163044_212747_0005.wav,1,64x26,0.25,0.25
hit/hit_20260701_163044_212747_0005_02.npy,hit,hit/hit_20260701_163044_212747_0005.wav,2,64x26,0.5,0.25
hit/hit_20260701_163044_212747_0005_03.npy,hit,hit/hit_20260701_163044_212747_0005.wav,3,64x26,0.75,0.25
hit/hit_20260701_163047_839609_0006_00.npy,hit,hit/hit_20260701_163047_839609_0006.wav,0,64x26,0.0,0.25
hit/hit_20260701_163047_839609_0006_01.npy,hit,hit/hit_20260701_163047_839609_0006.wav,1,64x26,0.25,0.25
hit/hit_20260701_163047_839609_0006_02.npy,hit,hit/hit_20260701_163047_839609_0006.wav,2,64x26,0.5,0.25
hit/hit_20260701_163047_839609_0006_03.npy,hit,hit/hit_20260701_163047_839609_0006.wav,3,64x26,0.75,0.25
hit/hit_20260701_165051_051088_0000_00.npy,hit,hit/hit_20260701_165051_051088_0000.wav,0,64x26,0.0,0.25
hit/hit_20260701_165051_051088_0000_01.npy,hit,hit/hit_20260701_165051_051088_0000.wav,1,64x26,0.25,0.25
hit/hit_20260701_165051_051088_0000_02.npy,hit,hit/hit_20260701_165051_051088_0000.wav,2,64x26,0.5,0.25
hit/hit_20260701_165051_051088_0000_03.npy,hit,hit/hit_20260701_165051_051088_0000.wav,3,64x26,0.75,0.25
hit/hit_20260701_165056_537209_0001_00.npy,hit,hit/hit_20260701_165056_537209_0001.wav,0,64x26,0.0,0.25
hit/hit_20260701_165056_537209_0001_01.npy,hit,hit/hit_20260701_165056_537209_0001.wav,1,64x26,0.25,0.25
hit/hit_20260701_165056_537209_0001_02.npy,hit,hit/hit_20260701_165056_537209_0001.wav,2,64x26,0.5,0.25
hit/hit_20260701_165056_537209_0001_03.npy,hit,hit/hit_20260701_165056_537209_0001.wav,3,64x26,0.75,0.25
hit/hit_20260701_165111_375449_0002_00.npy,hit,hit/hit_20260701_165111_375449_0002.wav,0,64x26,0.0,0.25
hit/hit_20260701_165111_375449_0002_01.npy,hit,hit/hit_20260701_165111_375449_0002.wav,1,64x26,0.25,0.25
hit/hit_20260701_165111_375449_0002_02.npy,hit,hit/hit_20260701_165111_375449_0002.wav,2,64x26,0.5,0.25
hit/hit_20260701_165111_375449_0002_03.npy,hit,hit/hit_20260701_165111_375449_0002.wav,3,64x26,0.75,0.25
hit/hit_20260701_165115_354348_0003_00.npy,hit,hit/hit_20260701_165115_354348_0003.wav,0,64x26,0.0,0.25
hit/hit_20260701_165115_354348_0003_01.npy,hit,hit/hit_20260701_165115_354348_0003.wav,1,64x26,0.25,0.25
hit/hit_20260701_165115_354348_0003_02.npy,hit,hit/hit_20260701_165115_354348_0003.wav,2,64x26,0.5,0.25
hit/hit_20260701_165115_354348_0003_03.npy,hit,hit/hit_20260701_165115_354348_0003.wav,3,64x26,0.75,0.25
hit/hit_20260701_165119_226634_0004_00.npy,hit,hit/hit_20260701_165119_226634_0004.wav,0,64x26,0.0,0.25
hit/hit_20260701_165119_226634_0004_01.npy,hit,hit/hit_20260701_165119_226634_0004.wav,1,64x26,0.25,0.25
hit/hit_20260701_165119_226634_0004_02.npy,hit,hit/hit_20260701_165119_226634_0004.wav,2,64x26,0.5,0.25
hit/hit_20260701_165119_226634_0004_03.npy,hit,hit/hit_20260701_165119_226634_0004.wav,3,64x26,0.75,0.25
hit/hit_20260701_165122_469445_0005_00.npy,hit,hit/hit_20260701_165122_469445_0005.wav,0,64x26,0.0,0.25
hit/hit_20260701_165122_469445_0005_01.npy,hit,hit/hit_20260701_165122_469445_0005.wav,1,64x26,0.25,0.25
hit/hit_20260701_165122_469445_0005_02.npy,hit,hit/hit_20260701_165122_469445_0005.wav,2,64x26,0.5,0.25
hit/hit_20260701_165122_469445_0005_03.npy,hit,hit/hit_20260701_165122_469445_0005.wav,3,64x26,0.75,0.25
hit/hit_20260701_165124_912326_0006_00.npy,hit,hit/hit_20260701_165124_912326_0006.wav,0,64x26,0.0,0.25
hit/hit_20260701_165124_912326_0006_01.npy,hit,hit/hit_20260701_165124_912326_0006.wav,1,64x26,0.25,0.25
hit/hit_20260701_165124_912326_0006_02.npy,hit,hit/hit_20260701_165124_912326_0006.wav,2,64x26,0.5,0.25
hit/hit_20260701_165124_912326_0006_03.npy,hit,hit/hit_20260701_165124_912326_0006.wav,3,64x26,0.75,0.25
hit/hit_20260701_165131_750057_0007_00.npy,hit,hit/hit_20260701_165131_750057_0007.wav,0,64x26,0.0,0.25
hit/hit_20260701_165131_750057_0007_01.npy,hit,hit/hit_20260701_165131_750057_0007.wav,1,64x26,0.25,0.25
hit/hit_20260701_165131_750057_0007_02.npy,hit,hit/hit_20260701_165131_750057_0007.wav,2,64x26,0.5,0.25
hit/hit_20260701_165131_750057_0007_03.npy,hit,hit/hit_20260701_165131_750057_0007.wav,3,64x26,0.75,0.25
hit/hit_20260701_165137_841177_0008_00.npy,hit,hit/hit_20260701_165137_841177_0008.wav,0,64x26,0.0,0.25
hit/hit_20260701_165137_841177_0008_01.npy,hit,hit/hit_20260701_165137_841177_0008.wav,1,64x26,0.25,0.25
hit/hit_20260701_165137_841177_0008_02.npy,hit,hit/hit_20260701_165137_841177_0008.wav,2,64x26,0.5,0.25
hit/hit_20260701_165137_841177_0008_03.npy,hit,hit/hit_20260701_165137_841177_0008.wav,3,64x26,0.75,0.25
hit/hit_20260701_165140_529270_0009_00.npy,hit,hit/hit_20260701_165140_529270_0009.wav,0,64x26,0.0,0.25
hit/hit_20260701_165140_529270_0009_01.npy,hit,hit/hit_20260701_165140_529270_0009.wav,1,64x26,0.25,0.25
hit/hit_20260701_165140_529270_0009_02.npy,hit,hit/hit_20260701_165140_529270_0009.wav,2,64x26,0.5,0.25
hit/hit_20260701_165140_529270_0009_03.npy,hit,hit/hit_20260701_165140_529270_0009.wav,3,64x26,0.75,0.25
hit/hit_20260701_165145_446902_0010_00.npy,hit,hit/hit_20260701_165145_446902_0010.wav,0,64x26,0.0,0.25
hit/hit_20260701_165145_446902_0010_01.npy,hit,hit/hit_20260701_165145_446902_0010.wav,1,64x26,0.25,0.25
hit/hit_20260701_165145_446902_0010_02.npy,hit,hit/hit_20260701_165145_446902_0010.wav,2,64x26,0.5,0.25
hit/hit_20260701_165145_446902_0010_03.npy,hit,hit/hit_20260701_165145_446902_0010.wav,3,64x26,0.75,0.25
hit/hit_20260701_165147_708323_0011_00.npy,hit,hit/hit_20260701_165147_708323_0011.wav,0,64x26,0.0,0.25
hit/hit_20260701_165147_708323_0011_01.npy,hit,hit/hit_20260701_165147_708323_0011.wav,1,64x26,0.25,0.25
hit/hit_20260701_165147_708323_0011_02.npy,hit,hit/hit_20260701_165147_708323_0011.wav,2,64x26,0.5,0.25
hit/hit_20260701_165147_708323_0011_03.npy,hit,hit/hit_20260701_165147_708323_0011.wav,3,64x26,0.75,0.25
hit/hit_20260701_165151_921914_0012_00.npy,hit,hit/hit_20260701_165151_921914_0012.wav,0,64x26,0.0,0.25
hit/hit_20260701_165151_921914_0012_01.npy,hit,hit/hit_20260701_165151_921914_0012.wav,1,64x26,0.25,0.25
hit/hit_20260701_165151_921914_0012_02.npy,hit,hit/hit_20260701_165151_921914_0012.wav,2,64x26,0.5,0.25
hit/hit_20260701_165151_921914_0012_03.npy,hit,hit/hit_20260701_165151_921914_0012.wav,3,64x26,0.75,0.25
hit/hit_20260701_165159_335722_0013_00.npy,hit,hit/hit_20260701_165159_335722_0013.wav,0,64x26,0.0,0.25
hit/hit_20260701_165159_335722_0013_01.npy,hit,hit/hit_20260701_165159_335722_0013.wav,1,64x26,0.25,0.25
hit/hit_20260701_165159_335722_0013_02.npy,hit,hit/hit_20260701_165159_335722_0013.wav,2,64x26,0.5,0.25
hit/hit_20260701_165159_335722_0013_03.npy,hit,hit/hit_20260701_165159_335722_0013.wav,3,64x26,0.75,0.25
hit/hit_20260701_165203_709325_0014_00.npy,hit,hit/hit_20260701_165203_709325_0014.wav,0,64x26,0.0,0.25
hit/hit_20260701_165203_709325_0014_01.npy,hit,hit/hit_20260701_165203_709325_0014.wav,1,64x26,0.25,0.25
hit/hit_20260701_165203_709325_0014_02.npy,hit,hit/hit_20260701_165203_709325_0014.wav,2,64x26,0.5,0.25
hit/hit_20260701_165203_709325_0014_03.npy,hit,hit/hit_20260701_165203_709325_0014.wav,3,64x26,0.75,0.25
hit/hit_20260701_165207_346804_0015_00.npy,hit,hit/hit_20260701_165207_346804_0015.wav,0,64x26,0.0,0.25
hit/hit_20260701_165207_346804_0015_01.npy,hit,hit/hit_20260701_165207_346804_0015.wav,1,64x26,0.25,0.25
hit/hit_20260701_165207_346804_0015_02.npy,hit,hit/hit_20260701_165207_346804_0015.wav,2,64x26,0.5,0.25
hit/hit_20260701_165207_346804_0015_03.npy,hit,hit/hit_20260701_165207_346804_0015.wav,3,64x26,0.75,0.25
hit/hit_20260701_165209_348513_0016_00.npy,hit,hit/hit_20260701_165209_348513_0016.wav,0,64x26,0.0,0.25
hit/hit_20260701_165209_348513_0016_01.npy,hit,hit/hit_20260701_165209_348513_0016.wav,1,64x26,0.25,0.25
hit/hit_20260701_165209_348513_0016_02.npy,hit,hit/hit_20260701_165209_348513_0016.wav,2,64x26,0.5,0.25
hit/hit_20260701_165209_348513_0016_03.npy,hit,hit/hit_20260701_165209_348513_0016.wav,3,64x26,0.75,0.25
hit/hit_20260701_165735_619550_0017_00.npy,hit,hit/hit_20260701_165735_619550_0017.wav,0,64x26,0.0,0.25
hit/hit_20260701_165735_619550_0017_01.npy,hit,hit/hit_20260701_165735_619550_0017.wav,1,64x26,0.25,0.25
hit/hit_20260701_165735_619550_0017_02.npy,hit,hit/hit_20260701_165735_619550_0017.wav,2,64x26,0.5,0.25
hit/hit_20260701_165735_619550_0017_03.npy,hit,hit/hit_20260701_165735_619550_0017.wav,3,64x26,0.75,0.25
hit/hit_20260701_171639_639968_0000_00.npy,hit,hit/hit_20260701_171639_639968_0000.wav,0,64x26,0.0,0.25
hit/hit_20260701_171639_639968_0000_01.npy,hit,hit/hit_20260701_171639_639968_0000.wav,1,64x26,0.25,0.25
hit/hit_20260701_171639_639968_0000_02.npy,hit,hit/hit_20260701_171639_639968_0000.wav,2,64x26,0.5,0.25
hit/hit_20260701_171639_639968_0000_03.npy,hit,hit/hit_20260701_171639_639968_0000.wav,3,64x26,0.75,0.25
hit/hit_20260701_171645_852331_0001_00.npy,hit,hit/hit_20260701_171645_852331_0001.wav,0,64x26,0.0,0.25
hit/hit_20260701_171645_852331_0001_01.npy,hit,hit/hit_20260701_171645_852331_0001.wav,1,64x26,0.25,0.25
hit/hit_20260701_171645_852331_0001_02.npy,hit,hit/hit_20260701_171645_852331_0001.wav,2,64x26,0.5,0.25
hit/hit_20260701_171645_852331_0001_03.npy,hit,hit/hit_20260701_171645_852331_0001.wav,3,64x26,0.75,0.25
hit/hit_20260701_171653_702149_0002_00.npy,hit,hit/hit_20260701_171653_702149_0002.wav,0,64x26,0.0,0.25
hit/hit_20260701_171653_702149_0002_01.npy,hit,hit/hit_20260701_171653_702149_0002.wav,1,64x26,0.25,0.25
hit/hit_20260701_171653_702149_0002_02.npy,hit,hit/hit_20260701_171653_702149_0002.wav,2,64x26,0.5,0.25
hit/hit_20260701_171653_702149_0002_03.npy,hit,hit/hit_20260701_171653_702149_0002.wav,3,64x26,0.75,0.25
hit/hit_20260701_171702_439978_0003_00.npy,hit,hit/hit_20260701_171702_439978_0003.wav,0,64x26,0.0,0.25
hit/hit_20260701_171702_439978_0003_01.npy,hit,hit/hit_20260701_171702_439978_0003.wav,1,64x26,0.25,0.25
hit/hit_20260701_171702_439978_0003_02.npy,hit,hit/hit_20260701_171702_439978_0003.wav,2,64x26,0.5,0.25
hit/hit_20260701_171702_439978_0003_03.npy,hit,hit/hit_20260701_171702_439978_0003.wav,3,64x26,0.75,0.25
hit/hit_20260701_171704_443905_0004_00.npy,hit,hit/hit_20260701_171704_443905_0004.wav,0,64x26,0.0,0.25
hit/hit_20260701_171704_443905_0004_01.npy,hit,hit/hit_20260701_171704_443905_0004.wav,1,64x26,0.25,0.25
hit/hit_20260701_171704_443905_0004_02.npy,hit,hit/hit_20260701_171704_443905_0004.wav,2,64x26,0.5,0.25
hit/hit_20260701_171704_443905_0004_03.npy,hit,hit/hit_20260701_171704_443905_0004.wav,3,64x26,0.75,0.25
hit/hit_20260701_171707_485617_0005_00.npy,hit,hit/hit_20260701_171707_485617_0005.wav,0,64x26,0.0,0.25
hit/hit_20260701_171707_485617_0005_01.npy,hit,hit/hit_20260701_171707_485617_0005.wav,1,64x26,0.25,0.25
hit/hit_20260701_171707_485617_0005_02.npy,hit,hit/hit_20260701_171707_485617_0005.wav,2,64x26,0.5,0.25
hit/hit_20260701_171707_485617_0005_03.npy,hit,hit/hit_20260701_171707_485617_0005.wav,3,64x26,0.75,0.25
hit/hit_20260701_194228_553156_0000_00.npy,hit,hit/hit_20260701_194228_553156_0000.wav,0,64x26,0.0,0.25
hit/hit_20260701_194228_553156_0000_01.npy,hit,hit/hit_20260701_194228_553156_0000.wav,1,64x26,0.25,0.25
hit/hit_20260701_194228_553156_0000_02.npy,hit,hit/hit_20260701_194228_553156_0000.wav,2,64x26,0.5,0.25
hit/hit_20260701_194228_553156_0000_03.npy,hit,hit/hit_20260701_194228_553156_0000.wav,3,64x26,0.75,0.25
hit/hit_20260701_194236_024350_0001_00.npy,hit,hit/hit_20260701_194236_024350_0001.wav,0,64x26,0.0,0.25
hit/hit_20260701_194236_024350_0001_01.npy,hit,hit/hit_20260701_194236_024350_0001.wav,1,64x26,0.25,0.25
hit/hit_20260701_194236_024350_0001_02.npy,hit,hit/hit_20260701_194236_024350_0001.wav,2,64x26,0.5,0.25
hit/hit_20260701_194236_024350_0001_03.npy,hit,hit/hit_20260701_194236_024350_0001.wav,3,64x26,0.75,0.25
hit/hit_20260701_194316_411938_0002_00.npy,hit,hit/hit_20260701_194316_411938_0002.wav,0,64x26,0.0,0.25
hit/hit_20260701_194316_411938_0002_01.npy,hit,hit/hit_20260701_194316_411938_0002.wav,1,64x26,0.25,0.25
hit/hit_20260701_194316_411938_0002_02.npy,hit,hit/hit_20260701_194316_411938_0002.wav,2,64x26,0.5,0.25
hit/hit_20260701_194316_411938_0002_03.npy,hit,hit/hit_20260701_194316_411938_0002.wav,3,64x26,0.75,0.25
hit/hit_20260701_194326_769806_0003_00.npy,hit,hit/hit_20260701_194326_769806_0003.wav,0,64x26,0.0,0.25
hit/hit_20260701_194326_769806_0003_01.npy,hit,hit/hit_20260701_194326_769806_0003.wav,1,64x26,0.25,0.25
hit/hit_20260701_194326_769806_0003_02.npy,hit,hit/hit_20260701_194326_769806_0003.wav,2,64x26,0.5,0.25
hit/hit_20260701_194326_769806_0003_03.npy,hit,hit/hit_20260701_194326_769806_0003.wav,3,64x26,0.75,0.25
hit/hit_20260701_194329_649951_0004_00.npy,hit,hit/hit_20260701_194329_649951_0004.wav,0,64x26,0.0,0.25
hit/hit_20260701_194329_649951_0004_01.npy,hit,hit/hit_20260701_194329_649951_0004.wav,1,64x26,0.25,0.25
hit/hit_20260701_194329_649951_0004_02.npy,hit,hit/hit_20260701_194329_649951_0004.wav,2,64x26,0.5,0.25
hit/hit_20260701_194329_649951_0004_03.npy,hit,hit/hit_20260701_194329_649951_0004.wav,3,64x26,0.75,0.25
hit/hit_20260701_194338_898288_0005_00.npy,hit,hit/hit_20260701_194338_898288_0005.wav,0,64x26,0.0,0.25
hit/hit_20260701_194338_898288_0005_01.npy,hit,hit/hit_20260701_194338_898288_0005.wav,1,64x26,0.25,0.25
hit/hit_20260701_194338_898288_0005_02.npy,hit,hit/hit_20260701_194338_898288_0005.wav,2,64x26,0.5,0.25
hit/hit_20260701_194338_898288_0005_03.npy,hit,hit/hit_20260701_194338_898288_0005.wav,3,64x26,0.75,0.25
hit/hit_20260701_194340_935720_0006_00.npy,hit,hit/hit_20260701_194340_935720_0006.wav,0,64x26,0.0,0.25
hit/hit_20260701_194340_935720_0006_01.npy,hit,hit/hit_20260701_194340_935720_0006.wav,1,64x26,0.25,0.25
hit/hit_20260701_194340_935720_0006_02.npy,hit,hit/hit_20260701_194340_935720_0006.wav,2,64x26,0.5,0.25
hit/hit_20260701_194340_935720_0006_03.npy,hit,hit/hit_20260701_194340_935720_0006.wav,3,64x26,0.75,0.25
hit/hit_20260701_194406_206169_0007_00.npy,hit,hit/hit_20260701_194406_206169_0007.wav,0,64x26,0.0,0.25
hit/hit_20260701_194406_206169_0007_01.npy,hit,hit/hit_20260701_194406_206169_0007.wav,1,64x26,0.25,0.25
hit/hit_20260701_194406_206169_0007_02.npy,hit,hit/hit_20260701_194406_206169_0007.wav,2,64x26,0.5,0.25
hit/hit_20260701_194406_206169_0007_03.npy,hit,hit/hit_20260701_194406_206169_0007.wav,3,64x26,0.75,0.25
hit/hit_20260701_194418_740093_0008_00.npy,hit,hit/hit_20260701_194418_740093_0008.wav,0,64x26,0.0,0.25
hit/hit_20260701_194418_740093_0008_01.npy,hit,hit/hit_20260701_194418_740093_0008.wav,1,64x26,0.25,0.25
hit/hit_20260701_194418_740093_0008_02.npy,hit,hit/hit_20260701_194418_740093_0008.wav,2,64x26,0.5,0.25
hit/hit_20260701_194418_740093_0008_03.npy,hit,hit/hit_20260701_194418_740093_0008.wav,3,64x26,0.75,0.25
hit/hit_20260701_194445_226644_0009_00.npy,hit,hit/hit_20260701_194445_226644_0009.wav,0,64x26,0.0,0.25
hit/hit_20260701_194445_226644_0009_01.npy,hit,hit/hit_20260701_194445_226644_0009.wav,1,64x26,0.25,0.25
hit/hit_20260701_194445_226644_0009_02.npy,hit,hit/hit_20260701_194445_226644_0009.wav,2,64x26,0.5,0.25
hit/hit_20260701_194445_226644_0009_03.npy,hit,hit/hit_20260701_194445_226644_0009.wav,3,64x26,0.75,0.25
hit/hit_20260701_194447_227003_0010_00.npy,hit,hit/hit_20260701_194447_227003_0010.wav,0,64x26,0.0,0.25
hit/hit_20260701_194447_227003_0010_01.npy,hit,hit/hit_20260701_194447_227003_0010.wav,1,64x26,0.25,0.25
hit/hit_20260701_194447_227003_0010_02.npy,hit,hit/hit_20260701_194447_227003_0010.wav,2,64x26,0.5,0.25
hit/hit_20260701_194447_227003_0010_03.npy,hit,hit/hit_20260701_194447_227003_0010.wav,3,64x26,0.75,0.25
hit/hit_20260701_194451_498351_0011_00.npy,hit,hit/hit_20260701_194451_498351_0011.wav,0,64x26,0.0,0.25
hit/hit_20260701_194451_498351_0011_01.npy,hit,hit/hit_20260701_194451_498351_0011.wav,1,64x26,0.25,0.25
hit/hit_20260701_194451_498351_0011_02.npy,hit,hit/hit_20260701_194451_498351_0011.wav,2,64x26,0.5,0.25
hit/hit_20260701_194451_498351_0011_03.npy,hit,hit/hit_20260701_194451_498351_0011.wav,3,64x26,0.75,0.25
hit/hit_20260701_194504_053654_0012_00.npy,hit,hit/hit_20260701_194504_053654_0012.wav,0,64x26,0.0,0.25
hit/hit_20260701_194504_053654_0012_01.npy,hit,hit/hit_20260701_194504_053654_0012.wav,1,64x26,0.25,0.25
hit/hit_20260701_194504_053654_0012_02.npy,hit,hit/hit_20260701_194504_053654_0012.wav,2,64x26,0.5,0.25
hit/hit_20260701_194504_053654_0012_03.npy,hit,hit/hit_20260701_194504_053654_0012.wav,3,64x26,0.75,0.25
hit/hit_20260701_194507_467044_0013_00.npy,hit,hit/hit_20260701_194507_467044_0013.wav,0,64x26,0.0,0.25
hit/hit_20260701_194507_467044_0013_01.npy,hit,hit/hit_20260701_194507_467044_0013.wav,1,64x26,0.25,0.25
hit/hit_20260701_194507_467044_0013_02.npy,hit,hit/hit_20260701_194507_467044_0013.wav,2,64x26,0.5,0.25
hit/hit_20260701_194507_467044_0013_03.npy,hit,hit/hit_20260701_194507_467044_0013.wav,3,64x26,0.75,0.25
hit/hit_20260701_194510_593122_0014_00.npy,hit,hit/hit_20260701_194510_593122_0014.wav,0,64x26,0.0,0.25
hit/hit_20260701_194510_593122_0014_01.npy,hit,hit/hit_20260701_194510_593122_0014.wav,1,64x26,0.25,0.25
hit/hit_20260701_194510_593122_0014_02.npy,hit,hit/hit_20260701_194510_593122_0014.wav,2,64x26,0.5,0.25
hit/hit_20260701_194510_593122_0014_03.npy,hit,hit/hit_20260701_194510_593122_0014.wav,3,64x26,0.75,0.25
hit/hit_20260701_194512_598301_0015_00.npy,hit,hit/hit_20260701_194512_598301_0015.wav,0,64x26,0.0,0.25
hit/hit_20260701_194512_598301_0015_01.npy,hit,hit/hit_20260701_194512_598301_0015.wav,1,64x26,0.25,0.25
hit/hit_20260701_194512_598301_0015_02.npy,hit,hit/hit_20260701_194512_598301_0015.wav,2,64x26,0.5,0.25
hit/hit_20260701_194512_598301_0015_03.npy,hit,hit/hit_20260701_194512_598301_0015.wav,3,64x26,0.75,0.25
hit/hit_20260701_194514_602523_0016_00.npy,hit,hit/hit_20260701_194514_602523_0016.wav,0,64x26,0.0,0.25
hit/hit_20260701_194514_602523_0016_01.npy,hit,hit/hit_20260701_194514_602523_0016.wav,1,64x26,0.25,0.25
hit/hit_20260701_194514_602523_0016_02.npy,hit,hit/hit_20260701_194514_602523_0016.wav,2,64x26,0.5,0.25
hit/hit_20260701_194514_602523_0016_03.npy,hit,hit/hit_20260701_194514_602523_0016.wav,3,64x26,0.75,0.25
hit/hit_20260701_194516_854068_0017_00.npy,hit,hit/hit_20260701_194516_854068_0017.wav,0,64x26,0.0,0.25
hit/hit_20260701_194516_854068_0017_01.npy,hit,hit/hit_20260701_194516_854068_0017.wav,1,64x26,0.25,0.25
hit/hit_20260701_194516_854068_0017_02.npy,hit,hit/hit_20260701_194516_854068_0017.wav,2,64x26,0.5,0.25
hit/hit_20260701_194516_854068_0017_03.npy,hit,hit/hit_20260701_194516_854068_0017.wav,3,64x26,0.75,0.25
hit/hit_20260701_194518_855177_0018_00.npy,hit,hit/hit_20260701_194518_855177_0018.wav,0,64x26,0.0,0.25
hit/hit_20260701_194518_855177_0018_01.npy,hit,hit/hit_20260701_194518_855177_0018.wav,1,64x26,0.25,0.25
hit/hit_20260701_194518_855177_0018_02.npy,hit,hit/hit_20260701_194518_855177_0018.wav,2,64x26,0.5,0.25
hit/hit_20260701_194518_855177_0018_03.npy,hit,hit/hit_20260701_194518_855177_0018.wav,3,64x26,0.75,0.25
hit/hit_20260701_194520_860825_0019_00.npy,hit,hit/hit_20260701_194520_860825_0019.wav,0,64x26,0.0,0.25
hit/hit_20260701_194520_860825_0019_01.npy,hit,hit/hit_20260701_194520_860825_0019.wav,1,64x26,0.25,0.25
hit/hit_20260701_194520_860825_0019_02.npy,hit,hit/hit_20260701_194520_860825_0019.wav,2,64x26,0.5,0.25
hit/hit_20260701_194520_860825_0019_03.npy,hit,hit/hit_20260701_194520_860825_0019.wav,3,64x26,0.75,0.25
hit/hit_20260701_194523_990580_0020_00.npy,hit,hit/hit_20260701_194523_990580_0020.wav,0,64x26,0.0,0.25
hit/hit_20260701_194523_990580_0020_01.npy,hit,hit/hit_20260701_194523_990580_0020.wav,1,64x26,0.25,0.25
hit/hit_20260701_194523_990580_0020_02.npy,hit,hit/hit_20260701_194523_990580_0020.wav,2,64x26,0.5,0.25
hit/hit_20260701_194523_990580_0020_03.npy,hit,hit/hit_20260701_194523_990580_0020.wav,3,64x26,0.75,0.25
hit/hit_20260701_194525_994714_0021_00.npy,hit,hit/hit_20260701_194525_994714_0021.wav,0,64x26,0.0,0.25
hit/hit_20260701_194525_994714_0021_01.npy,hit,hit/hit_20260701_194525_994714_0021.wav,1,64x26,0.25,0.25
hit/hit_20260701_194525_994714_0021_02.npy,hit,hit/hit_20260701_194525_994714_0021.wav,2,64x26,0.5,0.25
hit/hit_20260701_194525_994714_0021_03.npy,hit,hit/hit_20260701_194525_994714_0021.wav,3,64x26,0.75,0.25
hit/hit_20260701_194527_997588_0022_00.npy,hit,hit/hit_20260701_194527_997588_0022.wav,0,64x26,0.0,0.25
hit/hit_20260701_194527_997588_0022_01.npy,hit,hit/hit_20260701_194527_997588_0022.wav,1,64x26,0.25,0.25
hit/hit_20260701_194527_997588_0022_02.npy,hit,hit/hit_20260701_194527_997588_0022.wav,2,64x26,0.5,0.25
hit/hit_20260701_194527_997588_0022_03.npy,hit,hit/hit_20260701_194527_997588_0022.wav,3,64x26,0.75,0.25
hit/hit_20260701_194530_003085_0023_00.npy,hit,hit/hit_20260701_194530_003085_0023.wav,0,64x26,0.0,0.25
hit/hit_20260701_194530_003085_0023_01.npy,hit,hit/hit_20260701_194530_003085_0023.wav,1,64x26,0.25,0.25
hit/hit_20260701_194530_003085_0023_02.npy,hit,hit/hit_20260701_194530_003085_0023.wav,2,64x26,0.5,0.25
hit/hit_20260701_194530_003085_0023_03.npy,hit,hit/hit_20260701_194530_003085_0023.wav,3,64x26,0.75,0.25
hit/hit_20260701_194532_011317_0024_00.npy,hit,hit/hit_20260701_194532_011317_0024.wav,0,64x26,0.0,0.25
hit/hit_20260701_194532_011317_0024_01.npy,hit,hit/hit_20260701_194532_011317_0024.wav,1,64x26,0.25,0.25
hit/hit_20260701_194532_011317_0024_02.npy,hit,hit/hit_20260701_194532_011317_0024.wav,2,64x26,0.5,0.25
hit/hit_20260701_194532_011317_0024_03.npy,hit,hit/hit_20260701_194532_011317_0024.wav,3,64x26,0.75,0.25
hit/hit_20260701_194534_013307_0025_00.npy,hit,hit/hit_20260701_194534_013307_0025.wav,0,64x26,0.0,0.25
hit/hit_20260701_194534_013307_0025_01.npy,hit,hit/hit_20260701_194534_013307_0025.wav,1,64x26,0.25,0.25
hit/hit_20260701_194534_013307_0025_02.npy,hit,hit/hit_20260701_194534_013307_0025.wav,2,64x26,0.5,0.25
hit/hit_20260701_194534_013307_0025_03.npy,hit,hit/hit_20260701_194534_013307_0025.wav,3,64x26,0.75,0.25
hit/hit_20260701_194537_814831_0026_00.npy,hit,hit/hit_20260701_194537_814831_0026.wav,0,64x26,0.0,0.25
hit/hit_20260701_194537_814831_0026_01.npy,hit,hit/hit_20260701_194537_814831_0026.wav,1,64x26,0.25,0.25
hit/hit_20260701_194537_814831_0026_02.npy,hit,hit/hit_20260701_194537_814831_0026.wav,2,64x26,0.5,0.25
hit/hit_20260701_194537_814831_0026_03.npy,hit,hit/hit_20260701_194537_814831_0026.wav,3,64x26,0.75,0.25
hit/hit_20260701_194540_534982_0027_00.npy,hit,hit/hit_20260701_194540_534982_0027.wav,0,64x26,0.0,0.25
hit/hit_20260701_194540_534982_0027_01.npy,hit,hit/hit_20260701_194540_534982_0027.wav,1,64x26,0.25,0.25
hit/hit_20260701_194540_534982_0027_02.npy,hit,hit/hit_20260701_194540_534982_0027.wav,2,64x26,0.5,0.25
hit/hit_20260701_194540_534982_0027_03.npy,hit,hit/hit_20260701_194540_534982_0027.wav,3,64x26,0.75,0.25
hit/hit_20260701_194542_539725_0028_00.npy,hit,hit/hit_20260701_194542_539725_0028.wav,0,64x26,0.0,0.25
hit/hit_20260701_194542_539725_0028_01.npy,hit,hit/hit_20260701_194542_539725_0028.wav,1,64x26,0.25,0.25
hit/hit_20260701_194542_539725_0028_02.npy,hit,hit/hit_20260701_194542_539725_0028.wav,2,64x26,0.5,0.25
hit/hit_20260701_194542_539725_0028_03.npy,hit,hit/hit_20260701_194542_539725_0028.wav,3,64x26,0.75,0.25
hit/hit_20260701_194544_541384_0029_00.npy,hit,hit/hit_20260701_194544_541384_0029.wav,0,64x26,0.0,0.25
hit/hit_20260701_194544_541384_0029_01.npy,hit,hit/hit_20260701_194544_541384_0029.wav,1,64x26,0.25,0.25
hit/hit_20260701_194544_541384_0029_02.npy,hit,hit/hit_20260701_194544_541384_0029.wav,2,64x26,0.5,0.25
hit/hit_20260701_194544_541384_0029_03.npy,hit,hit/hit_20260701_194544_541384_0029.wav,3,64x26,0.75,0.25
hit/hit_20260701_194546_546579_0030_00.npy,hit,hit/hit_20260701_194546_546579_0030.wav,0,64x26,0.0,0.25
hit/hit_20260701_194546_546579_0030_01.npy,hit,hit/hit_20260701_194546_546579_0030.wav,1,64x26,0.25,0.25
hit/hit_20260701_194546_546579_0030_02.npy,hit,hit/hit_20260701_194546_546579_0030.wav,2,64x26,0.5,0.25
hit/hit_20260701_194546_546579_0030_03.npy,hit,hit/hit_20260701_194546_546579_0030.wav,3,64x26,0.75,0.25
hit/hit_20260701_194548_551991_0031_00.npy,hit,hit/hit_20260701_194548_551991_0031.wav,0,64x26,0.0,0.25
hit/hit_20260701_194548_551991_0031_01.npy,hit,hit/hit_20260701_194548_551991_0031.wav,1,64x26,0.25,0.25
hit/hit_20260701_194548_551991_0031_02.npy,hit,hit/hit_20260701_194548_551991_0031.wav,2,64x26,0.5,0.25
hit/hit_20260701_194548_551991_0031_03.npy,hit,hit/hit_20260701_194548_551991_0031.wav,3,64x26,0.75,0.25
hit/hit_20260701_194552_407947_0032_00.npy,hit,hit/hit_20260701_194552_407947_0032.wav,0,64x26,0.0,0.25
hit/hit_20260701_194552_407947_0032_01.npy,hit,hit/hit_20260701_194552_407947_0032.wav,1,64x26,0.25,0.25
hit/hit_20260701_194552_407947_0032_02.npy,hit,hit/hit_20260701_194552_407947_0032.wav,2,64x26,0.5,0.25
hit/hit_20260701_194552_407947_0032_03.npy,hit,hit/hit_20260701_194552_407947_0032.wav,3,64x26,0.75,0.25
hit/hit_20260701_194554_409837_0033_00.npy,hit,hit/hit_20260701_194554_409837_0033.wav,0,64x26,0.0,0.25
hit/hit_20260701_194554_409837_0033_01.npy,hit,hit/hit_20260701_194554_409837_0033.wav,1,64x26,0.25,0.25
hit/hit_20260701_194554_409837_0033_02.npy,hit,hit/hit_20260701_194554_409837_0033.wav,2,64x26,0.5,0.25
hit/hit_20260701_194554_409837_0033_03.npy,hit,hit/hit_20260701_194554_409837_0033.wav,3,64x26,0.75,0.25
hit/hit_20260701_194556_414706_0034_00.npy,hit,hit/hit_20260701_194556_414706_0034.wav,0,64x26,0.0,0.25
hit/hit_20260701_194556_414706_0034_01.npy,hit,hit/hit_20260701_194556_414706_0034.wav,1,64x26,0.25,0.25
hit/hit_20260701_194556_414706_0034_02.npy,hit,hit/hit_20260701_194556_414706_0034.wav,2,64x26,0.5,0.25
hit/hit_20260701_194556_414706_0034_03.npy,hit,hit/hit_20260701_194556_414706_0034.wav,3,64x26,0.75,0.25
hit/hit_20260701_194558_423313_0035_00.npy,hit,hit/hit_20260701_194558_423313_0035.wav,0,64x26,0.0,0.25
hit/hit_20260701_194558_423313_0035_01.npy,hit,hit/hit_20260701_194558_423313_0035.wav,1,64x26,0.25,0.25
hit/hit_20260701_194558_423313_0035_02.npy,hit,hit/hit_20260701_194558_423313_0035.wav,2,64x26,0.5,0.25
hit/hit_20260701_194558_423313_0035_03.npy,hit,hit/hit_20260701_194558_423313_0035.wav,3,64x26,0.75,0.25
hit/hit_20260701_194600_426827_0036_00.npy,hit,hit/hit_20260701_194600_426827_0036.wav,0,64x26,0.0,0.25
hit/hit_20260701_194600_426827_0036_01.npy,hit,hit/hit_20260701_194600_426827_0036.wav,1,64x26,0.25,0.25
hit/hit_20260701_194600_426827_0036_02.npy,hit,hit/hit_20260701_194600_426827_0036.wav,2,64x26,0.5,0.25
hit/hit_20260701_194600_426827_0036_03.npy,hit,hit/hit_20260701_194600_426827_0036.wav,3,64x26,0.75,0.25
hit/hit_20260701_194602_430434_0037_00.npy,hit,hit/hit_20260701_194602_430434_0037.wav,0,64x26,0.0,0.25
hit/hit_20260701_194602_430434_0037_01.npy,hit,hit/hit_20260701_194602_430434_0037.wav,1,64x26,0.25,0.25
hit/hit_20260701_194602_430434_0037_02.npy,hit,hit/hit_20260701_194602_430434_0037.wav,2,64x26,0.5,0.25
hit/hit_20260701_194602_430434_0037_03.npy,hit,hit/hit_20260701_194602_430434_0037.wav,3,64x26,0.75,0.25
hit/hit_20260701_194604_436360_0038_00.npy,hit,hit/hit_20260701_194604_436360_0038.wav,0,64x26,0.0,0.25
hit/hit_20260701_194604_436360_0038_01.npy,hit,hit/hit_20260701_194604_436360_0038.wav,1,64x26,0.25,0.25
hit/hit_20260701_194604_436360_0038_02.npy,hit,hit/hit_20260701_194604_436360_0038.wav,2,64x26,0.5,0.25
hit/hit_20260701_194604_436360_0038_03.npy,hit,hit/hit_20260701_194604_436360_0038.wav,3,64x26,0.75,0.25
hit/hit_20260701_194606_442897_0039_00.npy,hit,hit/hit_20260701_194606_442897_0039.wav,0,64x26,0.0,0.25
hit/hit_20260701_194606_442897_0039_01.npy,hit,hit/hit_20260701_194606_442897_0039.wav,1,64x26,0.25,0.25
hit/hit_20260701_194606_442897_0039_02.npy,hit,hit/hit_20260701_194606_442897_0039.wav,2,64x26,0.5,0.25
hit/hit_20260701_194606_442897_0039_03.npy,hit,hit/hit_20260701_194606_442897_0039.wav,3,64x26,0.75,0.25
hit/hit_20260701_194608_446404_0040_00.npy,hit,hit/hit_20260701_194608_446404_0040.wav,0,64x26,0.0,0.25
hit/hit_20260701_194608_446404_0040_01.npy,hit,hit/hit_20260701_194608_446404_0040.wav,1,64x26,0.25,0.25
hit/hit_20260701_194608_446404_0040_02.npy,hit,hit/hit_20260701_194608_446404_0040.wav,2,64x26,0.5,0.25
hit/hit_20260701_194608_446404_0040_03.npy,hit,hit/hit_20260701_194608_446404_0040.wav,3,64x26,0.75,0.25
hit/hit_20260701_194610_455800_0041_00.npy,hit,hit/hit_20260701_194610_455800_0041.wav,0,64x26,0.0,0.25
hit/hit_20260701_194610_455800_0041_01.npy,hit,hit/hit_20260701_194610_455800_0041.wav,1,64x26,0.25,0.25
hit/hit_20260701_194610_455800_0041_02.npy,hit,hit/hit_20260701_194610_455800_0041.wav,2,64x26,0.5,0.25
hit/hit_20260701_194610_455800_0041_03.npy,hit,hit/hit_20260701_194610_455800_0041.wav,3,64x26,0.75,0.25
hit/hit_20260701_194620_611684_0042_00.npy,hit,hit/hit_20260701_194620_611684_0042.wav,0,64x26,0.0,0.25
hit/hit_20260701_194620_611684_0042_01.npy,hit,hit/hit_20260701_194620_611684_0042.wav,1,64x26,0.25,0.25
hit/hit_20260701_194620_611684_0042_02.npy,hit,hit/hit_20260701_194620_611684_0042.wav,2,64x26,0.5,0.25
hit/hit_20260701_194620_611684_0042_03.npy,hit,hit/hit_20260701_194620_611684_0042.wav,3,64x26,0.75,0.25
hit/hit_20260707_201608_225573_0000_00.npy,hit,hit/hit_20260707_201608_225573_0000.wav,0,64x26,0.0,0.25
hit/hit_20260707_201608_225573_0000_01.npy,hit,hit/hit_20260707_201608_225573_0000.wav,1,64x26,0.25,0.25
hit/hit_20260707_201608_225573_0000_02.npy,hit,hit/hit_20260707_201608_225573_0000.wav,2,64x26,0.5,0.25
hit/hit_20260707_201608_225573_0000_03.npy,hit,hit/hit_20260707_201608_225573_0000.wav,3,64x26,0.75,0.25
hit/hit_20260707_201611_651342_0001_00.npy,hit,hit/hit_20260707_201611_651342_0001.wav,0,64x26,0.0,0.25
hit/hit_20260707_201611_651342_0001_01.npy,hit,hit/hit_20260707_201611_651342_0001.wav,1,64x26,0.25,0.25
hit/hit_20260707_201611_651342_0001_02.npy,hit,hit/hit_20260707_201611_651342_0001.wav,2,64x26,0.5,0.25
hit/hit_20260707_201611_651342_0001_03.npy,hit,hit/hit_20260707_201611_651342_0001.wav,3,64x26,0.75,0.25
hit/hit_20260707_201618_063845_0002_00.npy,hit,hit/hit_20260707_201618_063845_0002.wav,0,64x26,0.0,0.25
hit/hit_20260707_201618_063845_0002_01.npy,hit,hit/hit_20260707_201618_063845_0002.wav,1,64x26,0.25,0.25
hit/hit_20260707_201618_063845_0002_02.npy,hit,hit/hit_20260707_201618_063845_0002.wav,2,64x26,0.5,0.25
hit/hit_20260707_201618_063845_0002_03.npy,hit,hit/hit_20260707_201618_063845_0002.wav,3,64x26,0.75,0.25
hit/hit_20260707_201707_222597_0000_00.npy,hit,hit/hit_20260707_201707_222597_0000.wav,0,64x26,0.0,0.25
hit/hit_20260707_201707_222597_0000_01.npy,hit,hit/hit_20260707_201707_222597_0000.wav,1,64x26,0.25,0.25
hit/hit_20260707_201707_222597_0000_02.npy,hit,hit/hit_20260707_201707_222597_0000.wav,2,64x26,0.5,0.25
hit/hit_20260707_201707_222597_0000_03.npy,hit,hit/hit_20260707_201707_222597_0000.wav,3,64x26,0.75,0.25
hit/hit_20260707_201711_888142_0001_00.npy,hit,hit/hit_20260707_201711_888142_0001.wav,0,64x26,0.0,0.25
hit/hit_20260707_201711_888142_0001_01.npy,hit,hit/hit_20260707_201711_888142_0001.wav,1,64x26,0.25,0.25
hit/hit_20260707_201711_888142_0001_02.npy,hit,hit/hit_20260707_201711_888142_0001.wav,2,64x26,0.5,0.25
hit/hit_20260707_201711_888142_0001_03.npy,hit,hit/hit_20260707_201711_888142_0001.wav,3,64x26,0.75,0.25
hit/hit_20260707_201713_890388_0002_00.npy,hit,hit/hit_20260707_201713_890388_0002.wav,0,64x26,0.0,0.25
hit/hit_20260707_201713_890388_0002_01.npy,hit,hit/hit_20260707_201713_890388_0002.wav,1,64x26,0.25,0.25
hit/hit_20260707_201713_890388_0002_02.npy,hit,hit/hit_20260707_201713_890388_0002.wav,2,64x26,0.5,0.25
hit/hit_20260707_201713_890388_0002_03.npy,hit,hit/hit_20260707_201713_890388_0002.wav,3,64x26,0.75,0.25
hit/hit_20260707_201715_896927_0003_00.npy,hit,hit/hit_20260707_201715_896927_0003.wav,0,64x26,0.0,0.25
hit/hit_20260707_201715_896927_0003_01.npy,hit,hit/hit_20260707_201715_896927_0003.wav,1,64x26,0.25,0.25
hit/hit_20260707_201715_896927_0003_02.npy,hit,hit/hit_20260707_201715_896927_0003.wav,2,64x26,0.5,0.25
hit/hit_20260707_201715_896927_0003_03.npy,hit,hit/hit_20260707_201715_896927_0003.wav,3,64x26,0.75,0.25
hit/hit_20260707_201719_451221_0004_00.npy,hit,hit/hit_20260707_201719_451221_0004.wav,0,64x26,0.0,0.25
hit/hit_20260707_201719_451221_0004_01.npy,hit,hit/hit_20260707_201719_451221_0004.wav,1,64x26,0.25,0.25
hit/hit_20260707_201719_451221_0004_02.npy,hit,hit/hit_20260707_201719_451221_0004.wav,2,64x26,0.5,0.25
hit/hit_20260707_201719_451221_0004_03.npy,hit,hit/hit_20260707_201719_451221_0004.wav,3,64x26,0.75,0.25
hit/hit_20260707_201721_456260_0005_00.npy,hit,hit/hit_20260707_201721_456260_0005.wav,0,64x26,0.0,0.25
hit/hit_20260707_201721_456260_0005_01.npy,hit,hit/hit_20260707_201721_456260_0005.wav,1,64x26,0.25,0.25
hit/hit_20260707_201721_456260_0005_02.npy,hit,hit/hit_20260707_201721_456260_0005.wav,2,64x26,0.5,0.25
hit/hit_20260707_201721_456260_0005_03.npy,hit,hit/hit_20260707_201721_456260_0005.wav,3,64x26,0.75,0.25
hit/hit_20260707_201723_461042_0006_00.npy,hit,hit/hit_20260707_201723_461042_0006.wav,0,64x26,0.0,0.25
hit/hit_20260707_201723_461042_0006_01.npy,hit,hit/hit_20260707_201723_461042_0006.wav,1,64x26,0.25,0.25
hit/hit_20260707_201723_461042_0006_02.npy,hit,hit/hit_20260707_201723_461042_0006.wav,2,64x26,0.5,0.25
hit/hit_20260707_201723_461042_0006_03.npy,hit,hit/hit_20260707_201723_461042_0006.wav,3,64x26,0.75,0.25
hit/hit_20260707_201725_465198_0007_00.npy,hit,hit/hit_20260707_201725_465198_0007.wav,0,64x26,0.0,0.25
hit/hit_20260707_201725_465198_0007_01.npy,hit,hit/hit_20260707_201725_465198_0007.wav,1,64x26,0.25,0.25
hit/hit_20260707_201725_465198_0007_02.npy,hit,hit/hit_20260707_201725_465198_0007.wav,2,64x26,0.5,0.25
hit/hit_20260707_201725_465198_0007_03.npy,hit,hit/hit_20260707_201725_465198_0007.wav,3,64x26,0.75,0.25
hit/hit_20260707_201727_468957_0008_00.npy,hit,hit/hit_20260707_201727_468957_0008.wav,0,64x26,0.0,0.25
hit/hit_20260707_201727_468957_0008_01.npy,hit,hit/hit_20260707_201727_468957_0008.wav,1,64x26,0.25,0.25
hit/hit_20260707_201727_468957_0008_02.npy,hit,hit/hit_20260707_201727_468957_0008.wav,2,64x26,0.5,0.25
hit/hit_20260707_201727_468957_0008_03.npy,hit,hit/hit_20260707_201727_468957_0008.wav,3,64x26,0.75,0.25
hit/hit_20260707_201729_477330_0009_00.npy,hit,hit/hit_20260707_201729_477330_0009.wav,0,64x26,0.0,0.25
hit/hit_20260707_201729_477330_0009_01.npy,hit,hit/hit_20260707_201729_477330_0009.wav,1,64x26,0.25,0.25
hit/hit_20260707_201729_477330_0009_02.npy,hit,hit/hit_20260707_201729_477330_0009.wav,2,64x26,0.5,0.25
hit/hit_20260707_201729_477330_0009_03.npy,hit,hit/hit_20260707_201729_477330_0009.wav,3,64x26,0.75,0.25
hit/hit_20260707_201731_480694_0010_00.npy,hit,hit/hit_20260707_201731_480694_0010.wav,0,64x26,0.0,0.25
hit/hit_20260707_201731_480694_0010_01.npy,hit,hit/hit_20260707_201731_480694_0010.wav,1,64x26,0.25,0.25
hit/hit_20260707_201731_480694_0010_02.npy,hit,hit/hit_20260707_201731_480694_0010.wav,2,64x26,0.5,0.25
hit/hit_20260707_201731_480694_0010_03.npy,hit,hit/hit_20260707_201731_480694_0010.wav,3,64x26,0.75,0.25
hit/hit_20260707_201733_488475_0011_00.npy,hit,hit/hit_20260707_201733_488475_0011.wav,0,64x26,0.0,0.25
hit/hit_20260707_201733_488475_0011_01.npy,hit,hit/hit_20260707_201733_488475_0011.wav,1,64x26,0.25,0.25
hit/hit_20260707_201733_488475_0011_02.npy,hit,hit/hit_20260707_201733_488475_0011.wav,2,64x26,0.5,0.25
hit/hit_20260707_201733_488475_0011_03.npy,hit,hit/hit_20260707_201733_488475_0011.wav,3,64x26,0.75,0.25
hit/hit_20260707_201735_491154_0012_00.npy,hit,hit/hit_20260707_201735_491154_0012.wav,0,64x26,0.0,0.25
hit/hit_20260707_201735_491154_0012_01.npy,hit,hit/hit_20260707_201735_491154_0012.wav,1,64x26,0.25,0.25
hit/hit_20260707_201735_491154_0012_02.npy,hit,hit/hit_20260707_201735_491154_0012.wav,2,64x26,0.5,0.25
hit/hit_20260707_201735_491154_0012_03.npy,hit,hit/hit_20260707_201735_491154_0012.wav,3,64x26,0.75,0.25
hit/hit_20260707_201737_498572_0013_00.npy,hit,hit/hit_20260707_201737_498572_0013.wav,0,64x26,0.0,0.25
hit/hit_20260707_201737_498572_0013_01.npy,hit,hit/hit_20260707_201737_498572_0013.wav,1,64x26,0.25,0.25
hit/hit_20260707_201737_498572_0013_02.npy,hit,hit/hit_20260707_201737_498572_0013.wav,2,64x26,0.5,0.25
hit/hit_20260707_201737_498572_0013_03.npy,hit,hit/hit_20260707_201737_498572_0013.wav,3,64x26,0.75,0.25
hit/hit_20260707_201739_505711_0014_00.npy,hit,hit/hit_20260707_201739_505711_0014.wav,0,64x26,0.0,0.25
hit/hit_20260707_201739_505711_0014_01.npy,hit,hit/hit_20260707_201739_505711_0014.wav,1,64x26,0.25,0.25
hit/hit_20260707_201739_505711_0014_02.npy,hit,hit/hit_20260707_201739_505711_0014.wav,2,64x26,0.5,0.25
hit/hit_20260707_201739_505711_0014_03.npy,hit,hit/hit_20260707_201739_505711_0014.wav,3,64x26,0.75,0.25
hit/hit_20260707_201741_508613_0015_00.npy,hit,hit/hit_20260707_201741_508613_0015.wav,0,64x26,0.0,0.25
hit/hit_20260707_201741_508613_0015_01.npy,hit,hit/hit_20260707_201741_508613_0015.wav,1,64x26,0.25,0.25
hit/hit_20260707_201741_508613_0015_02.npy,hit,hit/hit_20260707_201741_508613_0015.wav,2,64x26,0.5,0.25
hit/hit_20260707_201741_508613_0015_03.npy,hit,hit/hit_20260707_201741_508613_0015.wav,3,64x26,0.75,0.25
hit/hit_20260707_201743_516282_0016_00.npy,hit,hit/hit_20260707_201743_516282_0016.wav,0,64x26,0.0,0.25
hit/hit_20260707_201743_516282_0016_01.npy,hit,hit/hit_20260707_201743_516282_0016.wav,1,64x26,0.25,0.25
hit/hit_20260707_201743_516282_0016_02.npy,hit,hit/hit_20260707_201743_516282_0016.wav,2,64x26,0.5,0.25
hit/hit_20260707_201743_516282_0016_03.npy,hit,hit/hit_20260707_201743_516282_0016.wav,3,64x26,0.75,0.25
hit/hit_20260707_201745_518882_0017_00.npy,hit,hit/hit_20260707_201745_518882_0017.wav,0,64x26,0.0,0.25
hit/hit_20260707_201745_518882_0017_01.npy,hit,hit/hit_20260707_201745_518882_0017.wav,1,64x26,0.25,0.25
hit/hit_20260707_201745_518882_0017_02.npy,hit,hit/hit_20260707_201745_518882_0017.wav,2,64x26,0.5,0.25
hit/hit_20260707_201745_518882_0017_03.npy,hit,hit/hit_20260707_201745_518882_0017.wav,3,64x26,0.75,0.25
hit/hit_20260707_201747_526113_0018_00.npy,hit,hit/hit_20260707_201747_526113_0018.wav,0,64x26,0.0,0.25
hit/hit_20260707_201747_526113_0018_01.npy,hit,hit/hit_20260707_201747_526113_0018.wav,1,64x26,0.25,0.25
hit/hit_20260707_201747_526113_0018_02.npy,hit,hit/hit_20260707_201747_526113_0018.wav,2,64x26,0.5,0.25
hit/hit_20260707_201747_526113_0018_03.npy,hit,hit/hit_20260707_201747_526113_0018.wav,3,64x26,0.75,0.25
hit/hit_20260707_201749_529318_0019_00.npy,hit,hit/hit_20260707_201749_529318_0019.wav,0,64x26,0.0,0.25
hit/hit_20260707_201749_529318_0019_01.npy,hit,hit/hit_20260707_201749_529318_0019.wav,1,64x26,0.25,0.25
hit/hit_20260707_201749_529318_0019_02.npy,hit,hit/hit_20260707_201749_529318_0019.wav,2,64x26,0.5,0.25
hit/hit_20260707_201749_529318_0019_03.npy,hit,hit/hit_20260707_201749_529318_0019.wav,3,64x26,0.75,0.25
hit/hit_20260707_201751_535618_0020_00.npy,hit,hit/hit_20260707_201751_535618_0020.wav,0,64x26,0.0,0.25
hit/hit_20260707_201751_535618_0020_01.npy,hit,hit/hit_20260707_201751_535618_0020.wav,1,64x26,0.25,0.25
hit/hit_20260707_201751_535618_0020_02.npy,hit,hit/hit_20260707_201751_535618_0020.wav,2,64x26,0.5,0.25
hit/hit_20260707_201751_535618_0020_03.npy,hit,hit/hit_20260707_201751_535618_0020.wav,3,64x26,0.75,0.25
hit/hit_20260707_201753_542416_0021_00.npy,hit,hit/hit_20260707_201753_542416_0021.wav,0,64x26,0.0,0.25
hit/hit_20260707_201753_542416_0021_01.npy,hit,hit/hit_20260707_201753_542416_0021.wav,1,64x26,0.25,0.25
hit/hit_20260707_201753_542416_0021_02.npy,hit,hit/hit_20260707_201753_542416_0021.wav,2,64x26,0.5,0.25
hit/hit_20260707_201753_542416_0021_03.npy,hit,hit/hit_20260707_201753_542416_0021.wav,3,64x26,0.75,0.25
hit/hit_20260707_201755_545366_0022_00.npy,hit,hit/hit_20260707_201755_545366_0022.wav,0,64x26,0.0,0.25
hit/hit_20260707_201755_545366_0022_01.npy,hit,hit/hit_20260707_201755_545366_0022.wav,1,64x26,0.25,0.25
hit/hit_20260707_201755_545366_0022_02.npy,hit,hit/hit_20260707_201755_545366_0022.wav,2,64x26,0.5,0.25
hit/hit_20260707_201755_545366_0022_03.npy,hit,hit/hit_20260707_201755_545366_0022.wav,3,64x26,0.75,0.25
hit/hit_20260707_201757_551116_0023_00.npy,hit,hit/hit_20260707_201757_551116_0023.wav,0,64x26,0.0,0.25
hit/hit_20260707_201757_551116_0023_01.npy,hit,hit/hit_20260707_201757_551116_0023.wav,1,64x26,0.25,0.25
hit/hit_20260707_201757_551116_0023_02.npy,hit,hit/hit_20260707_201757_551116_0023.wav,2,64x26,0.5,0.25
hit/hit_20260707_201757_551116_0023_03.npy,hit,hit/hit_20260707_201757_551116_0023.wav,3,64x26,0.75,0.25
hit/hit_20260707_201759_557833_0024_00.npy,hit,hit/hit_20260707_201759_557833_0024.wav,0,64x26,0.0,0.25
hit/hit_20260707_201759_557833_0024_01.npy,hit,hit/hit_20260707_201759_557833_0024.wav,1,64x26,0.25,0.25
hit/hit_20260707_201759_557833_0024_02.npy,hit,hit/hit_20260707_201759_557833_0024.wav,2,64x26,0.5,0.25
hit/hit_20260707_201759_557833_0024_03.npy,hit,hit/hit_20260707_201759_557833_0024.wav,3,64x26,0.75,0.25
hit/hit_20260707_201801_564381_0025_00.npy,hit,hit/hit_20260707_201801_564381_0025.wav,0,64x26,0.0,0.25
hit/hit_20260707_201801_564381_0025_01.npy,hit,hit/hit_20260707_201801_564381_0025.wav,1,64x26,0.25,0.25
hit/hit_20260707_201801_564381_0025_02.npy,hit,hit/hit_20260707_201801_564381_0025.wav,2,64x26,0.5,0.25
hit/hit_20260707_201801_564381_0025_03.npy,hit,hit/hit_20260707_201801_564381_0025.wav,3,64x26,0.75,0.25
hit/hit_20260707_201803_567121_0026_00.npy,hit,hit/hit_20260707_201803_567121_0026.wav,0,64x26,0.0,0.25
hit/hit_20260707_201803_567121_0026_01.npy,hit,hit/hit_20260707_201803_567121_0026.wav,1,64x26,0.25,0.25
hit/hit_20260707_201803_567121_0026_02.npy,hit,hit/hit_20260707_201803_567121_0026.wav,2,64x26,0.5,0.25
hit/hit_20260707_201803_567121_0026_03.npy,hit,hit/hit_20260707_201803_567121_0026.wav,3,64x26,0.75,0.25
hit/hit_20260707_201805_572884_0027_00.npy,hit,hit/hit_20260707_201805_572884_0027.wav,0,64x26,0.0,0.25
hit/hit_20260707_201805_572884_0027_01.npy,hit,hit/hit_20260707_201805_572884_0027.wav,1,64x26,0.25,0.25
hit/hit_20260707_201805_572884_0027_02.npy,hit,hit/hit_20260707_201805_572884_0027.wav,2,64x26,0.5,0.25
hit/hit_20260707_201805_572884_0027_03.npy,hit,hit/hit_20260707_201805_572884_0027.wav,3,64x26,0.75,0.25
hit/hit_20260707_201807_579159_0028_00.npy,hit,hit/hit_20260707_201807_579159_0028.wav,0,64x26,0.0,0.25
hit/hit_20260707_201807_579159_0028_01.npy,hit,hit/hit_20260707_201807_579159_0028.wav,1,64x26,0.25,0.25
hit/hit_20260707_201807_579159_0028_02.npy,hit,hit/hit_20260707_201807_579159_0028.wav,2,64x26,0.5,0.25
hit/hit_20260707_201807_579159_0028_03.npy,hit,hit/hit_20260707_201807_579159_0028.wav,3,64x26,0.75,0.25
hit/hit_20260707_201809_585727_0029_00.npy,hit,hit/hit_20260707_201809_585727_0029.wav,0,64x26,0.0,0.25
hit/hit_20260707_201809_585727_0029_01.npy,hit,hit/hit_20260707_201809_585727_0029.wav,1,64x26,0.25,0.25
hit/hit_20260707_201809_585727_0029_02.npy,hit,hit/hit_20260707_201809_585727_0029.wav,2,64x26,0.5,0.25
hit/hit_20260707_201809_585727_0029_03.npy,hit,hit/hit_20260707_201809_585727_0029.wav,3,64x26,0.75,0.25
hit/hit_20260707_201811_592051_0030_00.npy,hit,hit/hit_20260707_201811_592051_0030.wav,0,64x26,0.0,0.25
hit/hit_20260707_201811_592051_0030_01.npy,hit,hit/hit_20260707_201811_592051_0030.wav,1,64x26,0.25,0.25
hit/hit_20260707_201811_592051_0030_02.npy,hit,hit/hit_20260707_201811_592051_0030.wav,2,64x26,0.5,0.25
hit/hit_20260707_201811_592051_0030_03.npy,hit,hit/hit_20260707_201811_592051_0030.wav,3,64x26,0.75,0.25
hit/hit_20260707_201813_594396_0031_00.npy,hit,hit/hit_20260707_201813_594396_0031.wav,0,64x26,0.0,0.25
hit/hit_20260707_201813_594396_0031_01.npy,hit,hit/hit_20260707_201813_594396_0031.wav,1,64x26,0.25,0.25
hit/hit_20260707_201813_594396_0031_02.npy,hit,hit/hit_20260707_201813_594396_0031.wav,2,64x26,0.5,0.25
hit/hit_20260707_201813_594396_0031_03.npy,hit,hit/hit_20260707_201813_594396_0031.wav,3,64x26,0.75,0.25
hit/hit_20260707_201815_689062_0032_00.npy,hit,hit/hit_20260707_201815_689062_0032.wav,0,64x26,0.0,0.25
hit/hit_20260707_201815_689062_0032_01.npy,hit,hit/hit_20260707_201815_689062_0032.wav,1,64x26,0.25,0.25
hit/hit_20260707_201815_689062_0032_02.npy,hit,hit/hit_20260707_201815_689062_0032.wav,2,64x26,0.5,0.25
hit/hit_20260707_201815_689062_0032_03.npy,hit,hit/hit_20260707_201815_689062_0032.wav,3,64x26,0.75,0.25
hit/hit_20260707_201817_691304_0033_00.npy,hit,hit/hit_20260707_201817_691304_0033.wav,0,64x26,0.0,0.25
hit/hit_20260707_201817_691304_0033_01.npy,hit,hit/hit_20260707_201817_691304_0033.wav,1,64x26,0.25,0.25
hit/hit_20260707_201817_691304_0033_02.npy,hit,hit/hit_20260707_201817_691304_0033.wav,2,64x26,0.5,0.25
hit/hit_20260707_201817_691304_0033_03.npy,hit,hit/hit_20260707_201817_691304_0033.wav,3,64x26,0.75,0.25
hit/hit_20260707_201819_697776_0034_00.npy,hit,hit/hit_20260707_201819_697776_0034.wav,0,64x26,0.0,0.25
hit/hit_20260707_201819_697776_0034_01.npy,hit,hit/hit_20260707_201819_697776_0034.wav,1,64x26,0.25,0.25
hit/hit_20260707_201819_697776_0034_02.npy,hit,hit/hit_20260707_201819_697776_0034.wav,2,64x26,0.5,0.25
hit/hit_20260707_201819_697776_0034_03.npy,hit,hit/hit_20260707_201819_697776_0034.wav,3,64x26,0.75,0.25
hit/hit_20260707_201821_703004_0035_00.npy,hit,hit/hit_20260707_201821_703004_0035.wav,0,64x26,0.0,0.25
hit/hit_20260707_201821_703004_0035_01.npy,hit,hit/hit_20260707_201821_703004_0035.wav,1,64x26,0.25,0.25
hit/hit_20260707_201821_703004_0035_02.npy,hit,hit/hit_20260707_201821_703004_0035.wav,2,64x26,0.5,0.25
hit/hit_20260707_201821_703004_0035_03.npy,hit,hit/hit_20260707_201821_703004_0035.wav,3,64x26,0.75,0.25
hit/hit_20260708_051204_393708_0000_00.npy,hit,hit/hit_20260708_051204_393708_0000.wav,0,64x26,0.0,0.25
hit/hit_20260708_051224_715616_0001_00.npy,hit,hit/hit_20260708_051224_715616_0001.wav,0,64x26,0.0,0.25
hit/hit_20260708_051231_788024_0002_00.npy,hit,hit/hit_20260708_051231_788024_0002.wav,0,64x26,0.0,0.25
hit/hit_20260708_051234_326924_0003_00.npy,hit,hit/hit_20260708_051234_326924_0003.wav,0,64x26,0.0,0.25
hit/hit_20260708_051236_588370_0004_00.npy,hit,hit/hit_20260708_051236_588370_0004.wav,0,64x26,0.0,0.25
hit/hit_20260708_051236_939396_0005_00.npy,hit,hit/hit_20260708_051236_939396_0005.wav,0,64x26,0.0,0.25
hit/hit_20260708_051241_943185_0006_00.npy,hit,hit/hit_20260708_051241_943185_0006.wav,0,64x26,0.0,0.25
hit/hit_20260708_051242_294337_0007_00.npy,hit,hit/hit_20260708_051242_294337_0007.wav,0,64x26,0.0,0.25
hit/hit_20260708_051246_498116_0008_00.npy,hit,hit/hit_20260708_051246_498116_0008.wav,0,64x26,0.0,0.25
hit/hit_20260708_051246_849219_0009_00.npy,hit,hit/hit_20260708_051246_849219_0009.wav,0,64x26,0.0,0.25
hit/hit_20260708_051247_330190_0010_00.npy,hit,hit/hit_20260708_051247_330190_0010.wav,0,64x26,0.0,0.25
hit/hit_20260708_051247_681247_0011_00.npy,hit,hit/hit_20260708_051247_681247_0011.wav,0,64x26,0.0,0.25
hit/hit_20260708_051248_119549_0012_00.npy,hit,hit/hit_20260708_051248_119549_0012.wav,0,64x26,0.0,0.25
hit/hit_20260708_051248_470616_0013_00.npy,hit,hit/hit_20260708_051248_470616_0013.wav,0,64x26,0.0,0.25
hit/hit_20260708_051248_876886_0014_00.npy,hit,hit/hit_20260708_051248_876886_0014.wav,0,64x26,0.0,0.25
hit/hit_20260708_051249_227988_0015_00.npy,hit,hit/hit_20260708_051249_227988_0015.wav,0,64x26,0.0,0.25
hit/hit_20260708_051249_634289_0016_00.npy,hit,hit/hit_20260708_051249_634289_0016.wav,0,64x26,0.0,0.25
hit/hit_20260708_051249_985373_0017_00.npy,hit,hit/hit_20260708_051249_985373_0017.wav,0,64x26,0.0,0.25
hit/hit_20260708_051250_370322_0018_00.npy,hit,hit/hit_20260708_051250_370322_0018.wav,0,64x26,0.0,0.25
hit/hit_20260708_051250_860954_0019_00.npy,hit,hit/hit_20260708_051250_860954_0019.wav,0,64x26,0.0,0.25
hit/hit_20260708_051251_212090_0020_00.npy,hit,hit/hit_20260708_051251_212090_0020.wav,0,64x26,0.0,0.25
hit/hit_20260708_051251_597046_0021_00.npy,hit,hit/hit_20260708_051251_597046_0021.wav,0,64x26,0.0,0.25
hit/hit_20260708_051251_948122_0022_00.npy,hit,hit/hit_20260708_051251_948122_0022.wav,0,64x26,0.0,0.25
hit/hit_20260708_051252_322410_0023_00.npy,hit,hit/hit_20260708_051252_322410_0023.wav,0,64x26,0.0,0.25
hit/hit_20260708_051252_673522_0024_00.npy,hit,hit/hit_20260708_051252_673522_0024.wav,0,64x26,0.0,0.25
hit/hit_20260708_051253_047777_0025_00.npy,hit,hit/hit_20260708_051253_047777_0025.wav,0,64x26,0.0,0.25
hit/hit_20260708_051253_398879_0026_00.npy,hit,hit/hit_20260708_051253_398879_0026.wav,0,64x26,0.0,0.25
hit/hit_20260708_051253_773174_0027_00.npy,hit,hit/hit_20260708_051253_773174_0027.wav,0,64x26,0.0,0.25
hit/hit_20260708_051254_253171_0028_00.npy,hit,hit/hit_20260708_051254_253171_0028.wav,0,64x26,0.0,0.25
hit/hit_20260708_051254_733213_0029_00.npy,hit,hit/hit_20260708_051254_733213_0029.wav,0,64x26,0.0,0.25
hit/hit_20260708_051255_084283_0030_00.npy,hit,hit/hit_20260708_051255_084283_0030.wav,0,64x26,0.0,0.25
hit/hit_20260708_051255_447884_0031_00.npy,hit,hit/hit_20260708_051255_447884_0031.wav,0,64x26,0.0,0.25
hit/hit_20260708_051309_752621_0032_00.npy,hit,hit/hit_20260708_051309_752621_0032.wav,0,64x26,0.0,0.25
hit/hit_20260708_051310_103719_0033_00.npy,hit,hit/hit_20260708_051310_103719_0033.wav,0,64x26,0.0,0.25
hit/hit_20260708_051310_499248_0034_00.npy,hit,hit/hit_20260708_051310_499248_0034.wav,0,64x26,0.0,0.25
hit/hit_20260708_051310_989947_0035_00.npy,hit,hit/hit_20260708_051310_989947_0035.wav,0,64x26,0.0,0.25
hit/hit_20260708_051311_480654_0036_00.npy,hit,hit/hit_20260708_051311_480654_0036.wav,0,64x26,0.0,0.25
hit/hit_20260708_051311_971337_0037_00.npy,hit,hit/hit_20260708_051311_971337_0037.wav,0,64x26,0.0,0.25
hit/hit_20260708_051312_483370_0038_00.npy,hit,hit/hit_20260708_051312_483370_0038.wav,0,64x26,0.0,0.25
hit/hit_20260708_051314_968767_0039_00.npy,hit,hit/hit_20260708_051314_968767_0039.wav,0,64x26,0.0,0.25
hit/hit_20260708_051315_459505_0040_00.npy,hit,hit/hit_20260708_051315_459505_0040.wav,0,64x26,0.0,0.25
hit/hit_20260708_051315_950235_0041_00.npy,hit,hit/hit_20260708_051315_950235_0041.wav,0,64x26,0.0,0.25
hit/hit_20260708_051425_092912_0000_00.npy,hit,hit/hit_20260708_051425_092912_0000.wav,0,64x26,0.0,0.25
hit/hit_20260708_051428_848222_0001_00.npy,hit,hit/hit_20260708_051428_848222_0001.wav,0,64x26,0.0,0.25
hit/hit_20260708_051453_131323_0000_00.npy,hit,hit/hit_20260708_051453_131323_0000.wav,0,64x26,0.0,0.25
hit/hit_20260708_051504_108834_0001_00.npy,hit,hit/hit_20260708_051504_108834_0001.wav,0,64x26,0.0,0.25
hit/hit_20260708_051504_631477_0002_00.npy,hit,hit/hit_20260708_051504_631477_0002.wav,0,64x26,0.0,0.25
hit/hit_20260708_051505_154205_0003_00.npy,hit,hit/hit_20260708_051505_154205_0003.wav,0,64x26,0.0,0.25
hit/hit_20260708_051505_644862_0004_00.npy,hit,hit/hit_20260708_051505_644862_0004.wav,0,64x26,0.0,0.25
hit/hit_20260708_051506_156933_0005_00.npy,hit,hit/hit_20260708_051506_156933_0005.wav,0,64x26,0.0,0.25
hit/hit_20260708_051506_668974_0006_00.npy,hit,hit/hit_20260708_051506_668974_0006.wav,0,64x26,0.0,0.25
hit/hit_20260708_051507_170390_0007_00.npy,hit,hit/hit_20260708_051507_170390_0007.wav,0,64x26,0.0,0.25
hit/hit_20260708_051507_661105_0008_00.npy,hit,hit/hit_20260708_051507_661105_0008.wav,0,64x26,0.0,0.25
hit/hit_20260708_051508_162447_0009_00.npy,hit,hit/hit_20260708_051508_162447_0009.wav,0,64x26,0.0,0.25
hit/hit_20260708_051508_653166_0010_00.npy,hit,hit/hit_20260708_051508_653166_0010.wav,0,64x26,0.0,0.25
hit/hit_20260708_051509_143826_0011_00.npy,hit,hit/hit_20260708_051509_143826_0011.wav,0,64x26,0.0,0.25
hit/hit_20260708_051509_634522_0012_00.npy,hit,hit/hit_20260708_051509_634522_0012.wav,0,64x26,0.0,0.25
hit/hit_20260708_051510_114560_0013_00.npy,hit,hit/hit_20260708_051510_114560_0013.wav,0,64x26,0.0,0.25
hit/hit_20260708_051510_615917_0014_00.npy,hit,hit/hit_20260708_051510_615917_0014.wav,0,64x26,0.0,0.25
hit/hit_20260708_051511_096090_0015_00.npy,hit,hit/hit_20260708_051511_096090_0015.wav,0,64x26,0.0,0.25
hit/hit_20260708_051511_543958_0016_00.npy,hit,hit/hit_20260708_051511_543958_0016.wav,0,64x26,0.0,0.25
hit/hit_20260708_051512_055995_0017_00.npy,hit,hit/hit_20260708_051512_055995_0017.wav,0,64x26,0.0,0.25
hit/hit_20260708_051512_546622_0018_00.npy,hit,hit/hit_20260708_051512_546622_0018.wav,0,64x26,0.0,0.25
hit/hit_20260708_051512_984169_0019_00.npy,hit,hit/hit_20260708_051512_984169_0019.wav,0,64x26,0.0,0.25
hit/hit_20260708_051513_464034_0020_00.npy,hit,hit/hit_20260708_051513_464034_0020.wav,0,64x26,0.0,0.25
hit/hit_20260708_051513_933452_0021_00.npy,hit,hit/hit_20260708_051513_933452_0021.wav,0,64x26,0.0,0.25
hit/hit_20260708_051514_701499_0022_00.npy,hit,hit/hit_20260708_051514_701499_0022.wav,0,64x26,0.0,0.25
hit/hit_20260708_051515_138882_0023_00.npy,hit,hit/hit_20260708_051515_138882_0023.wav,0,64x26,0.0,0.25
hit/hit_20260708_051515_640242_0024_00.npy,hit,hit/hit_20260708_051515_640242_0024.wav,0,64x26,0.0,0.25
hit/hit_20260708_051516_109626_0025_00.npy,hit,hit/hit_20260708_051516_109626_0025.wav,0,64x26,0.0,0.25
hit/hit_20260708_051516_546893_0026_00.npy,hit,hit/hit_20260708_051516_546893_0026.wav,0,64x26,0.0,0.25
hit/hit_20260708_051517_069604_0027_00.npy,hit,hit/hit_20260708_051517_069604_0027.wav,0,64x26,0.0,0.25
hit/hit_20260708_051517_528312_0028_00.npy,hit,hit/hit_20260708_051517_528312_0028.wav,0,64x26,0.0,0.25
hit/hit_20260708_051517_976328_0029_00.npy,hit,hit/hit_20260708_051517_976328_0029.wav,0,64x26,0.0,0.25
hit/hit_20260708_051518_883051_0030_00.npy,hit,hit/hit_20260708_051518_883051_0030.wav,0,64x26,0.0,0.25
hit/hit_20260708_051519_608334_0031_00.npy,hit,hit/hit_20260708_051519_608334_0031.wav,0,64x26,0.0,0.25
hit/hit_20260708_051520_077811_0032_00.npy,hit,hit/hit_20260708_051520_077811_0032.wav,0,64x26,0.0,0.25
hit/hit_20260708_051520_536486_0033_00.npy,hit,hit/hit_20260708_051520_536486_0033.wav,0,64x26,0.0,0.25
hit/hit_20260708_051521_005808_0034_00.npy,hit,hit/hit_20260708_051521_005808_0034.wav,0,64x26,0.0,0.25
hit/hit_20260708_051521_475173_0035_00.npy,hit,hit/hit_20260708_051521_475173_0035.wav,0,64x26,0.0,0.25
hit/hit_20260708_051521_933855_0036_00.npy,hit,hit/hit_20260708_051521_933855_0036.wav,0,64x26,0.0,0.25
hit/hit_20260708_051522_392603_0037_00.npy,hit,hit/hit_20260708_051522_392603_0037.wav,0,64x26,0.0,0.25
hit/hit_20260708_051522_819301_0038_00.npy,hit,hit/hit_20260708_051522_819301_0038.wav,0,64x26,0.0,0.25
hit/hit_20260708_051523_310004_0039_00.npy,hit,hit/hit_20260708_051523_310004_0039.wav,0,64x26,0.0,0.25
hit/hit_20260708_051523_779335_0040_00.npy,hit,hit/hit_20260708_051523_779335_0040.wav,0,64x26,0.0,0.25
hit/hit_20260708_051524_227393_0041_00.npy,hit,hit/hit_20260708_051524_227393_0041.wav,0,64x26,0.0,0.25
hit/hit_20260708_051524_686081_0042_00.npy,hit,hit/hit_20260708_051524_686081_0042.wav,0,64x26,0.0,0.25
hit/hit_20260708_051525_144771_0043_00.npy,hit,hit/hit_20260708_051525_144771_0043.wav,0,64x26,0.0,0.25
hit/hit_20260708_051525_603446_0044_00.npy,hit,hit/hit_20260708_051525_603446_0044.wav,0,64x26,0.0,0.25
hit/hit_20260708_051526_062121_0045_00.npy,hit,hit/hit_20260708_051526_062121_0045.wav,0,64x26,0.0,0.25
hit/hit_20260708_051526_531480_0046_00.npy,hit,hit/hit_20260708_051526_531480_0046.wav,0,64x26,0.0,0.25
hit/hit_20260708_051526_979470_0047_00.npy,hit,hit/hit_20260708_051526_979470_0047.wav,0,64x26,0.0,0.25
hit/hit_20260708_051527_427469_0048_00.npy,hit,hit/hit_20260708_051527_427469_0048.wav,0,64x26,0.0,0.25
hit/hit_20260708_051528_131564_0049_00.npy,hit,hit/hit_20260708_051528_131564_0049.wav,0,64x26,0.0,0.25
hit/hit_20260708_051528_579598_0050_00.npy,hit,hit/hit_20260708_051528_579598_0050.wav,0,64x26,0.0,0.25
hit/hit_20260708_051529_038302_0051_00.npy,hit,hit/hit_20260708_051529_038302_0051.wav,0,64x26,0.0,0.25
hit/hit_20260708_051529_486342_0052_00.npy,hit,hit/hit_20260708_051529_486342_0052.wav,0,64x26,0.0,0.25
hit/hit_20260708_051529_944950_0053_00.npy,hit,hit/hit_20260708_051529_944950_0053.wav,0,64x26,0.0,0.25
hit/hit_20260708_051530_403710_0054_00.npy,hit,hit/hit_20260708_051530_403710_0054.wav,0,64x26,0.0,0.25
hit/hit_20260708_051530_862378_0055_00.npy,hit,hit/hit_20260708_051530_862378_0055.wav,0,64x26,0.0,0.25
hit/hit_20260708_051531_310468_0056_00.npy,hit,hit/hit_20260708_051531_310468_0056.wav,0,64x26,0.0,0.25
hit/hit_20260708_051531_758458_0057_00.npy,hit,hit/hit_20260708_051531_758458_0057.wav,0,64x26,0.0,0.25
hit/hit_20260708_051532_206485_0058_00.npy,hit,hit/hit_20260708_051532_206485_0058.wav,0,64x26,0.0,0.25
hit/hit_20260708_051532_665160_0059_00.npy,hit,hit/hit_20260708_051532_665160_0059.wav,0,64x26,0.0,0.25
hit/hit_20260708_051533_123867_0060_00.npy,hit,hit/hit_20260708_051533_123867_0060.wav,0,64x26,0.0,0.25
hit/hit_20260708_051533_539859_0061_00.npy,hit,hit/hit_20260708_051533_539859_0061.wav,0,64x26,0.0,0.25
hit/hit_20260708_051534_937206_0062_00.npy,hit,hit/hit_20260708_051534_937206_0062.wav,0,64x26,0.0,0.25
hit/hit_20260708_051535_385217_0063_00.npy,hit,hit/hit_20260708_051535_385217_0063.wav,0,64x26,0.0,0.25
hit/hit_20260708_051535_822671_0064_00.npy,hit,hit/hit_20260708_051535_822671_0064.wav,0,64x26,0.0,0.25
hit/hit_20260708_051536_281362_0065_00.npy,hit,hit/hit_20260708_051536_281362_0065.wav,0,64x26,0.0,0.25
hit/hit_20260708_051536_729402_0066_00.npy,hit,hit/hit_20260708_051536_729402_0066.wav,0,64x26,0.0,0.25
hit/hit_20260708_051537_411895_0067_00.npy,hit,hit/hit_20260708_051537_411895_0067.wav,0,64x26,0.0,0.25
hit/hit_20260708_051537_838792_0068_00.npy,hit,hit/hit_20260708_051537_838792_0068.wav,0,64x26,0.0,0.25
hit/hit_20260708_051538_276240_0069_00.npy,hit,hit/hit_20260708_051538_276240_0069.wav,0,64x26,0.0,0.25
hit/hit_20260708_051538_734891_0070_00.npy,hit,hit/hit_20260708_051538_734891_0070.wav,0,64x26,0.0,0.25
hit/hit_20260708_051545_476383_0071_00.npy,hit,hit/hit_20260708_051545_476383_0071.wav,0,64x26,0.0,0.25
hit/hit_20260708_051545_924517_0072_00.npy,hit,hit/hit_20260708_051545_924517_0072.wav,0,64x26,0.0,0.25
hit/hit_20260708_051546_372618_0073_00.npy,hit,hit/hit_20260708_051546_372618_0073.wav,0,64x26,0.0,0.25
hit/hit_20260708_051546_831274_0074_00.npy,hit,hit/hit_20260708_051546_831274_0074.wav,0,64x26,0.0,0.25
hit/hit_20260708_051547_279324_0075_00.npy,hit,hit/hit_20260708_051547_279324_0075.wav,0,64x26,0.0,0.25
hit/hit_20260708_051547_716694_0076_00.npy,hit,hit/hit_20260708_051547_716694_0076.wav,0,64x26,0.0,0.25
hit/hit_20260708_051548_164734_0077_00.npy,hit,hit/hit_20260708_051548_164734_0077.wav,0,64x26,0.0,0.25
hit/hit_20260708_051548_847407_0078_00.npy,hit,hit/hit_20260708_051548_847407_0078.wav,0,64x26,0.0,0.25
hit/hit_20260708_051549_946004_0079_00.npy,hit,hit/hit_20260708_051549_946004_0079.wav,0,64x26,0.0,0.25
hit/hit_20260708_051550_842135_0080_00.npy,hit,hit/hit_20260708_051550_842135_0080.wav,0,64x26,0.0,0.25
hit/hit_20260708_051551_514170_0081_00.npy,hit,hit/hit_20260708_051551_514170_0081.wav,0,64x26,0.0,0.25
hit/hit_20260708_051551_951473_0082_00.npy,hit,hit/hit_20260708_051551_951473_0082.wav,0,64x26,0.0,0.25
