[0.271s] DEBUG:colcon:Command line arguments: ['/usr/bin/colcon', 'build']
[0.271s] DEBUG:colcon:Parsed command line arguments: Namespace(log_base=None, log_level=None, verb_name='build', build_base='build', install_base='install', merge_install=False, symlink_install=True, test_result_base=None, continue_on_error=False, executor='parallel', parallel_workers=4, event_handlers=None, ignore_user_meta=False, metas=['./colcon.meta'], base_paths=['.'], packages_ignore=None, packages_ignore_regex=None, paths=None, packages_up_to=None, packages_up_to_regex=None, packages_above=None, packages_above_and_dependencies=None, packages_above_depth=None, packages_select_by_dep=None, packages_skip_by_dep=None, packages_skip_up_to=None, packages_select_build_failed=False, packages_skip_build_finished=False, packages_select_test_failures=False, packages_skip_test_passed=False, packages_select=None, packages_skip=None, packages_select_regex=None, packages_skip_regex=None, packages_start=None, packages_end=None, cmake_args=None, cmake_target=None, cmake_target_skip_unavailable=False, cmake_clean_cache=False, cmake_clean_first=False, cmake_force_configure=False, ament_cmake_args=None, catkin_cmake_args=None, catkin_skip_building_tests=False, mixin_files=None, mixin=None, verb_parser=<colcon_mixin.mixin.mixin_argument.MixinArgumentDecorator object at 0x7fffb603ed70>, verb_extension=<colcon_core.verb.build.BuildVerb object at 0x7fffb603e7a0>, main=<bound method BuildVerb.main of <colcon_core.verb.build.BuildVerb object at 0x7fffb603e7a0>>, mixin_verb=('build',))
[0.693s] Level 1:colcon.colcon_core.package_discovery:discover_packages(colcon_meta) check parameters
[0.697s] INFO:colcon.colcon_metadata.package_discovery.colcon_meta:Using configuration from '/root/.colcon/metadata/default/Gazebo.meta'
[0.698s] INFO:colcon.colcon_metadata.package_discovery.colcon_meta:Using configuration from '/root/.colcon/metadata/default/fastdds.meta'
[0.699s] INFO:colcon.colcon_metadata.package_discovery.colcon_meta:Using configuration from '/root/.colcon/metadata/default/fastrtps.meta'
[0.699s] Level 1:colcon.colcon_core.package_discovery:discover_packages(recursive) check parameters
[0.699s] Level 1:colcon.colcon_core.package_discovery:discover_packages(ignore) check parameters
[0.699s] Level 1:colcon.colcon_core.package_discovery:discover_packages(path) check parameters
[0.699s] Level 1:colcon.colcon_core.package_discovery:discover_packages(colcon_meta) discover
[0.699s] Level 1:colcon.colcon_core.package_discovery:discover_packages(recursive) discover
[0.699s] INFO:colcon.colcon_core.package_discovery:Crawling recursively for packages in '/ros2_ws'
[0.699s] Level 1:colcon.colcon_core.package_identification:_identify(.) by extensions ['ignore', 'ignore_ament_install']
[0.700s] Level 1:colcon.colcon_core.package_identification:_identify(.) by extension 'ignore'
[0.700s] Level 1:colcon.colcon_core.package_identification:_identify(.) by extension 'ignore_ament_install'
[0.700s] Level 1:colcon.colcon_core.package_identification:_identify(.) by extensions ['colcon_pkg']
[0.700s] Level 1:colcon.colcon_core.package_identification:_identify(.) by extension 'colcon_pkg'
[0.700s] Level 1:colcon.colcon_core.package_identification:_identify(.) by extensions ['colcon_meta']
[0.700s] Level 1:colcon.colcon_core.package_identification:_identify(.) by extension 'colcon_meta'
[0.700s] Level 1:colcon.colcon_core.package_identification:_identify(.) by extensions ['ros']
[0.700s] Level 1:colcon.colcon_core.package_identification:_identify(.) by extension 'ros'
[0.728s] Level 1:colcon.colcon_core.package_identification:_identify(.) by extensions ['cmake', 'python']
[0.728s] Level 1:colcon.colcon_core.package_identification:_identify(.) by extension 'cmake'
[0.728s] Level 1:colcon.colcon_core.package_identification:_identify(.) by extension 'python'
[0.728s] Level 1:colcon.colcon_core.package_identification:_identify(.) by extensions ['python_setup_py']
[0.728s] Level 1:colcon.colcon_core.package_identification:_identify(.) by extension 'python_setup_py'
[0.728s] Level 1:colcon.colcon_core.package_identification:_identify(build) by extensions ['ignore', 'ignore_ament_install']
[0.728s] Level 1:colcon.colcon_core.package_identification:_identify(build) by extension 'ignore'
[0.729s] Level 1:colcon.colcon_core.package_identification:_identify(build) ignored
[0.729s] Level 1:colcon.colcon_core.package_identification:_identify(install) by extensions ['ignore', 'ignore_ament_install']
[0.729s] Level 1:colcon.colcon_core.package_identification:_identify(install) by extension 'ignore'
[0.729s] Level 1:colcon.colcon_core.package_identification:_identify(install) ignored
[0.730s] Level 1:colcon.colcon_core.package_identification:_identify(log) by extensions ['ignore', 'ignore_ament_install']
[0.730s] Level 1:colcon.colcon_core.package_identification:_identify(log) by extension 'ignore'
[0.730s] Level 1:colcon.colcon_core.package_identification:_identify(log) ignored
[0.730s] Level 1:colcon.colcon_core.package_identification:_identify(src) by extensions ['ignore', 'ignore_ament_install']
[0.730s] Level 1:colcon.colcon_core.package_identification:_identify(src) by extension 'ignore'
[0.730s] Level 1:colcon.colcon_core.package_identification:_identify(src) by extension 'ignore_ament_install'
[0.730s] Level 1:colcon.colcon_core.package_identification:_identify(src) by extensions ['colcon_pkg']
[0.730s] Level 1:colcon.colcon_core.package_identification:_identify(src) by extension 'colcon_pkg'
[0.730s] Level 1:colcon.colcon_core.package_identification:_identify(src) by extensions ['colcon_meta']
[0.730s] Level 1:colcon.colcon_core.package_identification:_identify(src) by extension 'colcon_meta'
[0.730s] Level 1:colcon.colcon_core.package_identification:_identify(src) by extensions ['ros']
[0.730s] Level 1:colcon.colcon_core.package_identification:_identify(src) by extension 'ros'
[0.731s] Level 1:colcon.colcon_core.package_identification:_identify(src) by extensions ['cmake', 'python']
[0.731s] Level 1:colcon.colcon_core.package_identification:_identify(src) by extension 'cmake'
[0.731s] Level 1:colcon.colcon_core.package_identification:_identify(src) by extension 'python'
[0.731s] Level 1:colcon.colcon_core.package_identification:_identify(src) by extensions ['python_setup_py']
[0.731s] Level 1:colcon.colcon_core.package_identification:_identify(src) by extension 'python_setup_py'
[0.731s] Level 1:colcon.colcon_core.package_identification:_identify(src/foxglove) by extensions ['ignore', 'ignore_ament_install']
[0.731s] Level 1:colcon.colcon_core.package_identification:_identify(src/foxglove) by extension 'ignore'
[0.731s] Level 1:colcon.colcon_core.package_identification:_identify(src/foxglove) by extension 'ignore_ament_install'
[0.731s] Level 1:colcon.colcon_core.package_identification:_identify(src/foxglove) by extensions ['colcon_pkg']
[0.731s] Level 1:colcon.colcon_core.package_identification:_identify(src/foxglove) by extension 'colcon_pkg'
[0.731s] Level 1:colcon.colcon_core.package_identification:_identify(src/foxglove) by extensions ['colcon_meta']
[0.731s] Level 1:colcon.colcon_core.package_identification:_identify(src/foxglove) by extension 'colcon_meta'
[0.731s] Level 1:colcon.colcon_core.package_identification:_identify(src/foxglove) by extensions ['ros']
[0.731s] Level 1:colcon.colcon_core.package_identification:_identify(src/foxglove) by extension 'ros'
[0.735s] DEBUG:colcon.colcon_core.package_identification:Package 'src/foxglove' with type 'ros.ament_cmake' and name 'foxglove'
[0.735s] Level 1:colcon.colcon_core.package_identification:_identify(src/hardware) by extensions ['ignore', 'ignore_ament_install']
[0.736s] Level 1:colcon.colcon_core.package_identification:_identify(src/hardware) by extension 'ignore'
[0.736s] Level 1:colcon.colcon_core.package_identification:_identify(src/hardware) by extension 'ignore_ament_install'
[0.736s] Level 1:colcon.colcon_core.package_identification:_identify(src/hardware) by extensions ['colcon_pkg']
[0.736s] Level 1:colcon.colcon_core.package_identification:_identify(src/hardware) by extension 'colcon_pkg'
[0.736s] Level 1:colcon.colcon_core.package_identification:_identify(src/hardware) by extensions ['colcon_meta']
[0.736s] Level 1:colcon.colcon_core.package_identification:_identify(src/hardware) by extension 'colcon_meta'
[0.737s] Level 1:colcon.colcon_core.package_identification:_identify(src/hardware) by extensions ['ros']
[0.737s] Level 1:colcon.colcon_core.package_identification:_identify(src/hardware) by extension 'ros'
[0.740s] DEBUG:colcon.colcon_core.package_identification:Package 'src/hardware' with type 'ros.ament_cmake' and name 'hardware'
[0.741s] Level 1:colcon.colcon_core.package_identification:_identify(src/icm20948-python) by extensions ['ignore', 'ignore_ament_install']
[0.741s] Level 1:colcon.colcon_core.package_identification:_identify(src/icm20948-python) by extension 'ignore'
[0.741s] Level 1:colcon.colcon_core.package_identification:_identify(src/icm20948-python) by extension 'ignore_ament_install'
[0.741s] Level 1:colcon.colcon_core.package_identification:_identify(src/icm20948-python) by extensions ['colcon_pkg']
[0.741s] Level 1:colcon.colcon_core.package_identification:_identify(src/icm20948-python) by extension 'colcon_pkg'
[0.741s] Level 1:colcon.colcon_core.package_identification:_identify(src/icm20948-python) by extensions ['colcon_meta']
[0.741s] Level 1:colcon.colcon_core.package_identification:_identify(src/icm20948-python) by extension 'colcon_meta'
[0.741s] Level 1:colcon.colcon_core.package_identification:_identify(src/icm20948-python) by extensions ['ros']
[0.741s] Level 1:colcon.colcon_core.package_identification:_identify(src/icm20948-python) by extension 'ros'
[0.741s] Level 1:colcon.colcon_core.package_identification:_identify(src/icm20948-python) by extensions ['cmake', 'python']
[0.741s] Level 1:colcon.colcon_core.package_identification:_identify(src/icm20948-python) by extension 'cmake'
[0.741s] Level 1:colcon.colcon_core.package_identification:_identify(src/icm20948-python) by extension 'python'
[0.741s] Level 1:colcon.colcon_core.package_identification:_identify(src/icm20948-python) by extensions ['python_setup_py']
[0.741s] Level 1:colcon.colcon_core.package_identification:_identify(src/icm20948-python) by extension 'python_setup_py'
[0.741s] Level 1:colcon.colcon_core.package_identification:_identify(src/icm20948-python/examples) by extensions ['ignore', 'ignore_ament_install']
[0.741s] Level 1:colcon.colcon_core.package_identification:_identify(src/icm20948-python/examples) by extension 'ignore'
[0.742s] Level 1:colcon.colcon_core.package_identification:_identify(src/icm20948-python/examples) by extension 'ignore_ament_install'
[0.742s] Level 1:colcon.colcon_core.package_identification:_identify(src/icm20948-python/examples) by extensions ['colcon_pkg']
[0.742s] Level 1:colcon.colcon_core.package_identification:_identify(src/icm20948-python/examples) by extension 'colcon_pkg'
[0.742s] Level 1:colcon.colcon_core.package_identification:_identify(src/icm20948-python/examples) by extensions ['colcon_meta']
[0.742s] Level 1:colcon.colcon_core.package_identification:_identify(src/icm20948-python/examples) by extension 'colcon_meta'
[0.742s] Level 1:colcon.colcon_core.package_identification:_identify(src/icm20948-python/examples) by extensions ['ros']
[0.742s] Level 1:colcon.colcon_core.package_identification:_identify(src/icm20948-python/examples) by extension 'ros'
[0.742s] Level 1:colcon.colcon_core.package_identification:_identify(src/icm20948-python/examples) by extensions ['cmake', 'python']
[0.742s] Level 1:colcon.colcon_core.package_identification:_identify(src/icm20948-python/examples) by extension 'cmake'
[0.742s] Level 1:colcon.colcon_core.package_identification:_identify(src/icm20948-python/examples) by extension 'python'
[0.742s] Level 1:colcon.colcon_core.package_identification:_identify(src/icm20948-python/examples) by extensions ['python_setup_py']
[0.742s] Level 1:colcon.colcon_core.package_identification:_identify(src/icm20948-python/examples) by extension 'python_setup_py'
[0.742s] Level 1:colcon.colcon_core.package_identification:_identify(src/icm20948-python/icm20948) by extensions ['ignore', 'ignore_ament_install']
[0.742s] Level 1:colcon.colcon_core.package_identification:_identify(src/icm20948-python/icm20948) by extension 'ignore'
[0.742s] Level 1:colcon.colcon_core.package_identification:_identify(src/icm20948-python/icm20948) by extension 'ignore_ament_install'
[0.742s] Level 1:colcon.colcon_core.package_identification:_identify(src/icm20948-python/icm20948) by extensions ['colcon_pkg']
[0.742s] Level 1:colcon.colcon_core.package_identification:_identify(src/icm20948-python/icm20948) by extension 'colcon_pkg'
[0.742s] Level 1:colcon.colcon_core.package_identification:_identify(src/icm20948-python/icm20948) by extensions ['colcon_meta']
[0.742s] Level 1:colcon.colcon_core.package_identification:_identify(src/icm20948-python/icm20948) by extension 'colcon_meta'
[0.742s] Level 1:colcon.colcon_core.package_identification:_identify(src/icm20948-python/icm20948) by extensions ['ros']
[0.742s] Level 1:colcon.colcon_core.package_identification:_identify(src/icm20948-python/icm20948) by extension 'ros'
[0.742s] Level 1:colcon.colcon_core.package_identification:_identify(src/icm20948-python/icm20948) by extensions ['cmake', 'python']
[0.743s] Level 1:colcon.colcon_core.package_identification:_identify(src/icm20948-python/icm20948) by extension 'cmake'
[0.743s] Level 1:colcon.colcon_core.package_identification:_identify(src/icm20948-python/icm20948) by extension 'python'
[0.743s] Level 1:colcon.colcon_core.package_identification:_identify(src/icm20948-python/icm20948) by extensions ['python_setup_py']
[0.743s] Level 1:colcon.colcon_core.package_identification:_identify(src/icm20948-python/icm20948) by extension 'python_setup_py'
[0.743s] Level 1:colcon.colcon_core.package_identification:_identify(src/icm20948-python/tests) by extensions ['ignore', 'ignore_ament_install']
[0.743s] Level 1:colcon.colcon_core.package_identification:_identify(src/icm20948-python/tests) by extension 'ignore'
[0.743s] Level 1:colcon.colcon_core.package_identification:_identify(src/icm20948-python/tests) by extension 'ignore_ament_install'
[0.743s] Level 1:colcon.colcon_core.package_identification:_identify(src/icm20948-python/tests) by extensions ['colcon_pkg']
[0.743s] Level 1:colcon.colcon_core.package_identification:_identify(src/icm20948-python/tests) by extension 'colcon_pkg'
[0.743s] Level 1:colcon.colcon_core.package_identification:_identify(src/icm20948-python/tests) by extensions ['colcon_meta']
[0.743s] Level 1:colcon.colcon_core.package_identification:_identify(src/icm20948-python/tests) by extension 'colcon_meta'
[0.743s] Level 1:colcon.colcon_core.package_identification:_identify(src/icm20948-python/tests) by extensions ['ros']
[0.743s] Level 1:colcon.colcon_core.package_identification:_identify(src/icm20948-python/tests) by extension 'ros'
[0.743s] Level 1:colcon.colcon_core.package_identification:_identify(src/icm20948-python/tests) by extensions ['cmake', 'python']
[0.743s] Level 1:colcon.colcon_core.package_identification:_identify(src/icm20948-python/tests) by extension 'cmake'
[0.743s] Level 1:colcon.colcon_core.package_identification:_identify(src/icm20948-python/tests) by extension 'python'
[0.743s] Level 1:colcon.colcon_core.package_identification:_identify(src/icm20948-python/tests) by extensions ['python_setup_py']
[0.743s] Level 1:colcon.colcon_core.package_identification:_identify(src/icm20948-python/tests) by extension 'python_setup_py'
[0.743s] Level 1:colcon.colcon_core.package_identification:_identify(src/icm20948-ros2) by extensions ['ignore', 'ignore_ament_install']
[0.743s] Level 1:colcon.colcon_core.package_identification:_identify(src/icm20948-ros2) by extension 'ignore'
[0.743s] Level 1:colcon.colcon_core.package_identification:_identify(src/icm20948-ros2) by extension 'ignore_ament_install'
[0.743s] Level 1:colcon.colcon_core.package_identification:_identify(src/icm20948-ros2) by extensions ['colcon_pkg']
[0.744s] Level 1:colcon.colcon_core.package_identification:_identify(src/icm20948-ros2) by extension 'colcon_pkg'
[0.744s] Level 1:colcon.colcon_core.package_identification:_identify(src/icm20948-ros2) by extensions ['colcon_meta']
[0.744s] Level 1:colcon.colcon_core.package_identification:_identify(src/icm20948-ros2) by extension 'colcon_meta'
[0.744s] Level 1:colcon.colcon_core.package_identification:_identify(src/icm20948-ros2) by extensions ['ros']
[0.744s] Level 1:colcon.colcon_core.package_identification:_identify(src/icm20948-ros2) by extension 'ros'
[0.745s] DEBUG:colcon.colcon_core.package_identification:Package 'src/icm20948-ros2' with type 'ros.ament_python' and name 'icm20948_ros2'
[0.745s] Level 1:colcon.colcon_core.package_identification:_identify(src/localization) by extensions ['ignore', 'ignore_ament_install']
[0.746s] Level 1:colcon.colcon_core.package_identification:_identify(src/localization) by extension 'ignore'
[0.746s] Level 1:colcon.colcon_core.package_identification:_identify(src/localization) by extension 'ignore_ament_install'
[0.746s] Level 1:colcon.colcon_core.package_identification:_identify(src/localization) by extensions ['colcon_pkg']
[0.746s] Level 1:colcon.colcon_core.package_identification:_identify(src/localization) by extension 'colcon_pkg'
[0.746s] Level 1:colcon.colcon_core.package_identification:_identify(src/localization) by extensions ['colcon_meta']
[0.746s] Level 1:colcon.colcon_core.package_identification:_identify(src/localization) by extension 'colcon_meta'
[0.746s] Level 1:colcon.colcon_core.package_identification:_identify(src/localization) by extensions ['ros']
[0.746s] Level 1:colcon.colcon_core.package_identification:_identify(src/localization) by extension 'ros'
[0.747s] DEBUG:colcon.colcon_core.package_identification:Package 'src/localization' with type 'ros.ament_cmake' and name 'localization'
[0.747s] Level 1:colcon.colcon_core.package_identification:_identify(src/main_brain) by extensions ['ignore', 'ignore_ament_install']
[0.747s] Level 1:colcon.colcon_core.package_identification:_identify(src/main_brain) by extension 'ignore'
[0.747s] Level 1:colcon.colcon_core.package_identification:_identify(src/main_brain) by extension 'ignore_ament_install'
[0.747s] Level 1:colcon.colcon_core.package_identification:_identify(src/main_brain) by extensions ['colcon_pkg']
[0.747s] Level 1:colcon.colcon_core.package_identification:_identify(src/main_brain) by extension 'colcon_pkg'
[0.747s] Level 1:colcon.colcon_core.package_identification:_identify(src/main_brain) by extensions ['colcon_meta']
[0.747s] Level 1:colcon.colcon_core.package_identification:_identify(src/main_brain) by extension 'colcon_meta'
[0.747s] Level 1:colcon.colcon_core.package_identification:_identify(src/main_brain) by extensions ['ros']
[0.747s] Level 1:colcon.colcon_core.package_identification:_identify(src/main_brain) by extension 'ros'
[0.748s] DEBUG:colcon.colcon_core.package_identification:Package 'src/main_brain' with type 'ros.ament_cmake' and name 'main_brain'
[0.748s] Level 1:colcon.colcon_core.package_identification:_identify(src/navigation) by extensions ['ignore', 'ignore_ament_install']
[0.748s] Level 1:colcon.colcon_core.package_identification:_identify(src/navigation) by extension 'ignore'
[0.748s] Level 1:colcon.colcon_core.package_identification:_identify(src/navigation) by extension 'ignore_ament_install'
[0.748s] Level 1:colcon.colcon_core.package_identification:_identify(src/navigation) by extensions ['colcon_pkg']
[0.748s] Level 1:colcon.colcon_core.package_identification:_identify(src/navigation) by extension 'colcon_pkg'
[0.748s] Level 1:colcon.colcon_core.package_identification:_identify(src/navigation) by extensions ['colcon_meta']
[0.748s] Level 1:colcon.colcon_core.package_identification:_identify(src/navigation) by extension 'colcon_meta'
[0.748s] Level 1:colcon.colcon_core.package_identification:_identify(src/navigation) by extensions ['ros']
[0.748s] Level 1:colcon.colcon_core.package_identification:_identify(src/navigation) by extension 'ros'
[0.749s] DEBUG:colcon.colcon_core.package_identification:Package 'src/navigation' with type 'ros.ament_cmake' and name 'navigation'
[0.749s] Level 1:colcon.colcon_core.package_identification:_identify(src/rf2o_laser_odometry) by extensions ['ignore', 'ignore_ament_install']
[0.749s] Level 1:colcon.colcon_core.package_identification:_identify(src/rf2o_laser_odometry) by extension 'ignore'
[0.749s] Level 1:colcon.colcon_core.package_identification:_identify(src/rf2o_laser_odometry) by extension 'ignore_ament_install'
[0.749s] Level 1:colcon.colcon_core.package_identification:_identify(src/rf2o_laser_odometry) by extensions ['colcon_pkg']
[0.749s] Level 1:colcon.colcon_core.package_identification:_identify(src/rf2o_laser_odometry) by extension 'colcon_pkg'
[0.749s] Level 1:colcon.colcon_core.package_identification:_identify(src/rf2o_laser_odometry) by extensions ['colcon_meta']
[0.749s] Level 1:colcon.colcon_core.package_identification:_identify(src/rf2o_laser_odometry) by extension 'colcon_meta'
[0.749s] Level 1:colcon.colcon_core.package_identification:_identify(src/rf2o_laser_odometry) by extensions ['ros']
[0.749s] Level 1:colcon.colcon_core.package_identification:_identify(src/rf2o_laser_odometry) by extension 'ros'
[0.750s] DEBUG:colcon.colcon_core.package_identification:Package 'src/rf2o_laser_odometry' with type 'ros.ament_cmake' and name 'rf2o_laser_odometry'
[0.750s] Level 1:colcon.colcon_core.package_identification:_identify(src/robot_bringup) by extensions ['ignore', 'ignore_ament_install']
[0.750s] Level 1:colcon.colcon_core.package_identification:_identify(src/robot_bringup) by extension 'ignore'
[0.750s] Level 1:colcon.colcon_core.package_identification:_identify(src/robot_bringup) by extension 'ignore_ament_install'
[0.750s] Level 1:colcon.colcon_core.package_identification:_identify(src/robot_bringup) by extensions ['colcon_pkg']
[0.750s] Level 1:colcon.colcon_core.package_identification:_identify(src/robot_bringup) by extension 'colcon_pkg'
[0.750s] Level 1:colcon.colcon_core.package_identification:_identify(src/robot_bringup) by extensions ['colcon_meta']
[0.750s] Level 1:colcon.colcon_core.package_identification:_identify(src/robot_bringup) by extension 'colcon_meta'
[0.751s] Level 1:colcon.colcon_core.package_identification:_identify(src/robot_bringup) by extensions ['ros']
[0.751s] Level 1:colcon.colcon_core.package_identification:_identify(src/robot_bringup) by extension 'ros'
[0.751s] DEBUG:colcon.colcon_core.package_identification:Package 'src/robot_bringup' with type 'ros.ament_cmake' and name 'robot_bringup'
[0.751s] Level 1:colcon.colcon_core.package_identification:_identify(src/robot_description) by extensions ['ignore', 'ignore_ament_install']
[0.751s] Level 1:colcon.colcon_core.package_identification:_identify(src/robot_description) by extension 'ignore'
[0.751s] Level 1:colcon.colcon_core.package_identification:_identify(src/robot_description) by extension 'ignore_ament_install'
[0.751s] Level 1:colcon.colcon_core.package_identification:_identify(src/robot_description) by extensions ['colcon_pkg']
[0.751s] Level 1:colcon.colcon_core.package_identification:_identify(src/robot_description) by extension 'colcon_pkg'
[0.751s] Level 1:colcon.colcon_core.package_identification:_identify(src/robot_description) by extensions ['colcon_meta']
[0.751s] Level 1:colcon.colcon_core.package_identification:_identify(src/robot_description) by extension 'colcon_meta'
[0.751s] Level 1:colcon.colcon_core.package_identification:_identify(src/robot_description) by extensions ['ros']
[0.752s] Level 1:colcon.colcon_core.package_identification:_identify(src/robot_description) by extension 'ros'
[0.752s] DEBUG:colcon.colcon_core.package_identification:Package 'src/robot_description' with type 'ros.ament_cmake' and name 'robot_description'
[0.752s] Level 1:colcon.colcon_core.package_identification:_identify(src/shooting) by extensions ['ignore', 'ignore_ament_install']
[0.752s] Level 1:colcon.colcon_core.package_identification:_identify(src/shooting) by extension 'ignore'
[0.752s] Level 1:colcon.colcon_core.package_identification:_identify(src/shooting) by extension 'ignore_ament_install'
[0.752s] Level 1:colcon.colcon_core.package_identification:_identify(src/shooting) by extensions ['colcon_pkg']
[0.752s] Level 1:colcon.colcon_core.package_identification:_identify(src/shooting) by extension 'colcon_pkg'
[0.752s] Level 1:colcon.colcon_core.package_identification:_identify(src/shooting) by extensions ['colcon_meta']
[0.752s] Level 1:colcon.colcon_core.package_identification:_identify(src/shooting) by extension 'colcon_meta'
[0.752s] Level 1:colcon.colcon_core.package_identification:_identify(src/shooting) by extensions ['ros']
[0.752s] Level 1:colcon.colcon_core.package_identification:_identify(src/shooting) by extension 'ros'
[0.753s] DEBUG:colcon.colcon_core.package_identification:Package 'src/shooting' with type 'ros.ament_cmake' and name 'shooting'
[0.753s] Level 1:colcon.colcon_core.package_identification:_identify(src/telemetry_data) by extensions ['ignore', 'ignore_ament_install']
[0.753s] Level 1:colcon.colcon_core.package_identification:_identify(src/telemetry_data) by extension 'ignore'
[0.753s] Level 1:colcon.colcon_core.package_identification:_identify(src/telemetry_data) by extension 'ignore_ament_install'
[0.753s] Level 1:colcon.colcon_core.package_identification:_identify(src/telemetry_data) by extensions ['colcon_pkg']
[0.753s] Level 1:colcon.colcon_core.package_identification:_identify(src/telemetry_data) by extension 'colcon_pkg'
[0.754s] Level 1:colcon.colcon_core.package_identification:_identify(src/telemetry_data) by extensions ['colcon_meta']
[0.754s] Level 1:colcon.colcon_core.package_identification:_identify(src/telemetry_data) by extension 'colcon_meta'
[0.754s] Level 1:colcon.colcon_core.package_identification:_identify(src/telemetry_data) by extensions ['ros']
[0.754s] Level 1:colcon.colcon_core.package_identification:_identify(src/telemetry_data) by extension 'ros'
[0.754s] DEBUG:colcon.colcon_core.package_identification:Package 'src/telemetry_data' with type 'ros.ament_cmake' and name 'telemetry_data'
[0.754s] Level 1:colcon.colcon_core.package_identification:_identify(src/ydlidar_ros2_driver) by extensions ['ignore', 'ignore_ament_install']
[0.755s] Level 1:colcon.colcon_core.package_identification:_identify(src/ydlidar_ros2_driver) by extension 'ignore'
[0.755s] Level 1:colcon.colcon_core.package_identification:_identify(src/ydlidar_ros2_driver) by extension 'ignore_ament_install'
[0.755s] Level 1:colcon.colcon_core.package_identification:_identify(src/ydlidar_ros2_driver) by extensions ['colcon_pkg']
[0.755s] Level 1:colcon.colcon_core.package_identification:_identify(src/ydlidar_ros2_driver) by extension 'colcon_pkg'
[0.755s] Level 1:colcon.colcon_core.package_identification:_identify(src/ydlidar_ros2_driver) by extensions ['colcon_meta']
[0.755s] Level 1:colcon.colcon_core.package_identification:_identify(src/ydlidar_ros2_driver) by extension 'colcon_meta'
[0.755s] Level 1:colcon.colcon_core.package_identification:_identify(src/ydlidar_ros2_driver) by extensions ['ros']
[0.755s] Level 1:colcon.colcon_core.package_identification:_identify(src/ydlidar_ros2_driver) by extension 'ros'
[0.755s] DEBUG:colcon.colcon_core.package_identification:Package 'src/ydlidar_ros2_driver' with type 'ros.ament_cmake' and name 'ydlidar_ros2_driver'
[0.756s] Level 1:colcon.colcon_core.package_discovery:discover_packages(recursive) using defaults
[0.756s] Level 1:colcon.colcon_core.package_discovery:discover_packages(ignore) discover
[0.756s] Level 1:colcon.colcon_core.package_discovery:discover_packages(ignore) using defaults
[0.756s] Level 1:colcon.colcon_core.package_discovery:discover_packages(path) discover
[0.756s] Level 1:colcon.colcon_core.package_discovery:discover_packages(path) using defaults
[0.806s] Level 5:colcon.colcon_core.verb:set package 'foxglove' build argument 'cmake_args' from command line to 'None'
[0.806s] Level 5:colcon.colcon_core.verb:set package 'foxglove' build argument 'cmake_target' from command line to 'None'
[0.806s] Level 5:colcon.colcon_core.verb:set package 'foxglove' build argument 'cmake_target_skip_unavailable' from command line to 'False'
[0.806s] Level 5:colcon.colcon_core.verb:set package 'foxglove' build argument 'cmake_clean_cache' from command line to 'False'
[0.806s] Level 5:colcon.colcon_core.verb:set package 'foxglove' build argument 'cmake_clean_first' from command line to 'False'
[0.806s] Level 5:colcon.colcon_core.verb:set package 'foxglove' build argument 'cmake_force_configure' from command line to 'False'
[0.806s] Level 5:colcon.colcon_core.verb:set package 'foxglove' build argument 'ament_cmake_args' from command line to 'None'
[0.806s] Level 5:colcon.colcon_core.verb:set package 'foxglove' build argument 'catkin_cmake_args' from command line to 'None'
[0.806s] Level 5:colcon.colcon_core.verb:set package 'foxglove' build argument 'catkin_skip_building_tests' from command line to 'False'
[0.806s] DEBUG:colcon.colcon_core.verb:Building package 'foxglove' with the following arguments: {'ament_cmake_args': None, 'build_base': '/ros2_ws/build/foxglove', 'catkin_cmake_args': None, 'catkin_skip_building_tests': False, 'cmake_args': None, 'cmake_clean_cache': False, 'cmake_clean_first': False, 'cmake_force_configure': False, 'cmake_target': None, 'cmake_target_skip_unavailable': False, 'install_base': '/ros2_ws/install/foxglove', 'merge_install': False, 'path': '/ros2_ws/src/foxglove', 'symlink_install': True, 'test_result_base': None}
[0.807s] Level 5:colcon.colcon_core.verb:set package 'hardware' build argument 'cmake_args' from command line to 'None'
[0.807s] Level 5:colcon.colcon_core.verb:set package 'hardware' build argument 'cmake_target' from command line to 'None'
[0.807s] Level 5:colcon.colcon_core.verb:set package 'hardware' build argument 'cmake_target_skip_unavailable' from command line to 'False'
[0.807s] Level 5:colcon.colcon_core.verb:set package 'hardware' build argument 'cmake_clean_cache' from command line to 'False'
[0.807s] Level 5:colcon.colcon_core.verb:set package 'hardware' build argument 'cmake_clean_first' from command line to 'False'
[0.807s] Level 5:colcon.colcon_core.verb:set package 'hardware' build argument 'cmake_force_configure' from command line to 'False'
[0.807s] Level 5:colcon.colcon_core.verb:set package 'hardware' build argument 'ament_cmake_args' from command line to 'None'
[0.807s] Level 5:colcon.colcon_core.verb:set package 'hardware' build argument 'catkin_cmake_args' from command line to 'None'
[0.807s] Level 5:colcon.colcon_core.verb:set package 'hardware' build argument 'catkin_skip_building_tests' from command line to 'False'
[0.807s] DEBUG:colcon.colcon_core.verb:Building package 'hardware' with the following arguments: {'ament_cmake_args': None, 'build_base': '/ros2_ws/build/hardware', 'catkin_cmake_args': None, 'catkin_skip_building_tests': False, 'cmake_args': None, 'cmake_clean_cache': False, 'cmake_clean_first': False, 'cmake_force_configure': False, 'cmake_target': None, 'cmake_target_skip_unavailable': False, 'install_base': '/ros2_ws/install/hardware', 'merge_install': False, 'path': '/ros2_ws/src/hardware', 'symlink_install': True, 'test_result_base': None}
[0.807s] Level 5:colcon.colcon_core.verb:set package 'icm20948_ros2' build argument 'cmake_args' from command line to 'None'
[0.807s] Level 5:colcon.colcon_core.verb:set package 'icm20948_ros2' build argument 'cmake_target' from command line to 'None'
[0.807s] Level 5:colcon.colcon_core.verb:set package 'icm20948_ros2' build argument 'cmake_target_skip_unavailable' from command line to 'False'
[0.807s] Level 5:colcon.colcon_core.verb:set package 'icm20948_ros2' build argument 'cmake_clean_cache' from command line to 'False'
[0.807s] Level 5:colcon.colcon_core.verb:set package 'icm20948_ros2' build argument 'cmake_clean_first' from command line to 'False'
[0.807s] Level 5:colcon.colcon_core.verb:set package 'icm20948_ros2' build argument 'cmake_force_configure' from command line to 'False'
[0.807s] Level 5:colcon.colcon_core.verb:set package 'icm20948_ros2' build argument 'ament_cmake_args' from command line to 'None'
[0.807s] Level 5:colcon.colcon_core.verb:set package 'icm20948_ros2' build argument 'catkin_cmake_args' from command line to 'None'
[0.807s] Level 5:colcon.colcon_core.verb:set package 'icm20948_ros2' build argument 'catkin_skip_building_tests' from command line to 'False'
[0.807s] DEBUG:colcon.colcon_core.verb:Building package 'icm20948_ros2' with the following arguments: {'ament_cmake_args': None, 'build_base': '/ros2_ws/build/icm20948_ros2', 'catkin_cmake_args': None, 'catkin_skip_building_tests': False, 'cmake_args': None, 'cmake_clean_cache': False, 'cmake_clean_first': False, 'cmake_force_configure': False, 'cmake_target': None, 'cmake_target_skip_unavailable': False, 'install_base': '/ros2_ws/install/icm20948_ros2', 'merge_install': False, 'path': '/ros2_ws/src/icm20948-ros2', 'symlink_install': True, 'test_result_base': None}
[0.808s] Level 5:colcon.colcon_core.verb:set package 'main_brain' build argument 'cmake_args' from command line to 'None'
[0.808s] Level 5:colcon.colcon_core.verb:set package 'main_brain' build argument 'cmake_target' from command line to 'None'
[0.808s] Level 5:colcon.colcon_core.verb:set package 'main_brain' build argument 'cmake_target_skip_unavailable' from command line to 'False'
[0.808s] Level 5:colcon.colcon_core.verb:set package 'main_brain' build argument 'cmake_clean_cache' from command line to 'False'
[0.808s] Level 5:colcon.colcon_core.verb:set package 'main_brain' build argument 'cmake_clean_first' from command line to 'False'
[0.808s] Level 5:colcon.colcon_core.verb:set package 'main_brain' build argument 'cmake_force_configure' from command line to 'False'
[0.808s] Level 5:colcon.colcon_core.verb:set package 'main_brain' build argument 'ament_cmake_args' from command line to 'None'
[0.808s] Level 5:colcon.colcon_core.verb:set package 'main_brain' build argument 'catkin_cmake_args' from command line to 'None'
[0.808s] Level 5:colcon.colcon_core.verb:set package 'main_brain' build argument 'catkin_skip_building_tests' from command line to 'False'
[0.808s] DEBUG:colcon.colcon_core.verb:Building package 'main_brain' with the following arguments: {'ament_cmake_args': None, 'build_base': '/ros2_ws/build/main_brain', 'catkin_cmake_args': None, 'catkin_skip_building_tests': False, 'cmake_args': None, 'cmake_clean_cache': False, 'cmake_clean_first': False, 'cmake_force_configure': False, 'cmake_target': None, 'cmake_target_skip_unavailable': False, 'install_base': '/ros2_ws/install/main_brain', 'merge_install': False, 'path': '/ros2_ws/src/main_brain', 'symlink_install': True, 'test_result_base': None}
[0.808s] Level 5:colcon.colcon_core.verb:set package 'navigation' build argument 'cmake_args' from command line to 'None'
[0.808s] Level 5:colcon.colcon_core.verb:set package 'navigation' build argument 'cmake_target' from command line to 'None'
[0.808s] Level 5:colcon.colcon_core.verb:set package 'navigation' build argument 'cmake_target_skip_unavailable' from command line to 'False'
[0.809s] Level 5:colcon.colcon_core.verb:set package 'navigation' build argument 'cmake_clean_cache' from command line to 'False'
[0.809s] Level 5:colcon.colcon_core.verb:set package 'navigation' build argument 'cmake_clean_first' from command line to 'False'
[0.809s] Level 5:colcon.colcon_core.verb:set package 'navigation' build argument 'cmake_force_configure' from command line to 'False'
[0.809s] Level 5:colcon.colcon_core.verb:set package 'navigation' build argument 'ament_cmake_args' from command line to 'None'
[0.809s] Level 5:colcon.colcon_core.verb:set package 'navigation' build argument 'catkin_cmake_args' from command line to 'None'
[0.809s] Level 5:colcon.colcon_core.verb:set package 'navigation' build argument 'catkin_skip_building_tests' from command line to 'False'
[0.809s] DEBUG:colcon.colcon_core.verb:Building package 'navigation' with the following arguments: {'ament_cmake_args': None, 'build_base': '/ros2_ws/build/navigation', 'catkin_cmake_args': None, 'catkin_skip_building_tests': False, 'cmake_args': None, 'cmake_clean_cache': False, 'cmake_clean_first': False, 'cmake_force_configure': False, 'cmake_target': None, 'cmake_target_skip_unavailable': False, 'install_base': '/ros2_ws/install/navigation', 'merge_install': False, 'path': '/ros2_ws/src/navigation', 'symlink_install': True, 'test_result_base': None}
[0.809s] Level 5:colcon.colcon_core.verb:set package 'rf2o_laser_odometry' build argument 'cmake_args' from command line to 'None'
[0.809s] Level 5:colcon.colcon_core.verb:set package 'rf2o_laser_odometry' build argument 'cmake_target' from command line to 'None'
[0.809s] Level 5:colcon.colcon_core.verb:set package 'rf2o_laser_odometry' build argument 'cmake_target_skip_unavailable' from command line to 'False'
[0.809s] Level 5:colcon.colcon_core.verb:set package 'rf2o_laser_odometry' build argument 'cmake_clean_cache' from command line to 'False'
[0.809s] Level 5:colcon.colcon_core.verb:set package 'rf2o_laser_odometry' build argument 'cmake_clean_first' from command line to 'False'
[0.809s] Level 5:colcon.colcon_core.verb:set package 'rf2o_laser_odometry' build argument 'cmake_force_configure' from command line to 'False'
[0.809s] Level 5:colcon.colcon_core.verb:set package 'rf2o_laser_odometry' build argument 'ament_cmake_args' from command line to 'None'
[0.809s] Level 5:colcon.colcon_core.verb:set package 'rf2o_laser_odometry' build argument 'catkin_cmake_args' from command line to 'None'
[0.809s] Level 5:colcon.colcon_core.verb:set package 'rf2o_laser_odometry' build argument 'catkin_skip_building_tests' from command line to 'False'
[0.809s] DEBUG:colcon.colcon_core.verb:Building package 'rf2o_laser_odometry' with the following arguments: {'ament_cmake_args': None, 'build_base': '/ros2_ws/build/rf2o_laser_odometry', 'catkin_cmake_args': None, 'catkin_skip_building_tests': False, 'cmake_args': None, 'cmake_clean_cache': False, 'cmake_clean_first': False, 'cmake_force_configure': False, 'cmake_target': None, 'cmake_target_skip_unavailable': False, 'install_base': '/ros2_ws/install/rf2o_laser_odometry', 'merge_install': False, 'path': '/ros2_ws/src/rf2o_laser_odometry', 'symlink_install': True, 'test_result_base': None}
[0.810s] Level 5:colcon.colcon_core.verb:set package 'robot_description' build argument 'cmake_args' from command line to 'None'
[0.810s] Level 5:colcon.colcon_core.verb:set package 'robot_description' build argument 'cmake_target' from command line to 'None'
[0.810s] Level 5:colcon.colcon_core.verb:set package 'robot_description' build argument 'cmake_target_skip_unavailable' from command line to 'False'
[0.810s] Level 5:colcon.colcon_core.verb:set package 'robot_description' build argument 'cmake_clean_cache' from command line to 'False'
[0.810s] Level 5:colcon.colcon_core.verb:set package 'robot_description' build argument 'cmake_clean_first' from command line to 'False'
[0.810s] Level 5:colcon.colcon_core.verb:set package 'robot_description' build argument 'cmake_force_configure' from command line to 'False'
[0.810s] Level 5:colcon.colcon_core.verb:set package 'robot_description' build argument 'ament_cmake_args' from command line to 'None'
[0.810s] Level 5:colcon.colcon_core.verb:set package 'robot_description' build argument 'catkin_cmake_args' from command line to 'None'
[0.810s] Level 5:colcon.colcon_core.verb:set package 'robot_description' build argument 'catkin_skip_building_tests' from command line to 'False'
[0.810s] DEBUG:colcon.colcon_core.verb:Building package 'robot_description' with the following arguments: {'ament_cmake_args': None, 'build_base': '/ros2_ws/build/robot_description', 'catkin_cmake_args': None, 'catkin_skip_building_tests': False, 'cmake_args': None, 'cmake_clean_cache': False, 'cmake_clean_first': False, 'cmake_force_configure': False, 'cmake_target': None, 'cmake_target_skip_unavailable': False, 'install_base': '/ros2_ws/install/robot_description', 'merge_install': False, 'path': '/ros2_ws/src/robot_description', 'symlink_install': True, 'test_result_base': None}
[0.810s] Level 5:colcon.colcon_core.verb:set package 'shooting' build argument 'cmake_args' from command line to 'None'
[0.810s] Level 5:colcon.colcon_core.verb:set package 'shooting' build argument 'cmake_target' from command line to 'None'
[0.810s] Level 5:colcon.colcon_core.verb:set package 'shooting' build argument 'cmake_target_skip_unavailable' from command line to 'False'
[0.810s] Level 5:colcon.colcon_core.verb:set package 'shooting' build argument 'cmake_clean_cache' from command line to 'False'
[0.810s] Level 5:colcon.colcon_core.verb:set package 'shooting' build argument 'cmake_clean_first' from command line to 'False'
[0.810s] Level 5:colcon.colcon_core.verb:set package 'shooting' build argument 'cmake_force_configure' from command line to 'False'
[0.810s] Level 5:colcon.colcon_core.verb:set package 'shooting' build argument 'ament_cmake_args' from command line to 'None'
[0.810s] Level 5:colcon.colcon_core.verb:set package 'shooting' build argument 'catkin_cmake_args' from command line to 'None'
[0.810s] Level 5:colcon.colcon_core.verb:set package 'shooting' build argument 'catkin_skip_building_tests' from command line to 'False'
[0.810s] DEBUG:colcon.colcon_core.verb:Building package 'shooting' with the following arguments: {'ament_cmake_args': None, 'build_base': '/ros2_ws/build/shooting', 'catkin_cmake_args': None, 'catkin_skip_building_tests': False, 'cmake_args': None, 'cmake_clean_cache': False, 'cmake_clean_first': False, 'cmake_force_configure': False, 'cmake_target': None, 'cmake_target_skip_unavailable': False, 'install_base': '/ros2_ws/install/shooting', 'merge_install': False, 'path': '/ros2_ws/src/shooting', 'symlink_install': True, 'test_result_base': None}
[0.811s] Level 5:colcon.colcon_core.verb:set package 'telemetry_data' build argument 'cmake_args' from command line to 'None'
[0.811s] Level 5:colcon.colcon_core.verb:set package 'telemetry_data' build argument 'cmake_target' from command line to 'None'
[0.811s] Level 5:colcon.colcon_core.verb:set package 'telemetry_data' build argument 'cmake_target_skip_unavailable' from command line to 'False'
[0.811s] Level 5:colcon.colcon_core.verb:set package 'telemetry_data' build argument 'cmake_clean_cache' from command line to 'False'
[0.811s] Level 5:colcon.colcon_core.verb:set package 'telemetry_data' build argument 'cmake_clean_first' from command line to 'False'
[0.811s] Level 5:colcon.colcon_core.verb:set package 'telemetry_data' build argument 'cmake_force_configure' from command line to 'False'
[0.811s] Level 5:colcon.colcon_core.verb:set package 'telemetry_data' build argument 'ament_cmake_args' from command line to 'None'
[0.811s] Level 5:colcon.colcon_core.verb:set package 'telemetry_data' build argument 'catkin_cmake_args' from command line to 'None'
[0.811s] Level 5:colcon.colcon_core.verb:set package 'telemetry_data' build argument 'catkin_skip_building_tests' from command line to 'False'
[0.811s] DEBUG:colcon.colcon_core.verb:Building package 'telemetry_data' with the following arguments: {'ament_cmake_args': None, 'build_base': '/ros2_ws/build/telemetry_data', 'catkin_cmake_args': None, 'catkin_skip_building_tests': False, 'cmake_args': None, 'cmake_clean_cache': False, 'cmake_clean_first': False, 'cmake_force_configure': False, 'cmake_target': None, 'cmake_target_skip_unavailable': False, 'install_base': '/ros2_ws/install/telemetry_data', 'merge_install': False, 'path': '/ros2_ws/src/telemetry_data', 'symlink_install': True, 'test_result_base': None}
[0.811s] Level 5:colcon.colcon_core.verb:set package 'ydlidar_ros2_driver' build argument 'cmake_args' from command line to 'None'
[0.811s] Level 5:colcon.colcon_core.verb:set package 'ydlidar_ros2_driver' build argument 'cmake_target' from command line to 'None'
[0.811s] Level 5:colcon.colcon_core.verb:set package 'ydlidar_ros2_driver' build argument 'cmake_target_skip_unavailable' from command line to 'False'
[0.811s] Level 5:colcon.colcon_core.verb:set package 'ydlidar_ros2_driver' build argument 'cmake_clean_cache' from command line to 'False'
[0.811s] Level 5:colcon.colcon_core.verb:set package 'ydlidar_ros2_driver' build argument 'cmake_clean_first' from command line to 'False'
[0.811s] Level 5:colcon.colcon_core.verb:set package 'ydlidar_ros2_driver' build argument 'cmake_force_configure' from command line to 'False'
[0.811s] Level 5:colcon.colcon_core.verb:set package 'ydlidar_ros2_driver' build argument 'ament_cmake_args' from command line to 'None'
[0.811s] Level 5:colcon.colcon_core.verb:set package 'ydlidar_ros2_driver' build argument 'catkin_cmake_args' from command line to 'None'
[0.811s] Level 5:colcon.colcon_core.verb:set package 'ydlidar_ros2_driver' build argument 'catkin_skip_building_tests' from command line to 'False'
[0.811s] DEBUG:colcon.colcon_core.verb:Building package 'ydlidar_ros2_driver' with the following arguments: {'ament_cmake_args': None, 'build_base': '/ros2_ws/build/ydlidar_ros2_driver', 'catkin_cmake_args': None, 'catkin_skip_building_tests': False, 'cmake_args': None, 'cmake_clean_cache': False, 'cmake_clean_first': False, 'cmake_force_configure': False, 'cmake_target': None, 'cmake_target_skip_unavailable': False, 'install_base': '/ros2_ws/install/ydlidar_ros2_driver', 'merge_install': False, 'path': '/ros2_ws/src/ydlidar_ros2_driver', 'symlink_install': True, 'test_result_base': None}
[0.812s] Level 5:colcon.colcon_core.verb:set package 'localization' build argument 'cmake_args' from command line to 'None'
[0.812s] Level 5:colcon.colcon_core.verb:set package 'localization' build argument 'cmake_target' from command line to 'None'
[0.812s] Level 5:colcon.colcon_core.verb:set package 'localization' build argument 'cmake_target_skip_unavailable' from command line to 'False'
[0.812s] Level 5:colcon.colcon_core.verb:set package 'localization' build argument 'cmake_clean_cache' from command line to 'False'
[0.812s] Level 5:colcon.colcon_core.verb:set package 'localization' build argument 'cmake_clean_first' from command line to 'False'
[0.812s] Level 5:colcon.colcon_core.verb:set package 'localization' build argument 'cmake_force_configure' from command line to 'False'
[0.812s] Level 5:colcon.colcon_core.verb:set package 'localization' build argument 'ament_cmake_args' from command line to 'None'
[0.812s] Level 5:colcon.colcon_core.verb:set package 'localization' build argument 'catkin_cmake_args' from command line to 'None'
[0.812s] Level 5:colcon.colcon_core.verb:set package 'localization' build argument 'catkin_skip_building_tests' from command line to 'False'
[0.812s] DEBUG:colcon.colcon_core.verb:Building package 'localization' with the following arguments: {'ament_cmake_args': None, 'build_base': '/ros2_ws/build/localization', 'catkin_cmake_args': None, 'catkin_skip_building_tests': False, 'cmake_args': None, 'cmake_clean_cache': False, 'cmake_clean_first': False, 'cmake_force_configure': False, 'cmake_target': None, 'cmake_target_skip_unavailable': False, 'install_base': '/ros2_ws/install/localization', 'merge_install': False, 'path': '/ros2_ws/src/localization', 'symlink_install': True, 'test_result_base': None}
[0.812s] Level 5:colcon.colcon_core.verb:set package 'robot_bringup' build argument 'cmake_args' from command line to 'None'
[0.812s] Level 5:colcon.colcon_core.verb:set package 'robot_bringup' build argument 'cmake_target' from command line to 'None'
[0.812s] Level 5:colcon.colcon_core.verb:set package 'robot_bringup' build argument 'cmake_target_skip_unavailable' from command line to 'False'
[0.812s] Level 5:colcon.colcon_core.verb:set package 'robot_bringup' build argument 'cmake_clean_cache' from command line to 'False'
[0.812s] Level 5:colcon.colcon_core.verb:set package 'robot_bringup' build argument 'cmake_clean_first' from command line to 'False'
[0.812s] Level 5:colcon.colcon_core.verb:set package 'robot_bringup' build argument 'cmake_force_configure' from command line to 'False'
[0.812s] Level 5:colcon.colcon_core.verb:set package 'robot_bringup' build argument 'ament_cmake_args' from command line to 'None'
[0.812s] Level 5:colcon.colcon_core.verb:set package 'robot_bringup' build argument 'catkin_cmake_args' from command line to 'None'
[0.812s] Level 5:colcon.colcon_core.verb:set package 'robot_bringup' build argument 'catkin_skip_building_tests' from command line to 'False'
[0.812s] DEBUG:colcon.colcon_core.verb:Building package 'robot_bringup' with the following arguments: {'ament_cmake_args': None, 'build_base': '/ros2_ws/build/robot_bringup', 'catkin_cmake_args': None, 'catkin_skip_building_tests': False, 'cmake_args': None, 'cmake_clean_cache': False, 'cmake_clean_first': False, 'cmake_force_configure': False, 'cmake_target': None, 'cmake_target_skip_unavailable': False, 'install_base': '/ros2_ws/install/robot_bringup', 'merge_install': False, 'path': '/ros2_ws/src/robot_bringup', 'symlink_install': True, 'test_result_base': None}
[0.813s] INFO:colcon.colcon_core.executor:Executing jobs using 'parallel' executor
[0.814s] DEBUG:colcon.colcon_parallel_executor.executor.parallel:run_until_complete
[0.815s] INFO:colcon.colcon_ros.task.ament_cmake.build:Building ROS package in '/ros2_ws/src/rf2o_laser_odometry' with build type 'ament_cmake'
[0.815s] INFO:colcon.colcon_cmake.task.cmake.build:Building CMake package in '/ros2_ws/src/rf2o_laser_odometry'
[0.828s] INFO:colcon.colcon_core.plugin_system:Skipping extension 'colcon_core.shell.bat': Not used on non-Windows systems
[0.829s] INFO:colcon.colcon_core.shell:Skip shell extension 'powershell' for command environment: Not usable outside of PowerShell
[0.829s] DEBUG:colcon.colcon_core.shell:Skip shell extension 'dsv' for command environment
[0.842s] INFO:colcon.colcon_ros.task.ament_cmake.build:Building ROS package in '/ros2_ws/src/ydlidar_ros2_driver' with build type 'ament_cmake'
[0.842s] INFO:colcon.colcon_cmake.task.cmake.build:Building CMake package in '/ros2_ws/src/ydlidar_ros2_driver'
[0.843s] INFO:colcon.colcon_core.shell:Skip shell extension 'powershell' for command environment: Not usable outside of PowerShell
[0.843s] DEBUG:colcon.colcon_core.shell:Skip shell extension 'dsv' for command environment
[0.847s] INFO:colcon.colcon_ros.task.ament_cmake.build:Building ROS package in '/ros2_ws/src/foxglove' with build type 'ament_cmake'
[0.848s] INFO:colcon.colcon_cmake.task.cmake.build:Building CMake package in '/ros2_ws/src/foxglove'
[0.848s] INFO:colcon.colcon_core.shell:Skip shell extension 'powershell' for command environment: Not usable outside of PowerShell
[0.848s] DEBUG:colcon.colcon_core.shell:Skip shell extension 'dsv' for command environment
[0.854s] INFO:colcon.colcon_ros.task.ament_cmake.build:Building ROS package in '/ros2_ws/src/hardware' with build type 'ament_cmake'
[0.854s] INFO:colcon.colcon_cmake.task.cmake.build:Building CMake package in '/ros2_ws/src/hardware'
[0.854s] INFO:colcon.colcon_core.shell:Skip shell extension 'powershell' for command environment: Not usable outside of PowerShell
[0.854s] DEBUG:colcon.colcon_core.shell:Skip shell extension 'dsv' for command environment
[0.866s] DEBUG:colcon.colcon_core.event_handler.log_command:Invoking command in '/ros2_ws/build/rf2o_laser_odometry': CMAKE_PREFIX_PATH=${CMAKE_PREFIX_PATH}:/ros2_ws/install/icm20948_ros2:/opt/ros/humble /usr/bin/cmake --build /ros2_ws/build/rf2o_laser_odometry -- -j4 -l4
[0.876s] DEBUG:colcon.colcon_core.event_handler.log_command:Invoking command in '/ros2_ws/build/ydlidar_ros2_driver': CMAKE_PREFIX_PATH=${CMAKE_PREFIX_PATH}:/ros2_ws/install/icm20948_ros2:/opt/ros/humble /usr/bin/cmake --build /ros2_ws/build/ydlidar_ros2_driver -- -j4 -l4
[0.887s] DEBUG:colcon.colcon_core.event_handler.log_command:Invoking command in '/ros2_ws/build/foxglove': CMAKE_PREFIX_PATH=${CMAKE_PREFIX_PATH}:/ros2_ws/install/icm20948_ros2:/opt/ros/humble /usr/bin/cmake --build /ros2_ws/build/foxglove -- -j4 -l4
[0.896s] DEBUG:colcon.colcon_core.event_handler.log_command:Invoking command in '/ros2_ws/build/hardware': CMAKE_PREFIX_PATH=${CMAKE_PREFIX_PATH}:/ros2_ws/install/icm20948_ros2:/opt/ros/humble /usr/bin/cmake --build /ros2_ws/build/hardware -- -j4 -l4
[1.248s] DEBUG:colcon.colcon_core.event_handler.log_command:Invoked command in '/ros2_ws/build/foxglove' returned '0': CMAKE_PREFIX_PATH=${CMAKE_PREFIX_PATH}:/ros2_ws/install/icm20948_ros2:/opt/ros/humble /usr/bin/cmake --build /ros2_ws/build/foxglove -- -j4 -l4
[1.261s] DEBUG:colcon.colcon_core.event_handler.log_command:Invoking command in '/ros2_ws/build/foxglove': CMAKE_PREFIX_PATH=${CMAKE_PREFIX_PATH}:/ros2_ws/install/icm20948_ros2:/opt/ros/humble /usr/bin/cmake --install /ros2_ws/build/foxglove
[1.344s] Level 1:colcon.colcon_core.environment:create_environment_scripts_only(foxglove)
[1.367s] DEBUG:colcon.colcon_core.event_handler.log_command:Invoked command in '/ros2_ws/build/foxglove' returned '0': CMAKE_PREFIX_PATH=${CMAKE_PREFIX_PATH}:/ros2_ws/install/icm20948_ros2:/opt/ros/humble /usr/bin/cmake --install /ros2_ws/build/foxglove
[1.441s] Level 1:colcon.colcon_core.environment:checking '/ros2_ws/install/foxglove' for CMake module files
[1.442s] Level 1:colcon.colcon_core.environment:checking '/ros2_ws/install/foxglove' for CMake config files
[1.442s] Level 1:colcon.colcon_core.shell:create_environment_hook('foxglove', 'cmake_prefix_path')
[1.443s] INFO:colcon.colcon_core.shell:Creating environment hook '/ros2_ws/install/foxglove/share/foxglove/hook/cmake_prefix_path.ps1'
[1.454s] INFO:colcon.colcon_core.shell:Creating environment descriptor '/ros2_ws/install/foxglove/share/foxglove/hook/cmake_prefix_path.dsv'
[1.459s] INFO:colcon.colcon_core.shell:Creating environment hook '/ros2_ws/install/foxglove/share/foxglove/hook/cmake_prefix_path.sh'
[1.465s] Level 1:colcon.colcon_core.environment:checking '/ros2_ws/install/foxglove/bin'
[1.465s] Level 1:colcon.colcon_core.environment:checking '/ros2_ws/install/foxglove/lib/pkgconfig/foxglove.pc'
[1.467s] Level 1:colcon.colcon_core.environment:checking '/ros2_ws/install/foxglove/lib/python3.10/site-packages'
[1.468s] Level 1:colcon.colcon_core.environment:checking '/ros2_ws/install/foxglove/bin'
[1.468s] INFO:colcon.colcon_core.shell:Creating package script '/ros2_ws/install/foxglove/share/foxglove/package.ps1'
[1.474s] INFO:colcon.colcon_core.shell:Creating package descriptor '/ros2_ws/install/foxglove/share/foxglove/package.dsv'
[1.483s] INFO:colcon.colcon_core.shell:Creating package script '/ros2_ws/install/foxglove/share/foxglove/package.sh'
[1.485s] INFO:colcon.colcon_core.shell:Creating package script '/ros2_ws/install/foxglove/share/foxglove/package.bash'
[1.494s] INFO:colcon.colcon_core.shell:Creating package script '/ros2_ws/install/foxglove/share/foxglove/package.zsh'
[1.507s] Level 1:colcon.colcon_core.environment:create_file_with_runtime_dependencies(/ros2_ws/install/foxglove/share/colcon-core/packages/foxglove)
[1.508s] Level 1:colcon.colcon_core.environment:create_environment_scripts_only(foxglove)
[1.508s] Level 1:colcon.colcon_core.environment:checking '/ros2_ws/install/foxglove' for CMake module files
[1.509s] Level 1:colcon.colcon_core.environment:checking '/ros2_ws/install/foxglove' for CMake config files
[1.509s] Level 1:colcon.colcon_core.shell:create_environment_hook('foxglove', 'cmake_prefix_path')
[1.509s] INFO:colcon.colcon_core.shell:Creating environment hook '/ros2_ws/install/foxglove/share/foxglove/hook/cmake_prefix_path.ps1'
[1.510s] INFO:colcon.colcon_core.shell:Creating environment descriptor '/ros2_ws/install/foxglove/share/foxglove/hook/cmake_prefix_path.dsv'
[1.510s] INFO:colcon.colcon_core.shell:Creating environment hook '/ros2_ws/install/foxglove/share/foxglove/hook/cmake_prefix_path.sh'
[1.511s] Level 1:colcon.colcon_core.environment:checking '/ros2_ws/install/foxglove/bin'
[1.511s] Level 1:colcon.colcon_core.environment:checking '/ros2_ws/install/foxglove/lib/pkgconfig/foxglove.pc'
[1.511s] Level 1:colcon.colcon_core.environment:checking '/ros2_ws/install/foxglove/lib/python3.10/site-packages'
[1.512s] Level 1:colcon.colcon_core.environment:checking '/ros2_ws/install/foxglove/bin'
[1.512s] INFO:colcon.colcon_core.shell:Creating package script '/ros2_ws/install/foxglove/share/foxglove/package.ps1'
[1.513s] INFO:colcon.colcon_core.shell:Creating package descriptor '/ros2_ws/install/foxglove/share/foxglove/package.dsv'
[1.513s] INFO:colcon.colcon_core.shell:Creating package script '/ros2_ws/install/foxglove/share/foxglove/package.sh'
[1.514s] INFO:colcon.colcon_core.shell:Creating package script '/ros2_ws/install/foxglove/share/foxglove/package.bash'
[1.514s] INFO:colcon.colcon_core.shell:Creating package script '/ros2_ws/install/foxglove/share/foxglove/package.zsh'
[1.518s] Level 1:colcon.colcon_core.environment:create_file_with_runtime_dependencies(/ros2_ws/install/foxglove/share/colcon-core/packages/foxglove)
[1.519s] INFO:colcon.colcon_ros.task.ament_cmake.build:Building ROS package in '/ros2_ws/src/navigation' with build type 'ament_cmake'
[1.520s] INFO:colcon.colcon_cmake.task.cmake.build:Building CMake package in '/ros2_ws/src/navigation'
[1.520s] INFO:colcon.colcon_core.shell:Skip shell extension 'powershell' for command environment: Not usable outside of PowerShell
[1.520s] DEBUG:colcon.colcon_core.shell:Skip shell extension 'dsv' for command environment
[1.553s] DEBUG:colcon.colcon_core.event_handler.log_command:Invoking command in '/ros2_ws/build/navigation': CMAKE_PREFIX_PATH=${CMAKE_PREFIX_PATH}:/ros2_ws/install/icm20948_ros2:/opt/ros/humble /usr/bin/cmake --build /ros2_ws/build/navigation -- -j4 -l4
[1.602s] DEBUG:colcon.colcon_core.event_handler.log_command:Invoked command in '/ros2_ws/build/navigation' returned '0': CMAKE_PREFIX_PATH=${CMAKE_PREFIX_PATH}:/ros2_ws/install/icm20948_ros2:/opt/ros/humble /usr/bin/cmake --build /ros2_ws/build/navigation -- -j4 -l4
[1.607s] DEBUG:colcon.colcon_core.event_handler.log_command:Invoking command in '/ros2_ws/build/navigation': CMAKE_PREFIX_PATH=${CMAKE_PREFIX_PATH}:/ros2_ws/install/icm20948_ros2:/opt/ros/humble /usr/bin/cmake --install /ros2_ws/build/navigation
[1.632s] Level 1:colcon.colcon_core.environment:create_environment_scripts_only(navigation)
[1.633s] Level 1:colcon.colcon_core.environment:checking '/ros2_ws/install/navigation' for CMake module files
[1.633s] DEBUG:colcon.colcon_core.event_handler.log_command:Invoked command in '/ros2_ws/build/navigation' returned '0': CMAKE_PREFIX_PATH=${CMAKE_PREFIX_PATH}:/ros2_ws/install/icm20948_ros2:/opt/ros/humble /usr/bin/cmake --install /ros2_ws/build/navigation
[1.634s] Level 1:colcon.colcon_core.environment:checking '/ros2_ws/install/navigation' for CMake config files
[1.634s] Level 1:colcon.colcon_core.shell:create_environment_hook('navigation', 'cmake_prefix_path')
[1.635s] INFO:colcon.colcon_core.shell:Creating environment hook '/ros2_ws/install/navigation/share/navigation/hook/cmake_prefix_path.ps1'
[1.635s] INFO:colcon.colcon_core.shell:Creating environment descriptor '/ros2_ws/install/navigation/share/navigation/hook/cmake_prefix_path.dsv'
[1.636s] INFO:colcon.colcon_core.shell:Creating environment hook '/ros2_ws/install/navigation/share/navigation/hook/cmake_prefix_path.sh'
[1.637s] Level 1:colcon.colcon_core.environment:checking '/ros2_ws/install/navigation/bin'
[1.637s] Level 1:colcon.colcon_core.environment:checking '/ros2_ws/install/navigation/lib/pkgconfig/navigation.pc'
[1.637s] Level 1:colcon.colcon_core.environment:checking '/ros2_ws/install/navigation/lib/python3.10/site-packages'
[1.638s] Level 1:colcon.colcon_core.environment:checking '/ros2_ws/install/navigation/bin'
[1.638s] INFO:colcon.colcon_core.shell:Creating package script '/ros2_ws/install/navigation/share/navigation/package.ps1'
[1.640s] INFO:colcon.colcon_core.shell:Creating package descriptor '/ros2_ws/install/navigation/share/navigation/package.dsv'
[1.641s] INFO:colcon.colcon_core.shell:Creating package script '/ros2_ws/install/navigation/share/navigation/package.sh'
[1.642s] INFO:colcon.colcon_core.shell:Creating package script '/ros2_ws/install/navigation/share/navigation/package.bash'
[1.642s] INFO:colcon.colcon_core.shell:Creating package script '/ros2_ws/install/navigation/share/navigation/package.zsh'
[1.643s] Level 1:colcon.colcon_core.environment:create_file_with_runtime_dependencies(/ros2_ws/install/navigation/share/colcon-core/packages/navigation)
[1.644s] Level 1:colcon.colcon_core.environment:create_environment_scripts_only(navigation)
[1.645s] Level 1:colcon.colcon_core.environment:checking '/ros2_ws/install/navigation' for CMake module files
[1.646s] Level 1:colcon.colcon_core.environment:checking '/ros2_ws/install/navigation' for CMake config files
[1.646s] Level 1:colcon.colcon_core.shell:create_environment_hook('navigation', 'cmake_prefix_path')
[1.647s] INFO:colcon.colcon_core.shell:Creating environment hook '/ros2_ws/install/navigation/share/navigation/hook/cmake_prefix_path.ps1'
[1.647s] INFO:colcon.colcon_core.shell:Creating environment descriptor '/ros2_ws/install/navigation/share/navigation/hook/cmake_prefix_path.dsv'
[1.648s] INFO:colcon.colcon_core.shell:Creating environment hook '/ros2_ws/install/navigation/share/navigation/hook/cmake_prefix_path.sh'
[1.649s] Level 1:colcon.colcon_core.environment:checking '/ros2_ws/install/navigation/bin'
[1.649s] Level 1:colcon.colcon_core.environment:checking '/ros2_ws/install/navigation/lib/pkgconfig/navigation.pc'
[1.649s] Level 1:colcon.colcon_core.environment:checking '/ros2_ws/install/navigation/lib/python3.10/site-packages'
[1.650s] Level 1:colcon.colcon_core.environment:checking '/ros2_ws/install/navigation/bin'
[1.650s] INFO:colcon.colcon_core.shell:Creating package script '/ros2_ws/install/navigation/share/navigation/package.ps1'
[1.651s] INFO:colcon.colcon_core.shell:Creating package descriptor '/ros2_ws/install/navigation/share/navigation/package.dsv'
[1.652s] INFO:colcon.colcon_core.shell:Creating package script '/ros2_ws/install/navigation/share/navigation/package.sh'
[1.659s] INFO:colcon.colcon_core.shell:Creating package script '/ros2_ws/install/navigation/share/navigation/package.bash'
[1.660s] INFO:colcon.colcon_core.shell:Creating package script '/ros2_ws/install/navigation/share/navigation/package.zsh'
[1.662s] Level 1:colcon.colcon_core.environment:create_file_with_runtime_dependencies(/ros2_ws/install/navigation/share/colcon-core/packages/navigation)
[1.663s] INFO:colcon.colcon_ros.task.ament_python.build:Building ROS package in '/ros2_ws/src/icm20948-ros2' with build type 'ament_python'
[1.663s] Level 1:colcon.colcon_core.shell:create_environment_hook('icm20948_ros2', 'ament_prefix_path')
[1.664s] INFO:colcon.colcon_core.shell:Creating environment hook '/ros2_ws/install/icm20948_ros2/share/icm20948_ros2/hook/ament_prefix_path.ps1'
[1.665s] INFO:colcon.colcon_core.shell:Creating environment descriptor '/ros2_ws/install/icm20948_ros2/share/icm20948_ros2/hook/ament_prefix_path.dsv'
[1.666s] INFO:colcon.colcon_core.shell:Creating environment hook '/ros2_ws/install/icm20948_ros2/share/icm20948_ros2/hook/ament_prefix_path.sh'
[1.667s] INFO:colcon.colcon_core.shell:Skip shell extension 'powershell' for command environment: Not usable outside of PowerShell
[1.667s] DEBUG:colcon.colcon_core.shell:Skip shell extension 'dsv' for command environment
[1.980s] INFO:colcon.colcon_core.task.python.build:Building Python package in '/ros2_ws/src/icm20948-ros2'
[1.981s] INFO:colcon.colcon_core.shell:Skip shell extension 'powershell' for command environment: Not usable outside of PowerShell
[1.981s] DEBUG:colcon.colcon_core.shell:Skip shell extension 'dsv' for command environment
[1.990s] DEBUG:colcon.colcon_core.event_handler.log_command:Invoked command in '/ros2_ws/build/hardware' returned '0': CMAKE_PREFIX_PATH=${CMAKE_PREFIX_PATH}:/ros2_ws/install/icm20948_ros2:/opt/ros/humble /usr/bin/cmake --build /ros2_ws/build/hardware -- -j4 -l4
[1.995s] DEBUG:colcon.colcon_core.event_handler.log_command:Invoking command in '/ros2_ws/build/hardware': CMAKE_PREFIX_PATH=${CMAKE_PREFIX_PATH}:/ros2_ws/install/icm20948_ros2:/opt/ros/humble /usr/bin/cmake --install /ros2_ws/build/hardware
[1.996s] DEBUG:colcon.colcon_core.event_handler.log_command:Invoked command in '/ros2_ws/build/ydlidar_ros2_driver' returned '0': CMAKE_PREFIX_PATH=${CMAKE_PREFIX_PATH}:/ros2_ws/install/icm20948_ros2:/opt/ros/humble /usr/bin/cmake --build /ros2_ws/build/ydlidar_ros2_driver -- -j4 -l4
[1.997s] DEBUG:colcon.colcon_core.event_handler.log_command:Invoking command in '/ros2_ws/build/ydlidar_ros2_driver': CMAKE_PREFIX_PATH=${CMAKE_PREFIX_PATH}:/ros2_ws/install/icm20948_ros2:/opt/ros/humble /usr/bin/cmake --install /ros2_ws/build/ydlidar_ros2_driver
[1.999s] DEBUG:colcon.colcon_core.event_handler.log_command:Invoked command in '/ros2_ws/build/rf2o_laser_odometry' returned '0': CMAKE_PREFIX_PATH=${CMAKE_PREFIX_PATH}:/ros2_ws/install/icm20948_ros2:/opt/ros/humble /usr/bin/cmake --build /ros2_ws/build/rf2o_laser_odometry -- -j4 -l4
[2.003s] DEBUG:colcon.colcon_core.event_handler.log_command:Invoking command in '/ros2_ws/build/rf2o_laser_odometry': CMAKE_PREFIX_PATH=${CMAKE_PREFIX_PATH}:/ros2_ws/install/icm20948_ros2:/opt/ros/humble /usr/bin/cmake --install /ros2_ws/build/rf2o_laser_odometry
[2.031s] Level 1:colcon.colcon_core.environment:create_environment_scripts_only(hardware)
[2.032s] Level 1:colcon.colcon_core.environment:checking '/ros2_ws/install/hardware' for CMake module files
[2.033s] Level 1:colcon.colcon_core.environment:checking '/ros2_ws/install/hardware' for CMake config files
[2.034s] Level 1:colcon.colcon_core.shell:create_environment_hook('hardware', 'cmake_prefix_path')
[2.035s] INFO:colcon.colcon_core.shell:Creating environment hook '/ros2_ws/install/hardware/share/hardware/hook/cmake_prefix_path.ps1'
[2.036s] INFO:colcon.colcon_core.shell:Creating environment descriptor '/ros2_ws/install/hardware/share/hardware/hook/cmake_prefix_path.dsv'
[2.037s] INFO:colcon.colcon_core.shell:Creating environment hook '/ros2_ws/install/hardware/share/hardware/hook/cmake_prefix_path.sh'
[2.041s] Level 1:colcon.colcon_core.environment:checking '/ros2_ws/install/hardware/lib'
[2.041s] Level 1:colcon.colcon_core.shell:create_environment_hook('hardware', 'ld_library_path_lib')
[2.042s] INFO:colcon.colcon_core.shell:Creating environment hook '/ros2_ws/install/hardware/share/hardware/hook/ld_library_path_lib.ps1'
[2.043s] INFO:colcon.colcon_core.shell:Creating environment descriptor '/ros2_ws/install/hardware/share/hardware/hook/ld_library_path_lib.dsv'
[2.044s] INFO:colcon.colcon_core.shell:Creating environment hook '/ros2_ws/install/hardware/share/hardware/hook/ld_library_path_lib.sh'
[2.045s] DEBUG:colcon.colcon_core.event_handler.log_command:Invoked command in '/ros2_ws/build/hardware' returned '0': CMAKE_PREFIX_PATH=${CMAKE_PREFIX_PATH}:/ros2_ws/install/icm20948_ros2:/opt/ros/humble /usr/bin/cmake --install /ros2_ws/build/hardware
[2.045s] Level 1:colcon.colcon_core.environment:checking '/ros2_ws/install/hardware/bin'
[2.045s] Level 1:colcon.colcon_core.environment:checking '/ros2_ws/install/hardware/lib/pkgconfig/hardware.pc'
[2.046s] Level 1:colcon.colcon_core.environment:checking '/ros2_ws/install/hardware/lib/python3.10/site-packages'
[2.046s] Level 1:colcon.colcon_core.environment:checking '/ros2_ws/install/hardware/bin'
[2.047s] INFO:colcon.colcon_core.shell:Creating package script '/ros2_ws/install/hardware/share/hardware/package.ps1'
[2.048s] INFO:colcon.colcon_core.shell:Creating package descriptor '/ros2_ws/install/hardware/share/hardware/package.dsv'
[2.048s] INFO:colcon.colcon_core.shell:Creating package script '/ros2_ws/install/hardware/share/hardware/package.sh'
[2.049s] INFO:colcon.colcon_core.shell:Creating package script '/ros2_ws/install/hardware/share/hardware/package.bash'
[2.049s] INFO:colcon.colcon_core.shell:Creating package script '/ros2_ws/install/hardware/share/hardware/package.zsh'
[2.050s] Level 1:colcon.colcon_core.environment:create_file_with_runtime_dependencies(/ros2_ws/install/hardware/share/colcon-core/packages/hardware)
[2.051s] Level 1:colcon.colcon_core.environment:create_environment_scripts_only(hardware)
[2.052s] Level 1:colcon.colcon_core.environment:checking '/ros2_ws/install/hardware' for CMake module files
[2.052s] Level 1:colcon.colcon_core.environment:checking '/ros2_ws/install/hardware' for CMake config files
[2.053s] Level 1:colcon.colcon_core.shell:create_environment_hook('hardware', 'cmake_prefix_path')
[2.053s] INFO:colcon.colcon_core.shell:Creating environment hook '/ros2_ws/install/hardware/share/hardware/hook/cmake_prefix_path.ps1'
[2.054s] INFO:colcon.colcon_core.shell:Creating environment descriptor '/ros2_ws/install/hardware/share/hardware/hook/cmake_prefix_path.dsv'
[2.055s] INFO:colcon.colcon_core.shell:Creating environment hook '/ros2_ws/install/hardware/share/hardware/hook/cmake_prefix_path.sh'
[2.056s] Level 1:colcon.colcon_core.environment:checking '/ros2_ws/install/hardware/lib'
[2.056s] Level 1:colcon.colcon_core.shell:create_environment_hook('hardware', 'ld_library_path_lib')
[2.057s] INFO:colcon.colcon_core.shell:Creating environment hook '/ros2_ws/install/hardware/share/hardware/hook/ld_library_path_lib.ps1'
[2.057s] INFO:colcon.colcon_core.shell:Creating environment descriptor '/ros2_ws/install/hardware/share/hardware/hook/ld_library_path_lib.dsv'
[2.058s] INFO:colcon.colcon_core.shell:Creating environment hook '/ros2_ws/install/hardware/share/hardware/hook/ld_library_path_lib.sh'
[2.059s] Level 1:colcon.colcon_core.environment:checking '/ros2_ws/install/hardware/bin'
[2.059s] Level 1:colcon.colcon_core.environment:checking '/ros2_ws/install/hardware/lib/pkgconfig/hardware.pc'
[2.059s] Level 1:colcon.colcon_core.environment:checking '/ros2_ws/install/hardware/lib/python3.10/site-packages'
[2.059s] Level 1:colcon.colcon_core.environment:checking '/ros2_ws/install/hardware/bin'
[2.060s] INFO:colcon.colcon_core.shell:Creating package script '/ros2_ws/install/hardware/share/hardware/package.ps1'
[2.061s] INFO:colcon.colcon_core.shell:Creating package descriptor '/ros2_ws/install/hardware/share/hardware/package.dsv'
[2.061s] INFO:colcon.colcon_core.shell:Creating package script '/ros2_ws/install/hardware/share/hardware/package.sh'
[2.062s] INFO:colcon.colcon_core.shell:Creating package script '/ros2_ws/install/hardware/share/hardware/package.bash'
[2.063s] INFO:colcon.colcon_core.shell:Creating package script '/ros2_ws/install/hardware/share/hardware/package.zsh'
[2.064s] Level 1:colcon.colcon_core.environment:create_file_with_runtime_dependencies(/ros2_ws/install/hardware/share/colcon-core/packages/hardware)
[2.065s] INFO:colcon.colcon_ros.task.ament_cmake.build:Building ROS package in '/ros2_ws/src/main_brain' with build type 'ament_cmake'
[2.065s] INFO:colcon.colcon_cmake.task.cmake.build:Building CMake package in '/ros2_ws/src/main_brain'
[2.066s] INFO:colcon.colcon_core.shell:Skip shell extension 'powershell' for command environment: Not usable outside of PowerShell
[2.066s] DEBUG:colcon.colcon_core.shell:Skip shell extension 'dsv' for command environment
[2.071s] Level 1:colcon.colcon_core.environment:create_environment_scripts_only(ydlidar_ros2_driver)
[2.072s] Level 1:colcon.colcon_core.environment:checking '/ros2_ws/install/ydlidar_ros2_driver' for CMake module files
[2.073s] DEBUG:colcon.colcon_core.event_handler.log_command:Invoked command in '/ros2_ws/build/ydlidar_ros2_driver' returned '0': CMAKE_PREFIX_PATH=${CMAKE_PREFIX_PATH}:/ros2_ws/install/icm20948_ros2:/opt/ros/humble /usr/bin/cmake --install /ros2_ws/build/ydlidar_ros2_driver
[2.074s] Level 1:colcon.colcon_core.environment:checking '/ros2_ws/install/ydlidar_ros2_driver' for CMake config files
[2.074s] Level 1:colcon.colcon_core.shell:create_environment_hook('ydlidar_ros2_driver', 'cmake_prefix_path')
[2.075s] INFO:colcon.colcon_core.shell:Creating environment hook '/ros2_ws/install/ydlidar_ros2_driver/share/ydlidar_ros2_driver/hook/cmake_prefix_path.ps1'
[2.076s] INFO:colcon.colcon_core.shell:Creating environment descriptor '/ros2_ws/install/ydlidar_ros2_driver/share/ydlidar_ros2_driver/hook/cmake_prefix_path.dsv'
[2.076s] INFO:colcon.colcon_core.shell:Creating environment hook '/ros2_ws/install/ydlidar_ros2_driver/share/ydlidar_ros2_driver/hook/cmake_prefix_path.sh'
[2.077s] Level 1:colcon.colcon_core.environment:checking '/ros2_ws/install/ydlidar_ros2_driver/lib'
[2.077s] Level 1:colcon.colcon_core.environment:checking '/ros2_ws/install/ydlidar_ros2_driver/bin'
[2.077s] Level 1:colcon.colcon_core.environment:checking '/ros2_ws/install/ydlidar_ros2_driver/lib/pkgconfig/ydlidar_ros2_driver.pc'
[2.078s] Level 1:colcon.colcon_core.environment:checking '/ros2_ws/install/ydlidar_ros2_driver/lib/python3.10/site-packages'
[2.078s] Level 1:colcon.colcon_core.environment:checking '/ros2_ws/install/ydlidar_ros2_driver/bin'
[2.079s] INFO:colcon.colcon_core.shell:Creating package script '/ros2_ws/install/ydlidar_ros2_driver/share/ydlidar_ros2_driver/package.ps1'
[2.079s] INFO:colcon.colcon_core.shell:Creating package descriptor '/ros2_ws/install/ydlidar_ros2_driver/share/ydlidar_ros2_driver/package.dsv'
[2.080s] INFO:colcon.colcon_core.shell:Creating package script '/ros2_ws/install/ydlidar_ros2_driver/share/ydlidar_ros2_driver/package.sh'
[2.080s] INFO:colcon.colcon_core.shell:Creating package script '/ros2_ws/install/ydlidar_ros2_driver/share/ydlidar_ros2_driver/package.bash'
[2.081s] INFO:colcon.colcon_core.shell:Creating package script '/ros2_ws/install/ydlidar_ros2_driver/share/ydlidar_ros2_driver/package.zsh'
[2.082s] Level 1:colcon.colcon_core.environment:create_file_with_runtime_dependencies(/ros2_ws/install/ydlidar_ros2_driver/share/colcon-core/packages/ydlidar_ros2_driver)
[2.083s] Level 1:colcon.colcon_core.environment:create_environment_scripts_only(ydlidar_ros2_driver)
[2.083s] Level 1:colcon.colcon_core.environment:checking '/ros2_ws/install/ydlidar_ros2_driver' for CMake module files
[2.084s] Level 1:colcon.colcon_core.environment:checking '/ros2_ws/install/ydlidar_ros2_driver' for CMake config files
[2.085s] Level 1:colcon.colcon_core.shell:create_environment_hook('ydlidar_ros2_driver', 'cmake_prefix_path')
[2.085s] INFO:colcon.colcon_core.shell:Creating environment hook '/ros2_ws/install/ydlidar_ros2_driver/share/ydlidar_ros2_driver/hook/cmake_prefix_path.ps1'
[2.086s] INFO:colcon.colcon_core.shell:Creating environment descriptor '/ros2_ws/install/ydlidar_ros2_driver/share/ydlidar_ros2_driver/hook/cmake_prefix_path.dsv'
[2.086s] INFO:colcon.colcon_core.shell:Creating environment hook '/ros2_ws/install/ydlidar_ros2_driver/share/ydlidar_ros2_driver/hook/cmake_prefix_path.sh'
[2.087s] Level 1:colcon.colcon_core.environment:checking '/ros2_ws/install/ydlidar_ros2_driver/lib'
[2.087s] Level 1:colcon.colcon_core.environment:checking '/ros2_ws/install/ydlidar_ros2_driver/bin'
[2.087s] Level 1:colcon.colcon_core.environment:checking '/ros2_ws/install/ydlidar_ros2_driver/lib/pkgconfig/ydlidar_ros2_driver.pc'
[2.088s] Level 1:colcon.colcon_core.environment:checking '/ros2_ws/install/ydlidar_ros2_driver/lib/python3.10/site-packages'
[2.088s] Level 1:colcon.colcon_core.environment:checking '/ros2_ws/install/ydlidar_ros2_driver/bin'
[2.089s] INFO:colcon.colcon_core.shell:Creating package script '/ros2_ws/install/ydlidar_ros2_driver/share/ydlidar_ros2_driver/package.ps1'
[2.090s] INFO:colcon.colcon_core.shell:Creating package descriptor '/ros2_ws/install/ydlidar_ros2_driver/share/ydlidar_ros2_driver/package.dsv'
[2.090s] INFO:colcon.colcon_core.shell:Creating package script '/ros2_ws/install/ydlidar_ros2_driver/share/ydlidar_ros2_driver/package.sh'
[2.091s] INFO:colcon.colcon_core.shell:Creating package script '/ros2_ws/install/ydlidar_ros2_driver/share/ydlidar_ros2_driver/package.bash'
[2.092s] INFO:colcon.colcon_core.shell:Creating package script '/ros2_ws/install/ydlidar_ros2_driver/share/ydlidar_ros2_driver/package.zsh'
[2.093s] Level 1:colcon.colcon_core.environment:create_file_with_runtime_dependencies(/ros2_ws/install/ydlidar_ros2_driver/share/colcon-core/packages/ydlidar_ros2_driver)
[2.095s] INFO:colcon.colcon_ros.task.ament_cmake.build:Building ROS package in '/ros2_ws/src/robot_description' with build type 'ament_cmake'
[2.095s] INFO:colcon.colcon_cmake.task.cmake.build:Building CMake package in '/ros2_ws/src/robot_description'
[2.095s] INFO:colcon.colcon_core.shell:Skip shell extension 'powershell' for command environment: Not usable outside of PowerShell
[2.095s] DEBUG:colcon.colcon_core.shell:Skip shell extension 'dsv' for command environment
[2.101s] Level 1:colcon.colcon_core.environment:create_environment_scripts_only(rf2o_laser_odometry)
[2.102s] Level 1:colcon.colcon_core.environment:checking '/ros2_ws/install/rf2o_laser_odometry' for CMake module files
[2.103s] DEBUG:colcon.colcon_core.event_handler.log_command:Invoked command in '/ros2_ws/build/rf2o_laser_odometry' returned '0': CMAKE_PREFIX_PATH=${CMAKE_PREFIX_PATH}:/ros2_ws/install/icm20948_ros2:/opt/ros/humble /usr/bin/cmake --install /ros2_ws/build/rf2o_laser_odometry
[2.103s] Level 1:colcon.colcon_core.environment:checking '/ros2_ws/install/rf2o_laser_odometry' for CMake config files
[2.104s] Level 1:colcon.colcon_core.shell:create_environment_hook('rf2o_laser_odometry', 'cmake_prefix_path')
[2.104s] INFO:colcon.colcon_core.shell:Creating environment hook '/ros2_ws/install/rf2o_laser_odometry/share/rf2o_laser_odometry/hook/cmake_prefix_path.ps1'
[2.105s] INFO:colcon.colcon_core.shell:Creating environment descriptor '/ros2_ws/install/rf2o_laser_odometry/share/rf2o_laser_odometry/hook/cmake_prefix_path.dsv'
[2.106s] INFO:colcon.colcon_core.shell:Creating environment hook '/ros2_ws/install/rf2o_laser_odometry/share/rf2o_laser_odometry/hook/cmake_prefix_path.sh'
[2.107s] Level 1:colcon.colcon_core.environment:checking '/ros2_ws/install/rf2o_laser_odometry/lib'
[2.107s] Level 1:colcon.colcon_core.environment:checking '/ros2_ws/install/rf2o_laser_odometry/bin'
[2.107s] Level 1:colcon.colcon_core.environment:checking '/ros2_ws/install/rf2o_laser_odometry/lib/pkgconfig/rf2o_laser_odometry.pc'
[2.107s] Level 1:colcon.colcon_core.environment:checking '/ros2_ws/install/rf2o_laser_odometry/lib/python3.10/site-packages'
[2.108s] Level 1:colcon.colcon_core.environment:checking '/ros2_ws/install/rf2o_laser_odometry/bin'
[2.108s] INFO:colcon.colcon_core.shell:Creating package script '/ros2_ws/install/rf2o_laser_odometry/share/rf2o_laser_odometry/package.ps1'
[2.109s] INFO:colcon.colcon_core.shell:Creating package descriptor '/ros2_ws/install/rf2o_laser_odometry/share/rf2o_laser_odometry/package.dsv'
[2.110s] INFO:colcon.colcon_core.shell:Creating package script '/ros2_ws/install/rf2o_laser_odometry/share/rf2o_laser_odometry/package.sh'
[2.110s] INFO:colcon.colcon_core.shell:Creating package script '/ros2_ws/install/rf2o_laser_odometry/share/rf2o_laser_odometry/package.bash'
[2.110s] INFO:colcon.colcon_core.shell:Creating package script '/ros2_ws/install/rf2o_laser_odometry/share/rf2o_laser_odometry/package.zsh'
[2.111s] Level 1:colcon.colcon_core.environment:create_file_with_runtime_dependencies(/ros2_ws/install/rf2o_laser_odometry/share/colcon-core/packages/rf2o_laser_odometry)
[2.118s] Level 1:colcon.colcon_core.environment:create_environment_scripts_only(rf2o_laser_odometry)
[2.118s] Level 1:colcon.colcon_core.environment:checking '/ros2_ws/install/rf2o_laser_odometry' for CMake module files
[2.119s] Level 1:colcon.colcon_core.environment:checking '/ros2_ws/install/rf2o_laser_odometry' for CMake config files
[2.119s] Level 1:colcon.colcon_core.shell:create_environment_hook('rf2o_laser_odometry', 'cmake_prefix_path')
[2.120s] INFO:colcon.colcon_core.shell:Creating environment hook '/ros2_ws/install/rf2o_laser_odometry/share/rf2o_laser_odometry/hook/cmake_prefix_path.ps1'
[2.120s] INFO:colcon.colcon_core.shell:Creating environment descriptor '/ros2_ws/install/rf2o_laser_odometry/share/rf2o_laser_odometry/hook/cmake_prefix_path.dsv'
[2.121s] INFO:colcon.colcon_core.shell:Creating environment hook '/ros2_ws/install/rf2o_laser_odometry/share/rf2o_laser_odometry/hook/cmake_prefix_path.sh'
[2.122s] Level 1:colcon.colcon_core.environment:checking '/ros2_ws/install/rf2o_laser_odometry/lib'
[2.122s] Level 1:colcon.colcon_core.environment:checking '/ros2_ws/install/rf2o_laser_odometry/bin'
[2.122s] Level 1:colcon.colcon_core.environment:checking '/ros2_ws/install/rf2o_laser_odometry/lib/pkgconfig/rf2o_laser_odometry.pc'
[2.122s] Level 1:colcon.colcon_core.environment:checking '/ros2_ws/install/rf2o_laser_odometry/lib/python3.10/site-packages'
[2.123s] Level 1:colcon.colcon_core.environment:checking '/ros2_ws/install/rf2o_laser_odometry/bin'
[2.123s] INFO:colcon.colcon_core.shell:Creating package script '/ros2_ws/install/rf2o_laser_odometry/share/rf2o_laser_odometry/package.ps1'
[2.124s] INFO:colcon.colcon_core.shell:Creating package descriptor '/ros2_ws/install/rf2o_laser_odometry/share/rf2o_laser_odometry/package.dsv'
[2.124s] INFO:colcon.colcon_core.shell:Creating package script '/ros2_ws/install/rf2o_laser_odometry/share/rf2o_laser_odometry/package.sh'
[2.125s] INFO:colcon.colcon_core.shell:Creating package script '/ros2_ws/install/rf2o_laser_odometry/share/rf2o_laser_odometry/package.bash'
[2.126s] INFO:colcon.colcon_core.shell:Creating package script '/ros2_ws/install/rf2o_laser_odometry/share/rf2o_laser_odometry/package.zsh'
[2.127s] Level 1:colcon.colcon_core.environment:create_file_with_runtime_dependencies(/ros2_ws/install/rf2o_laser_odometry/share/colcon-core/packages/rf2o_laser_odometry)
[2.129s] INFO:colcon.colcon_ros.task.ament_cmake.build:Building ROS package in '/ros2_ws/src/localization' with build type 'ament_cmake'
[2.129s] INFO:colcon.colcon_cmake.task.cmake.build:Building CMake package in '/ros2_ws/src/localization'
[2.130s] INFO:colcon.colcon_core.shell:Skip shell extension 'powershell' for command environment: Not usable outside of PowerShell
[2.130s] DEBUG:colcon.colcon_core.shell:Skip shell extension 'dsv' for command environment
[2.143s] DEBUG:colcon.colcon_core.event_handler.log_command:Invoking command in '/ros2_ws/build/main_brain': CMAKE_PREFIX_PATH=${CMAKE_PREFIX_PATH}:/ros2_ws/install/icm20948_ros2:/opt/ros/humble /usr/bin/cmake --build /ros2_ws/build/main_brain -- -j4 -l4
[2.150s] DEBUG:colcon.colcon_core.event_handler.log_command:Invoking command in '/ros2_ws/build/robot_description': CMAKE_PREFIX_PATH=${CMAKE_PREFIX_PATH}:/ros2_ws/install/icm20948_ros2:/opt/ros/humble /usr/bin/cmake --build /ros2_ws/build/robot_description -- -j4 -l4
[2.162s] DEBUG:colcon.colcon_core.event_handler.log_command:Invoking command in '/ros2_ws/build/localization': CMAKE_PREFIX_PATH=/ros2_ws/install/ydlidar_ros2_driver:/ros2_ws/install/rf2o_laser_odometry:/ros2_ws/install/robot_bringup:/ros2_ws/install/localization:/ros2_ws/install/telemetry_data:/ros2_ws/install/shooting:/ros2_ws/install/robot_description:/ros2_ws/install/navigation:/ros2_ws/install/main_brain:/ros2_ws/install/hardware:/ros2_ws/install/foxglove:/ros2_ws/install/icm20948_ros2:/opt/ros/humble /usr/bin/cmake --build /ros2_ws/build/localization -- -j4 -l4
[2.204s] DEBUG:colcon.colcon_core.event_handler.log_command:Invoked command in '/ros2_ws/build/robot_description' returned '0': CMAKE_PREFIX_PATH=${CMAKE_PREFIX_PATH}:/ros2_ws/install/icm20948_ros2:/opt/ros/humble /usr/bin/cmake --build /ros2_ws/build/robot_description -- -j4 -l4
[2.209s] DEBUG:colcon.colcon_core.event_handler.log_command:Invoking command in '/ros2_ws/build/robot_description': CMAKE_PREFIX_PATH=${CMAKE_PREFIX_PATH}:/ros2_ws/install/icm20948_ros2:/opt/ros/humble /usr/bin/cmake --install /ros2_ws/build/robot_description
[2.210s] DEBUG:colcon.colcon_core.event_handler.log_command:Invoked command in '/ros2_ws/build/main_brain' returned '0': CMAKE_PREFIX_PATH=${CMAKE_PREFIX_PATH}:/ros2_ws/install/icm20948_ros2:/opt/ros/humble /usr/bin/cmake --build /ros2_ws/build/main_brain -- -j4 -l4
[2.212s] DEBUG:colcon.colcon_core.event_handler.log_command:Invoking command in '/ros2_ws/build/main_brain': CMAKE_PREFIX_PATH=${CMAKE_PREFIX_PATH}:/ros2_ws/install/icm20948_ros2:/opt/ros/humble /usr/bin/cmake --install /ros2_ws/build/main_brain
[2.222s] DEBUG:colcon.colcon_core.event_handler.log_command:Invoked command in '/ros2_ws/build/localization' returned '0': CMAKE_PREFIX_PATH=/ros2_ws/install/ydlidar_ros2_driver:/ros2_ws/install/rf2o_laser_odometry:/ros2_ws/install/robot_bringup:/ros2_ws/install/localization:/ros2_ws/install/telemetry_data:/ros2_ws/install/shooting:/ros2_ws/install/robot_description:/ros2_ws/install/navigation:/ros2_ws/install/main_brain:/ros2_ws/install/hardware:/ros2_ws/install/foxglove:/ros2_ws/install/icm20948_ros2:/opt/ros/humble /usr/bin/cmake --build /ros2_ws/build/localization -- -j4 -l4
[2.227s] DEBUG:colcon.colcon_core.event_handler.log_command:Invoking command in '/ros2_ws/build/localization': CMAKE_PREFIX_PATH=/ros2_ws/install/ydlidar_ros2_driver:/ros2_ws/install/rf2o_laser_odometry:/ros2_ws/install/robot_bringup:/ros2_ws/install/localization:/ros2_ws/install/telemetry_data:/ros2_ws/install/shooting:/ros2_ws/install/robot_description:/ros2_ws/install/navigation:/ros2_ws/install/main_brain:/ros2_ws/install/hardware:/ros2_ws/install/foxglove:/ros2_ws/install/icm20948_ros2:/opt/ros/humble /usr/bin/cmake --install /ros2_ws/build/localization
[2.253s] Level 1:colcon.colcon_core.environment:create_environment_scripts_only(robot_description)
[2.253s] Level 1:colcon.colcon_core.environment:checking '/ros2_ws/install/robot_description' for CMake module files
[2.255s] DEBUG:colcon.colcon_core.event_handler.log_command:Invoked command in '/ros2_ws/build/robot_description' returned '0': CMAKE_PREFIX_PATH=${CMAKE_PREFIX_PATH}:/ros2_ws/install/icm20948_ros2:/opt/ros/humble /usr/bin/cmake --install /ros2_ws/build/robot_description
[2.257s] Level 1:colcon.colcon_core.environment:checking '/ros2_ws/install/robot_description' for CMake config files
[2.258s] Level 1:colcon.colcon_core.shell:create_environment_hook('robot_description', 'cmake_prefix_path')
[2.258s] INFO:colcon.colcon_core.shell:Creating environment hook '/ros2_ws/install/robot_description/share/robot_description/hook/cmake_prefix_path.ps1'
[2.259s] INFO:colcon.colcon_core.shell:Creating environment descriptor '/ros2_ws/install/robot_description/share/robot_description/hook/cmake_prefix_path.dsv'
[2.261s] INFO:colcon.colcon_core.shell:Creating environment hook '/ros2_ws/install/robot_description/share/robot_description/hook/cmake_prefix_path.sh'
[2.262s] Level 1:colcon.colcon_core.environment:checking '/ros2_ws/install/robot_description/bin'
[2.262s] Level 1:colcon.colcon_core.environment:checking '/ros2_ws/install/robot_description/lib/pkgconfig/robot_description.pc'
[2.262s] Level 1:colcon.colcon_core.environment:checking '/ros2_ws/install/robot_description/lib/python3.10/site-packages'
[2.265s] Level 1:colcon.colcon_core.environment:checking '/ros2_ws/install/robot_description/bin'
[2.269s] INFO:colcon.colcon_core.shell:Creating package script '/ros2_ws/install/robot_description/share/robot_description/package.ps1'
[2.272s] INFO:colcon.colcon_core.shell:Creating package descriptor '/ros2_ws/install/robot_description/share/robot_description/package.dsv'
[2.273s] INFO:colcon.colcon_core.shell:Creating package script '/ros2_ws/install/robot_description/share/robot_description/package.sh'
[2.273s] INFO:colcon.colcon_core.shell:Creating package script '/ros2_ws/install/robot_description/share/robot_description/package.bash'
[2.274s] INFO:colcon.colcon_core.shell:Creating package script '/ros2_ws/install/robot_description/share/robot_description/package.zsh'
[2.275s] Level 1:colcon.colcon_core.environment:create_file_with_runtime_dependencies(/ros2_ws/install/robot_description/share/colcon-core/packages/robot_description)
[2.276s] Level 1:colcon.colcon_core.environment:create_environment_scripts_only(robot_description)
[2.277s] Level 1:colcon.colcon_core.environment:checking '/ros2_ws/install/robot_description' for CMake module files
[2.277s] Level 1:colcon.colcon_core.environment:checking '/ros2_ws/install/robot_description' for CMake config files
[2.278s] Level 1:colcon.colcon_core.shell:create_environment_hook('robot_description', 'cmake_prefix_path')
[2.278s] INFO:colcon.colcon_core.shell:Creating environment hook '/ros2_ws/install/robot_description/share/robot_description/hook/cmake_prefix_path.ps1'
[2.279s] INFO:colcon.colcon_core.shell:Creating environment descriptor '/ros2_ws/install/robot_description/share/robot_description/hook/cmake_prefix_path.dsv'
[2.279s] INFO:colcon.colcon_core.shell:Creating environment hook '/ros2_ws/install/robot_description/share/robot_description/hook/cmake_prefix_path.sh'
[2.281s] Level 1:colcon.colcon_core.environment:checking '/ros2_ws/install/robot_description/bin'
[2.281s] Level 1:colcon.colcon_core.environment:checking '/ros2_ws/install/robot_description/lib/pkgconfig/robot_description.pc'
[2.281s] Level 1:colcon.colcon_core.environment:checking '/ros2_ws/install/robot_description/lib/python3.10/site-packages'
[2.281s] Level 1:colcon.colcon_core.environment:checking '/ros2_ws/install/robot_description/bin'
[2.282s] INFO:colcon.colcon_core.shell:Creating package script '/ros2_ws/install/robot_description/share/robot_description/package.ps1'
[2.283s] INFO:colcon.colcon_core.shell:Creating package descriptor '/ros2_ws/install/robot_description/share/robot_description/package.dsv'
[2.284s] INFO:colcon.colcon_core.shell:Creating package script '/ros2_ws/install/robot_description/share/robot_description/package.sh'
[2.284s] INFO:colcon.colcon_core.shell:Creating package script '/ros2_ws/install/robot_description/share/robot_description/package.bash'
[2.285s] INFO:colcon.colcon_core.shell:Creating package script '/ros2_ws/install/robot_description/share/robot_description/package.zsh'
[2.286s] Level 1:colcon.colcon_core.environment:create_file_with_runtime_dependencies(/ros2_ws/install/robot_description/share/colcon-core/packages/robot_description)
[2.287s] INFO:colcon.colcon_ros.task.ament_cmake.build:Building ROS package in '/ros2_ws/src/shooting' with build type 'ament_cmake'
[2.287s] INFO:colcon.colcon_cmake.task.cmake.build:Building CMake package in '/ros2_ws/src/shooting'
[2.288s] INFO:colcon.colcon_core.shell:Skip shell extension 'powershell' for command environment: Not usable outside of PowerShell
[2.288s] DEBUG:colcon.colcon_core.shell:Skip shell extension 'dsv' for command environment
[2.295s] Level 1:colcon.colcon_core.environment:create_environment_scripts_only(main_brain)
[2.296s] Level 1:colcon.colcon_core.environment:checking '/ros2_ws/install/main_brain' for CMake module files
[2.297s] DEBUG:colcon.colcon_core.event_handler.log_command:Invoked command in '/ros2_ws/build/main_brain' returned '0': CMAKE_PREFIX_PATH=${CMAKE_PREFIX_PATH}:/ros2_ws/install/icm20948_ros2:/opt/ros/humble /usr/bin/cmake --install /ros2_ws/build/main_brain
[2.297s] Level 1:colcon.colcon_core.environment:checking '/ros2_ws/install/main_brain' for CMake config files
[2.298s] Level 1:colcon.colcon_core.shell:create_environment_hook('main_brain', 'cmake_prefix_path')
[2.298s] INFO:colcon.colcon_core.shell:Creating environment hook '/ros2_ws/install/main_brain/share/main_brain/hook/cmake_prefix_path.ps1'
[2.299s] INFO:colcon.colcon_core.shell:Creating environment descriptor '/ros2_ws/install/main_brain/share/main_brain/hook/cmake_prefix_path.dsv'
[2.299s] INFO:colcon.colcon_core.shell:Creating environment hook '/ros2_ws/install/main_brain/share/main_brain/hook/cmake_prefix_path.sh'
[2.300s] Level 1:colcon.colcon_core.environment:checking '/ros2_ws/install/main_brain/bin'
[2.300s] Level 1:colcon.colcon_core.environment:checking '/ros2_ws/install/main_brain/lib/pkgconfig/main_brain.pc'
[2.300s] Level 1:colcon.colcon_core.environment:checking '/ros2_ws/install/main_brain/lib/python3.10/site-packages'
[2.301s] Level 1:colcon.colcon_core.environment:checking '/ros2_ws/install/main_brain/bin'
[2.301s] INFO:colcon.colcon_core.shell:Creating package script '/ros2_ws/install/main_brain/share/main_brain/package.ps1'
[2.302s] INFO:colcon.colcon_core.shell:Creating package descriptor '/ros2_ws/install/main_brain/share/main_brain/package.dsv'
[2.303s] INFO:colcon.colcon_core.shell:Creating package script '/ros2_ws/install/main_brain/share/main_brain/package.sh'
[2.304s] INFO:colcon.colcon_core.shell:Creating package script '/ros2_ws/install/main_brain/share/main_brain/package.bash'
[2.305s] INFO:colcon.colcon_core.shell:Creating package script '/ros2_ws/install/main_brain/share/main_brain/package.zsh'
[2.305s] Level 1:colcon.colcon_core.environment:create_file_with_runtime_dependencies(/ros2_ws/install/main_brain/share/colcon-core/packages/main_brain)
[2.307s] Level 1:colcon.colcon_core.environment:create_environment_scripts_only(main_brain)
[2.307s] Level 1:colcon.colcon_core.environment:checking '/ros2_ws/install/main_brain' for CMake module files
[2.307s] Level 1:colcon.colcon_core.environment:checking '/ros2_ws/install/main_brain' for CMake config files
[2.308s] Level 1:colcon.colcon_core.shell:create_environment_hook('main_brain', 'cmake_prefix_path')
[2.308s] INFO:colcon.colcon_core.shell:Creating environment hook '/ros2_ws/install/main_brain/share/main_brain/hook/cmake_prefix_path.ps1'
[2.309s] INFO:colcon.colcon_core.shell:Creating environment descriptor '/ros2_ws/install/main_brain/share/main_brain/hook/cmake_prefix_path.dsv'
[2.309s] INFO:colcon.colcon_core.shell:Creating environment hook '/ros2_ws/install/main_brain/share/main_brain/hook/cmake_prefix_path.sh'
[2.310s] Level 1:colcon.colcon_core.environment:checking '/ros2_ws/install/main_brain/bin'
[2.310s] Level 1:colcon.colcon_core.environment:checking '/ros2_ws/install/main_brain/lib/pkgconfig/main_brain.pc'
[2.311s] Level 1:colcon.colcon_core.environment:checking '/ros2_ws/install/main_brain/lib/python3.10/site-packages'
[2.311s] Level 1:colcon.colcon_core.environment:checking '/ros2_ws/install/main_brain/bin'
[2.311s] INFO:colcon.colcon_core.shell:Creating package script '/ros2_ws/install/main_brain/share/main_brain/package.ps1'
[2.313s] INFO:colcon.colcon_core.shell:Creating package descriptor '/ros2_ws/install/main_brain/share/main_brain/package.dsv'
[2.313s] INFO:colcon.colcon_core.shell:Creating package script '/ros2_ws/install/main_brain/share/main_brain/package.sh'
[2.314s] INFO:colcon.colcon_core.shell:Creating package script '/ros2_ws/install/main_brain/share/main_brain/package.bash'
[2.315s] INFO:colcon.colcon_core.shell:Creating package script '/ros2_ws/install/main_brain/share/main_brain/package.zsh'
[2.316s] Level 1:colcon.colcon_core.environment:create_file_with_runtime_dependencies(/ros2_ws/install/main_brain/share/colcon-core/packages/main_brain)
[2.318s] INFO:colcon.colcon_ros.task.ament_cmake.build:Building ROS package in '/ros2_ws/src/telemetry_data' with build type 'ament_cmake'
[2.318s] INFO:colcon.colcon_cmake.task.cmake.build:Building CMake package in '/ros2_ws/src/telemetry_data'
[2.318s] INFO:colcon.colcon_core.shell:Skip shell extension 'powershell' for command environment: Not usable outside of PowerShell
[2.318s] DEBUG:colcon.colcon_core.shell:Skip shell extension 'dsv' for command environment
[2.324s] Level 1:colcon.colcon_core.environment:create_environment_scripts_only(localization)
[2.325s] Level 1:colcon.colcon_core.environment:checking '/ros2_ws/install/localization' for CMake module files
[2.326s] Level 1:colcon.colcon_core.environment:checking '/ros2_ws/install/localization' for CMake config files
[2.326s] DEBUG:colcon.colcon_core.event_handler.log_command:Invoked command in '/ros2_ws/build/localization' returned '0': CMAKE_PREFIX_PATH=/ros2_ws/install/ydlidar_ros2_driver:/ros2_ws/install/rf2o_laser_odometry:/ros2_ws/install/robot_bringup:/ros2_ws/install/localization:/ros2_ws/install/telemetry_data:/ros2_ws/install/shooting:/ros2_ws/install/robot_description:/ros2_ws/install/navigation:/ros2_ws/install/main_brain:/ros2_ws/install/hardware:/ros2_ws/install/foxglove:/ros2_ws/install/icm20948_ros2:/opt/ros/humble /usr/bin/cmake --install /ros2_ws/build/localization
[2.326s] Level 1:colcon.colcon_core.shell:create_environment_hook('localization', 'cmake_prefix_path')
[2.327s] INFO:colcon.colcon_core.shell:Creating environment hook '/ros2_ws/install/localization/share/localization/hook/cmake_prefix_path.ps1'
[2.328s] INFO:colcon.colcon_core.shell:Creating environment descriptor '/ros2_ws/install/localization/share/localization/hook/cmake_prefix_path.dsv'
[2.328s] INFO:colcon.colcon_core.shell:Creating environment hook '/ros2_ws/install/localization/share/localization/hook/cmake_prefix_path.sh'
[2.329s] Level 1:colcon.colcon_core.environment:checking '/ros2_ws/install/localization/bin'
[2.329s] Level 1:colcon.colcon_core.environment:checking '/ros2_ws/install/localization/lib/pkgconfig/localization.pc'
[2.329s] Level 1:colcon.colcon_core.environment:checking '/ros2_ws/install/localization/lib/python3.10/site-packages'
[2.330s] Level 1:colcon.colcon_core.environment:checking '/ros2_ws/install/localization/bin'
[2.330s] INFO:colcon.colcon_core.shell:Creating package script '/ros2_ws/install/localization/share/localization/package.ps1'
[2.331s] INFO:colcon.colcon_core.shell:Creating package descriptor '/ros2_ws/install/localization/share/localization/package.dsv'
[2.331s] INFO:colcon.colcon_core.shell:Creating package script '/ros2_ws/install/localization/share/localization/package.sh'
[2.332s] INFO:colcon.colcon_core.shell:Creating package script '/ros2_ws/install/localization/share/localization/package.bash'
[2.333s] INFO:colcon.colcon_core.shell:Creating package script '/ros2_ws/install/localization/share/localization/package.zsh'
[2.334s] Level 1:colcon.colcon_core.environment:create_file_with_runtime_dependencies(/ros2_ws/install/localization/share/colcon-core/packages/localization)
[2.335s] Level 1:colcon.colcon_core.environment:create_environment_scripts_only(localization)
[2.335s] Level 1:colcon.colcon_core.environment:checking '/ros2_ws/install/localization' for CMake module files
[2.335s] Level 1:colcon.colcon_core.environment:checking '/ros2_ws/install/localization' for CMake config files
[2.336s] Level 1:colcon.colcon_core.shell:create_environment_hook('localization', 'cmake_prefix_path')
[2.336s] INFO:colcon.colcon_core.shell:Creating environment hook '/ros2_ws/install/localization/share/localization/hook/cmake_prefix_path.ps1'
[2.336s] INFO:colcon.colcon_core.shell:Creating environment descriptor '/ros2_ws/install/localization/share/localization/hook/cmake_prefix_path.dsv'
[2.337s] INFO:colcon.colcon_core.shell:Creating environment hook '/ros2_ws/install/localization/share/localization/hook/cmake_prefix_path.sh'
[2.338s] Level 1:colcon.colcon_core.environment:checking '/ros2_ws/install/localization/bin'
[2.338s] Level 1:colcon.colcon_core.environment:checking '/ros2_ws/install/localization/lib/pkgconfig/localization.pc'
[2.338s] Level 1:colcon.colcon_core.environment:checking '/ros2_ws/install/localization/lib/python3.10/site-packages'
[2.339s] Level 1:colcon.colcon_core.environment:checking '/ros2_ws/install/localization/bin'
[2.339s] INFO:colcon.colcon_core.shell:Creating package script '/ros2_ws/install/localization/share/localization/package.ps1'
[2.340s] INFO:colcon.colcon_core.shell:Creating package descriptor '/ros2_ws/install/localization/share/localization/package.dsv'
[2.341s] INFO:colcon.colcon_core.shell:Creating package script '/ros2_ws/install/localization/share/localization/package.sh'
[2.342s] INFO:colcon.colcon_core.shell:Creating package script '/ros2_ws/install/localization/share/localization/package.bash'
[2.342s] INFO:colcon.colcon_core.shell:Creating package script '/ros2_ws/install/localization/share/localization/package.zsh'
[2.343s] Level 1:colcon.colcon_core.environment:create_file_with_runtime_dependencies(/ros2_ws/install/localization/share/colcon-core/packages/localization)
[2.344s] INFO:colcon.colcon_ros.task.ament_cmake.build:Building ROS package in '/ros2_ws/src/robot_bringup' with build type 'ament_cmake'
[2.345s] INFO:colcon.colcon_cmake.task.cmake.build:Building CMake package in '/ros2_ws/src/robot_bringup'
[2.345s] INFO:colcon.colcon_core.shell:Skip shell extension 'powershell' for command environment: Not usable outside of PowerShell
[2.345s] DEBUG:colcon.colcon_core.shell:Skip shell extension 'dsv' for command environment
[2.363s] DEBUG:colcon.colcon_core.event_handler.log_command:Invoking command in '/ros2_ws/build/shooting': CMAKE_PREFIX_PATH=${CMAKE_PREFIX_PATH}:/ros2_ws/install/icm20948_ros2:/opt/ros/humble /usr/bin/cmake --build /ros2_ws/build/shooting -- -j4 -l4
[2.373s] DEBUG:colcon.colcon_core.event_handler.log_command:Invoking command in '/ros2_ws/build/telemetry_data': CMAKE_PREFIX_PATH=${CMAKE_PREFIX_PATH}:/ros2_ws/install/icm20948_ros2:/opt/ros/humble /usr/bin/cmake --build /ros2_ws/build/telemetry_data -- -j4 -l4
[2.384s] DEBUG:colcon.colcon_core.event_handler.log_command:Invoking command in '/ros2_ws/build/robot_bringup': CMAKE_PREFIX_PATH=/ros2_ws/install/localization:/ros2_ws/install/ydlidar_ros2_driver:/ros2_ws/install/rf2o_laser_odometry:/ros2_ws/install/navigation:/ros2_ws/install/hardware:/ros2_ws/install/foxglove:/ros2_ws/install/robot_bringup:/ros2_ws/install/telemetry_data:/ros2_ws/install/shooting:/ros2_ws/install/robot_description:/ros2_ws/install/main_brain:/ros2_ws/install/icm20948_ros2:/opt/ros/humble /usr/bin/cmake --build /ros2_ws/build/robot_bringup -- -j4 -l4
[2.442s] DEBUG:colcon.colcon_core.event_handler.log_command:Invoked command in '/ros2_ws/build/robot_bringup' returned '0': CMAKE_PREFIX_PATH=/ros2_ws/install/localization:/ros2_ws/install/ydlidar_ros2_driver:/ros2_ws/install/rf2o_laser_odometry:/ros2_ws/install/navigation:/ros2_ws/install/hardware:/ros2_ws/install/foxglove:/ros2_ws/install/robot_bringup:/ros2_ws/install/telemetry_data:/ros2_ws/install/shooting:/ros2_ws/install/robot_description:/ros2_ws/install/main_brain:/ros2_ws/install/icm20948_ros2:/opt/ros/humble /usr/bin/cmake --build /ros2_ws/build/robot_bringup -- -j4 -l4
[2.450s] DEBUG:colcon.colcon_core.event_handler.log_command:Invoking command in '/ros2_ws/build/robot_bringup': CMAKE_PREFIX_PATH=/ros2_ws/install/localization:/ros2_ws/install/ydlidar_ros2_driver:/ros2_ws/install/rf2o_laser_odometry:/ros2_ws/install/navigation:/ros2_ws/install/hardware:/ros2_ws/install/foxglove:/ros2_ws/install/robot_bringup:/ros2_ws/install/telemetry_data:/ros2_ws/install/shooting:/ros2_ws/install/robot_description:/ros2_ws/install/main_brain:/ros2_ws/install/icm20948_ros2:/opt/ros/humble /usr/bin/cmake --install /ros2_ws/build/robot_bringup
[2.483s] Level 1:colcon.colcon_core.environment:create_environment_scripts_only(robot_bringup)
[2.484s] Level 1:colcon.colcon_core.environment:checking '/ros2_ws/install/robot_bringup' for CMake module files
[2.484s] DEBUG:colcon.colcon_core.event_handler.log_command:Invoked command in '/ros2_ws/build/robot_bringup' returned '0': CMAKE_PREFIX_PATH=/ros2_ws/install/localization:/ros2_ws/install/ydlidar_ros2_driver:/ros2_ws/install/rf2o_laser_odometry:/ros2_ws/install/navigation:/ros2_ws/install/hardware:/ros2_ws/install/foxglove:/ros2_ws/install/robot_bringup:/ros2_ws/install/telemetry_data:/ros2_ws/install/shooting:/ros2_ws/install/robot_description:/ros2_ws/install/main_brain:/ros2_ws/install/icm20948_ros2:/opt/ros/humble /usr/bin/cmake --install /ros2_ws/build/robot_bringup
[2.485s] Level 1:colcon.colcon_core.environment:checking '/ros2_ws/install/robot_bringup' for CMake config files
[2.485s] Level 1:colcon.colcon_core.shell:create_environment_hook('robot_bringup', 'cmake_prefix_path')
[2.486s] INFO:colcon.colcon_core.shell:Creating environment hook '/ros2_ws/install/robot_bringup/share/robot_bringup/hook/cmake_prefix_path.ps1'
[2.486s] INFO:colcon.colcon_core.shell:Creating environment descriptor '/ros2_ws/install/robot_bringup/share/robot_bringup/hook/cmake_prefix_path.dsv'
[2.487s] INFO:colcon.colcon_core.shell:Creating environment hook '/ros2_ws/install/robot_bringup/share/robot_bringup/hook/cmake_prefix_path.sh'
[2.488s] Level 1:colcon.colcon_core.environment:checking '/ros2_ws/install/robot_bringup/bin'
[2.488s] Level 1:colcon.colcon_core.environment:checking '/ros2_ws/install/robot_bringup/lib/pkgconfig/robot_bringup.pc'
[2.488s] Level 1:colcon.colcon_core.environment:checking '/ros2_ws/install/robot_bringup/lib/python3.10/site-packages'
[2.489s] Level 1:colcon.colcon_core.environment:checking '/ros2_ws/install/robot_bringup/bin'
[2.489s] INFO:colcon.colcon_core.shell:Creating package script '/ros2_ws/install/robot_bringup/share/robot_bringup/package.ps1'
[2.490s] INFO:colcon.colcon_core.shell:Creating package descriptor '/ros2_ws/install/robot_bringup/share/robot_bringup/package.dsv'
[2.490s] INFO:colcon.colcon_core.shell:Creating package script '/ros2_ws/install/robot_bringup/share/robot_bringup/package.sh'
[2.491s] INFO:colcon.colcon_core.shell:Creating package script '/ros2_ws/install/robot_bringup/share/robot_bringup/package.bash'
[2.491s] INFO:colcon.colcon_core.shell:Creating package script '/ros2_ws/install/robot_bringup/share/robot_bringup/package.zsh'
[2.491s] Level 1:colcon.colcon_core.environment:create_file_with_runtime_dependencies(/ros2_ws/install/robot_bringup/share/colcon-core/packages/robot_bringup)
[2.492s] Level 1:colcon.colcon_core.environment:create_environment_scripts_only(robot_bringup)
[2.492s] Level 1:colcon.colcon_core.environment:checking '/ros2_ws/install/robot_bringup' for CMake module files
[2.493s] Level 1:colcon.colcon_core.environment:checking '/ros2_ws/install/robot_bringup' for CMake config files
[2.493s] Level 1:colcon.colcon_core.shell:create_environment_hook('robot_bringup', 'cmake_prefix_path')
[2.493s] INFO:colcon.colcon_core.shell:Creating environment hook '/ros2_ws/install/robot_bringup/share/robot_bringup/hook/cmake_prefix_path.ps1'
[2.496s] INFO:colcon.colcon_core.shell:Creating environment descriptor '/ros2_ws/install/robot_bringup/share/robot_bringup/hook/cmake_prefix_path.dsv'
[2.496s] INFO:colcon.colcon_core.shell:Creating environment hook '/ros2_ws/install/robot_bringup/share/robot_bringup/hook/cmake_prefix_path.sh'
[2.497s] Level 1:colcon.colcon_core.environment:checking '/ros2_ws/install/robot_bringup/bin'
[2.497s] Level 1:colcon.colcon_core.environment:checking '/ros2_ws/install/robot_bringup/lib/pkgconfig/robot_bringup.pc'
[2.497s] Level 1:colcon.colcon_core.environment:checking '/ros2_ws/install/robot_bringup/lib/python3.10/site-packages'
[2.498s] Level 1:colcon.colcon_core.environment:checking '/ros2_ws/install/robot_bringup/bin'
[2.498s] INFO:colcon.colcon_core.shell:Creating package script '/ros2_ws/install/robot_bringup/share/robot_bringup/package.ps1'
[2.499s] INFO:colcon.colcon_core.shell:Creating package descriptor '/ros2_ws/install/robot_bringup/share/robot_bringup/package.dsv'
[2.499s] INFO:colcon.colcon_core.shell:Creating package script '/ros2_ws/install/robot_bringup/share/robot_bringup/package.sh'
[2.500s] INFO:colcon.colcon_core.shell:Creating package script '/ros2_ws/install/robot_bringup/share/robot_bringup/package.bash'
[2.502s] INFO:colcon.colcon_core.shell:Creating package script '/ros2_ws/install/robot_bringup/share/robot_bringup/package.zsh'
[2.505s] Level 1:colcon.colcon_core.environment:create_file_with_runtime_dependencies(/ros2_ws/install/robot_bringup/share/colcon-core/packages/robot_bringup)
[2.507s] DEBUG:colcon.colcon_core.event_handler.log_command:Invoked command in '/ros2_ws/build/shooting' returned '0': CMAKE_PREFIX_PATH=${CMAKE_PREFIX_PATH}:/ros2_ws/install/icm20948_ros2:/opt/ros/humble /usr/bin/cmake --build /ros2_ws/build/shooting -- -j4 -l4
[2.517s] DEBUG:colcon.colcon_core.event_handler.log_command:Invoking command in '/ros2_ws/build/shooting': CMAKE_PREFIX_PATH=${CMAKE_PREFIX_PATH}:/ros2_ws/install/icm20948_ros2:/opt/ros/humble /usr/bin/cmake --install /ros2_ws/build/shooting
[2.546s] Level 1:colcon.colcon_core.environment:create_environment_scripts_only(shooting)
[2.546s] Level 1:colcon.colcon_core.environment:checking '/ros2_ws/install/shooting' for CMake module files
[2.547s] DEBUG:colcon.colcon_core.event_handler.log_command:Invoked command in '/ros2_ws/build/shooting' returned '0': CMAKE_PREFIX_PATH=${CMAKE_PREFIX_PATH}:/ros2_ws/install/icm20948_ros2:/opt/ros/humble /usr/bin/cmake --install /ros2_ws/build/shooting
[2.547s] Level 1:colcon.colcon_core.environment:checking '/ros2_ws/install/shooting' for CMake config files
[2.548s] Level 1:colcon.colcon_core.shell:create_environment_hook('shooting', 'cmake_prefix_path')
[2.548s] INFO:colcon.colcon_core.shell:Creating environment hook '/ros2_ws/install/shooting/share/shooting/hook/cmake_prefix_path.ps1'
[2.550s] INFO:colcon.colcon_core.shell:Creating environment descriptor '/ros2_ws/install/shooting/share/shooting/hook/cmake_prefix_path.dsv'
[2.550s] INFO:colcon.colcon_core.shell:Creating environment hook '/ros2_ws/install/shooting/share/shooting/hook/cmake_prefix_path.sh'
[2.551s] Level 1:colcon.colcon_core.environment:checking '/ros2_ws/install/shooting/lib'
[2.551s] Level 1:colcon.colcon_core.environment:checking '/ros2_ws/install/shooting/bin'
[2.551s] Level 1:colcon.colcon_core.environment:checking '/ros2_ws/install/shooting/lib/pkgconfig/shooting.pc'
[2.551s] Level 1:colcon.colcon_core.environment:checking '/ros2_ws/install/shooting/lib/python3.10/site-packages'
[2.552s] Level 1:colcon.colcon_core.environment:checking '/ros2_ws/install/shooting/bin'
[2.552s] INFO:colcon.colcon_core.shell:Creating package script '/ros2_ws/install/shooting/share/shooting/package.ps1'
[2.554s] INFO:colcon.colcon_core.shell:Creating package descriptor '/ros2_ws/install/shooting/share/shooting/package.dsv'
[2.554s] INFO:colcon.colcon_core.shell:Creating package script '/ros2_ws/install/shooting/share/shooting/package.sh'
[2.555s] INFO:colcon.colcon_core.shell:Creating package script '/ros2_ws/install/shooting/share/shooting/package.bash'
[2.556s] INFO:colcon.colcon_core.shell:Creating package script '/ros2_ws/install/shooting/share/shooting/package.zsh'
[2.556s] Level 1:colcon.colcon_core.environment:create_file_with_runtime_dependencies(/ros2_ws/install/shooting/share/colcon-core/packages/shooting)
[2.557s] Level 1:colcon.colcon_core.environment:create_environment_scripts_only(shooting)
[2.557s] Level 1:colcon.colcon_core.environment:checking '/ros2_ws/install/shooting' for CMake module files
[2.558s] Level 1:colcon.colcon_core.environment:checking '/ros2_ws/install/shooting' for CMake config files
[2.558s] Level 1:colcon.colcon_core.shell:create_environment_hook('shooting', 'cmake_prefix_path')
[2.559s] INFO:colcon.colcon_core.shell:Creating environment hook '/ros2_ws/install/shooting/share/shooting/hook/cmake_prefix_path.ps1'
[2.559s] INFO:colcon.colcon_core.shell:Creating environment descriptor '/ros2_ws/install/shooting/share/shooting/hook/cmake_prefix_path.dsv'
[2.560s] INFO:colcon.colcon_core.shell:Creating environment hook '/ros2_ws/install/shooting/share/shooting/hook/cmake_prefix_path.sh'
[2.560s] Level 1:colcon.colcon_core.environment:checking '/ros2_ws/install/shooting/lib'
[2.560s] Level 1:colcon.colcon_core.environment:checking '/ros2_ws/install/shooting/bin'
[2.560s] Level 1:colcon.colcon_core.environment:checking '/ros2_ws/install/shooting/lib/pkgconfig/shooting.pc'
[2.561s] Level 1:colcon.colcon_core.environment:checking '/ros2_ws/install/shooting/lib/python3.10/site-packages'
[2.561s] Level 1:colcon.colcon_core.environment:checking '/ros2_ws/install/shooting/bin'
[2.561s] INFO:colcon.colcon_core.shell:Creating package script '/ros2_ws/install/shooting/share/shooting/package.ps1'
[2.562s] INFO:colcon.colcon_core.shell:Creating package descriptor '/ros2_ws/install/shooting/share/shooting/package.dsv'
[2.563s] INFO:colcon.colcon_core.shell:Creating package script '/ros2_ws/install/shooting/share/shooting/package.sh'
[2.563s] INFO:colcon.colcon_core.shell:Creating package script '/ros2_ws/install/shooting/share/shooting/package.bash'
[2.564s] INFO:colcon.colcon_core.shell:Creating package script '/ros2_ws/install/shooting/share/shooting/package.zsh'
[2.564s] Level 1:colcon.colcon_core.environment:create_file_with_runtime_dependencies(/ros2_ws/install/shooting/share/colcon-core/packages/shooting)
[2.809s] DEBUG:colcon.colcon_core.event_handler.log_command:Invoked command in '/ros2_ws/build/telemetry_data' returned '0': CMAKE_PREFIX_PATH=${CMAKE_PREFIX_PATH}:/ros2_ws/install/icm20948_ros2:/opt/ros/humble /usr/bin/cmake --build /ros2_ws/build/telemetry_data -- -j4 -l4
[2.813s] DEBUG:colcon.colcon_core.event_handler.log_command:Invoking command in '/ros2_ws/build/telemetry_data': CMAKE_PREFIX_PATH=${CMAKE_PREFIX_PATH}:/ros2_ws/install/icm20948_ros2:/opt/ros/humble /usr/bin/cmake --install /ros2_ws/build/telemetry_data
[2.842s] Level 1:colcon.colcon_core.environment:create_environment_scripts_only(telemetry_data)
[2.842s] Level 1:colcon.colcon_core.environment:checking '/ros2_ws/install/telemetry_data' for CMake module files
[2.843s] DEBUG:colcon.colcon_core.event_handler.log_command:Invoked command in '/ros2_ws/build/telemetry_data' returned '0': CMAKE_PREFIX_PATH=${CMAKE_PREFIX_PATH}:/ros2_ws/install/icm20948_ros2:/opt/ros/humble /usr/bin/cmake --install /ros2_ws/build/telemetry_data
[2.843s] Level 1:colcon.colcon_core.environment:checking '/ros2_ws/install/telemetry_data' for CMake config files
[2.844s] Level 1:colcon.colcon_core.shell:create_environment_hook('telemetry_data', 'cmake_prefix_path')
[2.844s] INFO:colcon.colcon_core.shell:Creating environment hook '/ros2_ws/install/telemetry_data/share/telemetry_data/hook/cmake_prefix_path.ps1'
[2.846s] INFO:colcon.colcon_core.shell:Creating environment descriptor '/ros2_ws/install/telemetry_data/share/telemetry_data/hook/cmake_prefix_path.dsv'
[2.849s] INFO:colcon.colcon_core.shell:Creating environment hook '/ros2_ws/install/telemetry_data/share/telemetry_data/hook/cmake_prefix_path.sh'
[2.851s] Level 1:colcon.colcon_core.environment:checking '/ros2_ws/install/telemetry_data/lib'
[2.852s] Level 1:colcon.colcon_core.environment:checking '/ros2_ws/install/telemetry_data/bin'
[2.852s] Level 1:colcon.colcon_core.environment:checking '/ros2_ws/install/telemetry_data/lib/pkgconfig/telemetry_data.pc'
[2.852s] Level 1:colcon.colcon_core.environment:checking '/ros2_ws/install/telemetry_data/lib/python3.10/site-packages'
[2.854s] Level 1:colcon.colcon_core.environment:checking '/ros2_ws/install/telemetry_data/bin'
[2.855s] INFO:colcon.colcon_core.shell:Creating package script '/ros2_ws/install/telemetry_data/share/telemetry_data/package.ps1'
[2.858s] INFO:colcon.colcon_core.shell:Creating package descriptor '/ros2_ws/install/telemetry_data/share/telemetry_data/package.dsv'
[2.859s] INFO:colcon.colcon_core.shell:Creating package script '/ros2_ws/install/telemetry_data/share/telemetry_data/package.sh'
[2.860s] INFO:colcon.colcon_core.shell:Creating package script '/ros2_ws/install/telemetry_data/share/telemetry_data/package.bash'
[2.861s] INFO:colcon.colcon_core.shell:Creating package script '/ros2_ws/install/telemetry_data/share/telemetry_data/package.zsh'
[2.863s] Level 1:colcon.colcon_core.environment:create_file_with_runtime_dependencies(/ros2_ws/install/telemetry_data/share/colcon-core/packages/telemetry_data)
[2.864s] Level 1:colcon.colcon_core.environment:create_environment_scripts_only(telemetry_data)
[2.864s] Level 1:colcon.colcon_core.environment:checking '/ros2_ws/install/telemetry_data' for CMake module files
[2.865s] Level 1:colcon.colcon_core.environment:checking '/ros2_ws/install/telemetry_data' for CMake config files
[2.865s] Level 1:colcon.colcon_core.shell:create_environment_hook('telemetry_data', 'cmake_prefix_path')
[2.865s] INFO:colcon.colcon_core.shell:Creating environment hook '/ros2_ws/install/telemetry_data/share/telemetry_data/hook/cmake_prefix_path.ps1'
[2.866s] INFO:colcon.colcon_core.shell:Creating environment descriptor '/ros2_ws/install/telemetry_data/share/telemetry_data/hook/cmake_prefix_path.dsv'
[2.866s] INFO:colcon.colcon_core.shell:Creating environment hook '/ros2_ws/install/telemetry_data/share/telemetry_data/hook/cmake_prefix_path.sh'
[2.867s] Level 1:colcon.colcon_core.environment:checking '/ros2_ws/install/telemetry_data/lib'
[2.867s] Level 1:colcon.colcon_core.environment:checking '/ros2_ws/install/telemetry_data/bin'
[2.867s] Level 1:colcon.colcon_core.environment:checking '/ros2_ws/install/telemetry_data/lib/pkgconfig/telemetry_data.pc'
[2.867s] Level 1:colcon.colcon_core.environment:checking '/ros2_ws/install/telemetry_data/lib/python3.10/site-packages'
[2.868s] Level 1:colcon.colcon_core.environment:checking '/ros2_ws/install/telemetry_data/bin'
[2.868s] INFO:colcon.colcon_core.shell:Creating package script '/ros2_ws/install/telemetry_data/share/telemetry_data/package.ps1'
[2.869s] INFO:colcon.colcon_core.shell:Creating package descriptor '/ros2_ws/install/telemetry_data/share/telemetry_data/package.dsv'
[2.870s] INFO:colcon.colcon_core.shell:Creating package script '/ros2_ws/install/telemetry_data/share/telemetry_data/package.sh'
[2.870s] INFO:colcon.colcon_core.shell:Creating package script '/ros2_ws/install/telemetry_data/share/telemetry_data/package.bash'
[2.871s] INFO:colcon.colcon_core.shell:Creating package script '/ros2_ws/install/telemetry_data/share/telemetry_data/package.zsh'
[2.871s] Level 1:colcon.colcon_core.environment:create_file_with_runtime_dependencies(/ros2_ws/install/telemetry_data/share/colcon-core/packages/telemetry_data)
[3.162s] DEBUG:colcon.colcon_core.event_handler.log_command:Invoking command in '/ros2_ws/build/icm20948_ros2': PYTHONPATH=/ros2_ws/build/icm20948_ros2/prefix_override:/usr/lib/python3/dist-packages/colcon_core/task/python/colcon_distutils_commands:/ros2_ws/install/icm20948_ros2/lib/python3.10/site-packages:${PYTHONPATH} /usr/bin/python3 -W ignore:setup.py install is deprecated -W ignore:easy_install command is deprecated setup.py develop --editable --build-directory /ros2_ws/build/icm20948_ros2/build --no-deps symlink_data
[3.589s] Level 1:colcon.colcon_core.shell:create_environment_hook('icm20948_ros2', 'pythonpath_develop')
[3.589s] DEBUG:colcon.colcon_core.event_handler.log_command:Invoked command in '/ros2_ws/build/icm20948_ros2' returned '0': PYTHONPATH=/ros2_ws/build/icm20948_ros2/prefix_override:/usr/lib/python3/dist-packages/colcon_core/task/python/colcon_distutils_commands:/ros2_ws/install/icm20948_ros2/lib/python3.10/site-packages:${PYTHONPATH} /usr/bin/python3 -W ignore:setup.py install is deprecated -W ignore:easy_install command is deprecated setup.py develop --editable --build-directory /ros2_ws/build/icm20948_ros2/build --no-deps symlink_data
[3.590s] INFO:colcon.colcon_core.shell:Creating environment hook '/ros2_ws/build/icm20948_ros2/share/icm20948_ros2/hook/pythonpath_develop.ps1'
[3.591s] INFO:colcon.colcon_core.shell:Creating environment descriptor '/ros2_ws/build/icm20948_ros2/share/icm20948_ros2/hook/pythonpath_develop.dsv'
[3.592s] INFO:colcon.colcon_core.shell:Creating environment hook '/ros2_ws/build/icm20948_ros2/share/icm20948_ros2/hook/pythonpath_develop.sh'
[3.594s] Level 1:colcon.colcon_core.environment:checking '/ros2_ws/install/icm20948_ros2' for CMake module files
[3.595s] Level 1:colcon.colcon_core.environment:checking '/ros2_ws/install/icm20948_ros2' for CMake config files
[3.595s] Level 1:colcon.colcon_core.environment:checking '/ros2_ws/install/icm20948_ros2/lib'
[3.595s] Level 1:colcon.colcon_core.environment:checking '/ros2_ws/install/icm20948_ros2/bin'
[3.595s] Level 1:colcon.colcon_core.environment:checking '/ros2_ws/install/icm20948_ros2/lib/pkgconfig/icm20948_ros2.pc'
[3.596s] Level 1:colcon.colcon_core.environment:checking '/ros2_ws/install/icm20948_ros2/lib/python3.10/site-packages'
[3.596s] Level 1:colcon.colcon_core.shell:create_environment_hook('icm20948_ros2', 'pythonpath')
[3.596s] INFO:colcon.colcon_core.shell:Creating environment hook '/ros2_ws/install/icm20948_ros2/share/icm20948_ros2/hook/pythonpath.ps1'
[3.597s] INFO:colcon.colcon_core.shell:Creating environment descriptor '/ros2_ws/install/icm20948_ros2/share/icm20948_ros2/hook/pythonpath.dsv'
[3.597s] INFO:colcon.colcon_core.shell:Creating environment hook '/ros2_ws/install/icm20948_ros2/share/icm20948_ros2/hook/pythonpath.sh'
[3.598s] Level 1:colcon.colcon_core.environment:checking '/ros2_ws/install/icm20948_ros2/bin'
[3.599s] Level 1:colcon.colcon_core.environment:create_environment_scripts_only(icm20948_ros2)
[3.599s] INFO:colcon.colcon_core.shell:Creating package script '/ros2_ws/install/icm20948_ros2/share/icm20948_ros2/package.ps1'
[3.601s] INFO:colcon.colcon_core.shell:Creating package descriptor '/ros2_ws/install/icm20948_ros2/share/icm20948_ros2/package.dsv'
[3.602s] INFO:colcon.colcon_core.shell:Creating package script '/ros2_ws/install/icm20948_ros2/share/icm20948_ros2/package.sh'
[3.602s] INFO:colcon.colcon_core.shell:Creating package script '/ros2_ws/install/icm20948_ros2/share/icm20948_ros2/package.bash'
[3.603s] INFO:colcon.colcon_core.shell:Creating package script '/ros2_ws/install/icm20948_ros2/share/icm20948_ros2/package.zsh'
[3.606s] Level 1:colcon.colcon_core.environment:create_file_with_runtime_dependencies(/ros2_ws/install/icm20948_ros2/share/colcon-core/packages/icm20948_ros2)
[3.607s] DEBUG:colcon.colcon_parallel_executor.executor.parallel:closing loop
[3.607s] DEBUG:colcon.colcon_parallel_executor.executor.parallel:loop closed
[3.607s] DEBUG:colcon.colcon_parallel_executor.executor.parallel:run_until_complete finished with '0'
[3.607s] DEBUG:colcon.colcon_core.event_reactor:joining thread
[3.661s] INFO:colcon.colcon_core.plugin_system:Skipping extension 'colcon_notification.desktop_notification.notify_send': Could not find 'notify-send'
[3.661s] INFO:colcon.colcon_core.plugin_system:Skipping extension 'colcon_notification.desktop_notification.terminal_notifier': Not used on non-Darwin systems
[3.662s] INFO:colcon.colcon_core.plugin_system:Skipping extension 'colcon_notification.desktop_notification.win32': Not used on non-Windows systems
[3.662s] INFO:colcon.colcon_notification.desktop_notification:Sending desktop notification using 'notify2'
[3.662s] DEBUG:colcon.colcon_notification.desktop_notification.notify2:Failed to initialize notify2: org.freedesktop.DBus.Error.NotSupported: Unable to autolaunch a dbus-daemon without a $DISPLAY for X11
[3.662s] DEBUG:colcon.colcon_core.event_reactor:joined thread
[3.662s] INFO:colcon.colcon_core.shell:Creating prefix script '/ros2_ws/install/local_setup.ps1'
[3.664s] INFO:colcon.colcon_core.shell:Creating prefix util module '/ros2_ws/install/_local_setup_util_ps1.py'
[3.668s] INFO:colcon.colcon_core.shell:Creating prefix chain script '/ros2_ws/install/setup.ps1'
[3.671s] INFO:colcon.colcon_core.shell:Creating prefix script '/ros2_ws/install/local_setup.sh'
[3.675s] INFO:colcon.colcon_core.shell:Creating prefix util module '/ros2_ws/install/_local_setup_util_sh.py'
[3.677s] INFO:colcon.colcon_core.shell:Creating prefix chain script '/ros2_ws/install/setup.sh'
[3.681s] INFO:colcon.colcon_core.shell:Creating prefix script '/ros2_ws/install/local_setup.bash'
[3.684s] INFO:colcon.colcon_core.shell:Creating prefix chain script '/ros2_ws/install/setup.bash'
[3.688s] INFO:colcon.colcon_core.shell:Creating prefix script '/ros2_ws/install/local_setup.zsh'
[3.690s] INFO:colcon.colcon_core.shell:Creating prefix chain script '/ros2_ws/install/setup.zsh'
