[0.350s] DEBUG:colcon:Command line arguments: ['/usr/bin/colcon', 'build']
[0.351s] DEBUG:colcon:Parsed command line arguments: Namespace(log_base=None, log_level=None, verb_name='build', build_base='build', install_base='install', merge_install=False, symlink_install=True, test_result_base=None, continue_on_error=False, executor='parallel', parallel_workers=4, event_handlers=None, ignore_user_meta=False, metas=['./colcon.meta'], base_paths=['.'], packages_ignore=None, packages_ignore_regex=None, paths=None, packages_up_to=None, packages_up_to_regex=None, packages_above=None, packages_above_and_dependencies=None, packages_above_depth=None, packages_select_by_dep=None, packages_skip_by_dep=None, packages_skip_up_to=None, packages_select_build_failed=False, packages_skip_build_finished=False, packages_select_test_failures=False, packages_skip_test_passed=False, packages_select=None, packages_skip=None, packages_select_regex=None, packages_skip_regex=None, packages_start=None, packages_end=None, cmake_args=None, cmake_target=None, cmake_target_skip_unavailable=False, cmake_clean_cache=False, cmake_clean_first=False, cmake_force_configure=False, ament_cmake_args=None, catkin_cmake_args=None, catkin_skip_building_tests=False, mixin_files=None, mixin=None, verb_parser=<colcon_mixin.mixin.mixin_argument.MixinArgumentDecorator object at 0x7fff50164b50>, verb_extension=<colcon_core.verb.build.BuildVerb object at 0x7fff5032dd50>, main=<bound method BuildVerb.main of <colcon_core.verb.build.BuildVerb object at 0x7fff5032dd50>>, mixin_verb=('build',))
[0.813s] Level 1:colcon.colcon_core.package_discovery:discover_packages(colcon_meta) check parameters
[0.817s] INFO:colcon.colcon_metadata.package_discovery.colcon_meta:Using configuration from '/root/.colcon/metadata/default/Gazebo.meta'
[0.818s] INFO:colcon.colcon_metadata.package_discovery.colcon_meta:Using configuration from '/root/.colcon/metadata/default/fastdds.meta'
[0.819s] INFO:colcon.colcon_metadata.package_discovery.colcon_meta:Using configuration from '/root/.colcon/metadata/default/fastrtps.meta'
[0.819s] Level 1:colcon.colcon_core.package_discovery:discover_packages(recursive) check parameters
[0.819s] Level 1:colcon.colcon_core.package_discovery:discover_packages(ignore) check parameters
[0.819s] Level 1:colcon.colcon_core.package_discovery:discover_packages(path) check parameters
[0.819s] Level 1:colcon.colcon_core.package_discovery:discover_packages(colcon_meta) discover
[0.819s] Level 1:colcon.colcon_core.package_discovery:discover_packages(recursive) discover
[0.819s] INFO:colcon.colcon_core.package_discovery:Crawling recursively for packages in '/ros2_ws'
[0.820s] Level 1:colcon.colcon_core.package_identification:_identify(.) by extensions ['ignore', 'ignore_ament_install']
[0.820s] Level 1:colcon.colcon_core.package_identification:_identify(.) by extension 'ignore'
[0.820s] Level 1:colcon.colcon_core.package_identification:_identify(.) by extension 'ignore_ament_install'
[0.820s] Level 1:colcon.colcon_core.package_identification:_identify(.) by extensions ['colcon_pkg']
[0.820s] Level 1:colcon.colcon_core.package_identification:_identify(.) by extension 'colcon_pkg'
[0.820s] Level 1:colcon.colcon_core.package_identification:_identify(.) by extensions ['colcon_meta']
[0.820s] Level 1:colcon.colcon_core.package_identification:_identify(.) by extension 'colcon_meta'
[0.820s] Level 1:colcon.colcon_core.package_identification:_identify(.) by extensions ['ros']
[0.820s] Level 1:colcon.colcon_core.package_identification:_identify(.) by extension 'ros'
[0.858s] Level 1:colcon.colcon_core.package_identification:_identify(.) by extensions ['cmake', 'python']
[0.859s] Level 1:colcon.colcon_core.package_identification:_identify(.) by extension 'cmake'
[0.859s] Level 1:colcon.colcon_core.package_identification:_identify(.) by extension 'python'
[0.859s] Level 1:colcon.colcon_core.package_identification:_identify(.) by extensions ['python_setup_py']
[0.859s] Level 1:colcon.colcon_core.package_identification:_identify(.) by extension 'python_setup_py'
[0.859s] Level 1:colcon.colcon_core.package_identification:_identify(build) by extensions ['ignore', 'ignore_ament_install']
[0.861s] Level 1:colcon.colcon_core.package_identification:_identify(build) by extension 'ignore'
[0.861s] Level 1:colcon.colcon_core.package_identification:_identify(build) ignored
[0.861s] Level 1:colcon.colcon_core.package_identification:_identify(install) by extensions ['ignore', 'ignore_ament_install']
[0.861s] Level 1:colcon.colcon_core.package_identification:_identify(install) by extension 'ignore'
[0.861s] Level 1:colcon.colcon_core.package_identification:_identify(install) ignored
[0.861s] Level 1:colcon.colcon_core.package_identification:_identify(log) by extensions ['ignore', 'ignore_ament_install']
[0.861s] Level 1:colcon.colcon_core.package_identification:_identify(log) by extension 'ignore'
[0.861s] Level 1:colcon.colcon_core.package_identification:_identify(log) ignored
[0.862s] Level 1:colcon.colcon_core.package_identification:_identify(src) by extensions ['ignore', 'ignore_ament_install']
[0.862s] Level 1:colcon.colcon_core.package_identification:_identify(src) by extension 'ignore'
[0.862s] Level 1:colcon.colcon_core.package_identification:_identify(src) by extension 'ignore_ament_install'
[0.862s] Level 1:colcon.colcon_core.package_identification:_identify(src) by extensions ['colcon_pkg']
[0.862s] Level 1:colcon.colcon_core.package_identification:_identify(src) by extension 'colcon_pkg'
[0.862s] Level 1:colcon.colcon_core.package_identification:_identify(src) by extensions ['colcon_meta']
[0.862s] Level 1:colcon.colcon_core.package_identification:_identify(src) by extension 'colcon_meta'
[0.862s] Level 1:colcon.colcon_core.package_identification:_identify(src) by extensions ['ros']
[0.862s] Level 1:colcon.colcon_core.package_identification:_identify(src) by extension 'ros'
[0.862s] Level 1:colcon.colcon_core.package_identification:_identify(src) by extensions ['cmake', 'python']
[0.862s] Level 1:colcon.colcon_core.package_identification:_identify(src) by extension 'cmake'
[0.862s] Level 1:colcon.colcon_core.package_identification:_identify(src) by extension 'python'
[0.862s] Level 1:colcon.colcon_core.package_identification:_identify(src) by extensions ['python_setup_py']
[0.862s] Level 1:colcon.colcon_core.package_identification:_identify(src) by extension 'python_setup_py'
[0.862s] Level 1:colcon.colcon_core.package_identification:_identify(src/ai_vision) by extensions ['ignore', 'ignore_ament_install']
[0.862s] Level 1:colcon.colcon_core.package_identification:_identify(src/ai_vision) by extension 'ignore'
[0.862s] Level 1:colcon.colcon_core.package_identification:_identify(src/ai_vision) by extension 'ignore_ament_install'
[0.862s] Level 1:colcon.colcon_core.package_identification:_identify(src/ai_vision) by extensions ['colcon_pkg']
[0.862s] Level 1:colcon.colcon_core.package_identification:_identify(src/ai_vision) by extension 'colcon_pkg'
[0.863s] Level 1:colcon.colcon_core.package_identification:_identify(src/ai_vision) by extensions ['colcon_meta']
[0.863s] Level 1:colcon.colcon_core.package_identification:_identify(src/ai_vision) by extension 'colcon_meta'
[0.863s] Level 1:colcon.colcon_core.package_identification:_identify(src/ai_vision) by extensions ['ros']
[0.863s] Level 1:colcon.colcon_core.package_identification:_identify(src/ai_vision) by extension 'ros'
[0.868s] DEBUG:colcon.colcon_core.package_identification:Package 'src/ai_vision' with type 'ros.ament_python' and name 'ai_vision'
[0.868s] Level 1:colcon.colcon_core.package_identification:_identify(src/foxglove) by extensions ['ignore', 'ignore_ament_install']
[0.868s] Level 1:colcon.colcon_core.package_identification:_identify(src/foxglove) by extension 'ignore'
[0.868s] Level 1:colcon.colcon_core.package_identification:_identify(src/foxglove) by extension 'ignore_ament_install'
[0.868s] Level 1:colcon.colcon_core.package_identification:_identify(src/foxglove) by extensions ['colcon_pkg']
[0.868s] Level 1:colcon.colcon_core.package_identification:_identify(src/foxglove) by extension 'colcon_pkg'
[0.868s] Level 1:colcon.colcon_core.package_identification:_identify(src/foxglove) by extensions ['colcon_meta']
[0.868s] Level 1:colcon.colcon_core.package_identification:_identify(src/foxglove) by extension 'colcon_meta'
[0.868s] Level 1:colcon.colcon_core.package_identification:_identify(src/foxglove) by extensions ['ros']
[0.868s] Level 1:colcon.colcon_core.package_identification:_identify(src/foxglove) by extension 'ros'
[0.870s] DEBUG:colcon.colcon_core.package_identification:Package 'src/foxglove' with type 'ros.ament_cmake' and name 'foxglove'
[0.870s] Level 1:colcon.colcon_core.package_identification:_identify(src/hardware) by extensions ['ignore', 'ignore_ament_install']
[0.870s] Level 1:colcon.colcon_core.package_identification:_identify(src/hardware) by extension 'ignore'
[0.870s] Level 1:colcon.colcon_core.package_identification:_identify(src/hardware) by extension 'ignore_ament_install'
[0.870s] Level 1:colcon.colcon_core.package_identification:_identify(src/hardware) by extensions ['colcon_pkg']
[0.870s] Level 1:colcon.colcon_core.package_identification:_identify(src/hardware) by extension 'colcon_pkg'
[0.870s] Level 1:colcon.colcon_core.package_identification:_identify(src/hardware) by extensions ['colcon_meta']
[0.870s] Level 1:colcon.colcon_core.package_identification:_identify(src/hardware) by extension 'colcon_meta'
[0.870s] Level 1:colcon.colcon_core.package_identification:_identify(src/hardware) by extensions ['ros']
[0.870s] Level 1:colcon.colcon_core.package_identification:_identify(src/hardware) by extension 'ros'
[0.893s] DEBUG:colcon.colcon_core.package_identification:Package 'src/hardware' with type 'ros.ament_cmake' and name 'hardware'
[0.893s] Level 1:colcon.colcon_core.package_identification:_identify(src/icm20948-python) by extensions ['ignore', 'ignore_ament_install']
[0.893s] Level 1:colcon.colcon_core.package_identification:_identify(src/icm20948-python) by extension 'ignore'
[0.893s] Level 1:colcon.colcon_core.package_identification:_identify(src/icm20948-python) by extension 'ignore_ament_install'
[0.893s] Level 1:colcon.colcon_core.package_identification:_identify(src/icm20948-python) by extensions ['colcon_pkg']
[0.893s] Level 1:colcon.colcon_core.package_identification:_identify(src/icm20948-python) by extension 'colcon_pkg'
[0.893s] Level 1:colcon.colcon_core.package_identification:_identify(src/icm20948-python) by extensions ['colcon_meta']
[0.894s] Level 1:colcon.colcon_core.package_identification:_identify(src/icm20948-python) by extension 'colcon_meta'
[0.894s] Level 1:colcon.colcon_core.package_identification:_identify(src/icm20948-python) by extensions ['ros']
[0.894s] Level 1:colcon.colcon_core.package_identification:_identify(src/icm20948-python) by extension 'ros'
[0.894s] Level 1:colcon.colcon_core.package_identification:_identify(src/icm20948-python) by extensions ['cmake', 'python']
[0.894s] Level 1:colcon.colcon_core.package_identification:_identify(src/icm20948-python) by extension 'cmake'
[0.894s] Level 1:colcon.colcon_core.package_identification:_identify(src/icm20948-python) by extension 'python'
[0.894s] Level 1:colcon.colcon_core.package_identification:_identify(src/icm20948-python) by extensions ['python_setup_py']
[0.894s] Level 1:colcon.colcon_core.package_identification:_identify(src/icm20948-python) by extension 'python_setup_py'
[0.894s] Level 1:colcon.colcon_core.package_identification:_identify(src/icm20948-python/examples) by extensions ['ignore', 'ignore_ament_install']
[0.894s] Level 1:colcon.colcon_core.package_identification:_identify(src/icm20948-python/examples) by extension 'ignore'
[0.894s] Level 1:colcon.colcon_core.package_identification:_identify(src/icm20948-python/examples) by extension 'ignore_ament_install'
[0.894s] Level 1:colcon.colcon_core.package_identification:_identify(src/icm20948-python/examples) by extensions ['colcon_pkg']
[0.894s] Level 1:colcon.colcon_core.package_identification:_identify(src/icm20948-python/examples) by extension 'colcon_pkg'
[0.894s] Level 1:colcon.colcon_core.package_identification:_identify(src/icm20948-python/examples) by extensions ['colcon_meta']
[0.894s] Level 1:colcon.colcon_core.package_identification:_identify(src/icm20948-python/examples) by extension 'colcon_meta'
[0.895s] Level 1:colcon.colcon_core.package_identification:_identify(src/icm20948-python/examples) by extensions ['ros']
[0.895s] Level 1:colcon.colcon_core.package_identification:_identify(src/icm20948-python/examples) by extension 'ros'
[0.895s] Level 1:colcon.colcon_core.package_identification:_identify(src/icm20948-python/examples) by extensions ['cmake', 'python']
[0.895s] Level 1:colcon.colcon_core.package_identification:_identify(src/icm20948-python/examples) by extension 'cmake'
[0.895s] Level 1:colcon.colcon_core.package_identification:_identify(src/icm20948-python/examples) by extension 'python'
[0.895s] Level 1:colcon.colcon_core.package_identification:_identify(src/icm20948-python/examples) by extensions ['python_setup_py']
[0.895s] Level 1:colcon.colcon_core.package_identification:_identify(src/icm20948-python/examples) by extension 'python_setup_py'
[0.895s] Level 1:colcon.colcon_core.package_identification:_identify(src/icm20948-python/icm20948) by extensions ['ignore', 'ignore_ament_install']
[0.895s] Level 1:colcon.colcon_core.package_identification:_identify(src/icm20948-python/icm20948) by extension 'ignore'
[0.895s] Level 1:colcon.colcon_core.package_identification:_identify(src/icm20948-python/icm20948) by extension 'ignore_ament_install'
[0.895s] Level 1:colcon.colcon_core.package_identification:_identify(src/icm20948-python/icm20948) by extensions ['colcon_pkg']
[0.895s] Level 1:colcon.colcon_core.package_identification:_identify(src/icm20948-python/icm20948) by extension 'colcon_pkg'
[0.895s] Level 1:colcon.colcon_core.package_identification:_identify(src/icm20948-python/icm20948) by extensions ['colcon_meta']
[0.895s] Level 1:colcon.colcon_core.package_identification:_identify(src/icm20948-python/icm20948) by extension 'colcon_meta'
[0.895s] Level 1:colcon.colcon_core.package_identification:_identify(src/icm20948-python/icm20948) by extensions ['ros']
[0.895s] Level 1:colcon.colcon_core.package_identification:_identify(src/icm20948-python/icm20948) by extension 'ros'
[0.895s] Level 1:colcon.colcon_core.package_identification:_identify(src/icm20948-python/icm20948) by extensions ['cmake', 'python']
[0.895s] Level 1:colcon.colcon_core.package_identification:_identify(src/icm20948-python/icm20948) by extension 'cmake'
[0.895s] Level 1:colcon.colcon_core.package_identification:_identify(src/icm20948-python/icm20948) by extension 'python'
[0.895s] Level 1:colcon.colcon_core.package_identification:_identify(src/icm20948-python/icm20948) by extensions ['python_setup_py']
[0.895s] Level 1:colcon.colcon_core.package_identification:_identify(src/icm20948-python/icm20948) by extension 'python_setup_py'
[0.896s] Level 1:colcon.colcon_core.package_identification:_identify(src/icm20948-python/tests) by extensions ['ignore', 'ignore_ament_install']
[0.896s] Level 1:colcon.colcon_core.package_identification:_identify(src/icm20948-python/tests) by extension 'ignore'
[0.896s] Level 1:colcon.colcon_core.package_identification:_identify(src/icm20948-python/tests) by extension 'ignore_ament_install'
[0.896s] Level 1:colcon.colcon_core.package_identification:_identify(src/icm20948-python/tests) by extensions ['colcon_pkg']
[0.896s] Level 1:colcon.colcon_core.package_identification:_identify(src/icm20948-python/tests) by extension 'colcon_pkg'
[0.896s] Level 1:colcon.colcon_core.package_identification:_identify(src/icm20948-python/tests) by extensions ['colcon_meta']
[0.896s] Level 1:colcon.colcon_core.package_identification:_identify(src/icm20948-python/tests) by extension 'colcon_meta'
[0.896s] Level 1:colcon.colcon_core.package_identification:_identify(src/icm20948-python/tests) by extensions ['ros']
[0.896s] Level 1:colcon.colcon_core.package_identification:_identify(src/icm20948-python/tests) by extension 'ros'
[0.896s] Level 1:colcon.colcon_core.package_identification:_identify(src/icm20948-python/tests) by extensions ['cmake', 'python']
[0.896s] Level 1:colcon.colcon_core.package_identification:_identify(src/icm20948-python/tests) by extension 'cmake'
[0.896s] Level 1:colcon.colcon_core.package_identification:_identify(src/icm20948-python/tests) by extension 'python'
[0.896s] Level 1:colcon.colcon_core.package_identification:_identify(src/icm20948-python/tests) by extensions ['python_setup_py']
[0.896s] Level 1:colcon.colcon_core.package_identification:_identify(src/icm20948-python/tests) by extension 'python_setup_py'
[0.896s] Level 1:colcon.colcon_core.package_identification:_identify(src/icm20948-ros2) by extensions ['ignore', 'ignore_ament_install']
[0.896s] Level 1:colcon.colcon_core.package_identification:_identify(src/icm20948-ros2) by extension 'ignore'
[0.896s] Level 1:colcon.colcon_core.package_identification:_identify(src/icm20948-ros2) by extension 'ignore_ament_install'
[0.897s] Level 1:colcon.colcon_core.package_identification:_identify(src/icm20948-ros2) by extensions ['colcon_pkg']
[0.897s] Level 1:colcon.colcon_core.package_identification:_identify(src/icm20948-ros2) by extension 'colcon_pkg'
[0.897s] Level 1:colcon.colcon_core.package_identification:_identify(src/icm20948-ros2) by extensions ['colcon_meta']
[0.897s] Level 1:colcon.colcon_core.package_identification:_identify(src/icm20948-ros2) by extension 'colcon_meta'
[0.897s] Level 1:colcon.colcon_core.package_identification:_identify(src/icm20948-ros2) by extensions ['ros']
[0.897s] Level 1:colcon.colcon_core.package_identification:_identify(src/icm20948-ros2) by extension 'ros'
[0.899s] DEBUG:colcon.colcon_core.package_identification:Package 'src/icm20948-ros2' with type 'ros.ament_python' and name 'icm20948_ros2'
[0.899s] Level 1:colcon.colcon_core.package_identification:_identify(src/localization) by extensions ['ignore', 'ignore_ament_install']
[0.900s] Level 1:colcon.colcon_core.package_identification:_identify(src/localization) by extension 'ignore'
[0.900s] Level 1:colcon.colcon_core.package_identification:_identify(src/localization) by extension 'ignore_ament_install'
[0.900s] Level 1:colcon.colcon_core.package_identification:_identify(src/localization) by extensions ['colcon_pkg']
[0.900s] Level 1:colcon.colcon_core.package_identification:_identify(src/localization) by extension 'colcon_pkg'
[0.900s] Level 1:colcon.colcon_core.package_identification:_identify(src/localization) by extensions ['colcon_meta']
[0.900s] Level 1:colcon.colcon_core.package_identification:_identify(src/localization) by extension 'colcon_meta'
[0.900s] Level 1:colcon.colcon_core.package_identification:_identify(src/localization) by extensions ['ros']
[0.900s] Level 1:colcon.colcon_core.package_identification:_identify(src/localization) by extension 'ros'
[0.902s] DEBUG:colcon.colcon_core.package_identification:Package 'src/localization' with type 'ros.ament_cmake' and name 'localization'
[0.902s] Level 1:colcon.colcon_core.package_identification:_identify(src/main_brain) by extensions ['ignore', 'ignore_ament_install']
[0.902s] Level 1:colcon.colcon_core.package_identification:_identify(src/main_brain) by extension 'ignore'
[0.902s] Level 1:colcon.colcon_core.package_identification:_identify(src/main_brain) by extension 'ignore_ament_install'
[0.902s] Level 1:colcon.colcon_core.package_identification:_identify(src/main_brain) by extensions ['colcon_pkg']
[0.902s] Level 1:colcon.colcon_core.package_identification:_identify(src/main_brain) by extension 'colcon_pkg'
[0.902s] Level 1:colcon.colcon_core.package_identification:_identify(src/main_brain) by extensions ['colcon_meta']
[0.902s] Level 1:colcon.colcon_core.package_identification:_identify(src/main_brain) by extension 'colcon_meta'
[0.902s] Level 1:colcon.colcon_core.package_identification:_identify(src/main_brain) by extensions ['ros']
[0.902s] Level 1:colcon.colcon_core.package_identification:_identify(src/main_brain) by extension 'ros'
[0.903s] DEBUG:colcon.colcon_core.package_identification:Package 'src/main_brain' with type 'ros.ament_cmake' and name 'main_brain'
[0.903s] Level 1:colcon.colcon_core.package_identification:_identify(src/navigation) by extensions ['ignore', 'ignore_ament_install']
[0.903s] Level 1:colcon.colcon_core.package_identification:_identify(src/navigation) by extension 'ignore'
[0.903s] Level 1:colcon.colcon_core.package_identification:_identify(src/navigation) by extension 'ignore_ament_install'
[0.903s] Level 1:colcon.colcon_core.package_identification:_identify(src/navigation) by extensions ['colcon_pkg']
[0.903s] Level 1:colcon.colcon_core.package_identification:_identify(src/navigation) by extension 'colcon_pkg'
[0.904s] Level 1:colcon.colcon_core.package_identification:_identify(src/navigation) by extensions ['colcon_meta']
[0.904s] Level 1:colcon.colcon_core.package_identification:_identify(src/navigation) by extension 'colcon_meta'
[0.904s] Level 1:colcon.colcon_core.package_identification:_identify(src/navigation) by extensions ['ros']
[0.904s] Level 1:colcon.colcon_core.package_identification:_identify(src/navigation) by extension 'ros'
[0.905s] DEBUG:colcon.colcon_core.package_identification:Package 'src/navigation' with type 'ros.ament_cmake' and name 'navigation'
[0.905s] Level 1:colcon.colcon_core.package_identification:_identify(src/rf2o_laser_odometry) by extensions ['ignore', 'ignore_ament_install']
[0.906s] Level 1:colcon.colcon_core.package_identification:_identify(src/rf2o_laser_odometry) by extension 'ignore'
[0.906s] Level 1:colcon.colcon_core.package_identification:_identify(src/rf2o_laser_odometry) by extension 'ignore_ament_install'
[0.906s] Level 1:colcon.colcon_core.package_identification:_identify(src/rf2o_laser_odometry) by extensions ['colcon_pkg']
[0.906s] Level 1:colcon.colcon_core.package_identification:_identify(src/rf2o_laser_odometry) by extension 'colcon_pkg'
[0.906s] Level 1:colcon.colcon_core.package_identification:_identify(src/rf2o_laser_odometry) by extensions ['colcon_meta']
[0.906s] Level 1:colcon.colcon_core.package_identification:_identify(src/rf2o_laser_odometry) by extension 'colcon_meta'
[0.906s] Level 1:colcon.colcon_core.package_identification:_identify(src/rf2o_laser_odometry) by extensions ['ros']
[0.906s] Level 1:colcon.colcon_core.package_identification:_identify(src/rf2o_laser_odometry) by extension 'ros'
[0.908s] DEBUG:colcon.colcon_core.package_identification:Package 'src/rf2o_laser_odometry' with type 'ros.ament_cmake' and name 'rf2o_laser_odometry'
[0.909s] Level 1:colcon.colcon_core.package_identification:_identify(src/robot_bringup) by extensions ['ignore', 'ignore_ament_install']
[0.909s] Level 1:colcon.colcon_core.package_identification:_identify(src/robot_bringup) by extension 'ignore'
[0.909s] Level 1:colcon.colcon_core.package_identification:_identify(src/robot_bringup) by extension 'ignore_ament_install'
[0.909s] Level 1:colcon.colcon_core.package_identification:_identify(src/robot_bringup) by extensions ['colcon_pkg']
[0.909s] Level 1:colcon.colcon_core.package_identification:_identify(src/robot_bringup) by extension 'colcon_pkg'
[0.909s] Level 1:colcon.colcon_core.package_identification:_identify(src/robot_bringup) by extensions ['colcon_meta']
[0.909s] Level 1:colcon.colcon_core.package_identification:_identify(src/robot_bringup) by extension 'colcon_meta'
[0.909s] Level 1:colcon.colcon_core.package_identification:_identify(src/robot_bringup) by extensions ['ros']
[0.909s] Level 1:colcon.colcon_core.package_identification:_identify(src/robot_bringup) by extension 'ros'
[0.911s] DEBUG:colcon.colcon_core.package_identification:Package 'src/robot_bringup' with type 'ros.ament_cmake' and name 'robot_bringup'
[0.911s] Level 1:colcon.colcon_core.package_identification:_identify(src/robot_description) by extensions ['ignore', 'ignore_ament_install']
[0.911s] Level 1:colcon.colcon_core.package_identification:_identify(src/robot_description) by extension 'ignore'
[0.911s] Level 1:colcon.colcon_core.package_identification:_identify(src/robot_description) by extension 'ignore_ament_install'
[0.911s] Level 1:colcon.colcon_core.package_identification:_identify(src/robot_description) by extensions ['colcon_pkg']
[0.911s] Level 1:colcon.colcon_core.package_identification:_identify(src/robot_description) by extension 'colcon_pkg'
[0.911s] Level 1:colcon.colcon_core.package_identification:_identify(src/robot_description) by extensions ['colcon_meta']
[0.912s] Level 1:colcon.colcon_core.package_identification:_identify(src/robot_description) by extension 'colcon_meta'
[0.912s] Level 1:colcon.colcon_core.package_identification:_identify(src/robot_description) by extensions ['ros']
[0.912s] Level 1:colcon.colcon_core.package_identification:_identify(src/robot_description) by extension 'ros'
[0.913s] DEBUG:colcon.colcon_core.package_identification:Package 'src/robot_description' with type 'ros.ament_cmake' and name 'robot_description'
[0.914s] Level 1:colcon.colcon_core.package_identification:_identify(src/sensor_fusion_pkg) by extensions ['ignore', 'ignore_ament_install']
[0.914s] Level 1:colcon.colcon_core.package_identification:_identify(src/sensor_fusion_pkg) by extension 'ignore'
[0.914s] Level 1:colcon.colcon_core.package_identification:_identify(src/sensor_fusion_pkg) by extension 'ignore_ament_install'
[0.914s] Level 1:colcon.colcon_core.package_identification:_identify(src/sensor_fusion_pkg) by extensions ['colcon_pkg']
[0.914s] Level 1:colcon.colcon_core.package_identification:_identify(src/sensor_fusion_pkg) by extension 'colcon_pkg'
[0.914s] Level 1:colcon.colcon_core.package_identification:_identify(src/sensor_fusion_pkg) by extensions ['colcon_meta']
[0.914s] Level 1:colcon.colcon_core.package_identification:_identify(src/sensor_fusion_pkg) by extension 'colcon_meta'
[0.914s] Level 1:colcon.colcon_core.package_identification:_identify(src/sensor_fusion_pkg) by extensions ['ros']
[0.914s] Level 1:colcon.colcon_core.package_identification:_identify(src/sensor_fusion_pkg) by extension 'ros'
[0.916s] DEBUG:colcon.colcon_core.package_identification:Package 'src/sensor_fusion_pkg' with type 'ros.ament_python' and name 'sensor_fusion_pkg'
[0.916s] Level 1:colcon.colcon_core.package_identification:_identify(src/shooting) by extensions ['ignore', 'ignore_ament_install']
[0.916s] Level 1:colcon.colcon_core.package_identification:_identify(src/shooting) by extension 'ignore'
[0.916s] Level 1:colcon.colcon_core.package_identification:_identify(src/shooting) by extension 'ignore_ament_install'
[0.916s] Level 1:colcon.colcon_core.package_identification:_identify(src/shooting) by extensions ['colcon_pkg']
[0.916s] Level 1:colcon.colcon_core.package_identification:_identify(src/shooting) by extension 'colcon_pkg'
[0.916s] Level 1:colcon.colcon_core.package_identification:_identify(src/shooting) by extensions ['colcon_meta']
[0.916s] Level 1:colcon.colcon_core.package_identification:_identify(src/shooting) by extension 'colcon_meta'
[0.916s] Level 1:colcon.colcon_core.package_identification:_identify(src/shooting) by extensions ['ros']
[0.916s] Level 1:colcon.colcon_core.package_identification:_identify(src/shooting) by extension 'ros'
[0.918s] DEBUG:colcon.colcon_core.package_identification:Package 'src/shooting' with type 'ros.ament_cmake' and name 'shooting'
[0.918s] Level 1:colcon.colcon_core.package_identification:_identify(src/tactical_brain) by extensions ['ignore', 'ignore_ament_install']
[0.918s] Level 1:colcon.colcon_core.package_identification:_identify(src/tactical_brain) by extension 'ignore'
[0.918s] Level 1:colcon.colcon_core.package_identification:_identify(src/tactical_brain) by extension 'ignore_ament_install'
[0.918s] Level 1:colcon.colcon_core.package_identification:_identify(src/tactical_brain) by extensions ['colcon_pkg']
[0.918s] Level 1:colcon.colcon_core.package_identification:_identify(src/tactical_brain) by extension 'colcon_pkg'
[0.918s] Level 1:colcon.colcon_core.package_identification:_identify(src/tactical_brain) by extensions ['colcon_meta']
[0.918s] Level 1:colcon.colcon_core.package_identification:_identify(src/tactical_brain) by extension 'colcon_meta'
[0.918s] Level 1:colcon.colcon_core.package_identification:_identify(src/tactical_brain) by extensions ['ros']
[0.918s] Level 1:colcon.colcon_core.package_identification:_identify(src/tactical_brain) by extension 'ros'
[0.920s] DEBUG:colcon.colcon_core.package_identification:Package 'src/tactical_brain' with type 'ros.ament_python' and name 'tactical_brain'
[0.921s] Level 1:colcon.colcon_core.package_identification:_identify(src/telemetry_data) by extensions ['ignore', 'ignore_ament_install']
[0.921s] Level 1:colcon.colcon_core.package_identification:_identify(src/telemetry_data) by extension 'ignore'
[0.921s] Level 1:colcon.colcon_core.package_identification:_identify(src/telemetry_data) by extension 'ignore_ament_install'
[0.921s] Level 1:colcon.colcon_core.package_identification:_identify(src/telemetry_data) by extensions ['colcon_pkg']
[0.921s] Level 1:colcon.colcon_core.package_identification:_identify(src/telemetry_data) by extension 'colcon_pkg'
[0.921s] Level 1:colcon.colcon_core.package_identification:_identify(src/telemetry_data) by extensions ['colcon_meta']
[0.921s] Level 1:colcon.colcon_core.package_identification:_identify(src/telemetry_data) by extension 'colcon_meta'
[0.921s] Level 1:colcon.colcon_core.package_identification:_identify(src/telemetry_data) by extensions ['ros']
[0.921s] Level 1:colcon.colcon_core.package_identification:_identify(src/telemetry_data) by extension 'ros'
[0.923s] DEBUG:colcon.colcon_core.package_identification:Package 'src/telemetry_data' with type 'ros.ament_cmake' and name 'telemetry_data'
[0.923s] Level 1:colcon.colcon_core.package_identification:_identify(src/ydlidar_ros2_driver) by extensions ['ignore', 'ignore_ament_install']
[0.923s] Level 1:colcon.colcon_core.package_identification:_identify(src/ydlidar_ros2_driver) by extension 'ignore'
[0.923s] Level 1:colcon.colcon_core.package_identification:_identify(src/ydlidar_ros2_driver) by extension 'ignore_ament_install'
[0.923s] Level 1:colcon.colcon_core.package_identification:_identify(src/ydlidar_ros2_driver) by extensions ['colcon_pkg']
[0.923s] Level 1:colcon.colcon_core.package_identification:_identify(src/ydlidar_ros2_driver) by extension 'colcon_pkg'
[0.923s] Level 1:colcon.colcon_core.package_identification:_identify(src/ydlidar_ros2_driver) by extensions ['colcon_meta']
[0.923s] Level 1:colcon.colcon_core.package_identification:_identify(src/ydlidar_ros2_driver) by extension 'colcon_meta'
[0.923s] Level 1:colcon.colcon_core.package_identification:_identify(src/ydlidar_ros2_driver) by extensions ['ros']
[0.923s] Level 1:colcon.colcon_core.package_identification:_identify(src/ydlidar_ros2_driver) by extension 'ros'
[0.925s] DEBUG:colcon.colcon_core.package_identification:Package 'src/ydlidar_ros2_driver' with type 'ros.ament_cmake' and name 'ydlidar_ros2_driver'
[0.925s] Level 1:colcon.colcon_core.package_discovery:discover_packages(recursive) using defaults
[0.925s] Level 1:colcon.colcon_core.package_discovery:discover_packages(ignore) discover
[0.925s] Level 1:colcon.colcon_core.package_discovery:discover_packages(ignore) using defaults
[0.925s] Level 1:colcon.colcon_core.package_discovery:discover_packages(path) discover
[0.925s] Level 1:colcon.colcon_core.package_discovery:discover_packages(path) using defaults
[0.980s] Level 5:colcon.colcon_core.verb:set package 'ai_vision' build argument 'cmake_args' from command line to 'None'
[0.980s] Level 5:colcon.colcon_core.verb:set package 'ai_vision' build argument 'cmake_target' from command line to 'None'
[0.980s] Level 5:colcon.colcon_core.verb:set package 'ai_vision' build argument 'cmake_target_skip_unavailable' from command line to 'False'
[0.980s] Level 5:colcon.colcon_core.verb:set package 'ai_vision' build argument 'cmake_clean_cache' from command line to 'False'
[0.980s] Level 5:colcon.colcon_core.verb:set package 'ai_vision' build argument 'cmake_clean_first' from command line to 'False'
[0.980s] Level 5:colcon.colcon_core.verb:set package 'ai_vision' build argument 'cmake_force_configure' from command line to 'False'
[0.980s] Level 5:colcon.colcon_core.verb:set package 'ai_vision' build argument 'ament_cmake_args' from command line to 'None'
[0.980s] Level 5:colcon.colcon_core.verb:set package 'ai_vision' build argument 'catkin_cmake_args' from command line to 'None'
[0.980s] Level 5:colcon.colcon_core.verb:set package 'ai_vision' build argument 'catkin_skip_building_tests' from command line to 'False'
[0.980s] DEBUG:colcon.colcon_core.verb:Building package 'ai_vision' with the following arguments: {'ament_cmake_args': None, 'build_base': '/ros2_ws/build/ai_vision', 'catkin_cmake_args': None, 'catkin_skip_building_tests': False, 'cmake_args': None, 'cmake_clean_cache': False, 'cmake_clean_first': False, 'cmake_force_configure': False, 'cmake_target': None, 'cmake_target_skip_unavailable': False, 'install_base': '/ros2_ws/install/ai_vision', 'merge_install': False, 'path': '/ros2_ws/src/ai_vision', 'symlink_install': True, 'test_result_base': None}
[0.981s] Level 5:colcon.colcon_core.verb:set package 'foxglove' build argument 'cmake_args' from command line to 'None'
[0.981s] Level 5:colcon.colcon_core.verb:set package 'foxglove' build argument 'cmake_target' from command line to 'None'
[0.981s] Level 5:colcon.colcon_core.verb:set package 'foxglove' build argument 'cmake_target_skip_unavailable' from command line to 'False'
[0.981s] Level 5:colcon.colcon_core.verb:set package 'foxglove' build argument 'cmake_clean_cache' from command line to 'False'
[0.981s] Level 5:colcon.colcon_core.verb:set package 'foxglove' build argument 'cmake_clean_first' from command line to 'False'
[0.981s] Level 5:colcon.colcon_core.verb:set package 'foxglove' build argument 'cmake_force_configure' from command line to 'False'
[0.981s] Level 5:colcon.colcon_core.verb:set package 'foxglove' build argument 'ament_cmake_args' from command line to 'None'
[0.981s] Level 5:colcon.colcon_core.verb:set package 'foxglove' build argument 'catkin_cmake_args' from command line to 'None'
[0.981s] Level 5:colcon.colcon_core.verb:set package 'foxglove' build argument 'catkin_skip_building_tests' from command line to 'False'
[0.981s] DEBUG:colcon.colcon_core.verb:Building package 'foxglove' with the following arguments: {'ament_cmake_args': None, 'build_base': '/ros2_ws/build/foxglove', 'catkin_cmake_args': None, 'catkin_skip_building_tests': False, 'cmake_args': None, 'cmake_clean_cache': False, 'cmake_clean_first': False, 'cmake_force_configure': False, 'cmake_target': None, 'cmake_target_skip_unavailable': False, 'install_base': '/ros2_ws/install/foxglove', 'merge_install': False, 'path': '/ros2_ws/src/foxglove', 'symlink_install': True, 'test_result_base': None}
[0.981s] Level 5:colcon.colcon_core.verb:set package 'hardware' build argument 'cmake_args' from command line to 'None'
[0.981s] Level 5:colcon.colcon_core.verb:set package 'hardware' build argument 'cmake_target' from command line to 'None'
[0.981s] Level 5:colcon.colcon_core.verb:set package 'hardware' build argument 'cmake_target_skip_unavailable' from command line to 'False'
[0.981s] Level 5:colcon.colcon_core.verb:set package 'hardware' build argument 'cmake_clean_cache' from command line to 'False'
[0.981s] Level 5:colcon.colcon_core.verb:set package 'hardware' build argument 'cmake_clean_first' from command line to 'False'
[0.981s] Level 5:colcon.colcon_core.verb:set package 'hardware' build argument 'cmake_force_configure' from command line to 'False'
[0.981s] Level 5:colcon.colcon_core.verb:set package 'hardware' build argument 'ament_cmake_args' from command line to 'None'
[0.981s] Level 5:colcon.colcon_core.verb:set package 'hardware' build argument 'catkin_cmake_args' from command line to 'None'
[0.981s] Level 5:colcon.colcon_core.verb:set package 'hardware' build argument 'catkin_skip_building_tests' from command line to 'False'
[0.981s] DEBUG:colcon.colcon_core.verb:Building package 'hardware' with the following arguments: {'ament_cmake_args': None, 'build_base': '/ros2_ws/build/hardware', 'catkin_cmake_args': None, 'catkin_skip_building_tests': False, 'cmake_args': None, 'cmake_clean_cache': False, 'cmake_clean_first': False, 'cmake_force_configure': False, 'cmake_target': None, 'cmake_target_skip_unavailable': False, 'install_base': '/ros2_ws/install/hardware', 'merge_install': False, 'path': '/ros2_ws/src/hardware', 'symlink_install': True, 'test_result_base': None}
[0.982s] Level 5:colcon.colcon_core.verb:set package 'icm20948_ros2' build argument 'cmake_args' from command line to 'None'
[0.982s] Level 5:colcon.colcon_core.verb:set package 'icm20948_ros2' build argument 'cmake_target' from command line to 'None'
[0.982s] Level 5:colcon.colcon_core.verb:set package 'icm20948_ros2' build argument 'cmake_target_skip_unavailable' from command line to 'False'
[0.982s] Level 5:colcon.colcon_core.verb:set package 'icm20948_ros2' build argument 'cmake_clean_cache' from command line to 'False'
[0.982s] Level 5:colcon.colcon_core.verb:set package 'icm20948_ros2' build argument 'cmake_clean_first' from command line to 'False'
[0.982s] Level 5:colcon.colcon_core.verb:set package 'icm20948_ros2' build argument 'cmake_force_configure' from command line to 'False'
[0.982s] Level 5:colcon.colcon_core.verb:set package 'icm20948_ros2' build argument 'ament_cmake_args' from command line to 'None'
[0.982s] Level 5:colcon.colcon_core.verb:set package 'icm20948_ros2' build argument 'catkin_cmake_args' from command line to 'None'
[0.982s] Level 5:colcon.colcon_core.verb:set package 'icm20948_ros2' build argument 'catkin_skip_building_tests' from command line to 'False'
[0.982s] DEBUG:colcon.colcon_core.verb:Building package 'icm20948_ros2' with the following arguments: {'ament_cmake_args': None, 'build_base': '/ros2_ws/build/icm20948_ros2', 'catkin_cmake_args': None, 'catkin_skip_building_tests': False, 'cmake_args': None, 'cmake_clean_cache': False, 'cmake_clean_first': False, 'cmake_force_configure': False, 'cmake_target': None, 'cmake_target_skip_unavailable': False, 'install_base': '/ros2_ws/install/icm20948_ros2', 'merge_install': False, 'path': '/ros2_ws/src/icm20948-ros2', 'symlink_install': True, 'test_result_base': None}
[0.982s] Level 5:colcon.colcon_core.verb:set package 'main_brain' build argument 'cmake_args' from command line to 'None'
[0.982s] Level 5:colcon.colcon_core.verb:set package 'main_brain' build argument 'cmake_target' from command line to 'None'
[0.982s] Level 5:colcon.colcon_core.verb:set package 'main_brain' build argument 'cmake_target_skip_unavailable' from command line to 'False'
[0.982s] Level 5:colcon.colcon_core.verb:set package 'main_brain' build argument 'cmake_clean_cache' from command line to 'False'
[0.982s] Level 5:colcon.colcon_core.verb:set package 'main_brain' build argument 'cmake_clean_first' from command line to 'False'
[0.982s] Level 5:colcon.colcon_core.verb:set package 'main_brain' build argument 'cmake_force_configure' from command line to 'False'
[0.982s] Level 5:colcon.colcon_core.verb:set package 'main_brain' build argument 'ament_cmake_args' from command line to 'None'
[0.982s] Level 5:colcon.colcon_core.verb:set package 'main_brain' build argument 'catkin_cmake_args' from command line to 'None'
[0.982s] Level 5:colcon.colcon_core.verb:set package 'main_brain' build argument 'catkin_skip_building_tests' from command line to 'False'
[0.983s] DEBUG:colcon.colcon_core.verb:Building package 'main_brain' with the following arguments: {'ament_cmake_args': None, 'build_base': '/ros2_ws/build/main_brain', 'catkin_cmake_args': None, 'catkin_skip_building_tests': False, 'cmake_args': None, 'cmake_clean_cache': False, 'cmake_clean_first': False, 'cmake_force_configure': False, 'cmake_target': None, 'cmake_target_skip_unavailable': False, 'install_base': '/ros2_ws/install/main_brain', 'merge_install': False, 'path': '/ros2_ws/src/main_brain', 'symlink_install': True, 'test_result_base': None}
[0.983s] Level 5:colcon.colcon_core.verb:set package 'navigation' build argument 'cmake_args' from command line to 'None'
[0.983s] Level 5:colcon.colcon_core.verb:set package 'navigation' build argument 'cmake_target' from command line to 'None'
[0.983s] Level 5:colcon.colcon_core.verb:set package 'navigation' build argument 'cmake_target_skip_unavailable' from command line to 'False'
[0.983s] Level 5:colcon.colcon_core.verb:set package 'navigation' build argument 'cmake_clean_cache' from command line to 'False'
[0.983s] Level 5:colcon.colcon_core.verb:set package 'navigation' build argument 'cmake_clean_first' from command line to 'False'
[0.983s] Level 5:colcon.colcon_core.verb:set package 'navigation' build argument 'cmake_force_configure' from command line to 'False'
[0.983s] Level 5:colcon.colcon_core.verb:set package 'navigation' build argument 'ament_cmake_args' from command line to 'None'
[0.983s] Level 5:colcon.colcon_core.verb:set package 'navigation' build argument 'catkin_cmake_args' from command line to 'None'
[0.983s] Level 5:colcon.colcon_core.verb:set package 'navigation' build argument 'catkin_skip_building_tests' from command line to 'False'
[0.983s] DEBUG:colcon.colcon_core.verb:Building package 'navigation' with the following arguments: {'ament_cmake_args': None, 'build_base': '/ros2_ws/build/navigation', 'catkin_cmake_args': None, 'catkin_skip_building_tests': False, 'cmake_args': None, 'cmake_clean_cache': False, 'cmake_clean_first': False, 'cmake_force_configure': False, 'cmake_target': None, 'cmake_target_skip_unavailable': False, 'install_base': '/ros2_ws/install/navigation', 'merge_install': False, 'path': '/ros2_ws/src/navigation', 'symlink_install': True, 'test_result_base': None}
[0.983s] Level 5:colcon.colcon_core.verb:set package 'rf2o_laser_odometry' build argument 'cmake_args' from command line to 'None'
[0.983s] Level 5:colcon.colcon_core.verb:set package 'rf2o_laser_odometry' build argument 'cmake_target' from command line to 'None'
[0.983s] Level 5:colcon.colcon_core.verb:set package 'rf2o_laser_odometry' build argument 'cmake_target_skip_unavailable' from command line to 'False'
[0.983s] Level 5:colcon.colcon_core.verb:set package 'rf2o_laser_odometry' build argument 'cmake_clean_cache' from command line to 'False'
[0.983s] Level 5:colcon.colcon_core.verb:set package 'rf2o_laser_odometry' build argument 'cmake_clean_first' from command line to 'False'
[0.984s] Level 5:colcon.colcon_core.verb:set package 'rf2o_laser_odometry' build argument 'cmake_force_configure' from command line to 'False'
[0.984s] Level 5:colcon.colcon_core.verb:set package 'rf2o_laser_odometry' build argument 'ament_cmake_args' from command line to 'None'
[0.984s] Level 5:colcon.colcon_core.verb:set package 'rf2o_laser_odometry' build argument 'catkin_cmake_args' from command line to 'None'
[0.984s] Level 5:colcon.colcon_core.verb:set package 'rf2o_laser_odometry' build argument 'catkin_skip_building_tests' from command line to 'False'
[0.984s] DEBUG:colcon.colcon_core.verb:Building package 'rf2o_laser_odometry' with the following arguments: {'ament_cmake_args': None, 'build_base': '/ros2_ws/build/rf2o_laser_odometry', 'catkin_cmake_args': None, 'catkin_skip_building_tests': False, 'cmake_args': None, 'cmake_clean_cache': False, 'cmake_clean_first': False, 'cmake_force_configure': False, 'cmake_target': None, 'cmake_target_skip_unavailable': False, 'install_base': '/ros2_ws/install/rf2o_laser_odometry', 'merge_install': False, 'path': '/ros2_ws/src/rf2o_laser_odometry', 'symlink_install': True, 'test_result_base': None}
[0.984s] Level 5:colcon.colcon_core.verb:set package 'robot_description' build argument 'cmake_args' from command line to 'None'
[0.984s] Level 5:colcon.colcon_core.verb:set package 'robot_description' build argument 'cmake_target' from command line to 'None'
[0.984s] Level 5:colcon.colcon_core.verb:set package 'robot_description' build argument 'cmake_target_skip_unavailable' from command line to 'False'
[0.984s] Level 5:colcon.colcon_core.verb:set package 'robot_description' build argument 'cmake_clean_cache' from command line to 'False'
[0.984s] Level 5:colcon.colcon_core.verb:set package 'robot_description' build argument 'cmake_clean_first' from command line to 'False'
[0.984s] Level 5:colcon.colcon_core.verb:set package 'robot_description' build argument 'cmake_force_configure' from command line to 'False'
[0.984s] Level 5:colcon.colcon_core.verb:set package 'robot_description' build argument 'ament_cmake_args' from command line to 'None'
[0.984s] Level 5:colcon.colcon_core.verb:set package 'robot_description' build argument 'catkin_cmake_args' from command line to 'None'
[0.984s] Level 5:colcon.colcon_core.verb:set package 'robot_description' build argument 'catkin_skip_building_tests' from command line to 'False'
[0.984s] DEBUG:colcon.colcon_core.verb:Building package 'robot_description' with the following arguments: {'ament_cmake_args': None, 'build_base': '/ros2_ws/build/robot_description', 'catkin_cmake_args': None, 'catkin_skip_building_tests': False, 'cmake_args': None, 'cmake_clean_cache': False, 'cmake_clean_first': False, 'cmake_force_configure': False, 'cmake_target': None, 'cmake_target_skip_unavailable': False, 'install_base': '/ros2_ws/install/robot_description', 'merge_install': False, 'path': '/ros2_ws/src/robot_description', 'symlink_install': True, 'test_result_base': None}
[0.985s] Level 5:colcon.colcon_core.verb:set package 'sensor_fusion_pkg' build argument 'cmake_args' from command line to 'None'
[0.985s] Level 5:colcon.colcon_core.verb:set package 'sensor_fusion_pkg' build argument 'cmake_target' from command line to 'None'
[0.985s] Level 5:colcon.colcon_core.verb:set package 'sensor_fusion_pkg' build argument 'cmake_target_skip_unavailable' from command line to 'False'
[0.985s] Level 5:colcon.colcon_core.verb:set package 'sensor_fusion_pkg' build argument 'cmake_clean_cache' from command line to 'False'
[0.985s] Level 5:colcon.colcon_core.verb:set package 'sensor_fusion_pkg' build argument 'cmake_clean_first' from command line to 'False'
[0.985s] Level 5:colcon.colcon_core.verb:set package 'sensor_fusion_pkg' build argument 'cmake_force_configure' from command line to 'False'
[0.985s] Level 5:colcon.colcon_core.verb:set package 'sensor_fusion_pkg' build argument 'ament_cmake_args' from command line to 'None'
[0.985s] Level 5:colcon.colcon_core.verb:set package 'sensor_fusion_pkg' build argument 'catkin_cmake_args' from command line to 'None'
[0.985s] Level 5:colcon.colcon_core.verb:set package 'sensor_fusion_pkg' build argument 'catkin_skip_building_tests' from command line to 'False'
[0.985s] DEBUG:colcon.colcon_core.verb:Building package 'sensor_fusion_pkg' with the following arguments: {'ament_cmake_args': None, 'build_base': '/ros2_ws/build/sensor_fusion_pkg', 'catkin_cmake_args': None, 'catkin_skip_building_tests': False, 'cmake_args': None, 'cmake_clean_cache': False, 'cmake_clean_first': False, 'cmake_force_configure': False, 'cmake_target': None, 'cmake_target_skip_unavailable': False, 'install_base': '/ros2_ws/install/sensor_fusion_pkg', 'merge_install': False, 'path': '/ros2_ws/src/sensor_fusion_pkg', 'symlink_install': True, 'test_result_base': None}
[0.985s] Level 5:colcon.colcon_core.verb:set package 'shooting' build argument 'cmake_args' from command line to 'None'
[0.985s] Level 5:colcon.colcon_core.verb:set package 'shooting' build argument 'cmake_target' from command line to 'None'
[0.985s] Level 5:colcon.colcon_core.verb:set package 'shooting' build argument 'cmake_target_skip_unavailable' from command line to 'False'
[0.985s] Level 5:colcon.colcon_core.verb:set package 'shooting' build argument 'cmake_clean_cache' from command line to 'False'
[0.985s] Level 5:colcon.colcon_core.verb:set package 'shooting' build argument 'cmake_clean_first' from command line to 'False'
[0.985s] Level 5:colcon.colcon_core.verb:set package 'shooting' build argument 'cmake_force_configure' from command line to 'False'
[0.985s] Level 5:colcon.colcon_core.verb:set package 'shooting' build argument 'ament_cmake_args' from command line to 'None'
[0.985s] Level 5:colcon.colcon_core.verb:set package 'shooting' build argument 'catkin_cmake_args' from command line to 'None'
[0.985s] Level 5:colcon.colcon_core.verb:set package 'shooting' build argument 'catkin_skip_building_tests' from command line to 'False'
[0.985s] DEBUG:colcon.colcon_core.verb:Building package 'shooting' with the following arguments: {'ament_cmake_args': None, 'build_base': '/ros2_ws/build/shooting', 'catkin_cmake_args': None, 'catkin_skip_building_tests': False, 'cmake_args': None, 'cmake_clean_cache': False, 'cmake_clean_first': False, 'cmake_force_configure': False, 'cmake_target': None, 'cmake_target_skip_unavailable': False, 'install_base': '/ros2_ws/install/shooting', 'merge_install': False, 'path': '/ros2_ws/src/shooting', 'symlink_install': True, 'test_result_base': None}
[0.986s] Level 5:colcon.colcon_core.verb:set package 'tactical_brain' build argument 'cmake_args' from command line to 'None'
[0.986s] Level 5:colcon.colcon_core.verb:set package 'tactical_brain' build argument 'cmake_target' from command line to 'None'
[0.986s] Level 5:colcon.colcon_core.verb:set package 'tactical_brain' build argument 'cmake_target_skip_unavailable' from command line to 'False'
[0.986s] Level 5:colcon.colcon_core.verb:set package 'tactical_brain' build argument 'cmake_clean_cache' from command line to 'False'
[0.986s] Level 5:colcon.colcon_core.verb:set package 'tactical_brain' build argument 'cmake_clean_first' from command line to 'False'
[0.986s] Level 5:colcon.colcon_core.verb:set package 'tactical_brain' build argument 'cmake_force_configure' from command line to 'False'
[0.986s] Level 5:colcon.colcon_core.verb:set package 'tactical_brain' build argument 'ament_cmake_args' from command line to 'None'
[0.986s] Level 5:colcon.colcon_core.verb:set package 'tactical_brain' build argument 'catkin_cmake_args' from command line to 'None'
[0.986s] Level 5:colcon.colcon_core.verb:set package 'tactical_brain' build argument 'catkin_skip_building_tests' from command line to 'False'
[0.986s] DEBUG:colcon.colcon_core.verb:Building package 'tactical_brain' with the following arguments: {'ament_cmake_args': None, 'build_base': '/ros2_ws/build/tactical_brain', 'catkin_cmake_args': None, 'catkin_skip_building_tests': False, 'cmake_args': None, 'cmake_clean_cache': False, 'cmake_clean_first': False, 'cmake_force_configure': False, 'cmake_target': None, 'cmake_target_skip_unavailable': False, 'install_base': '/ros2_ws/install/tactical_brain', 'merge_install': False, 'path': '/ros2_ws/src/tactical_brain', 'symlink_install': True, 'test_result_base': None}
[0.986s] Level 5:colcon.colcon_core.verb:set package 'telemetry_data' build argument 'cmake_args' from command line to 'None'
[0.986s] Level 5:colcon.colcon_core.verb:set package 'telemetry_data' build argument 'cmake_target' from command line to 'None'
[0.986s] Level 5:colcon.colcon_core.verb:set package 'telemetry_data' build argument 'cmake_target_skip_unavailable' from command line to 'False'
[0.986s] Level 5:colcon.colcon_core.verb:set package 'telemetry_data' build argument 'cmake_clean_cache' from command line to 'False'
[0.986s] Level 5:colcon.colcon_core.verb:set package 'telemetry_data' build argument 'cmake_clean_first' from command line to 'False'
[0.986s] Level 5:colcon.colcon_core.verb:set package 'telemetry_data' build argument 'cmake_force_configure' from command line to 'False'
[0.986s] Level 5:colcon.colcon_core.verb:set package 'telemetry_data' build argument 'ament_cmake_args' from command line to 'None'
[0.986s] Level 5:colcon.colcon_core.verb:set package 'telemetry_data' build argument 'catkin_cmake_args' from command line to 'None'
[0.986s] Level 5:colcon.colcon_core.verb:set package 'telemetry_data' build argument 'catkin_skip_building_tests' from command line to 'False'
[0.986s] DEBUG:colcon.colcon_core.verb:Building package 'telemetry_data' with the following arguments: {'ament_cmake_args': None, 'build_base': '/ros2_ws/build/telemetry_data', 'catkin_cmake_args': None, 'catkin_skip_building_tests': False, 'cmake_args': None, 'cmake_clean_cache': False, 'cmake_clean_first': False, 'cmake_force_configure': False, 'cmake_target': None, 'cmake_target_skip_unavailable': False, 'install_base': '/ros2_ws/install/telemetry_data', 'merge_install': False, 'path': '/ros2_ws/src/telemetry_data', 'symlink_install': True, 'test_result_base': None}
[0.987s] Level 5:colcon.colcon_core.verb:set package 'ydlidar_ros2_driver' build argument 'cmake_args' from command line to 'None'
[0.987s] Level 5:colcon.colcon_core.verb:set package 'ydlidar_ros2_driver' build argument 'cmake_target' from command line to 'None'
[0.987s] Level 5:colcon.colcon_core.verb:set package 'ydlidar_ros2_driver' build argument 'cmake_target_skip_unavailable' from command line to 'False'
[0.987s] Level 5:colcon.colcon_core.verb:set package 'ydlidar_ros2_driver' build argument 'cmake_clean_cache' from command line to 'False'
[0.987s] Level 5:colcon.colcon_core.verb:set package 'ydlidar_ros2_driver' build argument 'cmake_clean_first' from command line to 'False'
[0.987s] Level 5:colcon.colcon_core.verb:set package 'ydlidar_ros2_driver' build argument 'cmake_force_configure' from command line to 'False'
[0.987s] Level 5:colcon.colcon_core.verb:set package 'ydlidar_ros2_driver' build argument 'ament_cmake_args' from command line to 'None'
[0.987s] Level 5:colcon.colcon_core.verb:set package 'ydlidar_ros2_driver' build argument 'catkin_cmake_args' from command line to 'None'
[0.987s] Level 5:colcon.colcon_core.verb:set package 'ydlidar_ros2_driver' build argument 'catkin_skip_building_tests' from command line to 'False'
[0.987s] DEBUG:colcon.colcon_core.verb:Building package 'ydlidar_ros2_driver' with the following arguments: {'ament_cmake_args': None, 'build_base': '/ros2_ws/build/ydlidar_ros2_driver', 'catkin_cmake_args': None, 'catkin_skip_building_tests': False, 'cmake_args': None, 'cmake_clean_cache': False, 'cmake_clean_first': False, 'cmake_force_configure': False, 'cmake_target': None, 'cmake_target_skip_unavailable': False, 'install_base': '/ros2_ws/install/ydlidar_ros2_driver', 'merge_install': False, 'path': '/ros2_ws/src/ydlidar_ros2_driver', 'symlink_install': True, 'test_result_base': None}
[0.987s] Level 5:colcon.colcon_core.verb:set package 'localization' build argument 'cmake_args' from command line to 'None'
[0.987s] Level 5:colcon.colcon_core.verb:set package 'localization' build argument 'cmake_target' from command line to 'None'
[0.987s] Level 5:colcon.colcon_core.verb:set package 'localization' build argument 'cmake_target_skip_unavailable' from command line to 'False'
[0.987s] Level 5:colcon.colcon_core.verb:set package 'localization' build argument 'cmake_clean_cache' from command line to 'False'
[0.987s] Level 5:colcon.colcon_core.verb:set package 'localization' build argument 'cmake_clean_first' from command line to 'False'
[0.987s] Level 5:colcon.colcon_core.verb:set package 'localization' build argument 'cmake_force_configure' from command line to 'False'
[0.987s] Level 5:colcon.colcon_core.verb:set package 'localization' build argument 'ament_cmake_args' from command line to 'None'
[0.987s] Level 5:colcon.colcon_core.verb:set package 'localization' build argument 'catkin_cmake_args' from command line to 'None'
[0.987s] Level 5:colcon.colcon_core.verb:set package 'localization' build argument 'catkin_skip_building_tests' from command line to 'False'
[0.987s] DEBUG:colcon.colcon_core.verb:Building package 'localization' with the following arguments: {'ament_cmake_args': None, 'build_base': '/ros2_ws/build/localization', 'catkin_cmake_args': None, 'catkin_skip_building_tests': False, 'cmake_args': None, 'cmake_clean_cache': False, 'cmake_clean_first': False, 'cmake_force_configure': False, 'cmake_target': None, 'cmake_target_skip_unavailable': False, 'install_base': '/ros2_ws/install/localization', 'merge_install': False, 'path': '/ros2_ws/src/localization', 'symlink_install': True, 'test_result_base': None}
[0.988s] Level 5:colcon.colcon_core.verb:set package 'robot_bringup' build argument 'cmake_args' from command line to 'None'
[0.988s] Level 5:colcon.colcon_core.verb:set package 'robot_bringup' build argument 'cmake_target' from command line to 'None'
[0.988s] Level 5:colcon.colcon_core.verb:set package 'robot_bringup' build argument 'cmake_target_skip_unavailable' from command line to 'False'
[0.988s] Level 5:colcon.colcon_core.verb:set package 'robot_bringup' build argument 'cmake_clean_cache' from command line to 'False'
[0.988s] Level 5:colcon.colcon_core.verb:set package 'robot_bringup' build argument 'cmake_clean_first' from command line to 'False'
[0.988s] Level 5:colcon.colcon_core.verb:set package 'robot_bringup' build argument 'cmake_force_configure' from command line to 'False'
[0.988s] Level 5:colcon.colcon_core.verb:set package 'robot_bringup' build argument 'ament_cmake_args' from command line to 'None'
[0.988s] Level 5:colcon.colcon_core.verb:set package 'robot_bringup' build argument 'catkin_cmake_args' from command line to 'None'
[0.988s] Level 5:colcon.colcon_core.verb:set package 'robot_bringup' build argument 'catkin_skip_building_tests' from command line to 'False'
[0.988s] DEBUG:colcon.colcon_core.verb:Building package 'robot_bringup' with the following arguments: {'ament_cmake_args': None, 'build_base': '/ros2_ws/build/robot_bringup', 'catkin_cmake_args': None, 'catkin_skip_building_tests': False, 'cmake_args': None, 'cmake_clean_cache': False, 'cmake_clean_first': False, 'cmake_force_configure': False, 'cmake_target': None, 'cmake_target_skip_unavailable': False, 'install_base': '/ros2_ws/install/robot_bringup', 'merge_install': False, 'path': '/ros2_ws/src/robot_bringup', 'symlink_install': True, 'test_result_base': None}
[0.988s] INFO:colcon.colcon_core.executor:Executing jobs using 'parallel' executor
[0.989s] DEBUG:colcon.colcon_parallel_executor.executor.parallel:run_until_complete
[0.991s] INFO:colcon.colcon_ros.task.ament_cmake.build:Building ROS package in '/ros2_ws/src/rf2o_laser_odometry' with build type 'ament_cmake'
[0.991s] INFO:colcon.colcon_cmake.task.cmake.build:Building CMake package in '/ros2_ws/src/rf2o_laser_odometry'
[1.003s] INFO:colcon.colcon_core.plugin_system:Skipping extension 'colcon_core.shell.bat': Not used on non-Windows systems
[1.003s] INFO:colcon.colcon_core.shell:Skip shell extension 'powershell' for command environment: Not usable outside of PowerShell
[1.004s] DEBUG:colcon.colcon_core.shell:Skip shell extension 'dsv' for command environment
[1.015s] INFO:colcon.colcon_ros.task.ament_cmake.build:Building ROS package in '/ros2_ws/src/ydlidar_ros2_driver' with build type 'ament_cmake'
[1.016s] INFO:colcon.colcon_cmake.task.cmake.build:Building CMake package in '/ros2_ws/src/ydlidar_ros2_driver'
[1.016s] INFO:colcon.colcon_core.shell:Skip shell extension 'powershell' for command environment: Not usable outside of PowerShell
[1.016s] DEBUG:colcon.colcon_core.shell:Skip shell extension 'dsv' for command environment
[1.022s] INFO:colcon.colcon_ros.task.ament_cmake.build:Building ROS package in '/ros2_ws/src/foxglove' with build type 'ament_cmake'
[1.023s] INFO:colcon.colcon_cmake.task.cmake.build:Building CMake package in '/ros2_ws/src/foxglove'
[1.023s] INFO:colcon.colcon_core.shell:Skip shell extension 'powershell' for command environment: Not usable outside of PowerShell
[1.023s] DEBUG:colcon.colcon_core.shell:Skip shell extension 'dsv' for command environment
[1.029s] INFO:colcon.colcon_ros.task.ament_cmake.build:Building ROS package in '/ros2_ws/src/hardware' with build type 'ament_cmake'
[1.029s] INFO:colcon.colcon_cmake.task.cmake.build:Building CMake package in '/ros2_ws/src/hardware'
[1.030s] INFO:colcon.colcon_core.shell:Skip shell extension 'powershell' for command environment: Not usable outside of PowerShell
[1.030s] DEBUG:colcon.colcon_core.shell:Skip shell extension 'dsv' for command environment
[1.044s] DEBUG:colcon.colcon_core.event_handler.log_command:Invoking command in '/ros2_ws/build/rf2o_laser_odometry': CMAKE_PREFIX_PATH=${CMAKE_PREFIX_PATH}:/ros2_ws/install/tactical_brain:/ros2_ws/install/sensor_fusion_pkg:/ros2_ws/install/icm20948_ros2:/ros2_ws/install/ai_vision:/opt/ros/humble /usr/bin/cmake --build /ros2_ws/build/rf2o_laser_odometry -- -j4 -l4
[1.060s] DEBUG:colcon.colcon_core.event_handler.log_command:Invoking command in '/ros2_ws/build/ydlidar_ros2_driver': CMAKE_PREFIX_PATH=${CMAKE_PREFIX_PATH}:/ros2_ws/install/tactical_brain:/ros2_ws/install/sensor_fusion_pkg:/ros2_ws/install/icm20948_ros2:/ros2_ws/install/ai_vision:/opt/ros/humble /usr/bin/cmake --build /ros2_ws/build/ydlidar_ros2_driver -- -j4 -l4
[1.081s] DEBUG:colcon.colcon_core.event_handler.log_command:Invoking command in '/ros2_ws/build/foxglove': CMAKE_PREFIX_PATH=${CMAKE_PREFIX_PATH}:/ros2_ws/install/tactical_brain:/ros2_ws/install/sensor_fusion_pkg:/ros2_ws/install/icm20948_ros2:/ros2_ws/install/ai_vision:/opt/ros/humble /usr/bin/cmake --build /ros2_ws/build/foxglove -- -j4 -l4
[1.099s] DEBUG:colcon.colcon_core.event_handler.log_command:Invoking command in '/ros2_ws/build/hardware': CMAKE_PREFIX_PATH=${CMAKE_PREFIX_PATH}:/ros2_ws/install/tactical_brain:/ros2_ws/install/sensor_fusion_pkg:/ros2_ws/install/icm20948_ros2:/ros2_ws/install/ai_vision:/opt/ros/humble /usr/bin/cmake --build /ros2_ws/build/hardware -- -j4 -l4
[1.355s] DEBUG:colcon.colcon_core.event_handler.log_command:Invoked command in '/ros2_ws/build/foxglove' returned '0': CMAKE_PREFIX_PATH=${CMAKE_PREFIX_PATH}:/ros2_ws/install/tactical_brain:/ros2_ws/install/sensor_fusion_pkg:/ros2_ws/install/icm20948_ros2:/ros2_ws/install/ai_vision:/opt/ros/humble /usr/bin/cmake --build /ros2_ws/build/foxglove -- -j4 -l4
[1.369s] DEBUG:colcon.colcon_core.event_handler.log_command:Invoking command in '/ros2_ws/build/foxglove': CMAKE_PREFIX_PATH=${CMAKE_PREFIX_PATH}:/ros2_ws/install/tactical_brain:/ros2_ws/install/sensor_fusion_pkg:/ros2_ws/install/icm20948_ros2:/ros2_ws/install/ai_vision:/opt/ros/humble /usr/bin/cmake --install /ros2_ws/build/foxglove
[1.420s] Level 1:colcon.colcon_core.environment:create_environment_scripts_only(foxglove)
[1.421s] DEBUG:colcon.colcon_core.event_handler.log_command:Invoked command in '/ros2_ws/build/foxglove' returned '0': CMAKE_PREFIX_PATH=${CMAKE_PREFIX_PATH}:/ros2_ws/install/tactical_brain:/ros2_ws/install/sensor_fusion_pkg:/ros2_ws/install/icm20948_ros2:/ros2_ws/install/ai_vision:/opt/ros/humble /usr/bin/cmake --install /ros2_ws/build/foxglove
[1.496s] Level 1:colcon.colcon_core.environment:checking '/ros2_ws/install/foxglove' for CMake module files
[1.496s] Level 1:colcon.colcon_core.environment:checking '/ros2_ws/install/foxglove' for CMake config files
[1.497s] Level 1:colcon.colcon_core.shell:create_environment_hook('foxglove', 'cmake_prefix_path')
[1.497s] INFO:colcon.colcon_core.shell:Creating environment hook '/ros2_ws/install/foxglove/share/foxglove/hook/cmake_prefix_path.ps1'
[1.507s] INFO:colcon.colcon_core.shell:Creating environment descriptor '/ros2_ws/install/foxglove/share/foxglove/hook/cmake_prefix_path.dsv'
[1.523s] INFO:colcon.colcon_core.shell:Creating environment hook '/ros2_ws/install/foxglove/share/foxglove/hook/cmake_prefix_path.sh'
[1.529s] Level 1:colcon.colcon_core.environment:checking '/ros2_ws/install/foxglove/bin'
[1.529s] Level 1:colcon.colcon_core.environment:checking '/ros2_ws/install/foxglove/lib/pkgconfig/foxglove.pc'
[1.535s] Level 1:colcon.colcon_core.environment:checking '/ros2_ws/install/foxglove/lib/python3.10/site-packages'
[1.536s] Level 1:colcon.colcon_core.environment:checking '/ros2_ws/install/foxglove/bin'
[1.536s] INFO:colcon.colcon_core.shell:Creating package script '/ros2_ws/install/foxglove/share/foxglove/package.ps1'
[1.543s] INFO:colcon.colcon_core.shell:Creating package descriptor '/ros2_ws/install/foxglove/share/foxglove/package.dsv'
[1.549s] INFO:colcon.colcon_core.shell:Creating package script '/ros2_ws/install/foxglove/share/foxglove/package.sh'
[1.551s] INFO:colcon.colcon_core.shell:Creating package script '/ros2_ws/install/foxglove/share/foxglove/package.bash'
[1.564s] INFO:colcon.colcon_core.shell:Creating package script '/ros2_ws/install/foxglove/share/foxglove/package.zsh'
[1.573s] Level 1:colcon.colcon_core.environment:create_file_with_runtime_dependencies(/ros2_ws/install/foxglove/share/colcon-core/packages/foxglove)
[1.574s] Level 1:colcon.colcon_core.environment:create_environment_scripts_only(foxglove)
[1.574s] Level 1:colcon.colcon_core.environment:checking '/ros2_ws/install/foxglove' for CMake module files
[1.574s] Level 1:colcon.colcon_core.environment:checking '/ros2_ws/install/foxglove' for CMake config files
[1.575s] Level 1:colcon.colcon_core.shell:create_environment_hook('foxglove', 'cmake_prefix_path')
[1.575s] INFO:colcon.colcon_core.shell:Creating environment hook '/ros2_ws/install/foxglove/share/foxglove/hook/cmake_prefix_path.ps1'
[1.576s] INFO:colcon.colcon_core.shell:Creating environment descriptor '/ros2_ws/install/foxglove/share/foxglove/hook/cmake_prefix_path.dsv'
[1.576s] INFO:colcon.colcon_core.shell:Creating environment hook '/ros2_ws/install/foxglove/share/foxglove/hook/cmake_prefix_path.sh'
[1.577s] Level 1:colcon.colcon_core.environment:checking '/ros2_ws/install/foxglove/bin'
[1.577s] Level 1:colcon.colcon_core.environment:checking '/ros2_ws/install/foxglove/lib/pkgconfig/foxglove.pc'
[1.577s] Level 1:colcon.colcon_core.environment:checking '/ros2_ws/install/foxglove/lib/python3.10/site-packages'
[1.578s] Level 1:colcon.colcon_core.environment:checking '/ros2_ws/install/foxglove/bin'
[1.578s] INFO:colcon.colcon_core.shell:Creating package script '/ros2_ws/install/foxglove/share/foxglove/package.ps1'
[1.579s] INFO:colcon.colcon_core.shell:Creating package descriptor '/ros2_ws/install/foxglove/share/foxglove/package.dsv'
[1.579s] INFO:colcon.colcon_core.shell:Creating package script '/ros2_ws/install/foxglove/share/foxglove/package.sh'
[1.580s] INFO:colcon.colcon_core.shell:Creating package script '/ros2_ws/install/foxglove/share/foxglove/package.bash'
[1.580s] INFO:colcon.colcon_core.shell:Creating package script '/ros2_ws/install/foxglove/share/foxglove/package.zsh'
[1.581s] Level 1:colcon.colcon_core.environment:create_file_with_runtime_dependencies(/ros2_ws/install/foxglove/share/colcon-core/packages/foxglove)
[1.581s] INFO:colcon.colcon_ros.task.ament_cmake.build:Building ROS package in '/ros2_ws/src/navigation' with build type 'ament_cmake'
[1.581s] INFO:colcon.colcon_cmake.task.cmake.build:Building CMake package in '/ros2_ws/src/navigation'
[1.582s] INFO:colcon.colcon_core.shell:Skip shell extension 'powershell' for command environment: Not usable outside of PowerShell
[1.582s] DEBUG:colcon.colcon_core.shell:Skip shell extension 'dsv' for command environment
[1.602s] DEBUG:colcon.colcon_core.event_handler.log_command:Invoking command in '/ros2_ws/build/navigation': CMAKE_PREFIX_PATH=${CMAKE_PREFIX_PATH}:/ros2_ws/install/tactical_brain:/ros2_ws/install/sensor_fusion_pkg:/ros2_ws/install/icm20948_ros2:/ros2_ws/install/ai_vision:/opt/ros/humble /usr/bin/cmake --build /ros2_ws/build/navigation -- -j4 -l4
[1.654s] DEBUG:colcon.colcon_core.event_handler.log_command:Invoked command in '/ros2_ws/build/navigation' returned '0': CMAKE_PREFIX_PATH=${CMAKE_PREFIX_PATH}:/ros2_ws/install/tactical_brain:/ros2_ws/install/sensor_fusion_pkg:/ros2_ws/install/icm20948_ros2:/ros2_ws/install/ai_vision:/opt/ros/humble /usr/bin/cmake --build /ros2_ws/build/navigation -- -j4 -l4
[1.666s] DEBUG:colcon.colcon_core.event_handler.log_command:Invoking command in '/ros2_ws/build/navigation': CMAKE_PREFIX_PATH=${CMAKE_PREFIX_PATH}:/ros2_ws/install/tactical_brain:/ros2_ws/install/sensor_fusion_pkg:/ros2_ws/install/icm20948_ros2:/ros2_ws/install/ai_vision:/opt/ros/humble /usr/bin/cmake --install /ros2_ws/build/navigation
[1.696s] Level 1:colcon.colcon_core.environment:create_environment_scripts_only(navigation)
[1.696s] Level 1:colcon.colcon_core.environment:checking '/ros2_ws/install/navigation' for CMake module files
[1.697s] DEBUG:colcon.colcon_core.event_handler.log_command:Invoked command in '/ros2_ws/build/navigation' returned '0': CMAKE_PREFIX_PATH=${CMAKE_PREFIX_PATH}:/ros2_ws/install/tactical_brain:/ros2_ws/install/sensor_fusion_pkg:/ros2_ws/install/icm20948_ros2:/ros2_ws/install/ai_vision:/opt/ros/humble /usr/bin/cmake --install /ros2_ws/build/navigation
[1.697s] Level 1:colcon.colcon_core.environment:checking '/ros2_ws/install/navigation' for CMake config files
[1.697s] Level 1:colcon.colcon_core.shell:create_environment_hook('navigation', 'cmake_prefix_path')
[1.698s] INFO:colcon.colcon_core.shell:Creating environment hook '/ros2_ws/install/navigation/share/navigation/hook/cmake_prefix_path.ps1'
[1.699s] INFO:colcon.colcon_core.shell:Creating environment descriptor '/ros2_ws/install/navigation/share/navigation/hook/cmake_prefix_path.dsv'
[1.699s] INFO:colcon.colcon_core.shell:Creating environment hook '/ros2_ws/install/navigation/share/navigation/hook/cmake_prefix_path.sh'
[1.700s] Level 1:colcon.colcon_core.environment:checking '/ros2_ws/install/navigation/bin'
[1.700s] Level 1:colcon.colcon_core.environment:checking '/ros2_ws/install/navigation/lib/pkgconfig/navigation.pc'
[1.700s] Level 1:colcon.colcon_core.environment:checking '/ros2_ws/install/navigation/lib/python3.10/site-packages'
[1.701s] Level 1:colcon.colcon_core.environment:checking '/ros2_ws/install/navigation/bin'
[1.701s] INFO:colcon.colcon_core.shell:Creating package script '/ros2_ws/install/navigation/share/navigation/package.ps1'
[1.702s] INFO:colcon.colcon_core.shell:Creating package descriptor '/ros2_ws/install/navigation/share/navigation/package.dsv'
[1.702s] INFO:colcon.colcon_core.shell:Creating package script '/ros2_ws/install/navigation/share/navigation/package.sh'
[1.703s] INFO:colcon.colcon_core.shell:Creating package script '/ros2_ws/install/navigation/share/navigation/package.bash'
[1.703s] INFO:colcon.colcon_core.shell:Creating package script '/ros2_ws/install/navigation/share/navigation/package.zsh'
[1.703s] Level 1:colcon.colcon_core.environment:create_file_with_runtime_dependencies(/ros2_ws/install/navigation/share/colcon-core/packages/navigation)
[1.704s] Level 1:colcon.colcon_core.environment:create_environment_scripts_only(navigation)
[1.704s] Level 1:colcon.colcon_core.environment:checking '/ros2_ws/install/navigation' for CMake module files
[1.705s] Level 1:colcon.colcon_core.environment:checking '/ros2_ws/install/navigation' for CMake config files
[1.705s] Level 1:colcon.colcon_core.shell:create_environment_hook('navigation', 'cmake_prefix_path')
[1.705s] INFO:colcon.colcon_core.shell:Creating environment hook '/ros2_ws/install/navigation/share/navigation/hook/cmake_prefix_path.ps1'
[1.709s] INFO:colcon.colcon_core.shell:Creating environment descriptor '/ros2_ws/install/navigation/share/navigation/hook/cmake_prefix_path.dsv'
[1.711s] INFO:colcon.colcon_core.shell:Creating environment hook '/ros2_ws/install/navigation/share/navigation/hook/cmake_prefix_path.sh'
[1.712s] Level 1:colcon.colcon_core.environment:checking '/ros2_ws/install/navigation/bin'
[1.712s] Level 1:colcon.colcon_core.environment:checking '/ros2_ws/install/navigation/lib/pkgconfig/navigation.pc'
[1.712s] Level 1:colcon.colcon_core.environment:checking '/ros2_ws/install/navigation/lib/python3.10/site-packages'
[1.713s] Level 1:colcon.colcon_core.environment:checking '/ros2_ws/install/navigation/bin'
[1.713s] INFO:colcon.colcon_core.shell:Creating package script '/ros2_ws/install/navigation/share/navigation/package.ps1'
[1.714s] INFO:colcon.colcon_core.shell:Creating package descriptor '/ros2_ws/install/navigation/share/navigation/package.dsv'
[1.714s] INFO:colcon.colcon_core.shell:Creating package script '/ros2_ws/install/navigation/share/navigation/package.sh'
[1.715s] INFO:colcon.colcon_core.shell:Creating package script '/ros2_ws/install/navigation/share/navigation/package.bash'
[1.715s] INFO:colcon.colcon_core.shell:Creating package script '/ros2_ws/install/navigation/share/navigation/package.zsh'
[1.715s] Level 1:colcon.colcon_core.environment:create_file_with_runtime_dependencies(/ros2_ws/install/navigation/share/colcon-core/packages/navigation)
[1.716s] INFO:colcon.colcon_ros.task.ament_python.build:Building ROS package in '/ros2_ws/src/ai_vision' with build type 'ament_python'
[1.716s] Level 1:colcon.colcon_core.shell:create_environment_hook('ai_vision', 'ament_prefix_path')
[1.716s] INFO:colcon.colcon_core.shell:Creating environment hook '/ros2_ws/install/ai_vision/share/ai_vision/hook/ament_prefix_path.ps1'
[1.717s] INFO:colcon.colcon_core.shell:Creating environment descriptor '/ros2_ws/install/ai_vision/share/ai_vision/hook/ament_prefix_path.dsv'
[1.718s] INFO:colcon.colcon_core.shell:Creating environment hook '/ros2_ws/install/ai_vision/share/ai_vision/hook/ament_prefix_path.sh'
[1.719s] INFO:colcon.colcon_core.shell:Skip shell extension 'powershell' for command environment: Not usable outside of PowerShell
[1.719s] DEBUG:colcon.colcon_core.shell:Skip shell extension 'dsv' for command environment
[2.050s] INFO:colcon.colcon_core.task.python.build:Building Python package in '/ros2_ws/src/ai_vision'
[2.051s] INFO:colcon.colcon_core.shell:Skip shell extension 'powershell' for command environment: Not usable outside of PowerShell
[2.051s] DEBUG:colcon.colcon_core.shell:Skip shell extension 'dsv' for command environment
[2.057s] DEBUG:colcon.colcon_core.event_handler.log_command:Invoked command in '/ros2_ws/build/hardware' returned '0': CMAKE_PREFIX_PATH=${CMAKE_PREFIX_PATH}:/ros2_ws/install/tactical_brain:/ros2_ws/install/sensor_fusion_pkg:/ros2_ws/install/icm20948_ros2:/ros2_ws/install/ai_vision:/opt/ros/humble /usr/bin/cmake --build /ros2_ws/build/hardware -- -j4 -l4
[2.060s] DEBUG:colcon.colcon_core.event_handler.log_command:Invoking command in '/ros2_ws/build/hardware': CMAKE_PREFIX_PATH=${CMAKE_PREFIX_PATH}:/ros2_ws/install/tactical_brain:/ros2_ws/install/sensor_fusion_pkg:/ros2_ws/install/icm20948_ros2:/ros2_ws/install/ai_vision:/opt/ros/humble /usr/bin/cmake --install /ros2_ws/build/hardware
[2.060s] DEBUG:colcon.colcon_core.event_handler.log_command:Invoked command in '/ros2_ws/build/rf2o_laser_odometry' returned '0': CMAKE_PREFIX_PATH=${CMAKE_PREFIX_PATH}:/ros2_ws/install/tactical_brain:/ros2_ws/install/sensor_fusion_pkg:/ros2_ws/install/icm20948_ros2:/ros2_ws/install/ai_vision:/opt/ros/humble /usr/bin/cmake --build /ros2_ws/build/rf2o_laser_odometry -- -j4 -l4
[2.063s] DEBUG:colcon.colcon_core.event_handler.log_command:Invoking command in '/ros2_ws/build/rf2o_laser_odometry': CMAKE_PREFIX_PATH=${CMAKE_PREFIX_PATH}:/ros2_ws/install/tactical_brain:/ros2_ws/install/sensor_fusion_pkg:/ros2_ws/install/icm20948_ros2:/ros2_ws/install/ai_vision:/opt/ros/humble /usr/bin/cmake --install /ros2_ws/build/rf2o_laser_odometry
[2.065s] DEBUG:colcon.colcon_core.event_handler.log_command:Invoked command in '/ros2_ws/build/ydlidar_ros2_driver' returned '0': CMAKE_PREFIX_PATH=${CMAKE_PREFIX_PATH}:/ros2_ws/install/tactical_brain:/ros2_ws/install/sensor_fusion_pkg:/ros2_ws/install/icm20948_ros2:/ros2_ws/install/ai_vision:/opt/ros/humble /usr/bin/cmake --build /ros2_ws/build/ydlidar_ros2_driver -- -j4 -l4
[2.069s] DEBUG:colcon.colcon_core.event_handler.log_command:Invoking command in '/ros2_ws/build/ydlidar_ros2_driver': CMAKE_PREFIX_PATH=${CMAKE_PREFIX_PATH}:/ros2_ws/install/tactical_brain:/ros2_ws/install/sensor_fusion_pkg:/ros2_ws/install/icm20948_ros2:/ros2_ws/install/ai_vision:/opt/ros/humble /usr/bin/cmake --install /ros2_ws/build/ydlidar_ros2_driver
[2.103s] Level 1:colcon.colcon_core.environment:create_environment_scripts_only(ydlidar_ros2_driver)
[2.104s] Level 1:colcon.colcon_core.environment:checking '/ros2_ws/install/ydlidar_ros2_driver' for CMake module files
[2.105s] Level 1:colcon.colcon_core.environment:checking '/ros2_ws/install/ydlidar_ros2_driver' for CMake config files
[2.106s] Level 1:colcon.colcon_core.shell:create_environment_hook('ydlidar_ros2_driver', 'cmake_prefix_path')
[2.106s] INFO:colcon.colcon_core.shell:Creating environment hook '/ros2_ws/install/ydlidar_ros2_driver/share/ydlidar_ros2_driver/hook/cmake_prefix_path.ps1'
[2.107s] INFO:colcon.colcon_core.shell:Creating environment descriptor '/ros2_ws/install/ydlidar_ros2_driver/share/ydlidar_ros2_driver/hook/cmake_prefix_path.dsv'
[2.108s] INFO:colcon.colcon_core.shell:Creating environment hook '/ros2_ws/install/ydlidar_ros2_driver/share/ydlidar_ros2_driver/hook/cmake_prefix_path.sh'
[2.112s] Level 1:colcon.colcon_core.environment:checking '/ros2_ws/install/ydlidar_ros2_driver/lib'
[2.113s] DEBUG:colcon.colcon_core.event_handler.log_command:Invoked command in '/ros2_ws/build/ydlidar_ros2_driver' returned '0': CMAKE_PREFIX_PATH=${CMAKE_PREFIX_PATH}:/ros2_ws/install/tactical_brain:/ros2_ws/install/sensor_fusion_pkg:/ros2_ws/install/icm20948_ros2:/ros2_ws/install/ai_vision:/opt/ros/humble /usr/bin/cmake --install /ros2_ws/build/ydlidar_ros2_driver
[2.113s] Level 1:colcon.colcon_core.environment:checking '/ros2_ws/install/ydlidar_ros2_driver/bin'
[2.113s] Level 1:colcon.colcon_core.environment:checking '/ros2_ws/install/ydlidar_ros2_driver/lib/pkgconfig/ydlidar_ros2_driver.pc'
[2.113s] Level 1:colcon.colcon_core.environment:checking '/ros2_ws/install/ydlidar_ros2_driver/lib/python3.10/site-packages'
[2.114s] Level 1:colcon.colcon_core.environment:checking '/ros2_ws/install/ydlidar_ros2_driver/bin'
[2.114s] INFO:colcon.colcon_core.shell:Creating package script '/ros2_ws/install/ydlidar_ros2_driver/share/ydlidar_ros2_driver/package.ps1'
[2.115s] INFO:colcon.colcon_core.shell:Creating package descriptor '/ros2_ws/install/ydlidar_ros2_driver/share/ydlidar_ros2_driver/package.dsv'
[2.116s] INFO:colcon.colcon_core.shell:Creating package script '/ros2_ws/install/ydlidar_ros2_driver/share/ydlidar_ros2_driver/package.sh'
[2.117s] INFO:colcon.colcon_core.shell:Creating package script '/ros2_ws/install/ydlidar_ros2_driver/share/ydlidar_ros2_driver/package.bash'
[2.117s] INFO:colcon.colcon_core.shell:Creating package script '/ros2_ws/install/ydlidar_ros2_driver/share/ydlidar_ros2_driver/package.zsh'
[2.120s] Level 1:colcon.colcon_core.environment:create_file_with_runtime_dependencies(/ros2_ws/install/ydlidar_ros2_driver/share/colcon-core/packages/ydlidar_ros2_driver)
[2.127s] Level 1:colcon.colcon_core.environment:create_environment_scripts_only(ydlidar_ros2_driver)
[2.127s] Level 1:colcon.colcon_core.environment:checking '/ros2_ws/install/ydlidar_ros2_driver' for CMake module files
[2.128s] Level 1:colcon.colcon_core.environment:checking '/ros2_ws/install/ydlidar_ros2_driver' for CMake config files
[2.128s] Level 1:colcon.colcon_core.shell:create_environment_hook('ydlidar_ros2_driver', 'cmake_prefix_path')
[2.129s] INFO:colcon.colcon_core.shell:Creating environment hook '/ros2_ws/install/ydlidar_ros2_driver/share/ydlidar_ros2_driver/hook/cmake_prefix_path.ps1'
[2.130s] INFO:colcon.colcon_core.shell:Creating environment descriptor '/ros2_ws/install/ydlidar_ros2_driver/share/ydlidar_ros2_driver/hook/cmake_prefix_path.dsv'
[2.130s] INFO:colcon.colcon_core.shell:Creating environment hook '/ros2_ws/install/ydlidar_ros2_driver/share/ydlidar_ros2_driver/hook/cmake_prefix_path.sh'
[2.131s] Level 1:colcon.colcon_core.environment:checking '/ros2_ws/install/ydlidar_ros2_driver/lib'
[2.131s] Level 1:colcon.colcon_core.environment:checking '/ros2_ws/install/ydlidar_ros2_driver/bin'
[2.131s] Level 1:colcon.colcon_core.environment:checking '/ros2_ws/install/ydlidar_ros2_driver/lib/pkgconfig/ydlidar_ros2_driver.pc'
[2.131s] Level 1:colcon.colcon_core.environment:checking '/ros2_ws/install/ydlidar_ros2_driver/lib/python3.10/site-packages'
[2.132s] Level 1:colcon.colcon_core.environment:checking '/ros2_ws/install/ydlidar_ros2_driver/bin'
[2.132s] INFO:colcon.colcon_core.shell:Creating package script '/ros2_ws/install/ydlidar_ros2_driver/share/ydlidar_ros2_driver/package.ps1'
[2.133s] INFO:colcon.colcon_core.shell:Creating package descriptor '/ros2_ws/install/ydlidar_ros2_driver/share/ydlidar_ros2_driver/package.dsv'
[2.134s] INFO:colcon.colcon_core.shell:Creating package script '/ros2_ws/install/ydlidar_ros2_driver/share/ydlidar_ros2_driver/package.sh'
[2.135s] INFO:colcon.colcon_core.shell:Creating package script '/ros2_ws/install/ydlidar_ros2_driver/share/ydlidar_ros2_driver/package.bash'
[2.138s] INFO:colcon.colcon_core.shell:Creating package script '/ros2_ws/install/ydlidar_ros2_driver/share/ydlidar_ros2_driver/package.zsh'
[2.138s] Level 1:colcon.colcon_core.environment:create_file_with_runtime_dependencies(/ros2_ws/install/ydlidar_ros2_driver/share/colcon-core/packages/ydlidar_ros2_driver)
[2.139s] Level 1:colcon.colcon_core.environment:create_environment_scripts_only(rf2o_laser_odometry)
[2.140s] Level 1:colcon.colcon_core.environment:checking '/ros2_ws/install/rf2o_laser_odometry' for CMake module files
[2.141s] Level 1:colcon.colcon_core.environment:checking '/ros2_ws/install/rf2o_laser_odometry' for CMake config files
[2.141s] DEBUG:colcon.colcon_core.event_handler.log_command:Invoked command in '/ros2_ws/build/rf2o_laser_odometry' returned '0': CMAKE_PREFIX_PATH=${CMAKE_PREFIX_PATH}:/ros2_ws/install/tactical_brain:/ros2_ws/install/sensor_fusion_pkg:/ros2_ws/install/icm20948_ros2:/ros2_ws/install/ai_vision:/opt/ros/humble /usr/bin/cmake --install /ros2_ws/build/rf2o_laser_odometry
[2.142s] Level 1:colcon.colcon_core.shell:create_environment_hook('rf2o_laser_odometry', 'cmake_prefix_path')
[2.142s] INFO:colcon.colcon_core.shell:Creating environment hook '/ros2_ws/install/rf2o_laser_odometry/share/rf2o_laser_odometry/hook/cmake_prefix_path.ps1'
[2.143s] INFO:colcon.colcon_core.shell:Creating environment descriptor '/ros2_ws/install/rf2o_laser_odometry/share/rf2o_laser_odometry/hook/cmake_prefix_path.dsv'
[2.145s] INFO:colcon.colcon_core.shell:Creating environment hook '/ros2_ws/install/rf2o_laser_odometry/share/rf2o_laser_odometry/hook/cmake_prefix_path.sh'
[2.146s] Level 1:colcon.colcon_core.environment:checking '/ros2_ws/install/rf2o_laser_odometry/lib'
[2.147s] Level 1:colcon.colcon_core.environment:checking '/ros2_ws/install/rf2o_laser_odometry/bin'
[2.147s] Level 1:colcon.colcon_core.environment:checking '/ros2_ws/install/rf2o_laser_odometry/lib/pkgconfig/rf2o_laser_odometry.pc'
[2.147s] Level 1:colcon.colcon_core.environment:checking '/ros2_ws/install/rf2o_laser_odometry/lib/python3.10/site-packages'
[2.148s] Level 1:colcon.colcon_core.environment:checking '/ros2_ws/install/rf2o_laser_odometry/bin'
[2.148s] INFO:colcon.colcon_core.shell:Creating package script '/ros2_ws/install/rf2o_laser_odometry/share/rf2o_laser_odometry/package.ps1'
[2.149s] INFO:colcon.colcon_core.shell:Creating package descriptor '/ros2_ws/install/rf2o_laser_odometry/share/rf2o_laser_odometry/package.dsv'
[2.150s] INFO:colcon.colcon_core.shell:Creating package script '/ros2_ws/install/rf2o_laser_odometry/share/rf2o_laser_odometry/package.sh'
[2.153s] INFO:colcon.colcon_core.shell:Creating package script '/ros2_ws/install/rf2o_laser_odometry/share/rf2o_laser_odometry/package.bash'
[2.161s] INFO:colcon.colcon_core.shell:Creating package script '/ros2_ws/install/rf2o_laser_odometry/share/rf2o_laser_odometry/package.zsh'
[2.162s] Level 1:colcon.colcon_core.environment:create_file_with_runtime_dependencies(/ros2_ws/install/rf2o_laser_odometry/share/colcon-core/packages/rf2o_laser_odometry)
[2.163s] Level 1:colcon.colcon_core.environment:create_environment_scripts_only(rf2o_laser_odometry)
[2.163s] Level 1:colcon.colcon_core.environment:checking '/ros2_ws/install/rf2o_laser_odometry' for CMake module files
[2.164s] Level 1:colcon.colcon_core.environment:checking '/ros2_ws/install/rf2o_laser_odometry' for CMake config files
[2.164s] Level 1:colcon.colcon_core.shell:create_environment_hook('rf2o_laser_odometry', 'cmake_prefix_path')
[2.165s] INFO:colcon.colcon_core.shell:Creating environment hook '/ros2_ws/install/rf2o_laser_odometry/share/rf2o_laser_odometry/hook/cmake_prefix_path.ps1'
[2.165s] INFO:colcon.colcon_core.shell:Creating environment descriptor '/ros2_ws/install/rf2o_laser_odometry/share/rf2o_laser_odometry/hook/cmake_prefix_path.dsv'
[2.168s] INFO:colcon.colcon_core.shell:Creating environment hook '/ros2_ws/install/rf2o_laser_odometry/share/rf2o_laser_odometry/hook/cmake_prefix_path.sh'
[2.169s] Level 1:colcon.colcon_core.environment:checking '/ros2_ws/install/rf2o_laser_odometry/lib'
[2.169s] Level 1:colcon.colcon_core.environment:checking '/ros2_ws/install/rf2o_laser_odometry/bin'
[2.169s] Level 1:colcon.colcon_core.environment:checking '/ros2_ws/install/rf2o_laser_odometry/lib/pkgconfig/rf2o_laser_odometry.pc'
[2.170s] Level 1:colcon.colcon_core.environment:checking '/ros2_ws/install/rf2o_laser_odometry/lib/python3.10/site-packages'
[2.170s] Level 1:colcon.colcon_core.environment:checking '/ros2_ws/install/rf2o_laser_odometry/bin'
[2.171s] INFO:colcon.colcon_core.shell:Creating package script '/ros2_ws/install/rf2o_laser_odometry/share/rf2o_laser_odometry/package.ps1'
[2.172s] INFO:colcon.colcon_core.shell:Creating package descriptor '/ros2_ws/install/rf2o_laser_odometry/share/rf2o_laser_odometry/package.dsv'
[2.174s] INFO:colcon.colcon_core.shell:Creating package script '/ros2_ws/install/rf2o_laser_odometry/share/rf2o_laser_odometry/package.sh'
[2.176s] INFO:colcon.colcon_core.shell:Creating package script '/ros2_ws/install/rf2o_laser_odometry/share/rf2o_laser_odometry/package.bash'
[2.177s] INFO:colcon.colcon_core.shell:Creating package script '/ros2_ws/install/rf2o_laser_odometry/share/rf2o_laser_odometry/package.zsh'
[2.178s] Level 1:colcon.colcon_core.environment:create_file_with_runtime_dependencies(/ros2_ws/install/rf2o_laser_odometry/share/colcon-core/packages/rf2o_laser_odometry)
[2.179s] Level 1:colcon.colcon_core.environment:create_environment_scripts_only(hardware)
[2.179s] Level 1:colcon.colcon_core.environment:checking '/ros2_ws/install/hardware' for CMake module files
[2.180s] Level 1:colcon.colcon_core.environment:checking '/ros2_ws/install/hardware' for CMake config files
[2.181s] Level 1:colcon.colcon_core.shell:create_environment_hook('hardware', 'cmake_prefix_path')
[2.181s] INFO:colcon.colcon_core.shell:Creating environment hook '/ros2_ws/install/hardware/share/hardware/hook/cmake_prefix_path.ps1'
[2.182s] DEBUG:colcon.colcon_core.event_handler.log_command:Invoked command in '/ros2_ws/build/hardware' returned '0': CMAKE_PREFIX_PATH=${CMAKE_PREFIX_PATH}:/ros2_ws/install/tactical_brain:/ros2_ws/install/sensor_fusion_pkg:/ros2_ws/install/icm20948_ros2:/ros2_ws/install/ai_vision:/opt/ros/humble /usr/bin/cmake --install /ros2_ws/build/hardware
[2.182s] INFO:colcon.colcon_core.shell:Creating environment descriptor '/ros2_ws/install/hardware/share/hardware/hook/cmake_prefix_path.dsv'
[2.183s] INFO:colcon.colcon_core.shell:Creating environment hook '/ros2_ws/install/hardware/share/hardware/hook/cmake_prefix_path.sh'
[2.188s] Level 1:colcon.colcon_core.environment:checking '/ros2_ws/install/hardware/lib'
[2.188s] Level 1:colcon.colcon_core.shell:create_environment_hook('hardware', 'ld_library_path_lib')
[2.189s] INFO:colcon.colcon_core.shell:Creating environment hook '/ros2_ws/install/hardware/share/hardware/hook/ld_library_path_lib.ps1'
[2.193s] INFO:colcon.colcon_core.shell:Creating environment descriptor '/ros2_ws/install/hardware/share/hardware/hook/ld_library_path_lib.dsv'
[2.196s] INFO:colcon.colcon_core.shell:Creating environment hook '/ros2_ws/install/hardware/share/hardware/hook/ld_library_path_lib.sh'
[2.197s] Level 1:colcon.colcon_core.environment:checking '/ros2_ws/install/hardware/bin'
[2.198s] Level 1:colcon.colcon_core.environment:checking '/ros2_ws/install/hardware/lib/pkgconfig/hardware.pc'
[2.198s] Level 1:colcon.colcon_core.environment:checking '/ros2_ws/install/hardware/lib/python3.10/site-packages'
[2.199s] Level 1:colcon.colcon_core.environment:checking '/ros2_ws/install/hardware/bin'
[2.200s] INFO:colcon.colcon_core.shell:Creating package script '/ros2_ws/install/hardware/share/hardware/package.ps1'
[2.201s] INFO:colcon.colcon_core.shell:Creating package descriptor '/ros2_ws/install/hardware/share/hardware/package.dsv'
[2.202s] INFO:colcon.colcon_core.shell:Creating package script '/ros2_ws/install/hardware/share/hardware/package.sh'
[2.203s] INFO:colcon.colcon_core.shell:Creating package script '/ros2_ws/install/hardware/share/hardware/package.bash'
[2.206s] INFO:colcon.colcon_core.shell:Creating package script '/ros2_ws/install/hardware/share/hardware/package.zsh'
[2.207s] Level 1:colcon.colcon_core.environment:create_file_with_runtime_dependencies(/ros2_ws/install/hardware/share/colcon-core/packages/hardware)
[2.208s] Level 1:colcon.colcon_core.environment:create_environment_scripts_only(hardware)
[2.209s] Level 1:colcon.colcon_core.environment:checking '/ros2_ws/install/hardware' for CMake module files
[2.210s] Level 1:colcon.colcon_core.environment:checking '/ros2_ws/install/hardware' for CMake config files
[2.210s] Level 1:colcon.colcon_core.shell:create_environment_hook('hardware', 'cmake_prefix_path')
[2.211s] INFO:colcon.colcon_core.shell:Creating environment hook '/ros2_ws/install/hardware/share/hardware/hook/cmake_prefix_path.ps1'
[2.212s] INFO:colcon.colcon_core.shell:Creating environment descriptor '/ros2_ws/install/hardware/share/hardware/hook/cmake_prefix_path.dsv'
[2.214s] INFO:colcon.colcon_core.shell:Creating environment hook '/ros2_ws/install/hardware/share/hardware/hook/cmake_prefix_path.sh'
[2.215s] Level 1:colcon.colcon_core.environment:checking '/ros2_ws/install/hardware/lib'
[2.216s] Level 1:colcon.colcon_core.shell:create_environment_hook('hardware', 'ld_library_path_lib')
[2.216s] INFO:colcon.colcon_core.shell:Creating environment hook '/ros2_ws/install/hardware/share/hardware/hook/ld_library_path_lib.ps1'
[2.217s] INFO:colcon.colcon_core.shell:Creating environment descriptor '/ros2_ws/install/hardware/share/hardware/hook/ld_library_path_lib.dsv'
[2.217s] INFO:colcon.colcon_core.shell:Creating environment hook '/ros2_ws/install/hardware/share/hardware/hook/ld_library_path_lib.sh'
[2.220s] Level 1:colcon.colcon_core.environment:checking '/ros2_ws/install/hardware/bin'
[2.220s] Level 1:colcon.colcon_core.environment:checking '/ros2_ws/install/hardware/lib/pkgconfig/hardware.pc'
[2.221s] Level 1:colcon.colcon_core.environment:checking '/ros2_ws/install/hardware/lib/python3.10/site-packages'
[2.221s] Level 1:colcon.colcon_core.environment:checking '/ros2_ws/install/hardware/bin'
[2.221s] INFO:colcon.colcon_core.shell:Creating package script '/ros2_ws/install/hardware/share/hardware/package.ps1'
[2.223s] INFO:colcon.colcon_core.shell:Creating package descriptor '/ros2_ws/install/hardware/share/hardware/package.dsv'
[2.227s] INFO:colcon.colcon_core.shell:Creating package script '/ros2_ws/install/hardware/share/hardware/package.sh'
[2.232s] INFO:colcon.colcon_core.shell:Creating package script '/ros2_ws/install/hardware/share/hardware/package.bash'
[2.235s] INFO:colcon.colcon_core.shell:Creating package script '/ros2_ws/install/hardware/share/hardware/package.zsh'
[2.236s] Level 1:colcon.colcon_core.environment:create_file_with_runtime_dependencies(/ros2_ws/install/hardware/share/colcon-core/packages/hardware)
[2.237s] INFO:colcon.colcon_ros.task.ament_cmake.build:Building ROS package in '/ros2_ws/src/localization' with build type 'ament_cmake'
[2.237s] INFO:colcon.colcon_cmake.task.cmake.build:Building CMake package in '/ros2_ws/src/localization'
[2.238s] INFO:colcon.colcon_core.shell:Skip shell extension 'powershell' for command environment: Not usable outside of PowerShell
[2.238s] DEBUG:colcon.colcon_core.shell:Skip shell extension 'dsv' for command environment
[2.244s] INFO:colcon.colcon_ros.task.ament_python.build:Building ROS package in '/ros2_ws/src/icm20948-ros2' with build type 'ament_python'
[2.244s] Level 1:colcon.colcon_core.shell:create_environment_hook('icm20948_ros2', 'ament_prefix_path')
[2.245s] INFO:colcon.colcon_core.shell:Creating environment hook '/ros2_ws/install/icm20948_ros2/share/icm20948_ros2/hook/ament_prefix_path.ps1'
[2.246s] INFO:colcon.colcon_core.shell:Creating environment descriptor '/ros2_ws/install/icm20948_ros2/share/icm20948_ros2/hook/ament_prefix_path.dsv'
[2.248s] INFO:colcon.colcon_core.shell:Creating environment hook '/ros2_ws/install/icm20948_ros2/share/icm20948_ros2/hook/ament_prefix_path.sh'
[2.249s] INFO:colcon.colcon_core.shell:Skip shell extension 'powershell' for command environment: Not usable outside of PowerShell
[2.249s] DEBUG:colcon.colcon_core.shell:Skip shell extension 'dsv' for command environment
[2.254s] INFO:colcon.colcon_ros.task.ament_cmake.build:Building ROS package in '/ros2_ws/src/main_brain' with build type 'ament_cmake'
[2.255s] INFO:colcon.colcon_cmake.task.cmake.build:Building CMake package in '/ros2_ws/src/main_brain'
[2.255s] INFO:colcon.colcon_core.shell:Skip shell extension 'powershell' for command environment: Not usable outside of PowerShell
[2.255s] DEBUG:colcon.colcon_core.shell:Skip shell extension 'dsv' for command environment
[2.268s] DEBUG:colcon.colcon_core.event_handler.log_command:Invoking command in '/ros2_ws/build/localization': CMAKE_PREFIX_PATH=/ros2_ws/install/ydlidar_ros2_driver:/ros2_ws/install/rf2o_laser_odometry:/ros2_ws/install/robot_bringup:/ros2_ws/install/localization:/ros2_ws/install/telemetry_data:/ros2_ws/install/shooting:/ros2_ws/install/robot_description:/ros2_ws/install/navigation:/ros2_ws/install/main_brain:/ros2_ws/install/hardware:/ros2_ws/install/foxglove:/ros2_ws/install/tactical_brain:/ros2_ws/install/sensor_fusion_pkg:/ros2_ws/install/icm20948_ros2:/ros2_ws/install/ai_vision:/opt/ros/humble /usr/bin/cmake --build /ros2_ws/build/localization -- -j4 -l4
[2.578s] INFO:colcon.colcon_core.task.python.build:Building Python package in '/ros2_ws/src/icm20948-ros2'
[2.579s] INFO:colcon.colcon_core.shell:Skip shell extension 'powershell' for command environment: Not usable outside of PowerShell
[2.579s] DEBUG:colcon.colcon_core.shell:Skip shell extension 'dsv' for command environment
[2.599s] DEBUG:colcon.colcon_core.event_handler.log_command:Invoking command in '/ros2_ws/build/main_brain': CMAKE_PREFIX_PATH=${CMAKE_PREFIX_PATH}:/ros2_ws/install/tactical_brain:/ros2_ws/install/sensor_fusion_pkg:/ros2_ws/install/icm20948_ros2:/ros2_ws/install/ai_vision:/opt/ros/humble /usr/bin/cmake --build /ros2_ws/build/main_brain -- -j4 -l4
[2.601s] DEBUG:colcon.colcon_core.event_handler.log_command:Invoked command in '/ros2_ws/build/localization' returned '0': CMAKE_PREFIX_PATH=/ros2_ws/install/ydlidar_ros2_driver:/ros2_ws/install/rf2o_laser_odometry:/ros2_ws/install/robot_bringup:/ros2_ws/install/localization:/ros2_ws/install/telemetry_data:/ros2_ws/install/shooting:/ros2_ws/install/robot_description:/ros2_ws/install/navigation:/ros2_ws/install/main_brain:/ros2_ws/install/hardware:/ros2_ws/install/foxglove:/ros2_ws/install/tactical_brain:/ros2_ws/install/sensor_fusion_pkg:/ros2_ws/install/icm20948_ros2:/ros2_ws/install/ai_vision:/opt/ros/humble /usr/bin/cmake --build /ros2_ws/build/localization -- -j4 -l4
[2.615s] DEBUG:colcon.colcon_core.event_handler.log_command:Invoking command in '/ros2_ws/build/localization': CMAKE_PREFIX_PATH=/ros2_ws/install/ydlidar_ros2_driver:/ros2_ws/install/rf2o_laser_odometry:/ros2_ws/install/robot_bringup:/ros2_ws/install/localization:/ros2_ws/install/telemetry_data:/ros2_ws/install/shooting:/ros2_ws/install/robot_description:/ros2_ws/install/navigation:/ros2_ws/install/main_brain:/ros2_ws/install/hardware:/ros2_ws/install/foxglove:/ros2_ws/install/tactical_brain:/ros2_ws/install/sensor_fusion_pkg:/ros2_ws/install/icm20948_ros2:/ros2_ws/install/ai_vision:/opt/ros/humble /usr/bin/cmake --install /ros2_ws/build/localization
[2.666s] DEBUG:colcon.colcon_core.event_handler.log_command:Invoked command in '/ros2_ws/build/main_brain' returned '0': CMAKE_PREFIX_PATH=${CMAKE_PREFIX_PATH}:/ros2_ws/install/tactical_brain:/ros2_ws/install/sensor_fusion_pkg:/ros2_ws/install/icm20948_ros2:/ros2_ws/install/ai_vision:/opt/ros/humble /usr/bin/cmake --build /ros2_ws/build/main_brain -- -j4 -l4
[2.671s] DEBUG:colcon.colcon_core.event_handler.log_command:Invoking command in '/ros2_ws/build/main_brain': CMAKE_PREFIX_PATH=${CMAKE_PREFIX_PATH}:/ros2_ws/install/tactical_brain:/ros2_ws/install/sensor_fusion_pkg:/ros2_ws/install/icm20948_ros2:/ros2_ws/install/ai_vision:/opt/ros/humble /usr/bin/cmake --install /ros2_ws/build/main_brain
[2.677s] Level 1:colcon.colcon_core.environment:create_environment_scripts_only(localization)
[2.677s] DEBUG:colcon.colcon_core.event_handler.log_command:Invoked command in '/ros2_ws/build/localization' returned '0': CMAKE_PREFIX_PATH=/ros2_ws/install/ydlidar_ros2_driver:/ros2_ws/install/rf2o_laser_odometry:/ros2_ws/install/robot_bringup:/ros2_ws/install/localization:/ros2_ws/install/telemetry_data:/ros2_ws/install/shooting:/ros2_ws/install/robot_description:/ros2_ws/install/navigation:/ros2_ws/install/main_brain:/ros2_ws/install/hardware:/ros2_ws/install/foxglove:/ros2_ws/install/tactical_brain:/ros2_ws/install/sensor_fusion_pkg:/ros2_ws/install/icm20948_ros2:/ros2_ws/install/ai_vision:/opt/ros/humble /usr/bin/cmake --install /ros2_ws/build/localization
[2.678s] Level 1:colcon.colcon_core.environment:checking '/ros2_ws/install/localization' for CMake module files
[2.679s] Level 1:colcon.colcon_core.environment:checking '/ros2_ws/install/localization' for CMake config files
[2.680s] Level 1:colcon.colcon_core.shell:create_environment_hook('localization', 'cmake_prefix_path')
[2.680s] INFO:colcon.colcon_core.shell:Creating environment hook '/ros2_ws/install/localization/share/localization/hook/cmake_prefix_path.ps1'
[2.683s] INFO:colcon.colcon_core.shell:Creating environment descriptor '/ros2_ws/install/localization/share/localization/hook/cmake_prefix_path.dsv'
[2.685s] INFO:colcon.colcon_core.shell:Creating environment hook '/ros2_ws/install/localization/share/localization/hook/cmake_prefix_path.sh'
[2.688s] Level 1:colcon.colcon_core.environment:checking '/ros2_ws/install/localization/bin'
[2.688s] Level 1:colcon.colcon_core.environment:checking '/ros2_ws/install/localization/lib/pkgconfig/localization.pc'
[2.689s] Level 1:colcon.colcon_core.environment:checking '/ros2_ws/install/localization/lib/python3.10/site-packages'
[2.690s] Level 1:colcon.colcon_core.environment:checking '/ros2_ws/install/localization/bin'
[2.692s] INFO:colcon.colcon_core.shell:Creating package script '/ros2_ws/install/localization/share/localization/package.ps1'
[2.694s] INFO:colcon.colcon_core.shell:Creating package descriptor '/ros2_ws/install/localization/share/localization/package.dsv'
[2.695s] INFO:colcon.colcon_core.shell:Creating package script '/ros2_ws/install/localization/share/localization/package.sh'
[2.697s] INFO:colcon.colcon_core.shell:Creating package script '/ros2_ws/install/localization/share/localization/package.bash'
[2.699s] INFO:colcon.colcon_core.shell:Creating package script '/ros2_ws/install/localization/share/localization/package.zsh'
[2.700s] Level 1:colcon.colcon_core.environment:create_file_with_runtime_dependencies(/ros2_ws/install/localization/share/colcon-core/packages/localization)
[2.702s] Level 1:colcon.colcon_core.environment:create_environment_scripts_only(localization)
[2.702s] Level 1:colcon.colcon_core.environment:checking '/ros2_ws/install/localization' for CMake module files
[2.703s] Level 1:colcon.colcon_core.environment:checking '/ros2_ws/install/localization' for CMake config files
[2.704s] Level 1:colcon.colcon_core.shell:create_environment_hook('localization', 'cmake_prefix_path')
[2.705s] INFO:colcon.colcon_core.shell:Creating environment hook '/ros2_ws/install/localization/share/localization/hook/cmake_prefix_path.ps1'
[2.706s] INFO:colcon.colcon_core.shell:Creating environment descriptor '/ros2_ws/install/localization/share/localization/hook/cmake_prefix_path.dsv'
[2.708s] INFO:colcon.colcon_core.shell:Creating environment hook '/ros2_ws/install/localization/share/localization/hook/cmake_prefix_path.sh'
[2.712s] Level 1:colcon.colcon_core.environment:checking '/ros2_ws/install/localization/bin'
[2.712s] Level 1:colcon.colcon_core.environment:checking '/ros2_ws/install/localization/lib/pkgconfig/localization.pc'
[2.713s] Level 1:colcon.colcon_core.environment:checking '/ros2_ws/install/localization/lib/python3.10/site-packages'
[2.713s] Level 1:colcon.colcon_core.environment:checking '/ros2_ws/install/localization/bin'
[2.714s] INFO:colcon.colcon_core.shell:Creating package script '/ros2_ws/install/localization/share/localization/package.ps1'
[2.719s] INFO:colcon.colcon_core.shell:Creating package descriptor '/ros2_ws/install/localization/share/localization/package.dsv'
[2.720s] INFO:colcon.colcon_core.shell:Creating package script '/ros2_ws/install/localization/share/localization/package.sh'
[2.722s] INFO:colcon.colcon_core.shell:Creating package script '/ros2_ws/install/localization/share/localization/package.bash'
[2.724s] INFO:colcon.colcon_core.shell:Creating package script '/ros2_ws/install/localization/share/localization/package.zsh'
[2.725s] Level 1:colcon.colcon_core.environment:create_file_with_runtime_dependencies(/ros2_ws/install/localization/share/colcon-core/packages/localization)
[2.726s] INFO:colcon.colcon_ros.task.ament_cmake.build:Building ROS package in '/ros2_ws/src/robot_description' with build type 'ament_cmake'
[2.726s] INFO:colcon.colcon_cmake.task.cmake.build:Building CMake package in '/ros2_ws/src/robot_description'
[2.727s] INFO:colcon.colcon_core.shell:Skip shell extension 'powershell' for command environment: Not usable outside of PowerShell
[2.728s] DEBUG:colcon.colcon_core.shell:Skip shell extension 'dsv' for command environment
[2.735s] Level 1:colcon.colcon_core.environment:create_environment_scripts_only(main_brain)
[2.735s] Level 1:colcon.colcon_core.environment:checking '/ros2_ws/install/main_brain' for CMake module files
[2.736s] DEBUG:colcon.colcon_core.event_handler.log_command:Invoked command in '/ros2_ws/build/main_brain' returned '0': CMAKE_PREFIX_PATH=${CMAKE_PREFIX_PATH}:/ros2_ws/install/tactical_brain:/ros2_ws/install/sensor_fusion_pkg:/ros2_ws/install/icm20948_ros2:/ros2_ws/install/ai_vision:/opt/ros/humble /usr/bin/cmake --install /ros2_ws/build/main_brain
[2.737s] Level 1:colcon.colcon_core.environment:checking '/ros2_ws/install/main_brain' for CMake config files
[2.737s] Level 1:colcon.colcon_core.shell:create_environment_hook('main_brain', 'cmake_prefix_path')
[2.738s] INFO:colcon.colcon_core.shell:Creating environment hook '/ros2_ws/install/main_brain/share/main_brain/hook/cmake_prefix_path.ps1'
[2.739s] INFO:colcon.colcon_core.shell:Creating environment descriptor '/ros2_ws/install/main_brain/share/main_brain/hook/cmake_prefix_path.dsv'
[2.739s] INFO:colcon.colcon_core.shell:Creating environment hook '/ros2_ws/install/main_brain/share/main_brain/hook/cmake_prefix_path.sh'
[2.740s] Level 1:colcon.colcon_core.environment:checking '/ros2_ws/install/main_brain/bin'
[2.741s] Level 1:colcon.colcon_core.environment:checking '/ros2_ws/install/main_brain/lib/pkgconfig/main_brain.pc'
[2.741s] Level 1:colcon.colcon_core.environment:checking '/ros2_ws/install/main_brain/lib/python3.10/site-packages'
[2.741s] Level 1:colcon.colcon_core.environment:checking '/ros2_ws/install/main_brain/bin'
[2.742s] INFO:colcon.colcon_core.shell:Creating package script '/ros2_ws/install/main_brain/share/main_brain/package.ps1'
[2.743s] INFO:colcon.colcon_core.shell:Creating package descriptor '/ros2_ws/install/main_brain/share/main_brain/package.dsv'
[2.744s] INFO:colcon.colcon_core.shell:Creating package script '/ros2_ws/install/main_brain/share/main_brain/package.sh'
[2.745s] INFO:colcon.colcon_core.shell:Creating package script '/ros2_ws/install/main_brain/share/main_brain/package.bash'
[2.745s] INFO:colcon.colcon_core.shell:Creating package script '/ros2_ws/install/main_brain/share/main_brain/package.zsh'
[2.745s] Level 1:colcon.colcon_core.environment:create_file_with_runtime_dependencies(/ros2_ws/install/main_brain/share/colcon-core/packages/main_brain)
[2.746s] Level 1:colcon.colcon_core.environment:create_environment_scripts_only(main_brain)
[2.747s] Level 1:colcon.colcon_core.environment:checking '/ros2_ws/install/main_brain' for CMake module files
[2.747s] Level 1:colcon.colcon_core.environment:checking '/ros2_ws/install/main_brain' for CMake config files
[2.748s] Level 1:colcon.colcon_core.shell:create_environment_hook('main_brain', 'cmake_prefix_path')
[2.748s] INFO:colcon.colcon_core.shell:Creating environment hook '/ros2_ws/install/main_brain/share/main_brain/hook/cmake_prefix_path.ps1'
[2.749s] INFO:colcon.colcon_core.shell:Creating environment descriptor '/ros2_ws/install/main_brain/share/main_brain/hook/cmake_prefix_path.dsv'
[2.749s] INFO:colcon.colcon_core.shell:Creating environment hook '/ros2_ws/install/main_brain/share/main_brain/hook/cmake_prefix_path.sh'
[2.750s] Level 1:colcon.colcon_core.environment:checking '/ros2_ws/install/main_brain/bin'
[2.750s] Level 1:colcon.colcon_core.environment:checking '/ros2_ws/install/main_brain/lib/pkgconfig/main_brain.pc'
[2.750s] Level 1:colcon.colcon_core.environment:checking '/ros2_ws/install/main_brain/lib/python3.10/site-packages'
[2.750s] Level 1:colcon.colcon_core.environment:checking '/ros2_ws/install/main_brain/bin'
[2.751s] INFO:colcon.colcon_core.shell:Creating package script '/ros2_ws/install/main_brain/share/main_brain/package.ps1'
[2.752s] INFO:colcon.colcon_core.shell:Creating package descriptor '/ros2_ws/install/main_brain/share/main_brain/package.dsv'
[2.752s] INFO:colcon.colcon_core.shell:Creating package script '/ros2_ws/install/main_brain/share/main_brain/package.sh'
[2.753s] INFO:colcon.colcon_core.shell:Creating package script '/ros2_ws/install/main_brain/share/main_brain/package.bash'
[2.753s] INFO:colcon.colcon_core.shell:Creating package script '/ros2_ws/install/main_brain/share/main_brain/package.zsh'
[2.753s] Level 1:colcon.colcon_core.environment:create_file_with_runtime_dependencies(/ros2_ws/install/main_brain/share/colcon-core/packages/main_brain)
[2.755s] INFO:colcon.colcon_ros.task.ament_python.build:Building ROS package in '/ros2_ws/src/sensor_fusion_pkg' with build type 'ament_python'
[2.755s] Level 1:colcon.colcon_core.shell:create_environment_hook('sensor_fusion_pkg', 'ament_prefix_path')
[2.755s] INFO:colcon.colcon_core.shell:Creating environment hook '/ros2_ws/install/sensor_fusion_pkg/share/sensor_fusion_pkg/hook/ament_prefix_path.ps1'
[2.757s] INFO:colcon.colcon_core.shell:Creating environment descriptor '/ros2_ws/install/sensor_fusion_pkg/share/sensor_fusion_pkg/hook/ament_prefix_path.dsv'
[2.757s] INFO:colcon.colcon_core.shell:Creating environment hook '/ros2_ws/install/sensor_fusion_pkg/share/sensor_fusion_pkg/hook/ament_prefix_path.sh'
[2.758s] INFO:colcon.colcon_core.shell:Skip shell extension 'powershell' for command environment: Not usable outside of PowerShell
[2.758s] DEBUG:colcon.colcon_core.shell:Skip shell extension 'dsv' for command environment
[2.776s] DEBUG:colcon.colcon_core.event_handler.log_command:Invoking command in '/ros2_ws/build/robot_description': CMAKE_PREFIX_PATH=${CMAKE_PREFIX_PATH}:/ros2_ws/install/tactical_brain:/ros2_ws/install/sensor_fusion_pkg:/ros2_ws/install/icm20948_ros2:/ros2_ws/install/ai_vision:/opt/ros/humble /usr/bin/cmake --build /ros2_ws/build/robot_description -- -j4 -l4
[3.100s] INFO:colcon.colcon_core.task.python.build:Building Python package in '/ros2_ws/src/sensor_fusion_pkg'
[3.100s] INFO:colcon.colcon_core.shell:Skip shell extension 'powershell' for command environment: Not usable outside of PowerShell
[3.100s] DEBUG:colcon.colcon_core.shell:Skip shell extension 'dsv' for command environment
[3.107s] DEBUG:colcon.colcon_core.event_handler.log_command:Invoked command in '/ros2_ws/build/robot_description' returned '0': CMAKE_PREFIX_PATH=${CMAKE_PREFIX_PATH}:/ros2_ws/install/tactical_brain:/ros2_ws/install/sensor_fusion_pkg:/ros2_ws/install/icm20948_ros2:/ros2_ws/install/ai_vision:/opt/ros/humble /usr/bin/cmake --build /ros2_ws/build/robot_description -- -j4 -l4
[3.115s] DEBUG:colcon.colcon_core.event_handler.log_command:Invoking command in '/ros2_ws/build/robot_description': CMAKE_PREFIX_PATH=${CMAKE_PREFIX_PATH}:/ros2_ws/install/tactical_brain:/ros2_ws/install/sensor_fusion_pkg:/ros2_ws/install/icm20948_ros2:/ros2_ws/install/ai_vision:/opt/ros/humble /usr/bin/cmake --install /ros2_ws/build/robot_description
[3.153s] Level 1:colcon.colcon_core.environment:create_environment_scripts_only(robot_description)
[3.154s] DEBUG:colcon.colcon_core.event_handler.log_command:Invoked command in '/ros2_ws/build/robot_description' returned '0': CMAKE_PREFIX_PATH=${CMAKE_PREFIX_PATH}:/ros2_ws/install/tactical_brain:/ros2_ws/install/sensor_fusion_pkg:/ros2_ws/install/icm20948_ros2:/ros2_ws/install/ai_vision:/opt/ros/humble /usr/bin/cmake --install /ros2_ws/build/robot_description
[3.154s] Level 1:colcon.colcon_core.environment:checking '/ros2_ws/install/robot_description' for CMake module files
[3.156s] Level 1:colcon.colcon_core.environment:checking '/ros2_ws/install/robot_description' for CMake config files
[3.158s] Level 1:colcon.colcon_core.shell:create_environment_hook('robot_description', 'cmake_prefix_path')
[3.159s] INFO:colcon.colcon_core.shell:Creating environment hook '/ros2_ws/install/robot_description/share/robot_description/hook/cmake_prefix_path.ps1'
[3.161s] INFO:colcon.colcon_core.shell:Creating environment descriptor '/ros2_ws/install/robot_description/share/robot_description/hook/cmake_prefix_path.dsv'
[3.163s] INFO:colcon.colcon_core.shell:Creating environment hook '/ros2_ws/install/robot_description/share/robot_description/hook/cmake_prefix_path.sh'
[3.165s] Level 1:colcon.colcon_core.environment:checking '/ros2_ws/install/robot_description/bin'
[3.166s] Level 1:colcon.colcon_core.environment:checking '/ros2_ws/install/robot_description/lib/pkgconfig/robot_description.pc'
[3.167s] Level 1:colcon.colcon_core.environment:checking '/ros2_ws/install/robot_description/lib/python3.10/site-packages'
[3.168s] Level 1:colcon.colcon_core.environment:checking '/ros2_ws/install/robot_description/bin'
[3.170s] INFO:colcon.colcon_core.shell:Creating package script '/ros2_ws/install/robot_description/share/robot_description/package.ps1'
[3.172s] INFO:colcon.colcon_core.shell:Creating package descriptor '/ros2_ws/install/robot_description/share/robot_description/package.dsv'
[3.174s] INFO:colcon.colcon_core.shell:Creating package script '/ros2_ws/install/robot_description/share/robot_description/package.sh'
[3.175s] INFO:colcon.colcon_core.shell:Creating package script '/ros2_ws/install/robot_description/share/robot_description/package.bash'
[3.178s] INFO:colcon.colcon_core.shell:Creating package script '/ros2_ws/install/robot_description/share/robot_description/package.zsh'
[3.180s] Level 1:colcon.colcon_core.environment:create_file_with_runtime_dependencies(/ros2_ws/install/robot_description/share/colcon-core/packages/robot_description)
[3.183s] Level 1:colcon.colcon_core.environment:create_environment_scripts_only(robot_description)
[3.183s] Level 1:colcon.colcon_core.environment:checking '/ros2_ws/install/robot_description' for CMake module files
[3.184s] Level 1:colcon.colcon_core.environment:checking '/ros2_ws/install/robot_description' for CMake config files
[3.186s] Level 1:colcon.colcon_core.shell:create_environment_hook('robot_description', 'cmake_prefix_path')
[3.187s] INFO:colcon.colcon_core.shell:Creating environment hook '/ros2_ws/install/robot_description/share/robot_description/hook/cmake_prefix_path.ps1'
[3.189s] INFO:colcon.colcon_core.shell:Creating environment descriptor '/ros2_ws/install/robot_description/share/robot_description/hook/cmake_prefix_path.dsv'
[3.192s] INFO:colcon.colcon_core.shell:Creating environment hook '/ros2_ws/install/robot_description/share/robot_description/hook/cmake_prefix_path.sh'
[3.195s] Level 1:colcon.colcon_core.environment:checking '/ros2_ws/install/robot_description/bin'
[3.195s] Level 1:colcon.colcon_core.environment:checking '/ros2_ws/install/robot_description/lib/pkgconfig/robot_description.pc'
[3.196s] Level 1:colcon.colcon_core.environment:checking '/ros2_ws/install/robot_description/lib/python3.10/site-packages'
[3.197s] Level 1:colcon.colcon_core.environment:checking '/ros2_ws/install/robot_description/bin'
[3.199s] INFO:colcon.colcon_core.shell:Creating package script '/ros2_ws/install/robot_description/share/robot_description/package.ps1'
[3.202s] INFO:colcon.colcon_core.shell:Creating package descriptor '/ros2_ws/install/robot_description/share/robot_description/package.dsv'
[3.204s] INFO:colcon.colcon_core.shell:Creating package script '/ros2_ws/install/robot_description/share/robot_description/package.sh'
[3.207s] INFO:colcon.colcon_core.shell:Creating package script '/ros2_ws/install/robot_description/share/robot_description/package.bash'
[3.209s] INFO:colcon.colcon_core.shell:Creating package script '/ros2_ws/install/robot_description/share/robot_description/package.zsh'
[3.211s] Level 1:colcon.colcon_core.environment:create_file_with_runtime_dependencies(/ros2_ws/install/robot_description/share/colcon-core/packages/robot_description)
[3.215s] INFO:colcon.colcon_ros.task.ament_cmake.build:Building ROS package in '/ros2_ws/src/shooting' with build type 'ament_cmake'
[3.216s] INFO:colcon.colcon_cmake.task.cmake.build:Building CMake package in '/ros2_ws/src/shooting'
[3.217s] INFO:colcon.colcon_core.shell:Skip shell extension 'powershell' for command environment: Not usable outside of PowerShell
[3.218s] DEBUG:colcon.colcon_core.shell:Skip shell extension 'dsv' for command environment
[3.253s] DEBUG:colcon.colcon_core.event_handler.log_command:Invoking command in '/ros2_ws/build/shooting': CMAKE_PREFIX_PATH=${CMAKE_PREFIX_PATH}:/ros2_ws/install/tactical_brain:/ros2_ws/install/sensor_fusion_pkg:/ros2_ws/install/icm20948_ros2:/ros2_ws/install/ai_vision:/opt/ros/humble /usr/bin/cmake --build /ros2_ws/build/shooting -- -j4 -l4
[3.255s] DEBUG:colcon.colcon_core.task.python.build:Available setuptools commands: develop, sdist, dist_info, install_headers, bdist_dumb, install_data, update_catalog, bdist_egg, extract_messages, rotate, install, symlink_data, check, init_catalog, compile_catalog, bdist_wheel, build_ext, clean, build_py, test, bdist_rpm, easy_install, saveopts, upload_docs, upload, egg_info, setopt, bdist, build, install_lib, install_scripts, register, install_egg_info, alias, build_scripts, build_clib
[3.260s] DEBUG:colcon.colcon_core.task.python.build:Available setuptools commands: develop, sdist, dist_info, install_headers, bdist_dumb, install_data, update_catalog, bdist_egg, extract_messages, rotate, install, symlink_data, check, init_catalog, compile_catalog, bdist_wheel, build_ext, clean, build_py, test, bdist_rpm, easy_install, saveopts, upload_docs, upload, egg_info, setopt, bdist, build, install_lib, install_scripts, register, install_egg_info, alias, build_scripts, build_clib
[3.362s] DEBUG:colcon.colcon_core.event_handler.log_command:Invoked command in '/ros2_ws/build/shooting' returned '0': CMAKE_PREFIX_PATH=${CMAKE_PREFIX_PATH}:/ros2_ws/install/tactical_brain:/ros2_ws/install/sensor_fusion_pkg:/ros2_ws/install/icm20948_ros2:/ros2_ws/install/ai_vision:/opt/ros/humble /usr/bin/cmake --build /ros2_ws/build/shooting -- -j4 -l4
[3.373s] DEBUG:colcon.colcon_core.event_handler.log_command:Invoking command in '/ros2_ws/build/shooting': CMAKE_PREFIX_PATH=${CMAKE_PREFIX_PATH}:/ros2_ws/install/tactical_brain:/ros2_ws/install/sensor_fusion_pkg:/ros2_ws/install/icm20948_ros2:/ros2_ws/install/ai_vision:/opt/ros/humble /usr/bin/cmake --install /ros2_ws/build/shooting
[3.400s] Level 1:colcon.colcon_core.environment:create_environment_scripts_only(shooting)
[3.404s] Level 1:colcon.colcon_core.environment:checking '/ros2_ws/install/shooting' for CMake module files
[3.405s] Level 1:colcon.colcon_core.environment:checking '/ros2_ws/install/shooting' for CMake config files
[3.406s] Level 1:colcon.colcon_core.shell:create_environment_hook('shooting', 'cmake_prefix_path')
[3.410s] DEBUG:colcon.colcon_core.event_handler.log_command:Invoked command in '/ros2_ws/build/shooting' returned '0': CMAKE_PREFIX_PATH=${CMAKE_PREFIX_PATH}:/ros2_ws/install/tactical_brain:/ros2_ws/install/sensor_fusion_pkg:/ros2_ws/install/icm20948_ros2:/ros2_ws/install/ai_vision:/opt/ros/humble /usr/bin/cmake --install /ros2_ws/build/shooting
[3.411s] INFO:colcon.colcon_core.shell:Creating environment hook '/ros2_ws/install/shooting/share/shooting/hook/cmake_prefix_path.ps1'
[3.414s] INFO:colcon.colcon_core.shell:Creating environment descriptor '/ros2_ws/install/shooting/share/shooting/hook/cmake_prefix_path.dsv'
[3.415s] INFO:colcon.colcon_core.shell:Creating environment hook '/ros2_ws/install/shooting/share/shooting/hook/cmake_prefix_path.sh'
[3.417s] Level 1:colcon.colcon_core.environment:checking '/ros2_ws/install/shooting/lib'
[3.417s] Level 1:colcon.colcon_core.environment:checking '/ros2_ws/install/shooting/bin'
[3.418s] Level 1:colcon.colcon_core.environment:checking '/ros2_ws/install/shooting/lib/pkgconfig/shooting.pc'
[3.418s] Level 1:colcon.colcon_core.environment:checking '/ros2_ws/install/shooting/lib/python3.10/site-packages'
[3.419s] Level 1:colcon.colcon_core.environment:checking '/ros2_ws/install/shooting/bin'
[3.420s] INFO:colcon.colcon_core.shell:Creating package script '/ros2_ws/install/shooting/share/shooting/package.ps1'
[3.422s] INFO:colcon.colcon_core.shell:Creating package descriptor '/ros2_ws/install/shooting/share/shooting/package.dsv'
[3.423s] INFO:colcon.colcon_core.shell:Creating package script '/ros2_ws/install/shooting/share/shooting/package.sh'
[3.424s] INFO:colcon.colcon_core.shell:Creating package script '/ros2_ws/install/shooting/share/shooting/package.bash'
[3.426s] INFO:colcon.colcon_core.shell:Creating package script '/ros2_ws/install/shooting/share/shooting/package.zsh'
[3.426s] Level 1:colcon.colcon_core.environment:create_file_with_runtime_dependencies(/ros2_ws/install/shooting/share/colcon-core/packages/shooting)
[3.430s] Level 1:colcon.colcon_core.environment:create_environment_scripts_only(shooting)
[3.430s] Level 1:colcon.colcon_core.environment:checking '/ros2_ws/install/shooting' for CMake module files
[3.431s] Level 1:colcon.colcon_core.environment:checking '/ros2_ws/install/shooting' for CMake config files
[3.432s] Level 1:colcon.colcon_core.shell:create_environment_hook('shooting', 'cmake_prefix_path')
[3.433s] INFO:colcon.colcon_core.shell:Creating environment hook '/ros2_ws/install/shooting/share/shooting/hook/cmake_prefix_path.ps1'
[3.434s] INFO:colcon.colcon_core.shell:Creating environment descriptor '/ros2_ws/install/shooting/share/shooting/hook/cmake_prefix_path.dsv'
[3.435s] INFO:colcon.colcon_core.shell:Creating environment hook '/ros2_ws/install/shooting/share/shooting/hook/cmake_prefix_path.sh'
[3.437s] Level 1:colcon.colcon_core.environment:checking '/ros2_ws/install/shooting/lib'
[3.437s] Level 1:colcon.colcon_core.environment:checking '/ros2_ws/install/shooting/bin'
[3.437s] Level 1:colcon.colcon_core.environment:checking '/ros2_ws/install/shooting/lib/pkgconfig/shooting.pc'
[3.438s] Level 1:colcon.colcon_core.environment:checking '/ros2_ws/install/shooting/lib/python3.10/site-packages'
[3.439s] Level 1:colcon.colcon_core.environment:checking '/ros2_ws/install/shooting/bin'
[3.439s] INFO:colcon.colcon_core.shell:Creating package script '/ros2_ws/install/shooting/share/shooting/package.ps1'
[3.441s] INFO:colcon.colcon_core.shell:Creating package descriptor '/ros2_ws/install/shooting/share/shooting/package.dsv'
[3.442s] INFO:colcon.colcon_core.shell:Creating package script '/ros2_ws/install/shooting/share/shooting/package.sh'
[3.444s] INFO:colcon.colcon_core.shell:Creating package script '/ros2_ws/install/shooting/share/shooting/package.bash'
[3.445s] INFO:colcon.colcon_core.shell:Creating package script '/ros2_ws/install/shooting/share/shooting/package.zsh'
[3.448s] Level 1:colcon.colcon_core.environment:create_file_with_runtime_dependencies(/ros2_ws/install/shooting/share/colcon-core/packages/shooting)
[3.450s] INFO:colcon.colcon_ros.task.ament_python.build:Building ROS package in '/ros2_ws/src/tactical_brain' with build type 'ament_python'
[3.451s] Level 1:colcon.colcon_core.shell:create_environment_hook('tactical_brain', 'ament_prefix_path')
[3.453s] INFO:colcon.colcon_core.shell:Creating environment hook '/ros2_ws/install/tactical_brain/share/tactical_brain/hook/ament_prefix_path.ps1'
[3.455s] INFO:colcon.colcon_core.shell:Creating environment descriptor '/ros2_ws/install/tactical_brain/share/tactical_brain/hook/ament_prefix_path.dsv'
[3.457s] INFO:colcon.colcon_core.shell:Creating environment hook '/ros2_ws/install/tactical_brain/share/tactical_brain/hook/ament_prefix_path.sh'
[3.460s] INFO:colcon.colcon_core.shell:Skip shell extension 'powershell' for command environment: Not usable outside of PowerShell
[3.460s] DEBUG:colcon.colcon_core.shell:Skip shell extension 'dsv' for command environment
[3.919s] INFO:colcon.colcon_core.task.python.build:Building Python package in '/ros2_ws/src/tactical_brain'
[3.920s] INFO:colcon.colcon_core.shell:Skip shell extension 'powershell' for command environment: Not usable outside of PowerShell
[3.920s] DEBUG:colcon.colcon_core.shell:Skip shell extension 'dsv' for command environment
[3.926s] DEBUG:colcon.colcon_core.task.python.build:Available setuptools commands: develop, sdist, dist_info, install_headers, bdist_dumb, install_data, update_catalog, bdist_egg, extract_messages, rotate, install, symlink_data, check, init_catalog, compile_catalog, bdist_wheel, build_ext, clean, build_py, test, bdist_rpm, easy_install, saveopts, upload_docs, upload, egg_info, setopt, bdist, build, install_lib, install_scripts, register, install_egg_info, alias, build_scripts, build_clib
[3.927s] DEBUG:colcon.colcon_core.task.python.build:Available setuptools 'develop' options: --no-deps, --prefix, --force-installation-into-system-dir, --exclude-scripts, --install-layout, --install-dir, --help, --uninstall, --multi-version, --script-dir, --egg-path, --allow-hosts, --no-find-links, --local-snapshots-ok, --zip-ok, --no-user-cfg, --editable, --verbose, --index-url, --optimize, --dry-run, --quiet, --site-dirs, --always-copy, --build-directory, --record, --always-unzip, --user, --upgrade, --version, --find-links
[3.930s] DEBUG:colcon.colcon_core.event_handler.log_command:Invoking command in '/ros2_ws/build/icm20948_ros2': PYTHONPATH=/ros2_ws/build/icm20948_ros2/prefix_override:/usr/lib/python3/dist-packages/colcon_core/task/python/colcon_distutils_commands:/ros2_ws/install/icm20948_ros2/lib/python3.10/site-packages:${PYTHONPATH} /usr/bin/python3 -W ignore:setup.py install is deprecated -W ignore:easy_install command is deprecated setup.py develop --editable --build-directory /ros2_ws/build/icm20948_ros2/build --no-deps symlink_data
[3.931s] DEBUG:colcon.colcon_core.task.python.build:Available setuptools 'develop' options: --no-deps, --prefix, --force-installation-into-system-dir, --exclude-scripts, --install-layout, --install-dir, --help, --uninstall, --multi-version, --script-dir, --egg-path, --allow-hosts, --no-find-links, --local-snapshots-ok, --zip-ok, --no-user-cfg, --editable, --verbose, --index-url, --optimize, --dry-run, --quiet, --site-dirs, --always-copy, --build-directory, --record, --always-unzip, --user, --upgrade, --version, --find-links
[3.933s] DEBUG:colcon.colcon_core.event_handler.log_command:Invoking command in '/ros2_ws/build/ai_vision': PYTHONPATH=/ros2_ws/build/ai_vision/prefix_override:/usr/lib/python3/dist-packages/colcon_core/task/python/colcon_distutils_commands:/ros2_ws/install/ai_vision/lib/python3.10/site-packages:${PYTHONPATH} /usr/bin/python3 -W ignore:setup.py install is deprecated -W ignore:easy_install command is deprecated setup.py develop --editable --build-directory /ros2_ws/build/ai_vision/build --no-deps symlink_data
[4.372s] DEBUG:colcon.colcon_core.task.python.build:Available setuptools 'develop' options: --no-deps, --prefix, --force-installation-into-system-dir, --exclude-scripts, --install-layout, --install-dir, --help, --uninstall, --multi-version, --script-dir, --egg-path, --allow-hosts, --no-find-links, --local-snapshots-ok, --zip-ok, --no-user-cfg, --editable, --verbose, --index-url, --optimize, --dry-run, --quiet, --site-dirs, --always-copy, --build-directory, --record, --always-unzip, --user, --upgrade, --version, --find-links
[4.376s] DEBUG:colcon.colcon_core.event_handler.log_command:Invoking command in '/ros2_ws/build/sensor_fusion_pkg': PYTHONPATH=/ros2_ws/build/sensor_fusion_pkg/prefix_override:/usr/lib/python3/dist-packages/colcon_core/task/python/colcon_distutils_commands:/ros2_ws/install/sensor_fusion_pkg/lib/python3.10/site-packages:${PYTHONPATH} /usr/bin/python3 -W ignore:setup.py install is deprecated -W ignore:easy_install command is deprecated setup.py develop --editable --build-directory /ros2_ws/build/sensor_fusion_pkg/build --no-deps symlink_data
[4.555s] DEBUG:colcon.colcon_core.task.python.build:Available setuptools commands: develop, sdist, dist_info, install_headers, bdist_dumb, install_data, update_catalog, bdist_egg, extract_messages, rotate, install, symlink_data, check, init_catalog, compile_catalog, bdist_wheel, build_ext, clean, build_py, test, bdist_rpm, easy_install, saveopts, upload_docs, upload, egg_info, setopt, bdist, build, install_lib, install_scripts, register, install_egg_info, alias, build_scripts, build_clib
[4.604s] Level 1:colcon.colcon_core.shell:create_environment_hook('icm20948_ros2', 'pythonpath_develop')
[4.605s] INFO:colcon.colcon_core.shell:Creating environment hook '/ros2_ws/build/icm20948_ros2/share/icm20948_ros2/hook/pythonpath_develop.ps1'
[4.606s] INFO:colcon.colcon_core.shell:Creating environment descriptor '/ros2_ws/build/icm20948_ros2/share/icm20948_ros2/hook/pythonpath_develop.dsv'
[4.607s] INFO:colcon.colcon_core.shell:Creating environment hook '/ros2_ws/build/icm20948_ros2/share/icm20948_ros2/hook/pythonpath_develop.sh'
[4.608s] DEBUG:colcon.colcon_core.event_handler.log_command:Invoked command in '/ros2_ws/build/icm20948_ros2' returned '0': PYTHONPATH=/ros2_ws/build/icm20948_ros2/prefix_override:/usr/lib/python3/dist-packages/colcon_core/task/python/colcon_distutils_commands:/ros2_ws/install/icm20948_ros2/lib/python3.10/site-packages:${PYTHONPATH} /usr/bin/python3 -W ignore:setup.py install is deprecated -W ignore:easy_install command is deprecated setup.py develop --editable --build-directory /ros2_ws/build/icm20948_ros2/build --no-deps symlink_data
[4.610s] Level 1:colcon.colcon_core.environment:checking '/ros2_ws/install/icm20948_ros2' for CMake module files
[4.611s] Level 1:colcon.colcon_core.environment:checking '/ros2_ws/install/icm20948_ros2' for CMake config files
[4.612s] Level 1:colcon.colcon_core.environment:checking '/ros2_ws/install/icm20948_ros2/lib'
[4.613s] Level 1:colcon.colcon_core.environment:checking '/ros2_ws/install/icm20948_ros2/bin'
[4.613s] Level 1:colcon.colcon_core.environment:checking '/ros2_ws/install/icm20948_ros2/lib/pkgconfig/icm20948_ros2.pc'
[4.613s] Level 1:colcon.colcon_core.environment:checking '/ros2_ws/install/icm20948_ros2/lib/python3.10/site-packages'
[4.613s] Level 1:colcon.colcon_core.shell:create_environment_hook('icm20948_ros2', 'pythonpath')
[4.614s] INFO:colcon.colcon_core.shell:Creating environment hook '/ros2_ws/install/icm20948_ros2/share/icm20948_ros2/hook/pythonpath.ps1'
[4.615s] INFO:colcon.colcon_core.shell:Creating environment descriptor '/ros2_ws/install/icm20948_ros2/share/icm20948_ros2/hook/pythonpath.dsv'
[4.615s] INFO:colcon.colcon_core.shell:Creating environment hook '/ros2_ws/install/icm20948_ros2/share/icm20948_ros2/hook/pythonpath.sh'
[4.617s] Level 1:colcon.colcon_core.environment:checking '/ros2_ws/install/icm20948_ros2/bin'
[4.618s] Level 1:colcon.colcon_core.environment:create_environment_scripts_only(icm20948_ros2)
[4.618s] INFO:colcon.colcon_core.shell:Creating package script '/ros2_ws/install/icm20948_ros2/share/icm20948_ros2/package.ps1'
[4.620s] INFO:colcon.colcon_core.shell:Creating package descriptor '/ros2_ws/install/icm20948_ros2/share/icm20948_ros2/package.dsv'
[4.621s] INFO:colcon.colcon_core.shell:Creating package script '/ros2_ws/install/icm20948_ros2/share/icm20948_ros2/package.sh'
[4.622s] INFO:colcon.colcon_core.shell:Creating package script '/ros2_ws/install/icm20948_ros2/share/icm20948_ros2/package.bash'
[4.623s] INFO:colcon.colcon_core.shell:Creating package script '/ros2_ws/install/icm20948_ros2/share/icm20948_ros2/package.zsh'
[4.625s] Level 1:colcon.colcon_core.environment:create_file_with_runtime_dependencies(/ros2_ws/install/icm20948_ros2/share/colcon-core/packages/icm20948_ros2)
[4.626s] INFO:colcon.colcon_ros.task.ament_cmake.build:Building ROS package in '/ros2_ws/src/telemetry_data' with build type 'ament_cmake'
[4.627s] INFO:colcon.colcon_cmake.task.cmake.build:Building CMake package in '/ros2_ws/src/telemetry_data'
[4.627s] INFO:colcon.colcon_core.shell:Skip shell extension 'powershell' for command environment: Not usable outside of PowerShell
[4.627s] DEBUG:colcon.colcon_core.shell:Skip shell extension 'dsv' for command environment
[4.648s] DEBUG:colcon.colcon_core.event_handler.log_command:Invoking command in '/ros2_ws/build/telemetry_data': CMAKE_PREFIX_PATH=${CMAKE_PREFIX_PATH}:/ros2_ws/install/tactical_brain:/ros2_ws/install/sensor_fusion_pkg:/ros2_ws/install/icm20948_ros2:/ros2_ws/install/ai_vision:/opt/ros/humble /usr/bin/cmake --build /ros2_ws/build/telemetry_data -- -j4 -l4
[4.673s] Level 1:colcon.colcon_core.shell:create_environment_hook('ai_vision', 'pythonpath_develop')
[4.676s] INFO:colcon.colcon_core.shell:Creating environment hook '/ros2_ws/build/ai_vision/share/ai_vision/hook/pythonpath_develop.ps1'
[4.675s] DEBUG:colcon.colcon_core.event_handler.log_command:Invoked command in '/ros2_ws/build/ai_vision' returned '0': PYTHONPATH=/ros2_ws/build/ai_vision/prefix_override:/usr/lib/python3/dist-packages/colcon_core/task/python/colcon_distutils_commands:/ros2_ws/install/ai_vision/lib/python3.10/site-packages:${PYTHONPATH} /usr/bin/python3 -W ignore:setup.py install is deprecated -W ignore:easy_install command is deprecated setup.py develop --editable --build-directory /ros2_ws/build/ai_vision/build --no-deps symlink_data
[4.677s] INFO:colcon.colcon_core.shell:Creating environment descriptor '/ros2_ws/build/ai_vision/share/ai_vision/hook/pythonpath_develop.dsv'
[4.678s] INFO:colcon.colcon_core.shell:Creating environment hook '/ros2_ws/build/ai_vision/share/ai_vision/hook/pythonpath_develop.sh'
[4.681s] Level 1:colcon.colcon_core.environment:checking '/ros2_ws/install/ai_vision' for CMake module files
[4.682s] Level 1:colcon.colcon_core.environment:checking '/ros2_ws/install/ai_vision' for CMake config files
[4.683s] Level 1:colcon.colcon_core.environment:checking '/ros2_ws/install/ai_vision/lib'
[4.683s] Level 1:colcon.colcon_core.environment:checking '/ros2_ws/install/ai_vision/bin'
[4.683s] Level 1:colcon.colcon_core.environment:checking '/ros2_ws/install/ai_vision/lib/pkgconfig/ai_vision.pc'
[4.683s] Level 1:colcon.colcon_core.environment:checking '/ros2_ws/install/ai_vision/lib/python3.10/site-packages'
[4.683s] Level 1:colcon.colcon_core.shell:create_environment_hook('ai_vision', 'pythonpath')
[4.684s] INFO:colcon.colcon_core.shell:Creating environment hook '/ros2_ws/install/ai_vision/share/ai_vision/hook/pythonpath.ps1'
[4.686s] INFO:colcon.colcon_core.shell:Creating environment descriptor '/ros2_ws/install/ai_vision/share/ai_vision/hook/pythonpath.dsv'
[4.687s] INFO:colcon.colcon_core.shell:Creating environment hook '/ros2_ws/install/ai_vision/share/ai_vision/hook/pythonpath.sh'
[4.688s] Level 1:colcon.colcon_core.environment:checking '/ros2_ws/install/ai_vision/bin'
[4.688s] Level 1:colcon.colcon_core.environment:create_environment_scripts_only(ai_vision)
[4.689s] INFO:colcon.colcon_core.shell:Creating package script '/ros2_ws/install/ai_vision/share/ai_vision/package.ps1'
[4.690s] INFO:colcon.colcon_core.shell:Creating package descriptor '/ros2_ws/install/ai_vision/share/ai_vision/package.dsv'
[4.691s] INFO:colcon.colcon_core.shell:Creating package script '/ros2_ws/install/ai_vision/share/ai_vision/package.sh'
[4.692s] INFO:colcon.colcon_core.shell:Creating package script '/ros2_ws/install/ai_vision/share/ai_vision/package.bash'
[4.692s] INFO:colcon.colcon_core.shell:Creating package script '/ros2_ws/install/ai_vision/share/ai_vision/package.zsh'
[4.694s] Level 1:colcon.colcon_core.environment:create_file_with_runtime_dependencies(/ros2_ws/install/ai_vision/share/colcon-core/packages/ai_vision)
[4.698s] INFO:colcon.colcon_ros.task.ament_cmake.build:Building ROS package in '/ros2_ws/src/robot_bringup' with build type 'ament_cmake'
[4.701s] INFO:colcon.colcon_cmake.task.cmake.build:Building CMake package in '/ros2_ws/src/robot_bringup'
[4.702s] INFO:colcon.colcon_core.shell:Skip shell extension 'powershell' for command environment: Not usable outside of PowerShell
[4.703s] DEBUG:colcon.colcon_core.shell:Skip shell extension 'dsv' for command environment
[4.742s] DEBUG:colcon.colcon_core.event_handler.log_command:Invoking command in '/ros2_ws/build/robot_bringup': CMAKE_PREFIX_PATH=/ros2_ws/install/localization:/ros2_ws/install/ydlidar_ros2_driver:/ros2_ws/install/rf2o_laser_odometry:/ros2_ws/install/navigation:/ros2_ws/install/hardware:/ros2_ws/install/foxglove:/ros2_ws/install/robot_bringup:/ros2_ws/install/telemetry_data:/ros2_ws/install/shooting:/ros2_ws/install/robot_description:/ros2_ws/install/main_brain:/ros2_ws/install/tactical_brain:/ros2_ws/install/sensor_fusion_pkg:/ros2_ws/install/icm20948_ros2:/ros2_ws/install/ai_vision:/opt/ros/humble /usr/bin/cmake --build /ros2_ws/build/robot_bringup -- -j4 -l4
[4.793s] DEBUG:colcon.colcon_core.event_handler.log_command:Invoked command in '/ros2_ws/build/robot_bringup' returned '0': CMAKE_PREFIX_PATH=/ros2_ws/install/localization:/ros2_ws/install/ydlidar_ros2_driver:/ros2_ws/install/rf2o_laser_odometry:/ros2_ws/install/navigation:/ros2_ws/install/hardware:/ros2_ws/install/foxglove:/ros2_ws/install/robot_bringup:/ros2_ws/install/telemetry_data:/ros2_ws/install/shooting:/ros2_ws/install/robot_description:/ros2_ws/install/main_brain:/ros2_ws/install/tactical_brain:/ros2_ws/install/sensor_fusion_pkg:/ros2_ws/install/icm20948_ros2:/ros2_ws/install/ai_vision:/opt/ros/humble /usr/bin/cmake --build /ros2_ws/build/robot_bringup -- -j4 -l4
[4.800s] DEBUG:colcon.colcon_core.event_handler.log_command:Invoking command in '/ros2_ws/build/robot_bringup': CMAKE_PREFIX_PATH=/ros2_ws/install/localization:/ros2_ws/install/ydlidar_ros2_driver:/ros2_ws/install/rf2o_laser_odometry:/ros2_ws/install/navigation:/ros2_ws/install/hardware:/ros2_ws/install/foxglove:/ros2_ws/install/robot_bringup:/ros2_ws/install/telemetry_data:/ros2_ws/install/shooting:/ros2_ws/install/robot_description:/ros2_ws/install/main_brain:/ros2_ws/install/tactical_brain:/ros2_ws/install/sensor_fusion_pkg:/ros2_ws/install/icm20948_ros2:/ros2_ws/install/ai_vision:/opt/ros/humble /usr/bin/cmake --install /ros2_ws/build/robot_bringup
[4.833s] Level 1:colcon.colcon_core.environment:create_environment_scripts_only(robot_bringup)
[4.834s] Level 1:colcon.colcon_core.environment:checking '/ros2_ws/install/robot_bringup' for CMake module files
[4.833s] DEBUG:colcon.colcon_core.event_handler.log_command:Invoked command in '/ros2_ws/build/robot_bringup' returned '0': CMAKE_PREFIX_PATH=/ros2_ws/install/localization:/ros2_ws/install/ydlidar_ros2_driver:/ros2_ws/install/rf2o_laser_odometry:/ros2_ws/install/navigation:/ros2_ws/install/hardware:/ros2_ws/install/foxglove:/ros2_ws/install/robot_bringup:/ros2_ws/install/telemetry_data:/ros2_ws/install/shooting:/ros2_ws/install/robot_description:/ros2_ws/install/main_brain:/ros2_ws/install/tactical_brain:/ros2_ws/install/sensor_fusion_pkg:/ros2_ws/install/icm20948_ros2:/ros2_ws/install/ai_vision:/opt/ros/humble /usr/bin/cmake --install /ros2_ws/build/robot_bringup
[4.835s] Level 1:colcon.colcon_core.environment:checking '/ros2_ws/install/robot_bringup' for CMake config files
[4.835s] Level 1:colcon.colcon_core.shell:create_environment_hook('robot_bringup', 'cmake_prefix_path')
[4.836s] INFO:colcon.colcon_core.shell:Creating environment hook '/ros2_ws/install/robot_bringup/share/robot_bringup/hook/cmake_prefix_path.ps1'
[4.837s] INFO:colcon.colcon_core.shell:Creating environment descriptor '/ros2_ws/install/robot_bringup/share/robot_bringup/hook/cmake_prefix_path.dsv'
[4.838s] INFO:colcon.colcon_core.shell:Creating environment hook '/ros2_ws/install/robot_bringup/share/robot_bringup/hook/cmake_prefix_path.sh'
[4.839s] Level 1:colcon.colcon_core.environment:checking '/ros2_ws/install/robot_bringup/bin'
[4.840s] Level 1:colcon.colcon_core.environment:checking '/ros2_ws/install/robot_bringup/lib/pkgconfig/robot_bringup.pc'
[4.840s] Level 1:colcon.colcon_core.environment:checking '/ros2_ws/install/robot_bringup/lib/python3.10/site-packages'
[4.841s] Level 1:colcon.colcon_core.environment:checking '/ros2_ws/install/robot_bringup/bin'
[4.841s] INFO:colcon.colcon_core.shell:Creating package script '/ros2_ws/install/robot_bringup/share/robot_bringup/package.ps1'
[4.843s] INFO:colcon.colcon_core.shell:Creating package descriptor '/ros2_ws/install/robot_bringup/share/robot_bringup/package.dsv'
[4.844s] INFO:colcon.colcon_core.shell:Creating package script '/ros2_ws/install/robot_bringup/share/robot_bringup/package.sh'
[4.846s] INFO:colcon.colcon_core.shell:Creating package script '/ros2_ws/install/robot_bringup/share/robot_bringup/package.bash'
[4.847s] INFO:colcon.colcon_core.shell:Creating package script '/ros2_ws/install/robot_bringup/share/robot_bringup/package.zsh'
[4.848s] Level 1:colcon.colcon_core.environment:create_file_with_runtime_dependencies(/ros2_ws/install/robot_bringup/share/colcon-core/packages/robot_bringup)
[4.850s] Level 1:colcon.colcon_core.environment:create_environment_scripts_only(robot_bringup)
[4.850s] Level 1:colcon.colcon_core.environment:checking '/ros2_ws/install/robot_bringup' for CMake module files
[4.851s] Level 1:colcon.colcon_core.environment:checking '/ros2_ws/install/robot_bringup' for CMake config files
[4.851s] Level 1:colcon.colcon_core.shell:create_environment_hook('robot_bringup', 'cmake_prefix_path')
[4.852s] INFO:colcon.colcon_core.shell:Creating environment hook '/ros2_ws/install/robot_bringup/share/robot_bringup/hook/cmake_prefix_path.ps1'
[4.853s] INFO:colcon.colcon_core.shell:Creating environment descriptor '/ros2_ws/install/robot_bringup/share/robot_bringup/hook/cmake_prefix_path.dsv'
[4.854s] INFO:colcon.colcon_core.shell:Creating environment hook '/ros2_ws/install/robot_bringup/share/robot_bringup/hook/cmake_prefix_path.sh'
[4.855s] Level 1:colcon.colcon_core.environment:checking '/ros2_ws/install/robot_bringup/bin'
[4.855s] Level 1:colcon.colcon_core.environment:checking '/ros2_ws/install/robot_bringup/lib/pkgconfig/robot_bringup.pc'
[4.856s] Level 1:colcon.colcon_core.environment:checking '/ros2_ws/install/robot_bringup/lib/python3.10/site-packages'
[4.856s] Level 1:colcon.colcon_core.environment:checking '/ros2_ws/install/robot_bringup/bin'
[4.857s] INFO:colcon.colcon_core.shell:Creating package script '/ros2_ws/install/robot_bringup/share/robot_bringup/package.ps1'
[4.858s] INFO:colcon.colcon_core.shell:Creating package descriptor '/ros2_ws/install/robot_bringup/share/robot_bringup/package.dsv'
[4.859s] INFO:colcon.colcon_core.shell:Creating package script '/ros2_ws/install/robot_bringup/share/robot_bringup/package.sh'
[4.860s] INFO:colcon.colcon_core.shell:Creating package script '/ros2_ws/install/robot_bringup/share/robot_bringup/package.bash'
[4.861s] INFO:colcon.colcon_core.shell:Creating package script '/ros2_ws/install/robot_bringup/share/robot_bringup/package.zsh'
[4.862s] Level 1:colcon.colcon_core.environment:create_file_with_runtime_dependencies(/ros2_ws/install/robot_bringup/share/colcon-core/packages/robot_bringup)
[5.037s] DEBUG:colcon.colcon_core.event_handler.log_command:Invoked command in '/ros2_ws/build/telemetry_data' returned '0': CMAKE_PREFIX_PATH=${CMAKE_PREFIX_PATH}:/ros2_ws/install/tactical_brain:/ros2_ws/install/sensor_fusion_pkg:/ros2_ws/install/icm20948_ros2:/ros2_ws/install/ai_vision:/opt/ros/humble /usr/bin/cmake --build /ros2_ws/build/telemetry_data -- -j4 -l4
[5.042s] DEBUG:colcon.colcon_core.event_handler.log_command:Invoking command in '/ros2_ws/build/telemetry_data': CMAKE_PREFIX_PATH=${CMAKE_PREFIX_PATH}:/ros2_ws/install/tactical_brain:/ros2_ws/install/sensor_fusion_pkg:/ros2_ws/install/icm20948_ros2:/ros2_ws/install/ai_vision:/opt/ros/humble /usr/bin/cmake --install /ros2_ws/build/telemetry_data
[5.053s] DEBUG:colcon.colcon_core.task.python.build:Available setuptools 'develop' options: --no-deps, --prefix, --force-installation-into-system-dir, --exclude-scripts, --install-layout, --install-dir, --help, --uninstall, --multi-version, --script-dir, --egg-path, --allow-hosts, --no-find-links, --local-snapshots-ok, --zip-ok, --no-user-cfg, --editable, --verbose, --index-url, --optimize, --dry-run, --quiet, --site-dirs, --always-copy, --build-directory, --record, --always-unzip, --user, --upgrade, --version, --find-links
[5.055s] Level 1:colcon.colcon_core.shell:create_environment_hook('sensor_fusion_pkg', 'pythonpath_develop')
[5.055s] INFO:colcon.colcon_core.shell:Creating environment hook '/ros2_ws/build/sensor_fusion_pkg/share/sensor_fusion_pkg/hook/pythonpath_develop.ps1'
[5.057s] DEBUG:colcon.colcon_core.event_handler.log_command:Invoking command in '/ros2_ws/build/tactical_brain': PYTHONPATH=/ros2_ws/build/tactical_brain/prefix_override:/usr/lib/python3/dist-packages/colcon_core/task/python/colcon_distutils_commands:/ros2_ws/install/tactical_brain/lib/python3.10/site-packages:${PYTHONPATH} /usr/bin/python3 -W ignore:setup.py install is deprecated -W ignore:easy_install command is deprecated setup.py develop --editable --build-directory /ros2_ws/build/tactical_brain/build --no-deps symlink_data
[5.058s] INFO:colcon.colcon_core.shell:Creating environment descriptor '/ros2_ws/build/sensor_fusion_pkg/share/sensor_fusion_pkg/hook/pythonpath_develop.dsv'
[5.059s] INFO:colcon.colcon_core.shell:Creating environment hook '/ros2_ws/build/sensor_fusion_pkg/share/sensor_fusion_pkg/hook/pythonpath_develop.sh'
[5.060s] DEBUG:colcon.colcon_core.event_handler.log_command:Invoked command in '/ros2_ws/build/sensor_fusion_pkg' returned '0': PYTHONPATH=/ros2_ws/build/sensor_fusion_pkg/prefix_override:/usr/lib/python3/dist-packages/colcon_core/task/python/colcon_distutils_commands:/ros2_ws/install/sensor_fusion_pkg/lib/python3.10/site-packages:${PYTHONPATH} /usr/bin/python3 -W ignore:setup.py install is deprecated -W ignore:easy_install command is deprecated setup.py develop --editable --build-directory /ros2_ws/build/sensor_fusion_pkg/build --no-deps symlink_data
[5.061s] Level 1:colcon.colcon_core.environment:checking '/ros2_ws/install/sensor_fusion_pkg' for CMake module files
[5.061s] Level 1:colcon.colcon_core.environment:checking '/ros2_ws/install/sensor_fusion_pkg' for CMake config files
[5.062s] Level 1:colcon.colcon_core.environment:checking '/ros2_ws/install/sensor_fusion_pkg/lib'
[5.062s] Level 1:colcon.colcon_core.environment:checking '/ros2_ws/install/sensor_fusion_pkg/bin'
[5.062s] Level 1:colcon.colcon_core.environment:checking '/ros2_ws/install/sensor_fusion_pkg/lib/pkgconfig/sensor_fusion_pkg.pc'
[5.063s] Level 1:colcon.colcon_core.environment:checking '/ros2_ws/install/sensor_fusion_pkg/lib/python3.10/site-packages'
[5.063s] Level 1:colcon.colcon_core.shell:create_environment_hook('sensor_fusion_pkg', 'pythonpath')
[5.063s] INFO:colcon.colcon_core.shell:Creating environment hook '/ros2_ws/install/sensor_fusion_pkg/share/sensor_fusion_pkg/hook/pythonpath.ps1'
[5.064s] INFO:colcon.colcon_core.shell:Creating environment descriptor '/ros2_ws/install/sensor_fusion_pkg/share/sensor_fusion_pkg/hook/pythonpath.dsv'
[5.067s] INFO:colcon.colcon_core.shell:Creating environment hook '/ros2_ws/install/sensor_fusion_pkg/share/sensor_fusion_pkg/hook/pythonpath.sh'
[5.068s] Level 1:colcon.colcon_core.environment:checking '/ros2_ws/install/sensor_fusion_pkg/bin'
[5.069s] Level 1:colcon.colcon_core.environment:create_environment_scripts_only(sensor_fusion_pkg)
[5.069s] INFO:colcon.colcon_core.shell:Creating package script '/ros2_ws/install/sensor_fusion_pkg/share/sensor_fusion_pkg/package.ps1'
[5.071s] INFO:colcon.colcon_core.shell:Creating package descriptor '/ros2_ws/install/sensor_fusion_pkg/share/sensor_fusion_pkg/package.dsv'
[5.072s] INFO:colcon.colcon_core.shell:Creating package script '/ros2_ws/install/sensor_fusion_pkg/share/sensor_fusion_pkg/package.sh'
[5.075s] INFO:colcon.colcon_core.shell:Creating package script '/ros2_ws/install/sensor_fusion_pkg/share/sensor_fusion_pkg/package.bash'
[5.076s] INFO:colcon.colcon_core.shell:Creating package script '/ros2_ws/install/sensor_fusion_pkg/share/sensor_fusion_pkg/package.zsh'
[5.077s] Level 1:colcon.colcon_core.environment:create_file_with_runtime_dependencies(/ros2_ws/install/sensor_fusion_pkg/share/colcon-core/packages/sensor_fusion_pkg)
[5.084s] Level 1:colcon.colcon_core.environment:create_environment_scripts_only(telemetry_data)
[5.085s] Level 1:colcon.colcon_core.environment:checking '/ros2_ws/install/telemetry_data' for CMake module files
[5.086s] Level 1:colcon.colcon_core.environment:checking '/ros2_ws/install/telemetry_data' for CMake config files
[5.087s] Level 1:colcon.colcon_core.shell:create_environment_hook('telemetry_data', 'cmake_prefix_path')
[5.087s] INFO:colcon.colcon_core.shell:Creating environment hook '/ros2_ws/install/telemetry_data/share/telemetry_data/hook/cmake_prefix_path.ps1'
[5.089s] INFO:colcon.colcon_core.shell:Creating environment descriptor '/ros2_ws/install/telemetry_data/share/telemetry_data/hook/cmake_prefix_path.dsv'
[5.091s] DEBUG:colcon.colcon_core.event_handler.log_command:Invoked command in '/ros2_ws/build/telemetry_data' returned '0': CMAKE_PREFIX_PATH=${CMAKE_PREFIX_PATH}:/ros2_ws/install/tactical_brain:/ros2_ws/install/sensor_fusion_pkg:/ros2_ws/install/icm20948_ros2:/ros2_ws/install/ai_vision:/opt/ros/humble /usr/bin/cmake --install /ros2_ws/build/telemetry_data
[5.092s] INFO:colcon.colcon_core.shell:Creating environment hook '/ros2_ws/install/telemetry_data/share/telemetry_data/hook/cmake_prefix_path.sh'
[5.093s] Level 1:colcon.colcon_core.environment:checking '/ros2_ws/install/telemetry_data/lib'
[5.093s] Level 1:colcon.colcon_core.environment:checking '/ros2_ws/install/telemetry_data/bin'
[5.093s] Level 1:colcon.colcon_core.environment:checking '/ros2_ws/install/telemetry_data/lib/pkgconfig/telemetry_data.pc'
[5.093s] Level 1:colcon.colcon_core.environment:checking '/ros2_ws/install/telemetry_data/lib/python3.10/site-packages'
[5.094s] Level 1:colcon.colcon_core.environment:checking '/ros2_ws/install/telemetry_data/bin'
[5.094s] INFO:colcon.colcon_core.shell:Creating package script '/ros2_ws/install/telemetry_data/share/telemetry_data/package.ps1'
[5.095s] INFO:colcon.colcon_core.shell:Creating package descriptor '/ros2_ws/install/telemetry_data/share/telemetry_data/package.dsv'
[5.096s] INFO:colcon.colcon_core.shell:Creating package script '/ros2_ws/install/telemetry_data/share/telemetry_data/package.sh'
[5.098s] INFO:colcon.colcon_core.shell:Creating package script '/ros2_ws/install/telemetry_data/share/telemetry_data/package.bash'
[5.098s] INFO:colcon.colcon_core.shell:Creating package script '/ros2_ws/install/telemetry_data/share/telemetry_data/package.zsh'
[5.099s] Level 1:colcon.colcon_core.environment:create_file_with_runtime_dependencies(/ros2_ws/install/telemetry_data/share/colcon-core/packages/telemetry_data)
[5.100s] Level 1:colcon.colcon_core.environment:create_environment_scripts_only(telemetry_data)
[5.101s] Level 1:colcon.colcon_core.environment:checking '/ros2_ws/install/telemetry_data' for CMake module files
[5.101s] Level 1:colcon.colcon_core.environment:checking '/ros2_ws/install/telemetry_data' for CMake config files
[5.101s] Level 1:colcon.colcon_core.shell:create_environment_hook('telemetry_data', 'cmake_prefix_path')
[5.102s] INFO:colcon.colcon_core.shell:Creating environment hook '/ros2_ws/install/telemetry_data/share/telemetry_data/hook/cmake_prefix_path.ps1'
[5.102s] INFO:colcon.colcon_core.shell:Creating environment descriptor '/ros2_ws/install/telemetry_data/share/telemetry_data/hook/cmake_prefix_path.dsv'
[5.103s] INFO:colcon.colcon_core.shell:Creating environment hook '/ros2_ws/install/telemetry_data/share/telemetry_data/hook/cmake_prefix_path.sh'
[5.104s] Level 1:colcon.colcon_core.environment:checking '/ros2_ws/install/telemetry_data/lib'
[5.104s] Level 1:colcon.colcon_core.environment:checking '/ros2_ws/install/telemetry_data/bin'
[5.104s] Level 1:colcon.colcon_core.environment:checking '/ros2_ws/install/telemetry_data/lib/pkgconfig/telemetry_data.pc'
[5.105s] Level 1:colcon.colcon_core.environment:checking '/ros2_ws/install/telemetry_data/lib/python3.10/site-packages'
[5.105s] Level 1:colcon.colcon_core.environment:checking '/ros2_ws/install/telemetry_data/bin'
[5.105s] INFO:colcon.colcon_core.shell:Creating package script '/ros2_ws/install/telemetry_data/share/telemetry_data/package.ps1'
[5.106s] INFO:colcon.colcon_core.shell:Creating package descriptor '/ros2_ws/install/telemetry_data/share/telemetry_data/package.dsv'
[5.109s] INFO:colcon.colcon_core.shell:Creating package script '/ros2_ws/install/telemetry_data/share/telemetry_data/package.sh'
[5.121s] INFO:colcon.colcon_core.shell:Creating package script '/ros2_ws/install/telemetry_data/share/telemetry_data/package.bash'
[5.122s] INFO:colcon.colcon_core.shell:Creating package script '/ros2_ws/install/telemetry_data/share/telemetry_data/package.zsh'
[5.125s] Level 1:colcon.colcon_core.environment:create_file_with_runtime_dependencies(/ros2_ws/install/telemetry_data/share/colcon-core/packages/telemetry_data)
[5.560s] Level 1:colcon.colcon_core.shell:create_environment_hook('tactical_brain', 'pythonpath_develop')
[5.561s] INFO:colcon.colcon_core.shell:Creating environment hook '/ros2_ws/build/tactical_brain/share/tactical_brain/hook/pythonpath_develop.ps1'
[5.561s] DEBUG:colcon.colcon_core.event_handler.log_command:Invoked command in '/ros2_ws/build/tactical_brain' returned '0': PYTHONPATH=/ros2_ws/build/tactical_brain/prefix_override:/usr/lib/python3/dist-packages/colcon_core/task/python/colcon_distutils_commands:/ros2_ws/install/tactical_brain/lib/python3.10/site-packages:${PYTHONPATH} /usr/bin/python3 -W ignore:setup.py install is deprecated -W ignore:easy_install command is deprecated setup.py develop --editable --build-directory /ros2_ws/build/tactical_brain/build --no-deps symlink_data
[5.562s] INFO:colcon.colcon_core.shell:Creating environment descriptor '/ros2_ws/build/tactical_brain/share/tactical_brain/hook/pythonpath_develop.dsv'
[5.563s] INFO:colcon.colcon_core.shell:Creating environment hook '/ros2_ws/build/tactical_brain/share/tactical_brain/hook/pythonpath_develop.sh'
[5.564s] Level 1:colcon.colcon_core.environment:checking '/ros2_ws/install/tactical_brain' for CMake module files
[5.565s] Level 1:colcon.colcon_core.environment:checking '/ros2_ws/install/tactical_brain' for CMake config files
[5.566s] Level 1:colcon.colcon_core.environment:checking '/ros2_ws/install/tactical_brain/lib'
[5.566s] Level 1:colcon.colcon_core.environment:checking '/ros2_ws/install/tactical_brain/bin'
[5.566s] Level 1:colcon.colcon_core.environment:checking '/ros2_ws/install/tactical_brain/lib/pkgconfig/tactical_brain.pc'
[5.566s] Level 1:colcon.colcon_core.environment:checking '/ros2_ws/install/tactical_brain/lib/python3.10/site-packages'
[5.566s] Level 1:colcon.colcon_core.shell:create_environment_hook('tactical_brain', 'pythonpath')
[5.566s] INFO:colcon.colcon_core.shell:Creating environment hook '/ros2_ws/install/tactical_brain/share/tactical_brain/hook/pythonpath.ps1'
[5.567s] INFO:colcon.colcon_core.shell:Creating environment descriptor '/ros2_ws/install/tactical_brain/share/tactical_brain/hook/pythonpath.dsv'
[5.568s] INFO:colcon.colcon_core.shell:Creating environment hook '/ros2_ws/install/tactical_brain/share/tactical_brain/hook/pythonpath.sh'
[5.569s] Level 1:colcon.colcon_core.environment:checking '/ros2_ws/install/tactical_brain/bin'
[5.569s] Level 1:colcon.colcon_core.environment:create_environment_scripts_only(tactical_brain)
[5.570s] INFO:colcon.colcon_core.shell:Creating package script '/ros2_ws/install/tactical_brain/share/tactical_brain/package.ps1'
[5.571s] INFO:colcon.colcon_core.shell:Creating package descriptor '/ros2_ws/install/tactical_brain/share/tactical_brain/package.dsv'
[5.572s] INFO:colcon.colcon_core.shell:Creating package script '/ros2_ws/install/tactical_brain/share/tactical_brain/package.sh'
[5.573s] INFO:colcon.colcon_core.shell:Creating package script '/ros2_ws/install/tactical_brain/share/tactical_brain/package.bash'
[5.574s] INFO:colcon.colcon_core.shell:Creating package script '/ros2_ws/install/tactical_brain/share/tactical_brain/package.zsh'
[5.575s] Level 1:colcon.colcon_core.environment:create_file_with_runtime_dependencies(/ros2_ws/install/tactical_brain/share/colcon-core/packages/tactical_brain)
[5.575s] DEBUG:colcon.colcon_parallel_executor.executor.parallel:closing loop
[5.576s] DEBUG:colcon.colcon_parallel_executor.executor.parallel:loop closed
[5.576s] DEBUG:colcon.colcon_parallel_executor.executor.parallel:run_until_complete finished with '0'
[5.576s] DEBUG:colcon.colcon_core.event_reactor:joining thread
[5.603s] INFO:colcon.colcon_core.plugin_system:Skipping extension 'colcon_notification.desktop_notification.notify_send': Could not find 'notify-send'
[5.603s] INFO:colcon.colcon_core.plugin_system:Skipping extension 'colcon_notification.desktop_notification.terminal_notifier': Not used on non-Darwin systems
[5.603s] INFO:colcon.colcon_core.plugin_system:Skipping extension 'colcon_notification.desktop_notification.win32': Not used on non-Windows systems
[5.603s] INFO:colcon.colcon_notification.desktop_notification:Sending desktop notification using 'notify2'
[5.603s] DEBUG:colcon.colcon_notification.desktop_notification.notify2:Failed to initialize notify2: org.freedesktop.DBus.Error.NotSupported: Unable to autolaunch a dbus-daemon without a $DISPLAY for X11
[5.603s] DEBUG:colcon.colcon_core.event_reactor:joined thread
[5.604s] INFO:colcon.colcon_core.shell:Creating prefix script '/ros2_ws/install/local_setup.ps1'
[5.606s] INFO:colcon.colcon_core.shell:Creating prefix util module '/ros2_ws/install/_local_setup_util_ps1.py'
[5.612s] INFO:colcon.colcon_core.shell:Creating prefix chain script '/ros2_ws/install/setup.ps1'
[5.618s] INFO:colcon.colcon_core.shell:Creating prefix script '/ros2_ws/install/local_setup.sh'
[5.624s] INFO:colcon.colcon_core.shell:Creating prefix util module '/ros2_ws/install/_local_setup_util_sh.py'
[5.626s] INFO:colcon.colcon_core.shell:Creating prefix chain script '/ros2_ws/install/setup.sh'
[5.630s] INFO:colcon.colcon_core.shell:Creating prefix script '/ros2_ws/install/local_setup.bash'
[5.632s] INFO:colcon.colcon_core.shell:Creating prefix chain script '/ros2_ws/install/setup.bash'
[5.636s] INFO:colcon.colcon_core.shell:Creating prefix script '/ros2_ws/install/local_setup.zsh'
[5.639s] INFO:colcon.colcon_core.shell:Creating prefix chain script '/ros2_ws/install/setup.zsh'
