[0.341s] DEBUG:colcon:Command line arguments: ['/usr/bin/colcon', 'build']
[0.341s] DEBUG:colcon:Parsed command line arguments: Namespace(log_base=None, log_level=None, verb_name='build', build_base='build', install_base='install', merge_install=False, symlink_install=True, test_result_base=None, continue_on_error=False, executor='parallel', parallel_workers=4, event_handlers=None, ignore_user_meta=False, metas=['./colcon.meta'], base_paths=['.'], packages_ignore=None, packages_ignore_regex=None, paths=None, packages_up_to=None, packages_up_to_regex=None, packages_above=None, packages_above_and_dependencies=None, packages_above_depth=None, packages_select_by_dep=None, packages_skip_by_dep=None, packages_skip_up_to=None, packages_select_build_failed=False, packages_skip_build_finished=False, packages_select_test_failures=False, packages_skip_test_passed=False, packages_select=None, packages_skip=None, packages_select_regex=None, packages_skip_regex=None, packages_start=None, packages_end=None, cmake_args=None, cmake_target=None, cmake_target_skip_unavailable=False, cmake_clean_cache=False, cmake_clean_first=False, cmake_force_configure=False, ament_cmake_args=None, catkin_cmake_args=None, catkin_skip_building_tests=False, mixin_files=None, mixin=None, verb_parser=<colcon_mixin.mixin.mixin_argument.MixinArgumentDecorator object at 0x7ffefebd4b50>, verb_extension=<colcon_core.verb.build.BuildVerb object at 0x7ffefed9dd50>, main=<bound method BuildVerb.main of <colcon_core.verb.build.BuildVerb object at 0x7ffefed9dd50>>, mixin_verb=('build',))
[0.780s] Level 1:colcon.colcon_core.package_discovery:discover_packages(colcon_meta) check parameters
[0.783s] INFO:colcon.colcon_metadata.package_discovery.colcon_meta:Using configuration from '/root/.colcon/metadata/default/Gazebo.meta'
[0.785s] INFO:colcon.colcon_metadata.package_discovery.colcon_meta:Using configuration from '/root/.colcon/metadata/default/fastdds.meta'
[0.785s] INFO:colcon.colcon_metadata.package_discovery.colcon_meta:Using configuration from '/root/.colcon/metadata/default/fastrtps.meta'
[0.786s] Level 1:colcon.colcon_core.package_discovery:discover_packages(recursive) check parameters
[0.786s] Level 1:colcon.colcon_core.package_discovery:discover_packages(ignore) check parameters
[0.786s] Level 1:colcon.colcon_core.package_discovery:discover_packages(path) check parameters
[0.786s] Level 1:colcon.colcon_core.package_discovery:discover_packages(colcon_meta) discover
[0.786s] Level 1:colcon.colcon_core.package_discovery:discover_packages(recursive) discover
[0.786s] INFO:colcon.colcon_core.package_discovery:Crawling recursively for packages in '/ros2_ws'
[0.786s] Level 1:colcon.colcon_core.package_identification:_identify(.) by extensions ['ignore', 'ignore_ament_install']
[0.786s] Level 1:colcon.colcon_core.package_identification:_identify(.) by extension 'ignore'
[0.786s] Level 1:colcon.colcon_core.package_identification:_identify(.) by extension 'ignore_ament_install'
[0.786s] Level 1:colcon.colcon_core.package_identification:_identify(.) by extensions ['colcon_pkg']
[0.786s] Level 1:colcon.colcon_core.package_identification:_identify(.) by extension 'colcon_pkg'
[0.786s] Level 1:colcon.colcon_core.package_identification:_identify(.) by extensions ['colcon_meta']
[0.786s] Level 1:colcon.colcon_core.package_identification:_identify(.) by extension 'colcon_meta'
[0.786s] Level 1:colcon.colcon_core.package_identification:_identify(.) by extensions ['ros']
[0.786s] Level 1:colcon.colcon_core.package_identification:_identify(.) by extension 'ros'
[0.824s] Level 1:colcon.colcon_core.package_identification:_identify(.) by extensions ['cmake', 'python']
[0.824s] Level 1:colcon.colcon_core.package_identification:_identify(.) by extension 'cmake'
[0.824s] Level 1:colcon.colcon_core.package_identification:_identify(.) by extension 'python'
[0.824s] Level 1:colcon.colcon_core.package_identification:_identify(.) by extensions ['python_setup_py']
[0.824s] Level 1:colcon.colcon_core.package_identification:_identify(.) by extension 'python_setup_py'
[0.824s] Level 1:colcon.colcon_core.package_identification:_identify(build) by extensions ['ignore', 'ignore_ament_install']
[0.826s] Level 1:colcon.colcon_core.package_identification:_identify(build) by extension 'ignore'
[0.826s] Level 1:colcon.colcon_core.package_identification:_identify(build) ignored
[0.827s] Level 1:colcon.colcon_core.package_identification:_identify(install) by extensions ['ignore', 'ignore_ament_install']
[0.827s] Level 1:colcon.colcon_core.package_identification:_identify(install) by extension 'ignore'
[0.827s] Level 1:colcon.colcon_core.package_identification:_identify(install) ignored
[0.827s] Level 1:colcon.colcon_core.package_identification:_identify(log) by extensions ['ignore', 'ignore_ament_install']
[0.827s] Level 1:colcon.colcon_core.package_identification:_identify(log) by extension 'ignore'
[0.827s] Level 1:colcon.colcon_core.package_identification:_identify(log) ignored
[0.827s] Level 1:colcon.colcon_core.package_identification:_identify(src) by extensions ['ignore', 'ignore_ament_install']
[0.827s] Level 1:colcon.colcon_core.package_identification:_identify(src) by extension 'ignore'
[0.827s] Level 1:colcon.colcon_core.package_identification:_identify(src) by extension 'ignore_ament_install'
[0.827s] Level 1:colcon.colcon_core.package_identification:_identify(src) by extensions ['colcon_pkg']
[0.827s] Level 1:colcon.colcon_core.package_identification:_identify(src) by extension 'colcon_pkg'
[0.827s] Level 1:colcon.colcon_core.package_identification:_identify(src) by extensions ['colcon_meta']
[0.827s] Level 1:colcon.colcon_core.package_identification:_identify(src) by extension 'colcon_meta'
[0.827s] Level 1:colcon.colcon_core.package_identification:_identify(src) by extensions ['ros']
[0.828s] Level 1:colcon.colcon_core.package_identification:_identify(src) by extension 'ros'
[0.828s] Level 1:colcon.colcon_core.package_identification:_identify(src) by extensions ['cmake', 'python']
[0.828s] Level 1:colcon.colcon_core.package_identification:_identify(src) by extension 'cmake'
[0.828s] Level 1:colcon.colcon_core.package_identification:_identify(src) by extension 'python'
[0.828s] Level 1:colcon.colcon_core.package_identification:_identify(src) by extensions ['python_setup_py']
[0.828s] Level 1:colcon.colcon_core.package_identification:_identify(src) by extension 'python_setup_py'
[0.828s] Level 1:colcon.colcon_core.package_identification:_identify(src/ai_vision) by extensions ['ignore', 'ignore_ament_install']
[0.828s] Level 1:colcon.colcon_core.package_identification:_identify(src/ai_vision) by extension 'ignore'
[0.828s] Level 1:colcon.colcon_core.package_identification:_identify(src/ai_vision) by extension 'ignore_ament_install'
[0.828s] Level 1:colcon.colcon_core.package_identification:_identify(src/ai_vision) by extensions ['colcon_pkg']
[0.828s] Level 1:colcon.colcon_core.package_identification:_identify(src/ai_vision) by extension 'colcon_pkg'
[0.828s] Level 1:colcon.colcon_core.package_identification:_identify(src/ai_vision) by extensions ['colcon_meta']
[0.828s] Level 1:colcon.colcon_core.package_identification:_identify(src/ai_vision) by extension 'colcon_meta'
[0.828s] Level 1:colcon.colcon_core.package_identification:_identify(src/ai_vision) by extensions ['ros']
[0.828s] Level 1:colcon.colcon_core.package_identification:_identify(src/ai_vision) by extension 'ros'
[0.833s] DEBUG:colcon.colcon_core.package_identification:Package 'src/ai_vision' with type 'ros.ament_python' and name 'ai_vision'
[0.833s] Level 1:colcon.colcon_core.package_identification:_identify(src/foxglove) by extensions ['ignore', 'ignore_ament_install']
[0.833s] Level 1:colcon.colcon_core.package_identification:_identify(src/foxglove) by extension 'ignore'
[0.833s] Level 1:colcon.colcon_core.package_identification:_identify(src/foxglove) by extension 'ignore_ament_install'
[0.833s] Level 1:colcon.colcon_core.package_identification:_identify(src/foxglove) by extensions ['colcon_pkg']
[0.833s] Level 1:colcon.colcon_core.package_identification:_identify(src/foxglove) by extension 'colcon_pkg'
[0.833s] Level 1:colcon.colcon_core.package_identification:_identify(src/foxglove) by extensions ['colcon_meta']
[0.833s] Level 1:colcon.colcon_core.package_identification:_identify(src/foxglove) by extension 'colcon_meta'
[0.833s] Level 1:colcon.colcon_core.package_identification:_identify(src/foxglove) by extensions ['ros']
[0.833s] Level 1:colcon.colcon_core.package_identification:_identify(src/foxglove) by extension 'ros'
[0.834s] DEBUG:colcon.colcon_core.package_identification:Package 'src/foxglove' with type 'ros.ament_cmake' and name 'foxglove'
[0.834s] Level 1:colcon.colcon_core.package_identification:_identify(src/hardware) by extensions ['ignore', 'ignore_ament_install']
[0.834s] Level 1:colcon.colcon_core.package_identification:_identify(src/hardware) by extension 'ignore'
[0.834s] Level 1:colcon.colcon_core.package_identification:_identify(src/hardware) by extension 'ignore_ament_install'
[0.834s] Level 1:colcon.colcon_core.package_identification:_identify(src/hardware) by extensions ['colcon_pkg']
[0.834s] Level 1:colcon.colcon_core.package_identification:_identify(src/hardware) by extension 'colcon_pkg'
[0.834s] Level 1:colcon.colcon_core.package_identification:_identify(src/hardware) by extensions ['colcon_meta']
[0.834s] Level 1:colcon.colcon_core.package_identification:_identify(src/hardware) by extension 'colcon_meta'
[0.834s] Level 1:colcon.colcon_core.package_identification:_identify(src/hardware) by extensions ['ros']
[0.835s] Level 1:colcon.colcon_core.package_identification:_identify(src/hardware) by extension 'ros'
[0.857s] DEBUG:colcon.colcon_core.package_identification:Package 'src/hardware' with type 'ros.ament_cmake' and name 'hardware'
[0.857s] Level 1:colcon.colcon_core.package_identification:_identify(src/icm20948-python) by extensions ['ignore', 'ignore_ament_install']
[0.857s] Level 1:colcon.colcon_core.package_identification:_identify(src/icm20948-python) by extension 'ignore'
[0.858s] Level 1:colcon.colcon_core.package_identification:_identify(src/icm20948-python) by extension 'ignore_ament_install'
[0.858s] Level 1:colcon.colcon_core.package_identification:_identify(src/icm20948-python) by extensions ['colcon_pkg']
[0.858s] Level 1:colcon.colcon_core.package_identification:_identify(src/icm20948-python) by extension 'colcon_pkg'
[0.858s] Level 1:colcon.colcon_core.package_identification:_identify(src/icm20948-python) by extensions ['colcon_meta']
[0.858s] Level 1:colcon.colcon_core.package_identification:_identify(src/icm20948-python) by extension 'colcon_meta'
[0.858s] Level 1:colcon.colcon_core.package_identification:_identify(src/icm20948-python) by extensions ['ros']
[0.858s] Level 1:colcon.colcon_core.package_identification:_identify(src/icm20948-python) by extension 'ros'
[0.858s] Level 1:colcon.colcon_core.package_identification:_identify(src/icm20948-python) by extensions ['cmake', 'python']
[0.858s] Level 1:colcon.colcon_core.package_identification:_identify(src/icm20948-python) by extension 'cmake'
[0.858s] Level 1:colcon.colcon_core.package_identification:_identify(src/icm20948-python) by extension 'python'
[0.858s] Level 1:colcon.colcon_core.package_identification:_identify(src/icm20948-python) by extensions ['python_setup_py']
[0.858s] Level 1:colcon.colcon_core.package_identification:_identify(src/icm20948-python) by extension 'python_setup_py'
[0.858s] Level 1:colcon.colcon_core.package_identification:_identify(src/icm20948-python/examples) by extensions ['ignore', 'ignore_ament_install']
[0.859s] Level 1:colcon.colcon_core.package_identification:_identify(src/icm20948-python/examples) by extension 'ignore'
[0.859s] Level 1:colcon.colcon_core.package_identification:_identify(src/icm20948-python/examples) by extension 'ignore_ament_install'
[0.859s] Level 1:colcon.colcon_core.package_identification:_identify(src/icm20948-python/examples) by extensions ['colcon_pkg']
[0.859s] Level 1:colcon.colcon_core.package_identification:_identify(src/icm20948-python/examples) by extension 'colcon_pkg'
[0.859s] Level 1:colcon.colcon_core.package_identification:_identify(src/icm20948-python/examples) by extensions ['colcon_meta']
[0.859s] Level 1:colcon.colcon_core.package_identification:_identify(src/icm20948-python/examples) by extension 'colcon_meta'
[0.859s] Level 1:colcon.colcon_core.package_identification:_identify(src/icm20948-python/examples) by extensions ['ros']
[0.859s] Level 1:colcon.colcon_core.package_identification:_identify(src/icm20948-python/examples) by extension 'ros'
[0.859s] Level 1:colcon.colcon_core.package_identification:_identify(src/icm20948-python/examples) by extensions ['cmake', 'python']
[0.859s] Level 1:colcon.colcon_core.package_identification:_identify(src/icm20948-python/examples) by extension 'cmake'
[0.859s] Level 1:colcon.colcon_core.package_identification:_identify(src/icm20948-python/examples) by extension 'python'
[0.859s] Level 1:colcon.colcon_core.package_identification:_identify(src/icm20948-python/examples) by extensions ['python_setup_py']
[0.859s] Level 1:colcon.colcon_core.package_identification:_identify(src/icm20948-python/examples) by extension 'python_setup_py'
[0.859s] Level 1:colcon.colcon_core.package_identification:_identify(src/icm20948-python/icm20948) by extensions ['ignore', 'ignore_ament_install']
[0.860s] Level 1:colcon.colcon_core.package_identification:_identify(src/icm20948-python/icm20948) by extension 'ignore'
[0.860s] Level 1:colcon.colcon_core.package_identification:_identify(src/icm20948-python/icm20948) by extension 'ignore_ament_install'
[0.860s] Level 1:colcon.colcon_core.package_identification:_identify(src/icm20948-python/icm20948) by extensions ['colcon_pkg']
[0.860s] Level 1:colcon.colcon_core.package_identification:_identify(src/icm20948-python/icm20948) by extension 'colcon_pkg'
[0.860s] Level 1:colcon.colcon_core.package_identification:_identify(src/icm20948-python/icm20948) by extensions ['colcon_meta']
[0.860s] Level 1:colcon.colcon_core.package_identification:_identify(src/icm20948-python/icm20948) by extension 'colcon_meta'
[0.860s] Level 1:colcon.colcon_core.package_identification:_identify(src/icm20948-python/icm20948) by extensions ['ros']
[0.860s] Level 1:colcon.colcon_core.package_identification:_identify(src/icm20948-python/icm20948) by extension 'ros'
[0.860s] Level 1:colcon.colcon_core.package_identification:_identify(src/icm20948-python/icm20948) by extensions ['cmake', 'python']
[0.860s] Level 1:colcon.colcon_core.package_identification:_identify(src/icm20948-python/icm20948) by extension 'cmake'
[0.860s] Level 1:colcon.colcon_core.package_identification:_identify(src/icm20948-python/icm20948) by extension 'python'
[0.860s] Level 1:colcon.colcon_core.package_identification:_identify(src/icm20948-python/icm20948) by extensions ['python_setup_py']
[0.860s] Level 1:colcon.colcon_core.package_identification:_identify(src/icm20948-python/icm20948) by extension 'python_setup_py'
[0.861s] Level 1:colcon.colcon_core.package_identification:_identify(src/icm20948-python/tests) by extensions ['ignore', 'ignore_ament_install']
[0.861s] Level 1:colcon.colcon_core.package_identification:_identify(src/icm20948-python/tests) by extension 'ignore'
[0.861s] Level 1:colcon.colcon_core.package_identification:_identify(src/icm20948-python/tests) by extension 'ignore_ament_install'
[0.861s] Level 1:colcon.colcon_core.package_identification:_identify(src/icm20948-python/tests) by extensions ['colcon_pkg']
[0.861s] Level 1:colcon.colcon_core.package_identification:_identify(src/icm20948-python/tests) by extension 'colcon_pkg'
[0.861s] Level 1:colcon.colcon_core.package_identification:_identify(src/icm20948-python/tests) by extensions ['colcon_meta']
[0.861s] Level 1:colcon.colcon_core.package_identification:_identify(src/icm20948-python/tests) by extension 'colcon_meta'
[0.861s] Level 1:colcon.colcon_core.package_identification:_identify(src/icm20948-python/tests) by extensions ['ros']
[0.861s] Level 1:colcon.colcon_core.package_identification:_identify(src/icm20948-python/tests) by extension 'ros'
[0.861s] Level 1:colcon.colcon_core.package_identification:_identify(src/icm20948-python/tests) by extensions ['cmake', 'python']
[0.861s] Level 1:colcon.colcon_core.package_identification:_identify(src/icm20948-python/tests) by extension 'cmake'
[0.861s] Level 1:colcon.colcon_core.package_identification:_identify(src/icm20948-python/tests) by extension 'python'
[0.861s] Level 1:colcon.colcon_core.package_identification:_identify(src/icm20948-python/tests) by extensions ['python_setup_py']
[0.861s] Level 1:colcon.colcon_core.package_identification:_identify(src/icm20948-python/tests) by extension 'python_setup_py'
[0.861s] Level 1:colcon.colcon_core.package_identification:_identify(src/icm20948-ros2) by extensions ['ignore', 'ignore_ament_install']
[0.862s] Level 1:colcon.colcon_core.package_identification:_identify(src/icm20948-ros2) by extension 'ignore'
[0.862s] Level 1:colcon.colcon_core.package_identification:_identify(src/icm20948-ros2) by extension 'ignore_ament_install'
[0.862s] Level 1:colcon.colcon_core.package_identification:_identify(src/icm20948-ros2) by extensions ['colcon_pkg']
[0.862s] Level 1:colcon.colcon_core.package_identification:_identify(src/icm20948-ros2) by extension 'colcon_pkg'
[0.862s] Level 1:colcon.colcon_core.package_identification:_identify(src/icm20948-ros2) by extensions ['colcon_meta']
[0.862s] Level 1:colcon.colcon_core.package_identification:_identify(src/icm20948-ros2) by extension 'colcon_meta'
[0.862s] Level 1:colcon.colcon_core.package_identification:_identify(src/icm20948-ros2) by extensions ['ros']
[0.862s] Level 1:colcon.colcon_core.package_identification:_identify(src/icm20948-ros2) by extension 'ros'
[0.863s] DEBUG:colcon.colcon_core.package_identification:Package 'src/icm20948-ros2' with type 'ros.ament_python' and name 'icm20948_ros2'
[0.863s] Level 1:colcon.colcon_core.package_identification:_identify(src/localization) by extensions ['ignore', 'ignore_ament_install']
[0.863s] Level 1:colcon.colcon_core.package_identification:_identify(src/localization) by extension 'ignore'
[0.863s] Level 1:colcon.colcon_core.package_identification:_identify(src/localization) by extension 'ignore_ament_install'
[0.863s] Level 1:colcon.colcon_core.package_identification:_identify(src/localization) by extensions ['colcon_pkg']
[0.863s] Level 1:colcon.colcon_core.package_identification:_identify(src/localization) by extension 'colcon_pkg'
[0.863s] Level 1:colcon.colcon_core.package_identification:_identify(src/localization) by extensions ['colcon_meta']
[0.863s] Level 1:colcon.colcon_core.package_identification:_identify(src/localization) by extension 'colcon_meta'
[0.863s] Level 1:colcon.colcon_core.package_identification:_identify(src/localization) by extensions ['ros']
[0.863s] Level 1:colcon.colcon_core.package_identification:_identify(src/localization) by extension 'ros'
[0.864s] DEBUG:colcon.colcon_core.package_identification:Package 'src/localization' with type 'ros.ament_cmake' and name 'localization'
[0.864s] Level 1:colcon.colcon_core.package_identification:_identify(src/main_brain) by extensions ['ignore', 'ignore_ament_install']
[0.865s] Level 1:colcon.colcon_core.package_identification:_identify(src/main_brain) by extension 'ignore'
[0.865s] Level 1:colcon.colcon_core.package_identification:_identify(src/main_brain) by extension 'ignore_ament_install'
[0.865s] Level 1:colcon.colcon_core.package_identification:_identify(src/main_brain) by extensions ['colcon_pkg']
[0.865s] Level 1:colcon.colcon_core.package_identification:_identify(src/main_brain) by extension 'colcon_pkg'
[0.865s] Level 1:colcon.colcon_core.package_identification:_identify(src/main_brain) by extensions ['colcon_meta']
[0.865s] Level 1:colcon.colcon_core.package_identification:_identify(src/main_brain) by extension 'colcon_meta'
[0.865s] Level 1:colcon.colcon_core.package_identification:_identify(src/main_brain) by extensions ['ros']
[0.865s] Level 1:colcon.colcon_core.package_identification:_identify(src/main_brain) by extension 'ros'
[0.866s] DEBUG:colcon.colcon_core.package_identification:Package 'src/main_brain' with type 'ros.ament_cmake' and name 'main_brain'
[0.866s] Level 1:colcon.colcon_core.package_identification:_identify(src/navigation) by extensions ['ignore', 'ignore_ament_install']
[0.866s] Level 1:colcon.colcon_core.package_identification:_identify(src/navigation) by extension 'ignore'
[0.866s] Level 1:colcon.colcon_core.package_identification:_identify(src/navigation) by extension 'ignore_ament_install'
[0.866s] Level 1:colcon.colcon_core.package_identification:_identify(src/navigation) by extensions ['colcon_pkg']
[0.866s] Level 1:colcon.colcon_core.package_identification:_identify(src/navigation) by extension 'colcon_pkg'
[0.866s] Level 1:colcon.colcon_core.package_identification:_identify(src/navigation) by extensions ['colcon_meta']
[0.866s] Level 1:colcon.colcon_core.package_identification:_identify(src/navigation) by extension 'colcon_meta'
[0.866s] Level 1:colcon.colcon_core.package_identification:_identify(src/navigation) by extensions ['ros']
[0.866s] Level 1:colcon.colcon_core.package_identification:_identify(src/navigation) by extension 'ros'
[0.867s] DEBUG:colcon.colcon_core.package_identification:Package 'src/navigation' with type 'ros.ament_cmake' and name 'navigation'
[0.867s] Level 1:colcon.colcon_core.package_identification:_identify(src/rf2o_laser_odometry) by extensions ['ignore', 'ignore_ament_install']
[0.867s] Level 1:colcon.colcon_core.package_identification:_identify(src/rf2o_laser_odometry) by extension 'ignore'
[0.867s] Level 1:colcon.colcon_core.package_identification:_identify(src/rf2o_laser_odometry) by extension 'ignore_ament_install'
[0.867s] Level 1:colcon.colcon_core.package_identification:_identify(src/rf2o_laser_odometry) by extensions ['colcon_pkg']
[0.867s] Level 1:colcon.colcon_core.package_identification:_identify(src/rf2o_laser_odometry) by extension 'colcon_pkg'
[0.867s] Level 1:colcon.colcon_core.package_identification:_identify(src/rf2o_laser_odometry) by extensions ['colcon_meta']
[0.867s] Level 1:colcon.colcon_core.package_identification:_identify(src/rf2o_laser_odometry) by extension 'colcon_meta'
[0.867s] Level 1:colcon.colcon_core.package_identification:_identify(src/rf2o_laser_odometry) by extensions ['ros']
[0.867s] Level 1:colcon.colcon_core.package_identification:_identify(src/rf2o_laser_odometry) by extension 'ros'
[0.868s] DEBUG:colcon.colcon_core.package_identification:Package 'src/rf2o_laser_odometry' with type 'ros.ament_cmake' and name 'rf2o_laser_odometry'
[0.869s] Level 1:colcon.colcon_core.package_identification:_identify(src/robot_bringup) by extensions ['ignore', 'ignore_ament_install']
[0.869s] Level 1:colcon.colcon_core.package_identification:_identify(src/robot_bringup) by extension 'ignore'
[0.869s] Level 1:colcon.colcon_core.package_identification:_identify(src/robot_bringup) by extension 'ignore_ament_install'
[0.869s] Level 1:colcon.colcon_core.package_identification:_identify(src/robot_bringup) by extensions ['colcon_pkg']
[0.869s] Level 1:colcon.colcon_core.package_identification:_identify(src/robot_bringup) by extension 'colcon_pkg'
[0.869s] Level 1:colcon.colcon_core.package_identification:_identify(src/robot_bringup) by extensions ['colcon_meta']
[0.869s] Level 1:colcon.colcon_core.package_identification:_identify(src/robot_bringup) by extension 'colcon_meta'
[0.869s] Level 1:colcon.colcon_core.package_identification:_identify(src/robot_bringup) by extensions ['ros']
[0.869s] Level 1:colcon.colcon_core.package_identification:_identify(src/robot_bringup) by extension 'ros'
[0.870s] DEBUG:colcon.colcon_core.package_identification:Package 'src/robot_bringup' with type 'ros.ament_cmake' and name 'robot_bringup'
[0.870s] Level 1:colcon.colcon_core.package_identification:_identify(src/robot_description) by extensions ['ignore', 'ignore_ament_install']
[0.870s] Level 1:colcon.colcon_core.package_identification:_identify(src/robot_description) by extension 'ignore'
[0.870s] Level 1:colcon.colcon_core.package_identification:_identify(src/robot_description) by extension 'ignore_ament_install'
[0.870s] Level 1:colcon.colcon_core.package_identification:_identify(src/robot_description) by extensions ['colcon_pkg']
[0.870s] Level 1:colcon.colcon_core.package_identification:_identify(src/robot_description) by extension 'colcon_pkg'
[0.870s] Level 1:colcon.colcon_core.package_identification:_identify(src/robot_description) by extensions ['colcon_meta']
[0.870s] Level 1:colcon.colcon_core.package_identification:_identify(src/robot_description) by extension 'colcon_meta'
[0.870s] Level 1:colcon.colcon_core.package_identification:_identify(src/robot_description) by extensions ['ros']
[0.870s] Level 1:colcon.colcon_core.package_identification:_identify(src/robot_description) by extension 'ros'
[0.870s] DEBUG:colcon.colcon_core.package_identification:Package 'src/robot_description' with type 'ros.ament_cmake' and name 'robot_description'
[0.871s] Level 1:colcon.colcon_core.package_identification:_identify(src/robot_stats) by extensions ['ignore', 'ignore_ament_install']
[0.871s] Level 1:colcon.colcon_core.package_identification:_identify(src/robot_stats) by extension 'ignore'
[0.871s] Level 1:colcon.colcon_core.package_identification:_identify(src/robot_stats) by extension 'ignore_ament_install'
[0.871s] Level 1:colcon.colcon_core.package_identification:_identify(src/robot_stats) by extensions ['colcon_pkg']
[0.871s] Level 1:colcon.colcon_core.package_identification:_identify(src/robot_stats) by extension 'colcon_pkg'
[0.871s] Level 1:colcon.colcon_core.package_identification:_identify(src/robot_stats) by extensions ['colcon_meta']
[0.871s] Level 1:colcon.colcon_core.package_identification:_identify(src/robot_stats) by extension 'colcon_meta'
[0.871s] Level 1:colcon.colcon_core.package_identification:_identify(src/robot_stats) by extensions ['ros']
[0.871s] Level 1:colcon.colcon_core.package_identification:_identify(src/robot_stats) by extension 'ros'
[0.872s] DEBUG:colcon.colcon_core.package_identification:Package 'src/robot_stats' with type 'ros.ament_cmake' and name 'robot_stats'
[0.872s] Level 1:colcon.colcon_core.package_identification:_identify(src/sensor_fusion_pkg) by extensions ['ignore', 'ignore_ament_install']
[0.872s] Level 1:colcon.colcon_core.package_identification:_identify(src/sensor_fusion_pkg) by extension 'ignore'
[0.872s] Level 1:colcon.colcon_core.package_identification:_identify(src/sensor_fusion_pkg) by extension 'ignore_ament_install'
[0.872s] Level 1:colcon.colcon_core.package_identification:_identify(src/sensor_fusion_pkg) by extensions ['colcon_pkg']
[0.872s] Level 1:colcon.colcon_core.package_identification:_identify(src/sensor_fusion_pkg) by extension 'colcon_pkg'
[0.872s] Level 1:colcon.colcon_core.package_identification:_identify(src/sensor_fusion_pkg) by extensions ['colcon_meta']
[0.872s] Level 1:colcon.colcon_core.package_identification:_identify(src/sensor_fusion_pkg) by extension 'colcon_meta'
[0.872s] Level 1:colcon.colcon_core.package_identification:_identify(src/sensor_fusion_pkg) by extensions ['ros']
[0.872s] Level 1:colcon.colcon_core.package_identification:_identify(src/sensor_fusion_pkg) by extension 'ros'
[0.873s] DEBUG:colcon.colcon_core.package_identification:Package 'src/sensor_fusion_pkg' with type 'ros.ament_python' and name 'sensor_fusion_pkg'
[0.873s] Level 1:colcon.colcon_core.package_identification:_identify(src/shooting) by extensions ['ignore', 'ignore_ament_install']
[0.873s] Level 1:colcon.colcon_core.package_identification:_identify(src/shooting) by extension 'ignore'
[0.873s] Level 1:colcon.colcon_core.package_identification:_identify(src/shooting) by extension 'ignore_ament_install'
[0.873s] Level 1:colcon.colcon_core.package_identification:_identify(src/shooting) by extensions ['colcon_pkg']
[0.873s] Level 1:colcon.colcon_core.package_identification:_identify(src/shooting) by extension 'colcon_pkg'
[0.874s] Level 1:colcon.colcon_core.package_identification:_identify(src/shooting) by extensions ['colcon_meta']
[0.874s] Level 1:colcon.colcon_core.package_identification:_identify(src/shooting) by extension 'colcon_meta'
[0.874s] Level 1:colcon.colcon_core.package_identification:_identify(src/shooting) by extensions ['ros']
[0.874s] Level 1:colcon.colcon_core.package_identification:_identify(src/shooting) by extension 'ros'
[0.874s] DEBUG:colcon.colcon_core.package_identification:Package 'src/shooting' with type 'ros.ament_cmake' and name 'shooting'
[0.874s] Level 1:colcon.colcon_core.package_identification:_identify(src/tactical_brain) by extensions ['ignore', 'ignore_ament_install']
[0.874s] Level 1:colcon.colcon_core.package_identification:_identify(src/tactical_brain) by extension 'ignore'
[0.875s] Level 1:colcon.colcon_core.package_identification:_identify(src/tactical_brain) by extension 'ignore_ament_install'
[0.875s] Level 1:colcon.colcon_core.package_identification:_identify(src/tactical_brain) by extensions ['colcon_pkg']
[0.875s] Level 1:colcon.colcon_core.package_identification:_identify(src/tactical_brain) by extension 'colcon_pkg'
[0.875s] Level 1:colcon.colcon_core.package_identification:_identify(src/tactical_brain) by extensions ['colcon_meta']
[0.875s] Level 1:colcon.colcon_core.package_identification:_identify(src/tactical_brain) by extension 'colcon_meta'
[0.875s] Level 1:colcon.colcon_core.package_identification:_identify(src/tactical_brain) by extensions ['ros']
[0.875s] Level 1:colcon.colcon_core.package_identification:_identify(src/tactical_brain) by extension 'ros'
[0.876s] DEBUG:colcon.colcon_core.package_identification:Package 'src/tactical_brain' with type 'ros.ament_python' and name 'tactical_brain'
[0.876s] Level 1:colcon.colcon_core.package_identification:_identify(src/telemetry_data) by extensions ['ignore', 'ignore_ament_install']
[0.876s] Level 1:colcon.colcon_core.package_identification:_identify(src/telemetry_data) by extension 'ignore'
[0.876s] Level 1:colcon.colcon_core.package_identification:_identify(src/telemetry_data) by extension 'ignore_ament_install'
[0.876s] Level 1:colcon.colcon_core.package_identification:_identify(src/telemetry_data) by extensions ['colcon_pkg']
[0.876s] Level 1:colcon.colcon_core.package_identification:_identify(src/telemetry_data) by extension 'colcon_pkg'
[0.876s] Level 1:colcon.colcon_core.package_identification:_identify(src/telemetry_data) by extensions ['colcon_meta']
[0.876s] Level 1:colcon.colcon_core.package_identification:_identify(src/telemetry_data) by extension 'colcon_meta'
[0.876s] Level 1:colcon.colcon_core.package_identification:_identify(src/telemetry_data) by extensions ['ros']
[0.876s] Level 1:colcon.colcon_core.package_identification:_identify(src/telemetry_data) by extension 'ros'
[0.877s] DEBUG:colcon.colcon_core.package_identification:Package 'src/telemetry_data' with type 'ros.ament_cmake' and name 'telemetry_data'
[0.877s] Level 1:colcon.colcon_core.package_identification:_identify(src/ydlidar_ros2_driver) by extensions ['ignore', 'ignore_ament_install']
[0.877s] Level 1:colcon.colcon_core.package_identification:_identify(src/ydlidar_ros2_driver) by extension 'ignore'
[0.877s] Level 1:colcon.colcon_core.package_identification:_identify(src/ydlidar_ros2_driver) by extension 'ignore_ament_install'
[0.878s] Level 1:colcon.colcon_core.package_identification:_identify(src/ydlidar_ros2_driver) by extensions ['colcon_pkg']
[0.878s] Level 1:colcon.colcon_core.package_identification:_identify(src/ydlidar_ros2_driver) by extension 'colcon_pkg'
[0.878s] Level 1:colcon.colcon_core.package_identification:_identify(src/ydlidar_ros2_driver) by extensions ['colcon_meta']
[0.878s] Level 1:colcon.colcon_core.package_identification:_identify(src/ydlidar_ros2_driver) by extension 'colcon_meta'
[0.878s] Level 1:colcon.colcon_core.package_identification:_identify(src/ydlidar_ros2_driver) by extensions ['ros']
[0.878s] Level 1:colcon.colcon_core.package_identification:_identify(src/ydlidar_ros2_driver) by extension 'ros'
[0.878s] DEBUG:colcon.colcon_core.package_identification:Package 'src/ydlidar_ros2_driver' with type 'ros.ament_cmake' and name 'ydlidar_ros2_driver'
[0.878s] Level 1:colcon.colcon_core.package_discovery:discover_packages(recursive) using defaults
[0.879s] Level 1:colcon.colcon_core.package_discovery:discover_packages(ignore) discover
[0.879s] Level 1:colcon.colcon_core.package_discovery:discover_packages(ignore) using defaults
[0.879s] Level 1:colcon.colcon_core.package_discovery:discover_packages(path) discover
[0.879s] Level 1:colcon.colcon_core.package_discovery:discover_packages(path) using defaults
[0.924s] Level 5:colcon.colcon_core.verb:set package 'ai_vision' build argument 'cmake_args' from command line to 'None'
[0.924s] Level 5:colcon.colcon_core.verb:set package 'ai_vision' build argument 'cmake_target' from command line to 'None'
[0.924s] Level 5:colcon.colcon_core.verb:set package 'ai_vision' build argument 'cmake_target_skip_unavailable' from command line to 'False'
[0.924s] Level 5:colcon.colcon_core.verb:set package 'ai_vision' build argument 'cmake_clean_cache' from command line to 'False'
[0.924s] Level 5:colcon.colcon_core.verb:set package 'ai_vision' build argument 'cmake_clean_first' from command line to 'False'
[0.924s] Level 5:colcon.colcon_core.verb:set package 'ai_vision' build argument 'cmake_force_configure' from command line to 'False'
[0.924s] Level 5:colcon.colcon_core.verb:set package 'ai_vision' build argument 'ament_cmake_args' from command line to 'None'
[0.924s] Level 5:colcon.colcon_core.verb:set package 'ai_vision' build argument 'catkin_cmake_args' from command line to 'None'
[0.924s] Level 5:colcon.colcon_core.verb:set package 'ai_vision' build argument 'catkin_skip_building_tests' from command line to 'False'
[0.924s] DEBUG:colcon.colcon_core.verb:Building package 'ai_vision' with the following arguments: {'ament_cmake_args': None, 'build_base': '/ros2_ws/build/ai_vision', 'catkin_cmake_args': None, 'catkin_skip_building_tests': False, 'cmake_args': None, 'cmake_clean_cache': False, 'cmake_clean_first': False, 'cmake_force_configure': False, 'cmake_target': None, 'cmake_target_skip_unavailable': False, 'install_base': '/ros2_ws/install/ai_vision', 'merge_install': False, 'path': '/ros2_ws/src/ai_vision', 'symlink_install': True, 'test_result_base': None}
[0.925s] Level 5:colcon.colcon_core.verb:set package 'foxglove' build argument 'cmake_args' from command line to 'None'
[0.925s] Level 5:colcon.colcon_core.verb:set package 'foxglove' build argument 'cmake_target' from command line to 'None'
[0.925s] Level 5:colcon.colcon_core.verb:set package 'foxglove' build argument 'cmake_target_skip_unavailable' from command line to 'False'
[0.925s] Level 5:colcon.colcon_core.verb:set package 'foxglove' build argument 'cmake_clean_cache' from command line to 'False'
[0.925s] Level 5:colcon.colcon_core.verb:set package 'foxglove' build argument 'cmake_clean_first' from command line to 'False'
[0.925s] Level 5:colcon.colcon_core.verb:set package 'foxglove' build argument 'cmake_force_configure' from command line to 'False'
[0.925s] Level 5:colcon.colcon_core.verb:set package 'foxglove' build argument 'ament_cmake_args' from command line to 'None'
[0.925s] Level 5:colcon.colcon_core.verb:set package 'foxglove' build argument 'catkin_cmake_args' from command line to 'None'
[0.925s] Level 5:colcon.colcon_core.verb:set package 'foxglove' build argument 'catkin_skip_building_tests' from command line to 'False'
[0.925s] DEBUG:colcon.colcon_core.verb:Building package 'foxglove' with the following arguments: {'ament_cmake_args': None, 'build_base': '/ros2_ws/build/foxglove', 'catkin_cmake_args': None, 'catkin_skip_building_tests': False, 'cmake_args': None, 'cmake_clean_cache': False, 'cmake_clean_first': False, 'cmake_force_configure': False, 'cmake_target': None, 'cmake_target_skip_unavailable': False, 'install_base': '/ros2_ws/install/foxglove', 'merge_install': False, 'path': '/ros2_ws/src/foxglove', 'symlink_install': True, 'test_result_base': None}
[0.926s] Level 5:colcon.colcon_core.verb:set package 'hardware' build argument 'cmake_args' from command line to 'None'
[0.926s] Level 5:colcon.colcon_core.verb:set package 'hardware' build argument 'cmake_target' from command line to 'None'
[0.926s] Level 5:colcon.colcon_core.verb:set package 'hardware' build argument 'cmake_target_skip_unavailable' from command line to 'False'
[0.926s] Level 5:colcon.colcon_core.verb:set package 'hardware' build argument 'cmake_clean_cache' from command line to 'False'
[0.926s] Level 5:colcon.colcon_core.verb:set package 'hardware' build argument 'cmake_clean_first' from command line to 'False'
[0.926s] Level 5:colcon.colcon_core.verb:set package 'hardware' build argument 'cmake_force_configure' from command line to 'False'
[0.926s] Level 5:colcon.colcon_core.verb:set package 'hardware' build argument 'ament_cmake_args' from command line to 'None'
[0.926s] Level 5:colcon.colcon_core.verb:set package 'hardware' build argument 'catkin_cmake_args' from command line to 'None'
[0.926s] Level 5:colcon.colcon_core.verb:set package 'hardware' build argument 'catkin_skip_building_tests' from command line to 'False'
[0.926s] DEBUG:colcon.colcon_core.verb:Building package 'hardware' with the following arguments: {'ament_cmake_args': None, 'build_base': '/ros2_ws/build/hardware', 'catkin_cmake_args': None, 'catkin_skip_building_tests': False, 'cmake_args': None, 'cmake_clean_cache': False, 'cmake_clean_first': False, 'cmake_force_configure': False, 'cmake_target': None, 'cmake_target_skip_unavailable': False, 'install_base': '/ros2_ws/install/hardware', 'merge_install': False, 'path': '/ros2_ws/src/hardware', 'symlink_install': True, 'test_result_base': None}
[0.927s] Level 5:colcon.colcon_core.verb:set package 'icm20948_ros2' build argument 'cmake_args' from command line to 'None'
[0.927s] Level 5:colcon.colcon_core.verb:set package 'icm20948_ros2' build argument 'cmake_target' from command line to 'None'
[0.927s] Level 5:colcon.colcon_core.verb:set package 'icm20948_ros2' build argument 'cmake_target_skip_unavailable' from command line to 'False'
[0.927s] Level 5:colcon.colcon_core.verb:set package 'icm20948_ros2' build argument 'cmake_clean_cache' from command line to 'False'
[0.927s] Level 5:colcon.colcon_core.verb:set package 'icm20948_ros2' build argument 'cmake_clean_first' from command line to 'False'
[0.927s] Level 5:colcon.colcon_core.verb:set package 'icm20948_ros2' build argument 'cmake_force_configure' from command line to 'False'
[0.927s] Level 5:colcon.colcon_core.verb:set package 'icm20948_ros2' build argument 'ament_cmake_args' from command line to 'None'
[0.927s] Level 5:colcon.colcon_core.verb:set package 'icm20948_ros2' build argument 'catkin_cmake_args' from command line to 'None'
[0.927s] Level 5:colcon.colcon_core.verb:set package 'icm20948_ros2' build argument 'catkin_skip_building_tests' from command line to 'False'
[0.927s] DEBUG:colcon.colcon_core.verb:Building package 'icm20948_ros2' with the following arguments: {'ament_cmake_args': None, 'build_base': '/ros2_ws/build/icm20948_ros2', 'catkin_cmake_args': None, 'catkin_skip_building_tests': False, 'cmake_args': None, 'cmake_clean_cache': False, 'cmake_clean_first': False, 'cmake_force_configure': False, 'cmake_target': None, 'cmake_target_skip_unavailable': False, 'install_base': '/ros2_ws/install/icm20948_ros2', 'merge_install': False, 'path': '/ros2_ws/src/icm20948-ros2', 'symlink_install': True, 'test_result_base': None}
[0.928s] Level 5:colcon.colcon_core.verb:set package 'main_brain' build argument 'cmake_args' from command line to 'None'
[0.928s] Level 5:colcon.colcon_core.verb:set package 'main_brain' build argument 'cmake_target' from command line to 'None'
[0.928s] Level 5:colcon.colcon_core.verb:set package 'main_brain' build argument 'cmake_target_skip_unavailable' from command line to 'False'
[0.928s] Level 5:colcon.colcon_core.verb:set package 'main_brain' build argument 'cmake_clean_cache' from command line to 'False'
[0.928s] Level 5:colcon.colcon_core.verb:set package 'main_brain' build argument 'cmake_clean_first' from command line to 'False'
[0.928s] Level 5:colcon.colcon_core.verb:set package 'main_brain' build argument 'cmake_force_configure' from command line to 'False'
[0.928s] Level 5:colcon.colcon_core.verb:set package 'main_brain' build argument 'ament_cmake_args' from command line to 'None'
[0.928s] Level 5:colcon.colcon_core.verb:set package 'main_brain' build argument 'catkin_cmake_args' from command line to 'None'
[0.928s] Level 5:colcon.colcon_core.verb:set package 'main_brain' build argument 'catkin_skip_building_tests' from command line to 'False'
[0.928s] DEBUG:colcon.colcon_core.verb:Building package 'main_brain' with the following arguments: {'ament_cmake_args': None, 'build_base': '/ros2_ws/build/main_brain', 'catkin_cmake_args': None, 'catkin_skip_building_tests': False, 'cmake_args': None, 'cmake_clean_cache': False, 'cmake_clean_first': False, 'cmake_force_configure': False, 'cmake_target': None, 'cmake_target_skip_unavailable': False, 'install_base': '/ros2_ws/install/main_brain', 'merge_install': False, 'path': '/ros2_ws/src/main_brain', 'symlink_install': True, 'test_result_base': None}
[0.928s] Level 5:colcon.colcon_core.verb:set package 'navigation' build argument 'cmake_args' from command line to 'None'
[0.928s] Level 5:colcon.colcon_core.verb:set package 'navigation' build argument 'cmake_target' from command line to 'None'
[0.928s] Level 5:colcon.colcon_core.verb:set package 'navigation' build argument 'cmake_target_skip_unavailable' from command line to 'False'
[0.929s] Level 5:colcon.colcon_core.verb:set package 'navigation' build argument 'cmake_clean_cache' from command line to 'False'
[0.929s] Level 5:colcon.colcon_core.verb:set package 'navigation' build argument 'cmake_clean_first' from command line to 'False'
[0.929s] Level 5:colcon.colcon_core.verb:set package 'navigation' build argument 'cmake_force_configure' from command line to 'False'
[0.929s] Level 5:colcon.colcon_core.verb:set package 'navigation' build argument 'ament_cmake_args' from command line to 'None'
[0.929s] Level 5:colcon.colcon_core.verb:set package 'navigation' build argument 'catkin_cmake_args' from command line to 'None'
[0.929s] Level 5:colcon.colcon_core.verb:set package 'navigation' build argument 'catkin_skip_building_tests' from command line to 'False'
[0.929s] DEBUG:colcon.colcon_core.verb:Building package 'navigation' with the following arguments: {'ament_cmake_args': None, 'build_base': '/ros2_ws/build/navigation', 'catkin_cmake_args': None, 'catkin_skip_building_tests': False, 'cmake_args': None, 'cmake_clean_cache': False, 'cmake_clean_first': False, 'cmake_force_configure': False, 'cmake_target': None, 'cmake_target_skip_unavailable': False, 'install_base': '/ros2_ws/install/navigation', 'merge_install': False, 'path': '/ros2_ws/src/navigation', 'symlink_install': True, 'test_result_base': None}
[0.929s] Level 5:colcon.colcon_core.verb:set package 'rf2o_laser_odometry' build argument 'cmake_args' from command line to 'None'
[0.929s] Level 5:colcon.colcon_core.verb:set package 'rf2o_laser_odometry' build argument 'cmake_target' from command line to 'None'
[0.929s] Level 5:colcon.colcon_core.verb:set package 'rf2o_laser_odometry' build argument 'cmake_target_skip_unavailable' from command line to 'False'
[0.929s] Level 5:colcon.colcon_core.verb:set package 'rf2o_laser_odometry' build argument 'cmake_clean_cache' from command line to 'False'
[0.929s] Level 5:colcon.colcon_core.verb:set package 'rf2o_laser_odometry' build argument 'cmake_clean_first' from command line to 'False'
[0.929s] Level 5:colcon.colcon_core.verb:set package 'rf2o_laser_odometry' build argument 'cmake_force_configure' from command line to 'False'
[0.929s] Level 5:colcon.colcon_core.verb:set package 'rf2o_laser_odometry' build argument 'ament_cmake_args' from command line to 'None'
[0.929s] Level 5:colcon.colcon_core.verb:set package 'rf2o_laser_odometry' build argument 'catkin_cmake_args' from command line to 'None'
[0.929s] Level 5:colcon.colcon_core.verb:set package 'rf2o_laser_odometry' build argument 'catkin_skip_building_tests' from command line to 'False'
[0.929s] DEBUG:colcon.colcon_core.verb:Building package 'rf2o_laser_odometry' with the following arguments: {'ament_cmake_args': None, 'build_base': '/ros2_ws/build/rf2o_laser_odometry', 'catkin_cmake_args': None, 'catkin_skip_building_tests': False, 'cmake_args': None, 'cmake_clean_cache': False, 'cmake_clean_first': False, 'cmake_force_configure': False, 'cmake_target': None, 'cmake_target_skip_unavailable': False, 'install_base': '/ros2_ws/install/rf2o_laser_odometry', 'merge_install': False, 'path': '/ros2_ws/src/rf2o_laser_odometry', 'symlink_install': True, 'test_result_base': None}
[0.930s] Level 5:colcon.colcon_core.verb:set package 'robot_description' build argument 'cmake_args' from command line to 'None'
[0.930s] Level 5:colcon.colcon_core.verb:set package 'robot_description' build argument 'cmake_target' from command line to 'None'
[0.930s] Level 5:colcon.colcon_core.verb:set package 'robot_description' build argument 'cmake_target_skip_unavailable' from command line to 'False'
[0.930s] Level 5:colcon.colcon_core.verb:set package 'robot_description' build argument 'cmake_clean_cache' from command line to 'False'
[0.930s] Level 5:colcon.colcon_core.verb:set package 'robot_description' build argument 'cmake_clean_first' from command line to 'False'
[0.930s] Level 5:colcon.colcon_core.verb:set package 'robot_description' build argument 'cmake_force_configure' from command line to 'False'
[0.930s] Level 5:colcon.colcon_core.verb:set package 'robot_description' build argument 'ament_cmake_args' from command line to 'None'
[0.930s] Level 5:colcon.colcon_core.verb:set package 'robot_description' build argument 'catkin_cmake_args' from command line to 'None'
[0.930s] Level 5:colcon.colcon_core.verb:set package 'robot_description' build argument 'catkin_skip_building_tests' from command line to 'False'
[0.930s] DEBUG:colcon.colcon_core.verb:Building package 'robot_description' with the following arguments: {'ament_cmake_args': None, 'build_base': '/ros2_ws/build/robot_description', 'catkin_cmake_args': None, 'catkin_skip_building_tests': False, 'cmake_args': None, 'cmake_clean_cache': False, 'cmake_clean_first': False, 'cmake_force_configure': False, 'cmake_target': None, 'cmake_target_skip_unavailable': False, 'install_base': '/ros2_ws/install/robot_description', 'merge_install': False, 'path': '/ros2_ws/src/robot_description', 'symlink_install': True, 'test_result_base': None}
[0.930s] Level 5:colcon.colcon_core.verb:set package 'robot_stats' build argument 'cmake_args' from command line to 'None'
[0.930s] Level 5:colcon.colcon_core.verb:set package 'robot_stats' build argument 'cmake_target' from command line to 'None'
[0.931s] Level 5:colcon.colcon_core.verb:set package 'robot_stats' build argument 'cmake_target_skip_unavailable' from command line to 'False'
[0.931s] Level 5:colcon.colcon_core.verb:set package 'robot_stats' build argument 'cmake_clean_cache' from command line to 'False'
[0.931s] Level 5:colcon.colcon_core.verb:set package 'robot_stats' build argument 'cmake_clean_first' from command line to 'False'
[0.931s] Level 5:colcon.colcon_core.verb:set package 'robot_stats' build argument 'cmake_force_configure' from command line to 'False'
[0.931s] Level 5:colcon.colcon_core.verb:set package 'robot_stats' build argument 'ament_cmake_args' from command line to 'None'
[0.931s] Level 5:colcon.colcon_core.verb:set package 'robot_stats' build argument 'catkin_cmake_args' from command line to 'None'
[0.931s] Level 5:colcon.colcon_core.verb:set package 'robot_stats' build argument 'catkin_skip_building_tests' from command line to 'False'
[0.931s] DEBUG:colcon.colcon_core.verb:Building package 'robot_stats' with the following arguments: {'ament_cmake_args': None, 'build_base': '/ros2_ws/build/robot_stats', 'catkin_cmake_args': None, 'catkin_skip_building_tests': False, 'cmake_args': None, 'cmake_clean_cache': False, 'cmake_clean_first': False, 'cmake_force_configure': False, 'cmake_target': None, 'cmake_target_skip_unavailable': False, 'install_base': '/ros2_ws/install/robot_stats', 'merge_install': False, 'path': '/ros2_ws/src/robot_stats', 'symlink_install': True, 'test_result_base': None}
[0.931s] Level 5:colcon.colcon_core.verb:set package 'sensor_fusion_pkg' build argument 'cmake_args' from command line to 'None'
[0.931s] Level 5:colcon.colcon_core.verb:set package 'sensor_fusion_pkg' build argument 'cmake_target' from command line to 'None'
[0.931s] Level 5:colcon.colcon_core.verb:set package 'sensor_fusion_pkg' build argument 'cmake_target_skip_unavailable' from command line to 'False'
[0.931s] Level 5:colcon.colcon_core.verb:set package 'sensor_fusion_pkg' build argument 'cmake_clean_cache' from command line to 'False'
[0.931s] Level 5:colcon.colcon_core.verb:set package 'sensor_fusion_pkg' build argument 'cmake_clean_first' from command line to 'False'
[0.931s] Level 5:colcon.colcon_core.verb:set package 'sensor_fusion_pkg' build argument 'cmake_force_configure' from command line to 'False'
[0.931s] Level 5:colcon.colcon_core.verb:set package 'sensor_fusion_pkg' build argument 'ament_cmake_args' from command line to 'None'
[0.931s] Level 5:colcon.colcon_core.verb:set package 'sensor_fusion_pkg' build argument 'catkin_cmake_args' from command line to 'None'
[0.931s] Level 5:colcon.colcon_core.verb:set package 'sensor_fusion_pkg' build argument 'catkin_skip_building_tests' from command line to 'False'
[0.931s] DEBUG:colcon.colcon_core.verb:Building package 'sensor_fusion_pkg' with the following arguments: {'ament_cmake_args': None, 'build_base': '/ros2_ws/build/sensor_fusion_pkg', 'catkin_cmake_args': None, 'catkin_skip_building_tests': False, 'cmake_args': None, 'cmake_clean_cache': False, 'cmake_clean_first': False, 'cmake_force_configure': False, 'cmake_target': None, 'cmake_target_skip_unavailable': False, 'install_base': '/ros2_ws/install/sensor_fusion_pkg', 'merge_install': False, 'path': '/ros2_ws/src/sensor_fusion_pkg', 'symlink_install': True, 'test_result_base': None}
[0.932s] Level 5:colcon.colcon_core.verb:set package 'shooting' build argument 'cmake_args' from command line to 'None'
[0.932s] Level 5:colcon.colcon_core.verb:set package 'shooting' build argument 'cmake_target' from command line to 'None'
[0.932s] Level 5:colcon.colcon_core.verb:set package 'shooting' build argument 'cmake_target_skip_unavailable' from command line to 'False'
[0.932s] Level 5:colcon.colcon_core.verb:set package 'shooting' build argument 'cmake_clean_cache' from command line to 'False'
[0.932s] Level 5:colcon.colcon_core.verb:set package 'shooting' build argument 'cmake_clean_first' from command line to 'False'
[0.932s] Level 5:colcon.colcon_core.verb:set package 'shooting' build argument 'cmake_force_configure' from command line to 'False'
[0.932s] Level 5:colcon.colcon_core.verb:set package 'shooting' build argument 'ament_cmake_args' from command line to 'None'
[0.932s] Level 5:colcon.colcon_core.verb:set package 'shooting' build argument 'catkin_cmake_args' from command line to 'None'
[0.932s] Level 5:colcon.colcon_core.verb:set package 'shooting' build argument 'catkin_skip_building_tests' from command line to 'False'
[0.932s] DEBUG:colcon.colcon_core.verb:Building package 'shooting' with the following arguments: {'ament_cmake_args': None, 'build_base': '/ros2_ws/build/shooting', 'catkin_cmake_args': None, 'catkin_skip_building_tests': False, 'cmake_args': None, 'cmake_clean_cache': False, 'cmake_clean_first': False, 'cmake_force_configure': False, 'cmake_target': None, 'cmake_target_skip_unavailable': False, 'install_base': '/ros2_ws/install/shooting', 'merge_install': False, 'path': '/ros2_ws/src/shooting', 'symlink_install': True, 'test_result_base': None}
[0.932s] Level 5:colcon.colcon_core.verb:set package 'tactical_brain' build argument 'cmake_args' from command line to 'None'
[0.932s] Level 5:colcon.colcon_core.verb:set package 'tactical_brain' build argument 'cmake_target' from command line to 'None'
[0.932s] Level 5:colcon.colcon_core.verb:set package 'tactical_brain' build argument 'cmake_target_skip_unavailable' from command line to 'False'
[0.932s] Level 5:colcon.colcon_core.verb:set package 'tactical_brain' build argument 'cmake_clean_cache' from command line to 'False'
[0.932s] Level 5:colcon.colcon_core.verb:set package 'tactical_brain' build argument 'cmake_clean_first' from command line to 'False'
[0.932s] Level 5:colcon.colcon_core.verb:set package 'tactical_brain' build argument 'cmake_force_configure' from command line to 'False'
[0.932s] Level 5:colcon.colcon_core.verb:set package 'tactical_brain' build argument 'ament_cmake_args' from command line to 'None'
[0.932s] Level 5:colcon.colcon_core.verb:set package 'tactical_brain' build argument 'catkin_cmake_args' from command line to 'None'
[0.932s] Level 5:colcon.colcon_core.verb:set package 'tactical_brain' build argument 'catkin_skip_building_tests' from command line to 'False'
[0.932s] DEBUG:colcon.colcon_core.verb:Building package 'tactical_brain' with the following arguments: {'ament_cmake_args': None, 'build_base': '/ros2_ws/build/tactical_brain', 'catkin_cmake_args': None, 'catkin_skip_building_tests': False, 'cmake_args': None, 'cmake_clean_cache': False, 'cmake_clean_first': False, 'cmake_force_configure': False, 'cmake_target': None, 'cmake_target_skip_unavailable': False, 'install_base': '/ros2_ws/install/tactical_brain', 'merge_install': False, 'path': '/ros2_ws/src/tactical_brain', 'symlink_install': True, 'test_result_base': None}
[0.933s] Level 5:colcon.colcon_core.verb:set package 'telemetry_data' build argument 'cmake_args' from command line to 'None'
[0.933s] Level 5:colcon.colcon_core.verb:set package 'telemetry_data' build argument 'cmake_target' from command line to 'None'
[0.933s] Level 5:colcon.colcon_core.verb:set package 'telemetry_data' build argument 'cmake_target_skip_unavailable' from command line to 'False'
[0.933s] Level 5:colcon.colcon_core.verb:set package 'telemetry_data' build argument 'cmake_clean_cache' from command line to 'False'
[0.933s] Level 5:colcon.colcon_core.verb:set package 'telemetry_data' build argument 'cmake_clean_first' from command line to 'False'
[0.933s] Level 5:colcon.colcon_core.verb:set package 'telemetry_data' build argument 'cmake_force_configure' from command line to 'False'
[0.933s] Level 5:colcon.colcon_core.verb:set package 'telemetry_data' build argument 'ament_cmake_args' from command line to 'None'
[0.933s] Level 5:colcon.colcon_core.verb:set package 'telemetry_data' build argument 'catkin_cmake_args' from command line to 'None'
[0.933s] Level 5:colcon.colcon_core.verb:set package 'telemetry_data' build argument 'catkin_skip_building_tests' from command line to 'False'
[0.933s] DEBUG:colcon.colcon_core.verb:Building package 'telemetry_data' with the following arguments: {'ament_cmake_args': None, 'build_base': '/ros2_ws/build/telemetry_data', 'catkin_cmake_args': None, 'catkin_skip_building_tests': False, 'cmake_args': None, 'cmake_clean_cache': False, 'cmake_clean_first': False, 'cmake_force_configure': False, 'cmake_target': None, 'cmake_target_skip_unavailable': False, 'install_base': '/ros2_ws/install/telemetry_data', 'merge_install': False, 'path': '/ros2_ws/src/telemetry_data', 'symlink_install': True, 'test_result_base': None}
[0.933s] Level 5:colcon.colcon_core.verb:set package 'ydlidar_ros2_driver' build argument 'cmake_args' from command line to 'None'
[0.933s] Level 5:colcon.colcon_core.verb:set package 'ydlidar_ros2_driver' build argument 'cmake_target' from command line to 'None'
[0.933s] Level 5:colcon.colcon_core.verb:set package 'ydlidar_ros2_driver' build argument 'cmake_target_skip_unavailable' from command line to 'False'
[0.933s] Level 5:colcon.colcon_core.verb:set package 'ydlidar_ros2_driver' build argument 'cmake_clean_cache' from command line to 'False'
[0.933s] Level 5:colcon.colcon_core.verb:set package 'ydlidar_ros2_driver' build argument 'cmake_clean_first' from command line to 'False'
[0.933s] Level 5:colcon.colcon_core.verb:set package 'ydlidar_ros2_driver' build argument 'cmake_force_configure' from command line to 'False'
[0.933s] Level 5:colcon.colcon_core.verb:set package 'ydlidar_ros2_driver' build argument 'ament_cmake_args' from command line to 'None'
[0.933s] Level 5:colcon.colcon_core.verb:set package 'ydlidar_ros2_driver' build argument 'catkin_cmake_args' from command line to 'None'
[0.933s] Level 5:colcon.colcon_core.verb:set package 'ydlidar_ros2_driver' build argument 'catkin_skip_building_tests' from command line to 'False'
[0.934s] DEBUG:colcon.colcon_core.verb:Building package 'ydlidar_ros2_driver' with the following arguments: {'ament_cmake_args': None, 'build_base': '/ros2_ws/build/ydlidar_ros2_driver', 'catkin_cmake_args': None, 'catkin_skip_building_tests': False, 'cmake_args': None, 'cmake_clean_cache': False, 'cmake_clean_first': False, 'cmake_force_configure': False, 'cmake_target': None, 'cmake_target_skip_unavailable': False, 'install_base': '/ros2_ws/install/ydlidar_ros2_driver', 'merge_install': False, 'path': '/ros2_ws/src/ydlidar_ros2_driver', 'symlink_install': True, 'test_result_base': None}
[0.934s] Level 5:colcon.colcon_core.verb:set package 'localization' build argument 'cmake_args' from command line to 'None'
[0.934s] Level 5:colcon.colcon_core.verb:set package 'localization' build argument 'cmake_target' from command line to 'None'
[0.934s] Level 5:colcon.colcon_core.verb:set package 'localization' build argument 'cmake_target_skip_unavailable' from command line to 'False'
[0.934s] Level 5:colcon.colcon_core.verb:set package 'localization' build argument 'cmake_clean_cache' from command line to 'False'
[0.934s] Level 5:colcon.colcon_core.verb:set package 'localization' build argument 'cmake_clean_first' from command line to 'False'
[0.934s] Level 5:colcon.colcon_core.verb:set package 'localization' build argument 'cmake_force_configure' from command line to 'False'
[0.934s] Level 5:colcon.colcon_core.verb:set package 'localization' build argument 'ament_cmake_args' from command line to 'None'
[0.934s] Level 5:colcon.colcon_core.verb:set package 'localization' build argument 'catkin_cmake_args' from command line to 'None'
[0.934s] Level 5:colcon.colcon_core.verb:set package 'localization' build argument 'catkin_skip_building_tests' from command line to 'False'
[0.934s] DEBUG:colcon.colcon_core.verb:Building package 'localization' with the following arguments: {'ament_cmake_args': None, 'build_base': '/ros2_ws/build/localization', 'catkin_cmake_args': None, 'catkin_skip_building_tests': False, 'cmake_args': None, 'cmake_clean_cache': False, 'cmake_clean_first': False, 'cmake_force_configure': False, 'cmake_target': None, 'cmake_target_skip_unavailable': False, 'install_base': '/ros2_ws/install/localization', 'merge_install': False, 'path': '/ros2_ws/src/localization', 'symlink_install': True, 'test_result_base': None}
[0.934s] Level 5:colcon.colcon_core.verb:set package 'robot_bringup' build argument 'cmake_args' from command line to 'None'
[0.935s] Level 5:colcon.colcon_core.verb:set package 'robot_bringup' build argument 'cmake_target' from command line to 'None'
[0.935s] Level 5:colcon.colcon_core.verb:set package 'robot_bringup' build argument 'cmake_target_skip_unavailable' from command line to 'False'
[0.935s] Level 5:colcon.colcon_core.verb:set package 'robot_bringup' build argument 'cmake_clean_cache' from command line to 'False'
[0.935s] Level 5:colcon.colcon_core.verb:set package 'robot_bringup' build argument 'cmake_clean_first' from command line to 'False'
[0.935s] Level 5:colcon.colcon_core.verb:set package 'robot_bringup' build argument 'cmake_force_configure' from command line to 'False'
[0.935s] Level 5:colcon.colcon_core.verb:set package 'robot_bringup' build argument 'ament_cmake_args' from command line to 'None'
[0.935s] Level 5:colcon.colcon_core.verb:set package 'robot_bringup' build argument 'catkin_cmake_args' from command line to 'None'
[0.935s] Level 5:colcon.colcon_core.verb:set package 'robot_bringup' build argument 'catkin_skip_building_tests' from command line to 'False'
[0.935s] DEBUG:colcon.colcon_core.verb:Building package 'robot_bringup' with the following arguments: {'ament_cmake_args': None, 'build_base': '/ros2_ws/build/robot_bringup', 'catkin_cmake_args': None, 'catkin_skip_building_tests': False, 'cmake_args': None, 'cmake_clean_cache': False, 'cmake_clean_first': False, 'cmake_force_configure': False, 'cmake_target': None, 'cmake_target_skip_unavailable': False, 'install_base': '/ros2_ws/install/robot_bringup', 'merge_install': False, 'path': '/ros2_ws/src/robot_bringup', 'symlink_install': True, 'test_result_base': None}
[0.935s] INFO:colcon.colcon_core.executor:Executing jobs using 'parallel' executor
[0.937s] DEBUG:colcon.colcon_parallel_executor.executor.parallel:run_until_complete
[0.938s] INFO:colcon.colcon_ros.task.ament_cmake.build:Building ROS package in '/ros2_ws/src/rf2o_laser_odometry' with build type 'ament_cmake'
[0.939s] INFO:colcon.colcon_cmake.task.cmake.build:Building CMake package in '/ros2_ws/src/rf2o_laser_odometry'
[0.953s] INFO:colcon.colcon_core.plugin_system:Skipping extension 'colcon_core.shell.bat': Not used on non-Windows systems
[0.954s] INFO:colcon.colcon_core.shell:Skip shell extension 'powershell' for command environment: Not usable outside of PowerShell
[0.954s] DEBUG:colcon.colcon_core.shell:Skip shell extension 'dsv' for command environment
[0.966s] INFO:colcon.colcon_ros.task.ament_cmake.build:Building ROS package in '/ros2_ws/src/ydlidar_ros2_driver' with build type 'ament_cmake'
[0.966s] INFO:colcon.colcon_cmake.task.cmake.build:Building CMake package in '/ros2_ws/src/ydlidar_ros2_driver'
[0.967s] INFO:colcon.colcon_core.shell:Skip shell extension 'powershell' for command environment: Not usable outside of PowerShell
[0.967s] DEBUG:colcon.colcon_core.shell:Skip shell extension 'dsv' for command environment
[0.972s] INFO:colcon.colcon_ros.task.ament_cmake.build:Building ROS package in '/ros2_ws/src/foxglove' with build type 'ament_cmake'
[0.972s] INFO:colcon.colcon_cmake.task.cmake.build:Building CMake package in '/ros2_ws/src/foxglove'
[0.973s] INFO:colcon.colcon_core.shell:Skip shell extension 'powershell' for command environment: Not usable outside of PowerShell
[0.973s] DEBUG:colcon.colcon_core.shell:Skip shell extension 'dsv' for command environment
[0.979s] INFO:colcon.colcon_ros.task.ament_cmake.build:Building ROS package in '/ros2_ws/src/hardware' with build type 'ament_cmake'
[0.979s] INFO:colcon.colcon_cmake.task.cmake.build:Building CMake package in '/ros2_ws/src/hardware'
[0.980s] INFO:colcon.colcon_core.shell:Skip shell extension 'powershell' for command environment: Not usable outside of PowerShell
[0.980s] DEBUG:colcon.colcon_core.shell:Skip shell extension 'dsv' for command environment
[0.997s] DEBUG:colcon.colcon_core.event_handler.log_command:Invoking command in '/ros2_ws/build/rf2o_laser_odometry': CMAKE_PREFIX_PATH=${CMAKE_PREFIX_PATH}:/ros2_ws/install/tactical_brain:/ros2_ws/install/sensor_fusion_pkg:/ros2_ws/install/icm20948_ros2:/ros2_ws/install/ai_vision:/opt/ros/humble /usr/bin/cmake --build /ros2_ws/build/rf2o_laser_odometry -- -j4 -l4
[1.015s] DEBUG:colcon.colcon_core.event_handler.log_command:Invoking command in '/ros2_ws/build/ydlidar_ros2_driver': CMAKE_PREFIX_PATH=${CMAKE_PREFIX_PATH}:/ros2_ws/install/tactical_brain:/ros2_ws/install/sensor_fusion_pkg:/ros2_ws/install/icm20948_ros2:/ros2_ws/install/ai_vision:/opt/ros/humble /usr/bin/cmake --build /ros2_ws/build/ydlidar_ros2_driver -- -j4 -l4
[1.034s] DEBUG:colcon.colcon_core.event_handler.log_command:Invoking command in '/ros2_ws/build/foxglove': CMAKE_PREFIX_PATH=${CMAKE_PREFIX_PATH}:/ros2_ws/install/tactical_brain:/ros2_ws/install/sensor_fusion_pkg:/ros2_ws/install/icm20948_ros2:/ros2_ws/install/ai_vision:/opt/ros/humble /usr/bin/cmake --build /ros2_ws/build/foxglove -- -j4 -l4
[1.046s] DEBUG:colcon.colcon_core.event_handler.log_command:Invoking command in '/ros2_ws/build/hardware': CMAKE_PREFIX_PATH=${CMAKE_PREFIX_PATH}:/ros2_ws/install/tactical_brain:/ros2_ws/install/sensor_fusion_pkg:/ros2_ws/install/icm20948_ros2:/ros2_ws/install/ai_vision:/opt/ros/humble /usr/bin/cmake --build /ros2_ws/build/hardware -- -j4 -l4
[1.311s] DEBUG:colcon.colcon_core.event_handler.log_command:Invoked command in '/ros2_ws/build/foxglove' returned '0': CMAKE_PREFIX_PATH=${CMAKE_PREFIX_PATH}:/ros2_ws/install/tactical_brain:/ros2_ws/install/sensor_fusion_pkg:/ros2_ws/install/icm20948_ros2:/ros2_ws/install/ai_vision:/opt/ros/humble /usr/bin/cmake --build /ros2_ws/build/foxglove -- -j4 -l4
[1.326s] DEBUG:colcon.colcon_core.event_handler.log_command:Invoking command in '/ros2_ws/build/foxglove': CMAKE_PREFIX_PATH=${CMAKE_PREFIX_PATH}:/ros2_ws/install/tactical_brain:/ros2_ws/install/sensor_fusion_pkg:/ros2_ws/install/icm20948_ros2:/ros2_ws/install/ai_vision:/opt/ros/humble /usr/bin/cmake --install /ros2_ws/build/foxglove
[1.372s] Level 1:colcon.colcon_core.environment:create_environment_scripts_only(foxglove)
[1.373s] DEBUG:colcon.colcon_core.event_handler.log_command:Invoked command in '/ros2_ws/build/foxglove' returned '0': CMAKE_PREFIX_PATH=${CMAKE_PREFIX_PATH}:/ros2_ws/install/tactical_brain:/ros2_ws/install/sensor_fusion_pkg:/ros2_ws/install/icm20948_ros2:/ros2_ws/install/ai_vision:/opt/ros/humble /usr/bin/cmake --install /ros2_ws/build/foxglove
[1.505s] Level 1:colcon.colcon_core.environment:checking '/ros2_ws/install/foxglove' for CMake module files
[1.505s] Level 1:colcon.colcon_core.environment:checking '/ros2_ws/install/foxglove' for CMake config files
[1.506s] Level 1:colcon.colcon_core.shell:create_environment_hook('foxglove', 'cmake_prefix_path')
[1.506s] INFO:colcon.colcon_core.shell:Creating environment hook '/ros2_ws/install/foxglove/share/foxglove/hook/cmake_prefix_path.ps1'
[1.517s] INFO:colcon.colcon_core.shell:Creating environment descriptor '/ros2_ws/install/foxglove/share/foxglove/hook/cmake_prefix_path.dsv'
[1.524s] INFO:colcon.colcon_core.shell:Creating environment hook '/ros2_ws/install/foxglove/share/foxglove/hook/cmake_prefix_path.sh'
[1.530s] Level 1:colcon.colcon_core.environment:checking '/ros2_ws/install/foxglove/bin'
[1.530s] Level 1:colcon.colcon_core.environment:checking '/ros2_ws/install/foxglove/lib/pkgconfig/foxglove.pc'
[1.531s] Level 1:colcon.colcon_core.environment:checking '/ros2_ws/install/foxglove/lib/python3.10/site-packages'
[1.532s] Level 1:colcon.colcon_core.environment:checking '/ros2_ws/install/foxglove/bin'
[1.532s] INFO:colcon.colcon_core.shell:Creating package script '/ros2_ws/install/foxglove/share/foxglove/package.ps1'
[1.537s] INFO:colcon.colcon_core.shell:Creating package descriptor '/ros2_ws/install/foxglove/share/foxglove/package.dsv'
[1.542s] INFO:colcon.colcon_core.shell:Creating package script '/ros2_ws/install/foxglove/share/foxglove/package.sh'
[1.546s] INFO:colcon.colcon_core.shell:Creating package script '/ros2_ws/install/foxglove/share/foxglove/package.bash'
[1.555s] INFO:colcon.colcon_core.shell:Creating package script '/ros2_ws/install/foxglove/share/foxglove/package.zsh'
[1.570s] Level 1:colcon.colcon_core.environment:create_file_with_runtime_dependencies(/ros2_ws/install/foxglove/share/colcon-core/packages/foxglove)
[1.570s] Level 1:colcon.colcon_core.environment:create_environment_scripts_only(foxglove)
[1.571s] Level 1:colcon.colcon_core.environment:checking '/ros2_ws/install/foxglove' for CMake module files
[1.571s] Level 1:colcon.colcon_core.environment:checking '/ros2_ws/install/foxglove' for CMake config files
[1.572s] Level 1:colcon.colcon_core.shell:create_environment_hook('foxglove', 'cmake_prefix_path')
[1.572s] INFO:colcon.colcon_core.shell:Creating environment hook '/ros2_ws/install/foxglove/share/foxglove/hook/cmake_prefix_path.ps1'
[1.572s] INFO:colcon.colcon_core.shell:Creating environment descriptor '/ros2_ws/install/foxglove/share/foxglove/hook/cmake_prefix_path.dsv'
[1.573s] INFO:colcon.colcon_core.shell:Creating environment hook '/ros2_ws/install/foxglove/share/foxglove/hook/cmake_prefix_path.sh'
[1.573s] Level 1:colcon.colcon_core.environment:checking '/ros2_ws/install/foxglove/bin'
[1.574s] Level 1:colcon.colcon_core.environment:checking '/ros2_ws/install/foxglove/lib/pkgconfig/foxglove.pc'
[1.574s] Level 1:colcon.colcon_core.environment:checking '/ros2_ws/install/foxglove/lib/python3.10/site-packages'
[1.574s] Level 1:colcon.colcon_core.environment:checking '/ros2_ws/install/foxglove/bin'
[1.575s] INFO:colcon.colcon_core.shell:Creating package script '/ros2_ws/install/foxglove/share/foxglove/package.ps1'
[1.576s] INFO:colcon.colcon_core.shell:Creating package descriptor '/ros2_ws/install/foxglove/share/foxglove/package.dsv'
[1.576s] INFO:colcon.colcon_core.shell:Creating package script '/ros2_ws/install/foxglove/share/foxglove/package.sh'
[1.576s] INFO:colcon.colcon_core.shell:Creating package script '/ros2_ws/install/foxglove/share/foxglove/package.bash'
[1.577s] INFO:colcon.colcon_core.shell:Creating package script '/ros2_ws/install/foxglove/share/foxglove/package.zsh'
[1.577s] Level 1:colcon.colcon_core.environment:create_file_with_runtime_dependencies(/ros2_ws/install/foxglove/share/colcon-core/packages/foxglove)
[1.578s] INFO:colcon.colcon_ros.task.ament_cmake.build:Building ROS package in '/ros2_ws/src/navigation' with build type 'ament_cmake'
[1.578s] INFO:colcon.colcon_cmake.task.cmake.build:Building CMake package in '/ros2_ws/src/navigation'
[1.578s] INFO:colcon.colcon_core.shell:Skip shell extension 'powershell' for command environment: Not usable outside of PowerShell
[1.578s] DEBUG:colcon.colcon_core.shell:Skip shell extension 'dsv' for command environment
[1.595s] DEBUG:colcon.colcon_core.event_handler.log_command:Invoking command in '/ros2_ws/build/navigation': CMAKE_PREFIX_PATH=${CMAKE_PREFIX_PATH}:/ros2_ws/install/tactical_brain:/ros2_ws/install/sensor_fusion_pkg:/ros2_ws/install/icm20948_ros2:/ros2_ws/install/ai_vision:/opt/ros/humble /usr/bin/cmake --build /ros2_ws/build/navigation -- -j4 -l4
[1.642s] DEBUG:colcon.colcon_core.event_handler.log_command:Invoked command in '/ros2_ws/build/navigation' returned '0': CMAKE_PREFIX_PATH=${CMAKE_PREFIX_PATH}:/ros2_ws/install/tactical_brain:/ros2_ws/install/sensor_fusion_pkg:/ros2_ws/install/icm20948_ros2:/ros2_ws/install/ai_vision:/opt/ros/humble /usr/bin/cmake --build /ros2_ws/build/navigation -- -j4 -l4
[1.649s] DEBUG:colcon.colcon_core.event_handler.log_command:Invoking command in '/ros2_ws/build/navigation': CMAKE_PREFIX_PATH=${CMAKE_PREFIX_PATH}:/ros2_ws/install/tactical_brain:/ros2_ws/install/sensor_fusion_pkg:/ros2_ws/install/icm20948_ros2:/ros2_ws/install/ai_vision:/opt/ros/humble /usr/bin/cmake --install /ros2_ws/build/navigation
[1.681s] Level 1:colcon.colcon_core.environment:create_environment_scripts_only(navigation)
[1.682s] Level 1:colcon.colcon_core.environment:checking '/ros2_ws/install/navigation' for CMake module files
[1.683s] DEBUG:colcon.colcon_core.event_handler.log_command:Invoked command in '/ros2_ws/build/navigation' returned '0': CMAKE_PREFIX_PATH=${CMAKE_PREFIX_PATH}:/ros2_ws/install/tactical_brain:/ros2_ws/install/sensor_fusion_pkg:/ros2_ws/install/icm20948_ros2:/ros2_ws/install/ai_vision:/opt/ros/humble /usr/bin/cmake --install /ros2_ws/build/navigation
[1.683s] Level 1:colcon.colcon_core.environment:checking '/ros2_ws/install/navigation' for CMake config files
[1.683s] Level 1:colcon.colcon_core.shell:create_environment_hook('navigation', 'cmake_prefix_path')
[1.684s] INFO:colcon.colcon_core.shell:Creating environment hook '/ros2_ws/install/navigation/share/navigation/hook/cmake_prefix_path.ps1'
[1.684s] INFO:colcon.colcon_core.shell:Creating environment descriptor '/ros2_ws/install/navigation/share/navigation/hook/cmake_prefix_path.dsv'
[1.685s] INFO:colcon.colcon_core.shell:Creating environment hook '/ros2_ws/install/navigation/share/navigation/hook/cmake_prefix_path.sh'
[1.685s] Level 1:colcon.colcon_core.environment:checking '/ros2_ws/install/navigation/bin'
[1.686s] Level 1:colcon.colcon_core.environment:checking '/ros2_ws/install/navigation/lib/pkgconfig/navigation.pc'
[1.686s] Level 1:colcon.colcon_core.environment:checking '/ros2_ws/install/navigation/lib/python3.10/site-packages'
[1.686s] Level 1:colcon.colcon_core.environment:checking '/ros2_ws/install/navigation/bin'
[1.687s] INFO:colcon.colcon_core.shell:Creating package script '/ros2_ws/install/navigation/share/navigation/package.ps1'
[1.687s] INFO:colcon.colcon_core.shell:Creating package descriptor '/ros2_ws/install/navigation/share/navigation/package.dsv'
[1.688s] INFO:colcon.colcon_core.shell:Creating package script '/ros2_ws/install/navigation/share/navigation/package.sh'
[1.688s] INFO:colcon.colcon_core.shell:Creating package script '/ros2_ws/install/navigation/share/navigation/package.bash'
[1.691s] INFO:colcon.colcon_core.shell:Creating package script '/ros2_ws/install/navigation/share/navigation/package.zsh'
[1.694s] Level 1:colcon.colcon_core.environment:create_file_with_runtime_dependencies(/ros2_ws/install/navigation/share/colcon-core/packages/navigation)
[1.695s] Level 1:colcon.colcon_core.environment:create_environment_scripts_only(navigation)
[1.695s] Level 1:colcon.colcon_core.environment:checking '/ros2_ws/install/navigation' for CMake module files
[1.696s] Level 1:colcon.colcon_core.environment:checking '/ros2_ws/install/navigation' for CMake config files
[1.696s] Level 1:colcon.colcon_core.shell:create_environment_hook('navigation', 'cmake_prefix_path')
[1.696s] INFO:colcon.colcon_core.shell:Creating environment hook '/ros2_ws/install/navigation/share/navigation/hook/cmake_prefix_path.ps1'
[1.699s] INFO:colcon.colcon_core.shell:Creating environment descriptor '/ros2_ws/install/navigation/share/navigation/hook/cmake_prefix_path.dsv'
[1.699s] INFO:colcon.colcon_core.shell:Creating environment hook '/ros2_ws/install/navigation/share/navigation/hook/cmake_prefix_path.sh'
[1.700s] Level 1:colcon.colcon_core.environment:checking '/ros2_ws/install/navigation/bin'
[1.700s] Level 1:colcon.colcon_core.environment:checking '/ros2_ws/install/navigation/lib/pkgconfig/navigation.pc'
[1.700s] Level 1:colcon.colcon_core.environment:checking '/ros2_ws/install/navigation/lib/python3.10/site-packages'
[1.701s] Level 1:colcon.colcon_core.environment:checking '/ros2_ws/install/navigation/bin'
[1.701s] INFO:colcon.colcon_core.shell:Creating package script '/ros2_ws/install/navigation/share/navigation/package.ps1'
[1.702s] INFO:colcon.colcon_core.shell:Creating package descriptor '/ros2_ws/install/navigation/share/navigation/package.dsv'
[1.702s] INFO:colcon.colcon_core.shell:Creating package script '/ros2_ws/install/navigation/share/navigation/package.sh'
[1.703s] INFO:colcon.colcon_core.shell:Creating package script '/ros2_ws/install/navigation/share/navigation/package.bash'
[1.703s] INFO:colcon.colcon_core.shell:Creating package script '/ros2_ws/install/navigation/share/navigation/package.zsh'
[1.704s] Level 1:colcon.colcon_core.environment:create_file_with_runtime_dependencies(/ros2_ws/install/navigation/share/colcon-core/packages/navigation)
[1.704s] INFO:colcon.colcon_ros.task.ament_python.build:Building ROS package in '/ros2_ws/src/ai_vision' with build type 'ament_python'
[1.704s] Level 1:colcon.colcon_core.shell:create_environment_hook('ai_vision', 'ament_prefix_path')
[1.705s] INFO:colcon.colcon_core.shell:Creating environment hook '/ros2_ws/install/ai_vision/share/ai_vision/hook/ament_prefix_path.ps1'
[1.705s] INFO:colcon.colcon_core.shell:Creating environment descriptor '/ros2_ws/install/ai_vision/share/ai_vision/hook/ament_prefix_path.dsv'
[1.706s] INFO:colcon.colcon_core.shell:Creating environment hook '/ros2_ws/install/ai_vision/share/ai_vision/hook/ament_prefix_path.sh'
[1.707s] INFO:colcon.colcon_core.shell:Skip shell extension 'powershell' for command environment: Not usable outside of PowerShell
[1.707s] DEBUG:colcon.colcon_core.shell:Skip shell extension 'dsv' for command environment
[2.036s] INFO:colcon.colcon_core.task.python.build:Building Python package in '/ros2_ws/src/ai_vision'
[2.036s] INFO:colcon.colcon_core.shell:Skip shell extension 'powershell' for command environment: Not usable outside of PowerShell
[2.036s] DEBUG:colcon.colcon_core.shell:Skip shell extension 'dsv' for command environment
[2.044s] DEBUG:colcon.colcon_core.event_handler.log_command:Invoked command in '/ros2_ws/build/rf2o_laser_odometry' returned '0': CMAKE_PREFIX_PATH=${CMAKE_PREFIX_PATH}:/ros2_ws/install/tactical_brain:/ros2_ws/install/sensor_fusion_pkg:/ros2_ws/install/icm20948_ros2:/ros2_ws/install/ai_vision:/opt/ros/humble /usr/bin/cmake --build /ros2_ws/build/rf2o_laser_odometry -- -j4 -l4
[2.046s] DEBUG:colcon.colcon_core.event_handler.log_command:Invoking command in '/ros2_ws/build/rf2o_laser_odometry': CMAKE_PREFIX_PATH=${CMAKE_PREFIX_PATH}:/ros2_ws/install/tactical_brain:/ros2_ws/install/sensor_fusion_pkg:/ros2_ws/install/icm20948_ros2:/ros2_ws/install/ai_vision:/opt/ros/humble /usr/bin/cmake --install /ros2_ws/build/rf2o_laser_odometry
[2.047s] DEBUG:colcon.colcon_core.event_handler.log_command:Invoked command in '/ros2_ws/build/ydlidar_ros2_driver' returned '0': CMAKE_PREFIX_PATH=${CMAKE_PREFIX_PATH}:/ros2_ws/install/tactical_brain:/ros2_ws/install/sensor_fusion_pkg:/ros2_ws/install/icm20948_ros2:/ros2_ws/install/ai_vision:/opt/ros/humble /usr/bin/cmake --build /ros2_ws/build/ydlidar_ros2_driver -- -j4 -l4
[2.055s] DEBUG:colcon.colcon_core.event_handler.log_command:Invoking command in '/ros2_ws/build/ydlidar_ros2_driver': CMAKE_PREFIX_PATH=${CMAKE_PREFIX_PATH}:/ros2_ws/install/tactical_brain:/ros2_ws/install/sensor_fusion_pkg:/ros2_ws/install/icm20948_ros2:/ros2_ws/install/ai_vision:/opt/ros/humble /usr/bin/cmake --install /ros2_ws/build/ydlidar_ros2_driver
[2.055s] DEBUG:colcon.colcon_core.event_handler.log_command:Invoked command in '/ros2_ws/build/hardware' returned '0': CMAKE_PREFIX_PATH=${CMAKE_PREFIX_PATH}:/ros2_ws/install/tactical_brain:/ros2_ws/install/sensor_fusion_pkg:/ros2_ws/install/icm20948_ros2:/ros2_ws/install/ai_vision:/opt/ros/humble /usr/bin/cmake --build /ros2_ws/build/hardware -- -j4 -l4
[2.060s] DEBUG:colcon.colcon_core.event_handler.log_command:Invoking command in '/ros2_ws/build/hardware': CMAKE_PREFIX_PATH=${CMAKE_PREFIX_PATH}:/ros2_ws/install/tactical_brain:/ros2_ws/install/sensor_fusion_pkg:/ros2_ws/install/icm20948_ros2:/ros2_ws/install/ai_vision:/opt/ros/humble /usr/bin/cmake --install /ros2_ws/build/hardware
[2.083s] Level 1:colcon.colcon_core.environment:create_environment_scripts_only(rf2o_laser_odometry)
[2.083s] Level 1:colcon.colcon_core.environment:checking '/ros2_ws/install/rf2o_laser_odometry' for CMake module files
[2.084s] Level 1:colcon.colcon_core.environment:checking '/ros2_ws/install/rf2o_laser_odometry' for CMake config files
[2.085s] Level 1:colcon.colcon_core.shell:create_environment_hook('rf2o_laser_odometry', 'cmake_prefix_path')
[2.085s] INFO:colcon.colcon_core.shell:Creating environment hook '/ros2_ws/install/rf2o_laser_odometry/share/rf2o_laser_odometry/hook/cmake_prefix_path.ps1'
[2.087s] DEBUG:colcon.colcon_core.event_handler.log_command:Invoked command in '/ros2_ws/build/rf2o_laser_odometry' returned '0': CMAKE_PREFIX_PATH=${CMAKE_PREFIX_PATH}:/ros2_ws/install/tactical_brain:/ros2_ws/install/sensor_fusion_pkg:/ros2_ws/install/icm20948_ros2:/ros2_ws/install/ai_vision:/opt/ros/humble /usr/bin/cmake --install /ros2_ws/build/rf2o_laser_odometry
[2.087s] INFO:colcon.colcon_core.shell:Creating environment descriptor '/ros2_ws/install/rf2o_laser_odometry/share/rf2o_laser_odometry/hook/cmake_prefix_path.dsv'
[2.088s] INFO:colcon.colcon_core.shell:Creating environment hook '/ros2_ws/install/rf2o_laser_odometry/share/rf2o_laser_odometry/hook/cmake_prefix_path.sh'
[2.090s] Level 1:colcon.colcon_core.environment:checking '/ros2_ws/install/rf2o_laser_odometry/lib'
[2.091s] Level 1:colcon.colcon_core.environment:checking '/ros2_ws/install/rf2o_laser_odometry/bin'
[2.091s] Level 1:colcon.colcon_core.environment:checking '/ros2_ws/install/rf2o_laser_odometry/lib/pkgconfig/rf2o_laser_odometry.pc'
[2.091s] Level 1:colcon.colcon_core.environment:checking '/ros2_ws/install/rf2o_laser_odometry/lib/python3.10/site-packages'
[2.092s] Level 1:colcon.colcon_core.environment:checking '/ros2_ws/install/rf2o_laser_odometry/bin'
[2.092s] INFO:colcon.colcon_core.shell:Creating package script '/ros2_ws/install/rf2o_laser_odometry/share/rf2o_laser_odometry/package.ps1'
[2.093s] INFO:colcon.colcon_core.shell:Creating package descriptor '/ros2_ws/install/rf2o_laser_odometry/share/rf2o_laser_odometry/package.dsv'
[2.094s] INFO:colcon.colcon_core.shell:Creating package script '/ros2_ws/install/rf2o_laser_odometry/share/rf2o_laser_odometry/package.sh'
[2.094s] INFO:colcon.colcon_core.shell:Creating package script '/ros2_ws/install/rf2o_laser_odometry/share/rf2o_laser_odometry/package.bash'
[2.095s] INFO:colcon.colcon_core.shell:Creating package script '/ros2_ws/install/rf2o_laser_odometry/share/rf2o_laser_odometry/package.zsh'
[2.095s] Level 1:colcon.colcon_core.environment:create_file_with_runtime_dependencies(/ros2_ws/install/rf2o_laser_odometry/share/colcon-core/packages/rf2o_laser_odometry)
[2.099s] Level 1:colcon.colcon_core.environment:create_environment_scripts_only(rf2o_laser_odometry)
[2.099s] Level 1:colcon.colcon_core.environment:checking '/ros2_ws/install/rf2o_laser_odometry' for CMake module files
[2.100s] Level 1:colcon.colcon_core.environment:checking '/ros2_ws/install/rf2o_laser_odometry' for CMake config files
[2.100s] Level 1:colcon.colcon_core.shell:create_environment_hook('rf2o_laser_odometry', 'cmake_prefix_path')
[2.100s] INFO:colcon.colcon_core.shell:Creating environment hook '/ros2_ws/install/rf2o_laser_odometry/share/rf2o_laser_odometry/hook/cmake_prefix_path.ps1'
[2.101s] INFO:colcon.colcon_core.shell:Creating environment descriptor '/ros2_ws/install/rf2o_laser_odometry/share/rf2o_laser_odometry/hook/cmake_prefix_path.dsv'
[2.105s] INFO:colcon.colcon_core.shell:Creating environment hook '/ros2_ws/install/rf2o_laser_odometry/share/rf2o_laser_odometry/hook/cmake_prefix_path.sh'
[2.106s] Level 1:colcon.colcon_core.environment:checking '/ros2_ws/install/rf2o_laser_odometry/lib'
[2.106s] Level 1:colcon.colcon_core.environment:checking '/ros2_ws/install/rf2o_laser_odometry/bin'
[2.106s] Level 1:colcon.colcon_core.environment:checking '/ros2_ws/install/rf2o_laser_odometry/lib/pkgconfig/rf2o_laser_odometry.pc'
[2.107s] Level 1:colcon.colcon_core.environment:checking '/ros2_ws/install/rf2o_laser_odometry/lib/python3.10/site-packages'
[2.107s] Level 1:colcon.colcon_core.environment:checking '/ros2_ws/install/rf2o_laser_odometry/bin'
[2.108s] INFO:colcon.colcon_core.shell:Creating package script '/ros2_ws/install/rf2o_laser_odometry/share/rf2o_laser_odometry/package.ps1'
[2.109s] INFO:colcon.colcon_core.shell:Creating package descriptor '/ros2_ws/install/rf2o_laser_odometry/share/rf2o_laser_odometry/package.dsv'
[2.110s] INFO:colcon.colcon_core.shell:Creating package script '/ros2_ws/install/rf2o_laser_odometry/share/rf2o_laser_odometry/package.sh'
[2.111s] INFO:colcon.colcon_core.shell:Creating package script '/ros2_ws/install/rf2o_laser_odometry/share/rf2o_laser_odometry/package.bash'
[2.112s] INFO:colcon.colcon_core.shell:Creating package script '/ros2_ws/install/rf2o_laser_odometry/share/rf2o_laser_odometry/package.zsh'
[2.112s] Level 1:colcon.colcon_core.environment:create_file_with_runtime_dependencies(/ros2_ws/install/rf2o_laser_odometry/share/colcon-core/packages/rf2o_laser_odometry)
[2.113s] INFO:colcon.colcon_ros.task.ament_python.build:Building ROS package in '/ros2_ws/src/icm20948-ros2' with build type 'ament_python'
[2.114s] Level 1:colcon.colcon_core.shell:create_environment_hook('icm20948_ros2', 'ament_prefix_path')
[2.114s] INFO:colcon.colcon_core.shell:Creating environment hook '/ros2_ws/install/icm20948_ros2/share/icm20948_ros2/hook/ament_prefix_path.ps1'
[2.116s] INFO:colcon.colcon_core.shell:Creating environment descriptor '/ros2_ws/install/icm20948_ros2/share/icm20948_ros2/hook/ament_prefix_path.dsv'
[2.118s] INFO:colcon.colcon_core.shell:Creating environment hook '/ros2_ws/install/icm20948_ros2/share/icm20948_ros2/hook/ament_prefix_path.sh'
[2.122s] INFO:colcon.colcon_core.shell:Skip shell extension 'powershell' for command environment: Not usable outside of PowerShell
[2.122s] DEBUG:colcon.colcon_core.shell:Skip shell extension 'dsv' for command environment
[2.130s] Level 1:colcon.colcon_core.environment:create_environment_scripts_only(ydlidar_ros2_driver)
[2.130s] Level 1:colcon.colcon_core.environment:checking '/ros2_ws/install/ydlidar_ros2_driver' for CMake module files
[2.131s] DEBUG:colcon.colcon_core.event_handler.log_command:Invoked command in '/ros2_ws/build/ydlidar_ros2_driver' returned '0': CMAKE_PREFIX_PATH=${CMAKE_PREFIX_PATH}:/ros2_ws/install/tactical_brain:/ros2_ws/install/sensor_fusion_pkg:/ros2_ws/install/icm20948_ros2:/ros2_ws/install/ai_vision:/opt/ros/humble /usr/bin/cmake --install /ros2_ws/build/ydlidar_ros2_driver
[2.131s] Level 1:colcon.colcon_core.environment:checking '/ros2_ws/install/ydlidar_ros2_driver' for CMake config files
[2.132s] Level 1:colcon.colcon_core.shell:create_environment_hook('ydlidar_ros2_driver', 'cmake_prefix_path')
[2.132s] INFO:colcon.colcon_core.shell:Creating environment hook '/ros2_ws/install/ydlidar_ros2_driver/share/ydlidar_ros2_driver/hook/cmake_prefix_path.ps1'
[2.133s] INFO:colcon.colcon_core.shell:Creating environment descriptor '/ros2_ws/install/ydlidar_ros2_driver/share/ydlidar_ros2_driver/hook/cmake_prefix_path.dsv'
[2.134s] INFO:colcon.colcon_core.shell:Creating environment hook '/ros2_ws/install/ydlidar_ros2_driver/share/ydlidar_ros2_driver/hook/cmake_prefix_path.sh'
[2.135s] Level 1:colcon.colcon_core.environment:checking '/ros2_ws/install/ydlidar_ros2_driver/lib'
[2.135s] Level 1:colcon.colcon_core.environment:checking '/ros2_ws/install/ydlidar_ros2_driver/bin'
[2.135s] Level 1:colcon.colcon_core.environment:checking '/ros2_ws/install/ydlidar_ros2_driver/lib/pkgconfig/ydlidar_ros2_driver.pc'
[2.136s] Level 1:colcon.colcon_core.environment:checking '/ros2_ws/install/ydlidar_ros2_driver/lib/python3.10/site-packages'
[2.136s] Level 1:colcon.colcon_core.environment:checking '/ros2_ws/install/ydlidar_ros2_driver/bin'
[2.137s] INFO:colcon.colcon_core.shell:Creating package script '/ros2_ws/install/ydlidar_ros2_driver/share/ydlidar_ros2_driver/package.ps1'
[2.137s] INFO:colcon.colcon_core.shell:Creating package descriptor '/ros2_ws/install/ydlidar_ros2_driver/share/ydlidar_ros2_driver/package.dsv'
[2.138s] INFO:colcon.colcon_core.shell:Creating package script '/ros2_ws/install/ydlidar_ros2_driver/share/ydlidar_ros2_driver/package.sh'
[2.139s] INFO:colcon.colcon_core.shell:Creating package script '/ros2_ws/install/ydlidar_ros2_driver/share/ydlidar_ros2_driver/package.bash'
[2.139s] INFO:colcon.colcon_core.shell:Creating package script '/ros2_ws/install/ydlidar_ros2_driver/share/ydlidar_ros2_driver/package.zsh'
[2.140s] Level 1:colcon.colcon_core.environment:create_file_with_runtime_dependencies(/ros2_ws/install/ydlidar_ros2_driver/share/colcon-core/packages/ydlidar_ros2_driver)
[2.141s] Level 1:colcon.colcon_core.environment:create_environment_scripts_only(ydlidar_ros2_driver)
[2.142s] Level 1:colcon.colcon_core.environment:checking '/ros2_ws/install/ydlidar_ros2_driver' for CMake module files
[2.143s] Level 1:colcon.colcon_core.environment:checking '/ros2_ws/install/ydlidar_ros2_driver' for CMake config files
[2.143s] Level 1:colcon.colcon_core.shell:create_environment_hook('ydlidar_ros2_driver', 'cmake_prefix_path')
[2.144s] INFO:colcon.colcon_core.shell:Creating environment hook '/ros2_ws/install/ydlidar_ros2_driver/share/ydlidar_ros2_driver/hook/cmake_prefix_path.ps1'
[2.144s] INFO:colcon.colcon_core.shell:Creating environment descriptor '/ros2_ws/install/ydlidar_ros2_driver/share/ydlidar_ros2_driver/hook/cmake_prefix_path.dsv'
[2.145s] INFO:colcon.colcon_core.shell:Creating environment hook '/ros2_ws/install/ydlidar_ros2_driver/share/ydlidar_ros2_driver/hook/cmake_prefix_path.sh'
[2.146s] Level 1:colcon.colcon_core.environment:checking '/ros2_ws/install/ydlidar_ros2_driver/lib'
[2.146s] Level 1:colcon.colcon_core.environment:checking '/ros2_ws/install/ydlidar_ros2_driver/bin'
[2.146s] Level 1:colcon.colcon_core.environment:checking '/ros2_ws/install/ydlidar_ros2_driver/lib/pkgconfig/ydlidar_ros2_driver.pc'
[2.147s] Level 1:colcon.colcon_core.environment:checking '/ros2_ws/install/ydlidar_ros2_driver/lib/python3.10/site-packages'
[2.147s] Level 1:colcon.colcon_core.environment:checking '/ros2_ws/install/ydlidar_ros2_driver/bin'
[2.148s] INFO:colcon.colcon_core.shell:Creating package script '/ros2_ws/install/ydlidar_ros2_driver/share/ydlidar_ros2_driver/package.ps1'
[2.149s] INFO:colcon.colcon_core.shell:Creating package descriptor '/ros2_ws/install/ydlidar_ros2_driver/share/ydlidar_ros2_driver/package.dsv'
[2.149s] INFO:colcon.colcon_core.shell:Creating package script '/ros2_ws/install/ydlidar_ros2_driver/share/ydlidar_ros2_driver/package.sh'
[2.151s] INFO:colcon.colcon_core.shell:Creating package script '/ros2_ws/install/ydlidar_ros2_driver/share/ydlidar_ros2_driver/package.bash'
[2.151s] INFO:colcon.colcon_core.shell:Creating package script '/ros2_ws/install/ydlidar_ros2_driver/share/ydlidar_ros2_driver/package.zsh'
[2.152s] Level 1:colcon.colcon_core.environment:create_file_with_runtime_dependencies(/ros2_ws/install/ydlidar_ros2_driver/share/colcon-core/packages/ydlidar_ros2_driver)
[2.155s] INFO:colcon.colcon_ros.task.ament_cmake.build:Building ROS package in '/ros2_ws/src/localization' with build type 'ament_cmake'
[2.155s] INFO:colcon.colcon_cmake.task.cmake.build:Building CMake package in '/ros2_ws/src/localization'
[2.155s] INFO:colcon.colcon_core.shell:Skip shell extension 'powershell' for command environment: Not usable outside of PowerShell
[2.155s] DEBUG:colcon.colcon_core.shell:Skip shell extension 'dsv' for command environment
[2.162s] Level 1:colcon.colcon_core.environment:create_environment_scripts_only(hardware)
[2.162s] Level 1:colcon.colcon_core.environment:checking '/ros2_ws/install/hardware' for CMake module files
[2.164s] DEBUG:colcon.colcon_core.event_handler.log_command:Invoked command in '/ros2_ws/build/hardware' returned '0': CMAKE_PREFIX_PATH=${CMAKE_PREFIX_PATH}:/ros2_ws/install/tactical_brain:/ros2_ws/install/sensor_fusion_pkg:/ros2_ws/install/icm20948_ros2:/ros2_ws/install/ai_vision:/opt/ros/humble /usr/bin/cmake --install /ros2_ws/build/hardware
[2.164s] Level 1:colcon.colcon_core.environment:checking '/ros2_ws/install/hardware' for CMake config files
[2.164s] Level 1:colcon.colcon_core.shell:create_environment_hook('hardware', 'cmake_prefix_path')
[2.165s] INFO:colcon.colcon_core.shell:Creating environment hook '/ros2_ws/install/hardware/share/hardware/hook/cmake_prefix_path.ps1'
[2.167s] INFO:colcon.colcon_core.shell:Creating environment descriptor '/ros2_ws/install/hardware/share/hardware/hook/cmake_prefix_path.dsv'
[2.167s] INFO:colcon.colcon_core.shell:Creating environment hook '/ros2_ws/install/hardware/share/hardware/hook/cmake_prefix_path.sh'
[2.168s] Level 1:colcon.colcon_core.environment:checking '/ros2_ws/install/hardware/lib'
[2.168s] Level 1:colcon.colcon_core.shell:create_environment_hook('hardware', 'ld_library_path_lib')
[2.169s] INFO:colcon.colcon_core.shell:Creating environment hook '/ros2_ws/install/hardware/share/hardware/hook/ld_library_path_lib.ps1'
[2.171s] INFO:colcon.colcon_core.shell:Creating environment descriptor '/ros2_ws/install/hardware/share/hardware/hook/ld_library_path_lib.dsv'
[2.171s] INFO:colcon.colcon_core.shell:Creating environment hook '/ros2_ws/install/hardware/share/hardware/hook/ld_library_path_lib.sh'
[2.172s] Level 1:colcon.colcon_core.environment:checking '/ros2_ws/install/hardware/bin'
[2.173s] Level 1:colcon.colcon_core.environment:checking '/ros2_ws/install/hardware/lib/pkgconfig/hardware.pc'
[2.173s] Level 1:colcon.colcon_core.environment:checking '/ros2_ws/install/hardware/lib/python3.10/site-packages'
[2.174s] Level 1:colcon.colcon_core.environment:checking '/ros2_ws/install/hardware/bin'
[2.174s] INFO:colcon.colcon_core.shell:Creating package script '/ros2_ws/install/hardware/share/hardware/package.ps1'
[2.175s] INFO:colcon.colcon_core.shell:Creating package descriptor '/ros2_ws/install/hardware/share/hardware/package.dsv'
[2.176s] INFO:colcon.colcon_core.shell:Creating package script '/ros2_ws/install/hardware/share/hardware/package.sh'
[2.177s] INFO:colcon.colcon_core.shell:Creating package script '/ros2_ws/install/hardware/share/hardware/package.bash'
[2.177s] INFO:colcon.colcon_core.shell:Creating package script '/ros2_ws/install/hardware/share/hardware/package.zsh'
[2.178s] Level 1:colcon.colcon_core.environment:create_file_with_runtime_dependencies(/ros2_ws/install/hardware/share/colcon-core/packages/hardware)
[2.179s] Level 1:colcon.colcon_core.environment:create_environment_scripts_only(hardware)
[2.179s] Level 1:colcon.colcon_core.environment:checking '/ros2_ws/install/hardware' for CMake module files
[2.180s] Level 1:colcon.colcon_core.environment:checking '/ros2_ws/install/hardware' for CMake config files
[2.180s] Level 1:colcon.colcon_core.shell:create_environment_hook('hardware', 'cmake_prefix_path')
[2.181s] INFO:colcon.colcon_core.shell:Creating environment hook '/ros2_ws/install/hardware/share/hardware/hook/cmake_prefix_path.ps1'
[2.181s] INFO:colcon.colcon_core.shell:Creating environment descriptor '/ros2_ws/install/hardware/share/hardware/hook/cmake_prefix_path.dsv'
[2.182s] INFO:colcon.colcon_core.shell:Creating environment hook '/ros2_ws/install/hardware/share/hardware/hook/cmake_prefix_path.sh'
[2.183s] Level 1:colcon.colcon_core.environment:checking '/ros2_ws/install/hardware/lib'
[2.183s] Level 1:colcon.colcon_core.shell:create_environment_hook('hardware', 'ld_library_path_lib')
[2.183s] INFO:colcon.colcon_core.shell:Creating environment hook '/ros2_ws/install/hardware/share/hardware/hook/ld_library_path_lib.ps1'
[2.184s] INFO:colcon.colcon_core.shell:Creating environment descriptor '/ros2_ws/install/hardware/share/hardware/hook/ld_library_path_lib.dsv'
[2.184s] INFO:colcon.colcon_core.shell:Creating environment hook '/ros2_ws/install/hardware/share/hardware/hook/ld_library_path_lib.sh'
[2.185s] Level 1:colcon.colcon_core.environment:checking '/ros2_ws/install/hardware/bin'
[2.185s] Level 1:colcon.colcon_core.environment:checking '/ros2_ws/install/hardware/lib/pkgconfig/hardware.pc'
[2.186s] Level 1:colcon.colcon_core.environment:checking '/ros2_ws/install/hardware/lib/python3.10/site-packages'
[2.186s] Level 1:colcon.colcon_core.environment:checking '/ros2_ws/install/hardware/bin'
[2.187s] INFO:colcon.colcon_core.shell:Creating package script '/ros2_ws/install/hardware/share/hardware/package.ps1'
[2.188s] INFO:colcon.colcon_core.shell:Creating package descriptor '/ros2_ws/install/hardware/share/hardware/package.dsv'
[2.189s] INFO:colcon.colcon_core.shell:Creating package script '/ros2_ws/install/hardware/share/hardware/package.sh'
[2.189s] INFO:colcon.colcon_core.shell:Creating package script '/ros2_ws/install/hardware/share/hardware/package.bash'
[2.190s] INFO:colcon.colcon_core.shell:Creating package script '/ros2_ws/install/hardware/share/hardware/package.zsh'
[2.191s] Level 1:colcon.colcon_core.environment:create_file_with_runtime_dependencies(/ros2_ws/install/hardware/share/colcon-core/packages/hardware)
[2.192s] INFO:colcon.colcon_ros.task.ament_cmake.build:Building ROS package in '/ros2_ws/src/main_brain' with build type 'ament_cmake'
[2.193s] INFO:colcon.colcon_cmake.task.cmake.build:Building CMake package in '/ros2_ws/src/main_brain'
[2.193s] INFO:colcon.colcon_core.shell:Skip shell extension 'powershell' for command environment: Not usable outside of PowerShell
[2.193s] DEBUG:colcon.colcon_core.shell:Skip shell extension 'dsv' for command environment
[2.529s] INFO:colcon.colcon_core.task.python.build:Building Python package in '/ros2_ws/src/icm20948-ros2'
[2.530s] INFO:colcon.colcon_core.shell:Skip shell extension 'powershell' for command environment: Not usable outside of PowerShell
[2.530s] DEBUG:colcon.colcon_core.shell:Skip shell extension 'dsv' for command environment
[2.545s] DEBUG:colcon.colcon_core.event_handler.log_command:Invoking command in '/ros2_ws/build/localization': CMAKE_PREFIX_PATH=/ros2_ws/install/ydlidar_ros2_driver:/ros2_ws/install/rf2o_laser_odometry:/ros2_ws/install/robot_bringup:/ros2_ws/install/localization:/ros2_ws/install/telemetry_data:/ros2_ws/install/shooting:/ros2_ws/install/robot_description:/ros2_ws/install/navigation:/ros2_ws/install/main_brain:/ros2_ws/install/hardware:/ros2_ws/install/foxglove:/ros2_ws/install/tactical_brain:/ros2_ws/install/sensor_fusion_pkg:/ros2_ws/install/icm20948_ros2:/ros2_ws/install/ai_vision:/opt/ros/humble /usr/bin/cmake --build /ros2_ws/build/localization -- -j4 -l4
[2.558s] DEBUG:colcon.colcon_core.event_handler.log_command:Invoking command in '/ros2_ws/build/main_brain': CMAKE_PREFIX_PATH=${CMAKE_PREFIX_PATH}:/ros2_ws/install/tactical_brain:/ros2_ws/install/sensor_fusion_pkg:/ros2_ws/install/icm20948_ros2:/ros2_ws/install/ai_vision:/opt/ros/humble /usr/bin/cmake --build /ros2_ws/build/main_brain -- -j4 -l4
[2.600s] DEBUG:colcon.colcon_core.event_handler.log_command:Invoked command in '/ros2_ws/build/localization' returned '0': CMAKE_PREFIX_PATH=/ros2_ws/install/ydlidar_ros2_driver:/ros2_ws/install/rf2o_laser_odometry:/ros2_ws/install/robot_bringup:/ros2_ws/install/localization:/ros2_ws/install/telemetry_data:/ros2_ws/install/shooting:/ros2_ws/install/robot_description:/ros2_ws/install/navigation:/ros2_ws/install/main_brain:/ros2_ws/install/hardware:/ros2_ws/install/foxglove:/ros2_ws/install/tactical_brain:/ros2_ws/install/sensor_fusion_pkg:/ros2_ws/install/icm20948_ros2:/ros2_ws/install/ai_vision:/opt/ros/humble /usr/bin/cmake --build /ros2_ws/build/localization -- -j4 -l4
[2.607s] DEBUG:colcon.colcon_core.event_handler.log_command:Invoking command in '/ros2_ws/build/localization': CMAKE_PREFIX_PATH=/ros2_ws/install/ydlidar_ros2_driver:/ros2_ws/install/rf2o_laser_odometry:/ros2_ws/install/robot_bringup:/ros2_ws/install/localization:/ros2_ws/install/telemetry_data:/ros2_ws/install/shooting:/ros2_ws/install/robot_description:/ros2_ws/install/navigation:/ros2_ws/install/main_brain:/ros2_ws/install/hardware:/ros2_ws/install/foxglove:/ros2_ws/install/tactical_brain:/ros2_ws/install/sensor_fusion_pkg:/ros2_ws/install/icm20948_ros2:/ros2_ws/install/ai_vision:/opt/ros/humble /usr/bin/cmake --install /ros2_ws/build/localization
[2.615s] DEBUG:colcon.colcon_core.event_handler.log_command:Invoked command in '/ros2_ws/build/main_brain' returned '0': CMAKE_PREFIX_PATH=${CMAKE_PREFIX_PATH}:/ros2_ws/install/tactical_brain:/ros2_ws/install/sensor_fusion_pkg:/ros2_ws/install/icm20948_ros2:/ros2_ws/install/ai_vision:/opt/ros/humble /usr/bin/cmake --build /ros2_ws/build/main_brain -- -j4 -l4
[2.630s] DEBUG:colcon.colcon_core.event_handler.log_command:Invoking command in '/ros2_ws/build/main_brain': CMAKE_PREFIX_PATH=${CMAKE_PREFIX_PATH}:/ros2_ws/install/tactical_brain:/ros2_ws/install/sensor_fusion_pkg:/ros2_ws/install/icm20948_ros2:/ros2_ws/install/ai_vision:/opt/ros/humble /usr/bin/cmake --install /ros2_ws/build/main_brain
[2.637s] Level 1:colcon.colcon_core.environment:create_environment_scripts_only(localization)
[2.637s] DEBUG:colcon.colcon_core.event_handler.log_command:Invoked command in '/ros2_ws/build/localization' returned '0': CMAKE_PREFIX_PATH=/ros2_ws/install/ydlidar_ros2_driver:/ros2_ws/install/rf2o_laser_odometry:/ros2_ws/install/robot_bringup:/ros2_ws/install/localization:/ros2_ws/install/telemetry_data:/ros2_ws/install/shooting:/ros2_ws/install/robot_description:/ros2_ws/install/navigation:/ros2_ws/install/main_brain:/ros2_ws/install/hardware:/ros2_ws/install/foxglove:/ros2_ws/install/tactical_brain:/ros2_ws/install/sensor_fusion_pkg:/ros2_ws/install/icm20948_ros2:/ros2_ws/install/ai_vision:/opt/ros/humble /usr/bin/cmake --install /ros2_ws/build/localization
[2.638s] Level 1:colcon.colcon_core.environment:checking '/ros2_ws/install/localization' for CMake module files
[2.639s] Level 1:colcon.colcon_core.environment:checking '/ros2_ws/install/localization' for CMake config files
[2.640s] Level 1:colcon.colcon_core.shell:create_environment_hook('localization', 'cmake_prefix_path')
[2.640s] INFO:colcon.colcon_core.shell:Creating environment hook '/ros2_ws/install/localization/share/localization/hook/cmake_prefix_path.ps1'
[2.641s] INFO:colcon.colcon_core.shell:Creating environment descriptor '/ros2_ws/install/localization/share/localization/hook/cmake_prefix_path.dsv'
[2.642s] INFO:colcon.colcon_core.shell:Creating environment hook '/ros2_ws/install/localization/share/localization/hook/cmake_prefix_path.sh'
[2.647s] Level 1:colcon.colcon_core.environment:checking '/ros2_ws/install/localization/bin'
[2.648s] Level 1:colcon.colcon_core.environment:checking '/ros2_ws/install/localization/lib/pkgconfig/localization.pc'
[2.648s] Level 1:colcon.colcon_core.environment:checking '/ros2_ws/install/localization/lib/python3.10/site-packages'
[2.649s] Level 1:colcon.colcon_core.environment:checking '/ros2_ws/install/localization/bin'
[2.650s] INFO:colcon.colcon_core.shell:Creating package script '/ros2_ws/install/localization/share/localization/package.ps1'
[2.652s] INFO:colcon.colcon_core.shell:Creating package descriptor '/ros2_ws/install/localization/share/localization/package.dsv'
[2.652s] INFO:colcon.colcon_core.shell:Creating package script '/ros2_ws/install/localization/share/localization/package.sh'
[2.654s] INFO:colcon.colcon_core.shell:Creating package script '/ros2_ws/install/localization/share/localization/package.bash'
[2.656s] INFO:colcon.colcon_core.shell:Creating package script '/ros2_ws/install/localization/share/localization/package.zsh'
[2.658s] Level 1:colcon.colcon_core.environment:create_file_with_runtime_dependencies(/ros2_ws/install/localization/share/colcon-core/packages/localization)
[2.659s] Level 1:colcon.colcon_core.environment:create_environment_scripts_only(localization)
[2.660s] Level 1:colcon.colcon_core.environment:checking '/ros2_ws/install/localization' for CMake module files
[2.660s] Level 1:colcon.colcon_core.environment:checking '/ros2_ws/install/localization' for CMake config files
[2.661s] Level 1:colcon.colcon_core.shell:create_environment_hook('localization', 'cmake_prefix_path')
[2.661s] INFO:colcon.colcon_core.shell:Creating environment hook '/ros2_ws/install/localization/share/localization/hook/cmake_prefix_path.ps1'
[2.664s] INFO:colcon.colcon_core.shell:Creating environment descriptor '/ros2_ws/install/localization/share/localization/hook/cmake_prefix_path.dsv'
[2.666s] INFO:colcon.colcon_core.shell:Creating environment hook '/ros2_ws/install/localization/share/localization/hook/cmake_prefix_path.sh'
[2.668s] Level 1:colcon.colcon_core.environment:checking '/ros2_ws/install/localization/bin'
[2.668s] Level 1:colcon.colcon_core.environment:checking '/ros2_ws/install/localization/lib/pkgconfig/localization.pc'
[2.668s] Level 1:colcon.colcon_core.environment:checking '/ros2_ws/install/localization/lib/python3.10/site-packages'
[2.669s] Level 1:colcon.colcon_core.environment:checking '/ros2_ws/install/localization/bin'
[2.669s] INFO:colcon.colcon_core.shell:Creating package script '/ros2_ws/install/localization/share/localization/package.ps1'
[2.671s] INFO:colcon.colcon_core.shell:Creating package descriptor '/ros2_ws/install/localization/share/localization/package.dsv'
[2.673s] INFO:colcon.colcon_core.shell:Creating package script '/ros2_ws/install/localization/share/localization/package.sh'
[2.675s] INFO:colcon.colcon_core.shell:Creating package script '/ros2_ws/install/localization/share/localization/package.bash'
[2.677s] INFO:colcon.colcon_core.shell:Creating package script '/ros2_ws/install/localization/share/localization/package.zsh'
[2.678s] Level 1:colcon.colcon_core.environment:create_file_with_runtime_dependencies(/ros2_ws/install/localization/share/colcon-core/packages/localization)
[2.680s] INFO:colcon.colcon_ros.task.ament_cmake.build:Building ROS package in '/ros2_ws/src/robot_description' with build type 'ament_cmake'
[2.680s] INFO:colcon.colcon_cmake.task.cmake.build:Building CMake package in '/ros2_ws/src/robot_description'
[2.681s] INFO:colcon.colcon_core.shell:Skip shell extension 'powershell' for command environment: Not usable outside of PowerShell
[2.681s] DEBUG:colcon.colcon_core.shell:Skip shell extension 'dsv' for command environment
[2.689s] Level 1:colcon.colcon_core.environment:create_environment_scripts_only(main_brain)
[2.689s] Level 1:colcon.colcon_core.environment:checking '/ros2_ws/install/main_brain' for CMake module files
[2.690s] DEBUG:colcon.colcon_core.event_handler.log_command:Invoked command in '/ros2_ws/build/main_brain' returned '0': CMAKE_PREFIX_PATH=${CMAKE_PREFIX_PATH}:/ros2_ws/install/tactical_brain:/ros2_ws/install/sensor_fusion_pkg:/ros2_ws/install/icm20948_ros2:/ros2_ws/install/ai_vision:/opt/ros/humble /usr/bin/cmake --install /ros2_ws/build/main_brain
[2.691s] Level 1:colcon.colcon_core.environment:checking '/ros2_ws/install/main_brain' for CMake config files
[2.691s] Level 1:colcon.colcon_core.shell:create_environment_hook('main_brain', 'cmake_prefix_path')
[2.691s] INFO:colcon.colcon_core.shell:Creating environment hook '/ros2_ws/install/main_brain/share/main_brain/hook/cmake_prefix_path.ps1'
[2.692s] INFO:colcon.colcon_core.shell:Creating environment descriptor '/ros2_ws/install/main_brain/share/main_brain/hook/cmake_prefix_path.dsv'
[2.693s] INFO:colcon.colcon_core.shell:Creating environment hook '/ros2_ws/install/main_brain/share/main_brain/hook/cmake_prefix_path.sh'
[2.694s] Level 1:colcon.colcon_core.environment:checking '/ros2_ws/install/main_brain/bin'
[2.694s] Level 1:colcon.colcon_core.environment:checking '/ros2_ws/install/main_brain/lib/pkgconfig/main_brain.pc'
[2.694s] Level 1:colcon.colcon_core.environment:checking '/ros2_ws/install/main_brain/lib/python3.10/site-packages'
[2.695s] Level 1:colcon.colcon_core.environment:checking '/ros2_ws/install/main_brain/bin'
[2.695s] INFO:colcon.colcon_core.shell:Creating package script '/ros2_ws/install/main_brain/share/main_brain/package.ps1'
[2.696s] INFO:colcon.colcon_core.shell:Creating package descriptor '/ros2_ws/install/main_brain/share/main_brain/package.dsv'
[2.697s] INFO:colcon.colcon_core.shell:Creating package script '/ros2_ws/install/main_brain/share/main_brain/package.sh'
[2.697s] INFO:colcon.colcon_core.shell:Creating package script '/ros2_ws/install/main_brain/share/main_brain/package.bash'
[2.698s] INFO:colcon.colcon_core.shell:Creating package script '/ros2_ws/install/main_brain/share/main_brain/package.zsh'
[2.698s] Level 1:colcon.colcon_core.environment:create_file_with_runtime_dependencies(/ros2_ws/install/main_brain/share/colcon-core/packages/main_brain)
[2.699s] Level 1:colcon.colcon_core.environment:create_environment_scripts_only(main_brain)
[2.699s] Level 1:colcon.colcon_core.environment:checking '/ros2_ws/install/main_brain' for CMake module files
[2.700s] Level 1:colcon.colcon_core.environment:checking '/ros2_ws/install/main_brain' for CMake config files
[2.700s] Level 1:colcon.colcon_core.shell:create_environment_hook('main_brain', 'cmake_prefix_path')
[2.700s] INFO:colcon.colcon_core.shell:Creating environment hook '/ros2_ws/install/main_brain/share/main_brain/hook/cmake_prefix_path.ps1'
[2.703s] INFO:colcon.colcon_core.shell:Creating environment descriptor '/ros2_ws/install/main_brain/share/main_brain/hook/cmake_prefix_path.dsv'
[2.704s] INFO:colcon.colcon_core.shell:Creating environment hook '/ros2_ws/install/main_brain/share/main_brain/hook/cmake_prefix_path.sh'
[2.706s] Level 1:colcon.colcon_core.environment:checking '/ros2_ws/install/main_brain/bin'
[2.706s] Level 1:colcon.colcon_core.environment:checking '/ros2_ws/install/main_brain/lib/pkgconfig/main_brain.pc'
[2.707s] Level 1:colcon.colcon_core.environment:checking '/ros2_ws/install/main_brain/lib/python3.10/site-packages'
[2.707s] Level 1:colcon.colcon_core.environment:checking '/ros2_ws/install/main_brain/bin'
[2.708s] INFO:colcon.colcon_core.shell:Creating package script '/ros2_ws/install/main_brain/share/main_brain/package.ps1'
[2.709s] INFO:colcon.colcon_core.shell:Creating package descriptor '/ros2_ws/install/main_brain/share/main_brain/package.dsv'
[2.711s] INFO:colcon.colcon_core.shell:Creating package script '/ros2_ws/install/main_brain/share/main_brain/package.sh'
[2.711s] INFO:colcon.colcon_core.shell:Creating package script '/ros2_ws/install/main_brain/share/main_brain/package.bash'
[2.713s] INFO:colcon.colcon_core.shell:Creating package script '/ros2_ws/install/main_brain/share/main_brain/package.zsh'
[2.716s] Level 1:colcon.colcon_core.environment:create_file_with_runtime_dependencies(/ros2_ws/install/main_brain/share/colcon-core/packages/main_brain)
[2.721s] INFO:colcon.colcon_ros.task.ament_cmake.build:Building ROS package in '/ros2_ws/src/robot_stats' with build type 'ament_cmake'
[2.721s] INFO:colcon.colcon_cmake.task.cmake.build:Building CMake package in '/ros2_ws/src/robot_stats'
[2.721s] INFO:colcon.colcon_core.shell:Skip shell extension 'powershell' for command environment: Not usable outside of PowerShell
[2.722s] DEBUG:colcon.colcon_core.shell:Skip shell extension 'dsv' for command environment
[2.740s] DEBUG:colcon.colcon_core.event_handler.log_command:Invoking command in '/ros2_ws/build/robot_description': CMAKE_PREFIX_PATH=${CMAKE_PREFIX_PATH}:/ros2_ws/install/tactical_brain:/ros2_ws/install/sensor_fusion_pkg:/ros2_ws/install/icm20948_ros2:/ros2_ws/install/ai_vision:/opt/ros/humble /usr/bin/cmake --build /ros2_ws/build/robot_description -- -j4 -l4
[2.745s] DEBUG:colcon.colcon_core.event_handler.log_command:Invoking command in '/ros2_ws/build/robot_stats': CMAKE_PREFIX_PATH=${CMAKE_PREFIX_PATH}:/ros2_ws/install/tactical_brain:/ros2_ws/install/sensor_fusion_pkg:/ros2_ws/install/icm20948_ros2:/ros2_ws/install/ai_vision:/opt/ros/humble /usr/bin/cmake /ros2_ws/src/robot_stats -DAMENT_CMAKE_SYMLINK_INSTALL=1 -DCMAKE_INSTALL_PREFIX=/ros2_ws/install/robot_stats
[2.790s] DEBUG:colcon.colcon_core.event_handler.log_command:Invoked command in '/ros2_ws/build/robot_description' returned '0': CMAKE_PREFIX_PATH=${CMAKE_PREFIX_PATH}:/ros2_ws/install/tactical_brain:/ros2_ws/install/sensor_fusion_pkg:/ros2_ws/install/icm20948_ros2:/ros2_ws/install/ai_vision:/opt/ros/humble /usr/bin/cmake --build /ros2_ws/build/robot_description -- -j4 -l4
[2.799s] DEBUG:colcon.colcon_core.event_handler.log_command:Invoking command in '/ros2_ws/build/robot_description': CMAKE_PREFIX_PATH=${CMAKE_PREFIX_PATH}:/ros2_ws/install/tactical_brain:/ros2_ws/install/sensor_fusion_pkg:/ros2_ws/install/icm20948_ros2:/ros2_ws/install/ai_vision:/opt/ros/humble /usr/bin/cmake --install /ros2_ws/build/robot_description
[2.831s] Level 1:colcon.colcon_core.environment:create_environment_scripts_only(robot_description)
[2.831s] Level 1:colcon.colcon_core.environment:checking '/ros2_ws/install/robot_description' for CMake module files
[2.832s] DEBUG:colcon.colcon_core.event_handler.log_command:Invoked command in '/ros2_ws/build/robot_description' returned '0': CMAKE_PREFIX_PATH=${CMAKE_PREFIX_PATH}:/ros2_ws/install/tactical_brain:/ros2_ws/install/sensor_fusion_pkg:/ros2_ws/install/icm20948_ros2:/ros2_ws/install/ai_vision:/opt/ros/humble /usr/bin/cmake --install /ros2_ws/build/robot_description
[2.833s] Level 1:colcon.colcon_core.environment:checking '/ros2_ws/install/robot_description' for CMake config files
[2.834s] Level 1:colcon.colcon_core.shell:create_environment_hook('robot_description', 'cmake_prefix_path')
[2.834s] INFO:colcon.colcon_core.shell:Creating environment hook '/ros2_ws/install/robot_description/share/robot_description/hook/cmake_prefix_path.ps1'
[2.835s] INFO:colcon.colcon_core.shell:Creating environment descriptor '/ros2_ws/install/robot_description/share/robot_description/hook/cmake_prefix_path.dsv'
[2.835s] INFO:colcon.colcon_core.shell:Creating environment hook '/ros2_ws/install/robot_description/share/robot_description/hook/cmake_prefix_path.sh'
[2.836s] Level 1:colcon.colcon_core.environment:checking '/ros2_ws/install/robot_description/bin'
[2.837s] Level 1:colcon.colcon_core.environment:checking '/ros2_ws/install/robot_description/lib/pkgconfig/robot_description.pc'
[2.837s] Level 1:colcon.colcon_core.environment:checking '/ros2_ws/install/robot_description/lib/python3.10/site-packages'
[2.837s] Level 1:colcon.colcon_core.environment:checking '/ros2_ws/install/robot_description/bin'
[2.838s] INFO:colcon.colcon_core.shell:Creating package script '/ros2_ws/install/robot_description/share/robot_description/package.ps1'
[2.839s] INFO:colcon.colcon_core.shell:Creating package descriptor '/ros2_ws/install/robot_description/share/robot_description/package.dsv'
[2.839s] INFO:colcon.colcon_core.shell:Creating package script '/ros2_ws/install/robot_description/share/robot_description/package.sh'
[2.840s] INFO:colcon.colcon_core.shell:Creating package script '/ros2_ws/install/robot_description/share/robot_description/package.bash'
[2.841s] INFO:colcon.colcon_core.shell:Creating package script '/ros2_ws/install/robot_description/share/robot_description/package.zsh'
[2.841s] Level 1:colcon.colcon_core.environment:create_file_with_runtime_dependencies(/ros2_ws/install/robot_description/share/colcon-core/packages/robot_description)
[2.842s] Level 1:colcon.colcon_core.environment:create_environment_scripts_only(robot_description)
[2.842s] Level 1:colcon.colcon_core.environment:checking '/ros2_ws/install/robot_description' for CMake module files
[2.843s] Level 1:colcon.colcon_core.environment:checking '/ros2_ws/install/robot_description' for CMake config files
[2.843s] Level 1:colcon.colcon_core.shell:create_environment_hook('robot_description', 'cmake_prefix_path')
[2.844s] INFO:colcon.colcon_core.shell:Creating environment hook '/ros2_ws/install/robot_description/share/robot_description/hook/cmake_prefix_path.ps1'
[2.844s] INFO:colcon.colcon_core.shell:Creating environment descriptor '/ros2_ws/install/robot_description/share/robot_description/hook/cmake_prefix_path.dsv'
[2.845s] INFO:colcon.colcon_core.shell:Creating environment hook '/ros2_ws/install/robot_description/share/robot_description/hook/cmake_prefix_path.sh'
[2.846s] Level 1:colcon.colcon_core.environment:checking '/ros2_ws/install/robot_description/bin'
[2.846s] Level 1:colcon.colcon_core.environment:checking '/ros2_ws/install/robot_description/lib/pkgconfig/robot_description.pc'
[2.847s] Level 1:colcon.colcon_core.environment:checking '/ros2_ws/install/robot_description/lib/python3.10/site-packages'
[2.847s] Level 1:colcon.colcon_core.environment:checking '/ros2_ws/install/robot_description/bin'
[2.848s] INFO:colcon.colcon_core.shell:Creating package script '/ros2_ws/install/robot_description/share/robot_description/package.ps1'
[2.849s] INFO:colcon.colcon_core.shell:Creating package descriptor '/ros2_ws/install/robot_description/share/robot_description/package.dsv'
[2.851s] INFO:colcon.colcon_core.shell:Creating package script '/ros2_ws/install/robot_description/share/robot_description/package.sh'
[2.851s] INFO:colcon.colcon_core.shell:Creating package script '/ros2_ws/install/robot_description/share/robot_description/package.bash'
[2.852s] INFO:colcon.colcon_core.shell:Creating package script '/ros2_ws/install/robot_description/share/robot_description/package.zsh'
[2.853s] Level 1:colcon.colcon_core.environment:create_file_with_runtime_dependencies(/ros2_ws/install/robot_description/share/colcon-core/packages/robot_description)
[2.853s] INFO:colcon.colcon_ros.task.ament_python.build:Building ROS package in '/ros2_ws/src/sensor_fusion_pkg' with build type 'ament_python'
[2.853s] Level 1:colcon.colcon_core.shell:create_environment_hook('sensor_fusion_pkg', 'ament_prefix_path')
[2.854s] INFO:colcon.colcon_core.shell:Creating environment hook '/ros2_ws/install/sensor_fusion_pkg/share/sensor_fusion_pkg/hook/ament_prefix_path.ps1'
[2.855s] INFO:colcon.colcon_core.shell:Creating environment descriptor '/ros2_ws/install/sensor_fusion_pkg/share/sensor_fusion_pkg/hook/ament_prefix_path.dsv'
[2.856s] INFO:colcon.colcon_core.shell:Creating environment hook '/ros2_ws/install/sensor_fusion_pkg/share/sensor_fusion_pkg/hook/ament_prefix_path.sh'
[2.857s] INFO:colcon.colcon_core.shell:Skip shell extension 'powershell' for command environment: Not usable outside of PowerShell
[2.857s] DEBUG:colcon.colcon_core.shell:Skip shell extension 'dsv' for command environment
[3.177s] INFO:colcon.colcon_core.task.python.build:Building Python package in '/ros2_ws/src/sensor_fusion_pkg'
[3.177s] INFO:colcon.colcon_core.shell:Skip shell extension 'powershell' for command environment: Not usable outside of PowerShell
[3.177s] DEBUG:colcon.colcon_core.shell:Skip shell extension 'dsv' for command environment
[4.372s] DEBUG:colcon.colcon_core.task.python.build:Available setuptools commands: bdist, install_egg_info, easy_install, extract_messages, symlink_data, develop, rotate, alias, egg_info, register, check, sdist, bdist_egg, test, build_ext, install_data, install_scripts, build_clib, saveopts, update_catalog, upload, upload_docs, dist_info, build_scripts, bdist_wheel, compile_catalog, clean, bdist_rpm, init_catalog, install_headers, build, install, build_py, setopt, bdist_dumb, install_lib
[4.379s] DEBUG:colcon.colcon_core.task.python.build:Available setuptools commands: bdist, install_egg_info, easy_install, extract_messages, symlink_data, develop, rotate, alias, egg_info, register, check, sdist, bdist_egg, test, build_ext, install_data, install_scripts, build_clib, saveopts, update_catalog, upload, upload_docs, dist_info, build_scripts, bdist_wheel, compile_catalog, clean, bdist_rpm, init_catalog, install_headers, build, install, build_py, setopt, bdist_dumb, install_lib
[4.380s] DEBUG:colcon.colcon_core.task.python.build:Available setuptools commands: bdist, install_egg_info, easy_install, extract_messages, symlink_data, develop, rotate, alias, egg_info, register, check, sdist, bdist_egg, test, build_ext, install_data, install_scripts, build_clib, saveopts, update_catalog, upload, upload_docs, dist_info, build_scripts, bdist_wheel, compile_catalog, clean, bdist_rpm, init_catalog, install_headers, build, install, build_py, setopt, bdist_dumb, install_lib
[4.867s] DEBUG:colcon.colcon_core.task.python.build:Available setuptools 'develop' options: --help, --multi-version, --install-dir, --site-dirs, --build-directory, --install-layout, --record, --optimize, --find-links, --exclude-scripts, --allow-hosts, --verbose, --always-unzip, --uninstall, --dry-run, --quiet, --prefix, --script-dir, --zip-ok, --always-copy, --no-deps, --no-find-links, --egg-path, --editable, --index-url, --local-snapshots-ok, --version, --upgrade, --user, --force-installation-into-system-dir, --no-user-cfg
[4.870s] DEBUG:colcon.colcon_core.event_handler.log_command:Invoking command in '/ros2_ws/build/sensor_fusion_pkg': PYTHONPATH=/ros2_ws/build/sensor_fusion_pkg/prefix_override:/usr/lib/python3/dist-packages/colcon_core/task/python/colcon_distutils_commands:/ros2_ws/install/sensor_fusion_pkg/lib/python3.10/site-packages:${PYTHONPATH} /usr/bin/python3 -W ignore:setup.py install is deprecated -W ignore:easy_install command is deprecated setup.py develop --editable --build-directory /ros2_ws/build/sensor_fusion_pkg/build --no-deps symlink_data
[4.968s] DEBUG:colcon.colcon_core.task.python.build:Available setuptools 'develop' options: --help, --multi-version, --install-dir, --site-dirs, --build-directory, --install-layout, --record, --optimize, --find-links, --exclude-scripts, --allow-hosts, --verbose, --always-unzip, --uninstall, --dry-run, --quiet, --prefix, --script-dir, --zip-ok, --always-copy, --no-deps, --no-find-links, --egg-path, --editable, --index-url, --local-snapshots-ok, --version, --upgrade, --user, --force-installation-into-system-dir, --no-user-cfg
[4.971s] DEBUG:colcon.colcon_core.event_handler.log_command:Invoking command in '/ros2_ws/build/ai_vision': PYTHONPATH=/ros2_ws/build/ai_vision/prefix_override:/usr/lib/python3/dist-packages/colcon_core/task/python/colcon_distutils_commands:/ros2_ws/install/ai_vision/lib/python3.10/site-packages:${PYTHONPATH} /usr/bin/python3 -W ignore:setup.py install is deprecated -W ignore:easy_install command is deprecated setup.py develop --editable --build-directory /ros2_ws/build/ai_vision/build --no-deps symlink_data
[5.051s] DEBUG:colcon.colcon_core.task.python.build:Available setuptools 'develop' options: --help, --multi-version, --install-dir, --site-dirs, --build-directory, --install-layout, --record, --optimize, --find-links, --exclude-scripts, --allow-hosts, --verbose, --always-unzip, --uninstall, --dry-run, --quiet, --prefix, --script-dir, --zip-ok, --always-copy, --no-deps, --no-find-links, --egg-path, --editable, --index-url, --local-snapshots-ok, --version, --upgrade, --user, --force-installation-into-system-dir, --no-user-cfg
[5.052s] DEBUG:colcon.colcon_core.event_handler.log_command:Invoking command in '/ros2_ws/build/icm20948_ros2': PYTHONPATH=/ros2_ws/build/icm20948_ros2/prefix_override:/usr/lib/python3/dist-packages/colcon_core/task/python/colcon_distutils_commands:/ros2_ws/install/icm20948_ros2/lib/python3.10/site-packages:${PYTHONPATH} /usr/bin/python3 -W ignore:setup.py install is deprecated -W ignore:easy_install command is deprecated setup.py develop --editable --build-directory /ros2_ws/build/icm20948_ros2/build --no-deps symlink_data
[5.579s] Level 1:colcon.colcon_core.shell:create_environment_hook('sensor_fusion_pkg', 'pythonpath_develop')
[5.581s] INFO:colcon.colcon_core.shell:Creating environment hook '/ros2_ws/build/sensor_fusion_pkg/share/sensor_fusion_pkg/hook/pythonpath_develop.ps1'
[5.588s] INFO:colcon.colcon_core.shell:Creating environment descriptor '/ros2_ws/build/sensor_fusion_pkg/share/sensor_fusion_pkg/hook/pythonpath_develop.dsv'
[5.591s] DEBUG:colcon.colcon_core.event_handler.log_command:Invoked command in '/ros2_ws/build/sensor_fusion_pkg' returned '0': PYTHONPATH=/ros2_ws/build/sensor_fusion_pkg/prefix_override:/usr/lib/python3/dist-packages/colcon_core/task/python/colcon_distutils_commands:/ros2_ws/install/sensor_fusion_pkg/lib/python3.10/site-packages:${PYTHONPATH} /usr/bin/python3 -W ignore:setup.py install is deprecated -W ignore:easy_install command is deprecated setup.py develop --editable --build-directory /ros2_ws/build/sensor_fusion_pkg/build --no-deps symlink_data
[5.594s] INFO:colcon.colcon_core.shell:Creating environment hook '/ros2_ws/build/sensor_fusion_pkg/share/sensor_fusion_pkg/hook/pythonpath_develop.sh'
[5.597s] Level 1:colcon.colcon_core.environment:checking '/ros2_ws/install/sensor_fusion_pkg' for CMake module files
[5.598s] Level 1:colcon.colcon_core.environment:checking '/ros2_ws/install/sensor_fusion_pkg' for CMake config files
[5.599s] Level 1:colcon.colcon_core.environment:checking '/ros2_ws/install/sensor_fusion_pkg/lib'
[5.599s] Level 1:colcon.colcon_core.environment:checking '/ros2_ws/install/sensor_fusion_pkg/bin'
[5.599s] Level 1:colcon.colcon_core.environment:checking '/ros2_ws/install/sensor_fusion_pkg/lib/pkgconfig/sensor_fusion_pkg.pc'
[5.600s] Level 1:colcon.colcon_core.environment:checking '/ros2_ws/install/sensor_fusion_pkg/lib/python3.10/site-packages'
[5.601s] Level 1:colcon.colcon_core.shell:create_environment_hook('sensor_fusion_pkg', 'pythonpath')
[5.601s] INFO:colcon.colcon_core.shell:Creating environment hook '/ros2_ws/install/sensor_fusion_pkg/share/sensor_fusion_pkg/hook/pythonpath.ps1'
[5.603s] INFO:colcon.colcon_core.shell:Creating environment descriptor '/ros2_ws/install/sensor_fusion_pkg/share/sensor_fusion_pkg/hook/pythonpath.dsv'
[5.605s] INFO:colcon.colcon_core.shell:Creating environment hook '/ros2_ws/install/sensor_fusion_pkg/share/sensor_fusion_pkg/hook/pythonpath.sh'
[5.609s] Level 1:colcon.colcon_core.environment:checking '/ros2_ws/install/sensor_fusion_pkg/bin'
[5.609s] Level 1:colcon.colcon_core.environment:create_environment_scripts_only(sensor_fusion_pkg)
[5.610s] INFO:colcon.colcon_core.shell:Creating package script '/ros2_ws/install/sensor_fusion_pkg/share/sensor_fusion_pkg/package.ps1'
[5.613s] INFO:colcon.colcon_core.shell:Creating package descriptor '/ros2_ws/install/sensor_fusion_pkg/share/sensor_fusion_pkg/package.dsv'
[5.615s] INFO:colcon.colcon_core.shell:Creating package script '/ros2_ws/install/sensor_fusion_pkg/share/sensor_fusion_pkg/package.sh'
[5.617s] INFO:colcon.colcon_core.shell:Creating package script '/ros2_ws/install/sensor_fusion_pkg/share/sensor_fusion_pkg/package.bash'
[5.619s] INFO:colcon.colcon_core.shell:Creating package script '/ros2_ws/install/sensor_fusion_pkg/share/sensor_fusion_pkg/package.zsh'
[5.620s] Level 1:colcon.colcon_core.environment:create_file_with_runtime_dependencies(/ros2_ws/install/sensor_fusion_pkg/share/colcon-core/packages/sensor_fusion_pkg)
[5.622s] INFO:colcon.colcon_ros.task.ament_cmake.build:Building ROS package in '/ros2_ws/src/shooting' with build type 'ament_cmake'
[5.623s] INFO:colcon.colcon_cmake.task.cmake.build:Building CMake package in '/ros2_ws/src/shooting'
[5.624s] INFO:colcon.colcon_core.shell:Skip shell extension 'powershell' for command environment: Not usable outside of PowerShell
[5.624s] DEBUG:colcon.colcon_core.shell:Skip shell extension 'dsv' for command environment
[5.651s] DEBUG:colcon.colcon_core.event_handler.log_command:Invoking command in '/ros2_ws/build/shooting': CMAKE_PREFIX_PATH=${CMAKE_PREFIX_PATH}:/ros2_ws/install/tactical_brain:/ros2_ws/install/sensor_fusion_pkg:/ros2_ws/install/icm20948_ros2:/ros2_ws/install/ai_vision:/opt/ros/humble /usr/bin/cmake --build /ros2_ws/build/shooting -- -j4 -l4
[5.659s] Level 1:colcon.colcon_core.shell:create_environment_hook('ai_vision', 'pythonpath_develop')
[5.660s] INFO:colcon.colcon_core.shell:Creating environment hook '/ros2_ws/build/ai_vision/share/ai_vision/hook/pythonpath_develop.ps1'
[5.661s] DEBUG:colcon.colcon_core.event_handler.log_command:Invoked command in '/ros2_ws/build/ai_vision' returned '0': PYTHONPATH=/ros2_ws/build/ai_vision/prefix_override:/usr/lib/python3/dist-packages/colcon_core/task/python/colcon_distutils_commands:/ros2_ws/install/ai_vision/lib/python3.10/site-packages:${PYTHONPATH} /usr/bin/python3 -W ignore:setup.py install is deprecated -W ignore:easy_install command is deprecated setup.py develop --editable --build-directory /ros2_ws/build/ai_vision/build --no-deps symlink_data
[5.662s] INFO:colcon.colcon_core.shell:Creating environment descriptor '/ros2_ws/build/ai_vision/share/ai_vision/hook/pythonpath_develop.dsv'
[5.664s] INFO:colcon.colcon_core.shell:Creating environment hook '/ros2_ws/build/ai_vision/share/ai_vision/hook/pythonpath_develop.sh'
[5.665s] Level 1:colcon.colcon_core.environment:checking '/ros2_ws/install/ai_vision' for CMake module files
[5.666s] Level 1:colcon.colcon_core.environment:checking '/ros2_ws/install/ai_vision' for CMake config files
[5.667s] Level 1:colcon.colcon_core.environment:checking '/ros2_ws/install/ai_vision/lib'
[5.667s] Level 1:colcon.colcon_core.environment:checking '/ros2_ws/install/ai_vision/bin'
[5.667s] Level 1:colcon.colcon_core.environment:checking '/ros2_ws/install/ai_vision/lib/pkgconfig/ai_vision.pc'
[5.668s] Level 1:colcon.colcon_core.environment:checking '/ros2_ws/install/ai_vision/lib/python3.10/site-packages'
[5.668s] Level 1:colcon.colcon_core.shell:create_environment_hook('ai_vision', 'pythonpath')
[5.668s] INFO:colcon.colcon_core.shell:Creating environment hook '/ros2_ws/install/ai_vision/share/ai_vision/hook/pythonpath.ps1'
[5.669s] INFO:colcon.colcon_core.shell:Creating environment descriptor '/ros2_ws/install/ai_vision/share/ai_vision/hook/pythonpath.dsv'
[5.670s] INFO:colcon.colcon_core.shell:Creating environment hook '/ros2_ws/install/ai_vision/share/ai_vision/hook/pythonpath.sh'
[5.671s] Level 1:colcon.colcon_core.environment:checking '/ros2_ws/install/ai_vision/bin'
[5.671s] Level 1:colcon.colcon_core.environment:create_environment_scripts_only(ai_vision)
[5.672s] INFO:colcon.colcon_core.shell:Creating package script '/ros2_ws/install/ai_vision/share/ai_vision/package.ps1'
[5.675s] INFO:colcon.colcon_core.shell:Creating package descriptor '/ros2_ws/install/ai_vision/share/ai_vision/package.dsv'
[5.677s] INFO:colcon.colcon_core.shell:Creating package script '/ros2_ws/install/ai_vision/share/ai_vision/package.sh'
[5.678s] INFO:colcon.colcon_core.shell:Creating package script '/ros2_ws/install/ai_vision/share/ai_vision/package.bash'
[5.680s] INFO:colcon.colcon_core.shell:Creating package script '/ros2_ws/install/ai_vision/share/ai_vision/package.zsh'
[5.682s] Level 1:colcon.colcon_core.environment:create_file_with_runtime_dependencies(/ros2_ws/install/ai_vision/share/colcon-core/packages/ai_vision)
[5.683s] INFO:colcon.colcon_ros.task.ament_python.build:Building ROS package in '/ros2_ws/src/tactical_brain' with build type 'ament_python'
[5.683s] Level 1:colcon.colcon_core.shell:create_environment_hook('tactical_brain', 'ament_prefix_path')
[5.684s] INFO:colcon.colcon_core.shell:Creating environment hook '/ros2_ws/install/tactical_brain/share/tactical_brain/hook/ament_prefix_path.ps1'
[5.685s] INFO:colcon.colcon_core.shell:Creating environment descriptor '/ros2_ws/install/tactical_brain/share/tactical_brain/hook/ament_prefix_path.dsv'
[5.688s] INFO:colcon.colcon_core.shell:Creating environment hook '/ros2_ws/install/tactical_brain/share/tactical_brain/hook/ament_prefix_path.sh'
[5.690s] INFO:colcon.colcon_core.shell:Skip shell extension 'powershell' for command environment: Not usable outside of PowerShell
[5.690s] DEBUG:colcon.colcon_core.shell:Skip shell extension 'dsv' for command environment
[6.036s] INFO:colcon.colcon_core.task.python.build:Building Python package in '/ros2_ws/src/tactical_brain'
[6.037s] INFO:colcon.colcon_core.shell:Skip shell extension 'powershell' for command environment: Not usable outside of PowerShell
[6.037s] DEBUG:colcon.colcon_core.shell:Skip shell extension 'dsv' for command environment
[6.044s] Level 1:colcon.colcon_core.shell:create_environment_hook('icm20948_ros2', 'pythonpath_develop')
[6.044s] INFO:colcon.colcon_core.shell:Creating environment hook '/ros2_ws/build/icm20948_ros2/share/icm20948_ros2/hook/pythonpath_develop.ps1'
[6.045s] DEBUG:colcon.colcon_core.event_handler.log_command:Invoked command in '/ros2_ws/build/icm20948_ros2' returned '0': PYTHONPATH=/ros2_ws/build/icm20948_ros2/prefix_override:/usr/lib/python3/dist-packages/colcon_core/task/python/colcon_distutils_commands:/ros2_ws/install/icm20948_ros2/lib/python3.10/site-packages:${PYTHONPATH} /usr/bin/python3 -W ignore:setup.py install is deprecated -W ignore:easy_install command is deprecated setup.py develop --editable --build-directory /ros2_ws/build/icm20948_ros2/build --no-deps symlink_data
[6.046s] INFO:colcon.colcon_core.shell:Creating environment descriptor '/ros2_ws/build/icm20948_ros2/share/icm20948_ros2/hook/pythonpath_develop.dsv'
[6.048s] INFO:colcon.colcon_core.shell:Creating environment hook '/ros2_ws/build/icm20948_ros2/share/icm20948_ros2/hook/pythonpath_develop.sh'
[6.051s] Level 1:colcon.colcon_core.environment:checking '/ros2_ws/install/icm20948_ros2' for CMake module files
[6.052s] Level 1:colcon.colcon_core.environment:checking '/ros2_ws/install/icm20948_ros2' for CMake config files
[6.053s] Level 1:colcon.colcon_core.environment:checking '/ros2_ws/install/icm20948_ros2/lib'
[6.053s] Level 1:colcon.colcon_core.environment:checking '/ros2_ws/install/icm20948_ros2/bin'
[6.053s] Level 1:colcon.colcon_core.environment:checking '/ros2_ws/install/icm20948_ros2/lib/pkgconfig/icm20948_ros2.pc'
[6.053s] Level 1:colcon.colcon_core.environment:checking '/ros2_ws/install/icm20948_ros2/lib/python3.10/site-packages'
[6.053s] Level 1:colcon.colcon_core.shell:create_environment_hook('icm20948_ros2', 'pythonpath')
[6.054s] INFO:colcon.colcon_core.shell:Creating environment hook '/ros2_ws/install/icm20948_ros2/share/icm20948_ros2/hook/pythonpath.ps1'
[6.056s] INFO:colcon.colcon_core.shell:Creating environment descriptor '/ros2_ws/install/icm20948_ros2/share/icm20948_ros2/hook/pythonpath.dsv'
[6.056s] INFO:colcon.colcon_core.shell:Creating environment hook '/ros2_ws/install/icm20948_ros2/share/icm20948_ros2/hook/pythonpath.sh'
[6.057s] Level 1:colcon.colcon_core.environment:checking '/ros2_ws/install/icm20948_ros2/bin'
[6.057s] Level 1:colcon.colcon_core.environment:create_environment_scripts_only(icm20948_ros2)
[6.058s] INFO:colcon.colcon_core.shell:Creating package script '/ros2_ws/install/icm20948_ros2/share/icm20948_ros2/package.ps1'
[6.058s] INFO:colcon.colcon_core.shell:Creating package descriptor '/ros2_ws/install/icm20948_ros2/share/icm20948_ros2/package.dsv'
[6.059s] INFO:colcon.colcon_core.shell:Creating package script '/ros2_ws/install/icm20948_ros2/share/icm20948_ros2/package.sh'
[6.059s] INFO:colcon.colcon_core.shell:Creating package script '/ros2_ws/install/icm20948_ros2/share/icm20948_ros2/package.bash'
[6.060s] INFO:colcon.colcon_core.shell:Creating package script '/ros2_ws/install/icm20948_ros2/share/icm20948_ros2/package.zsh'
[6.060s] Level 1:colcon.colcon_core.environment:create_file_with_runtime_dependencies(/ros2_ws/install/icm20948_ros2/share/colcon-core/packages/icm20948_ros2)
[6.062s] DEBUG:colcon.colcon_core.event_handler.log_command:Invoked command in '/ros2_ws/build/shooting' returned '0': CMAKE_PREFIX_PATH=${CMAKE_PREFIX_PATH}:/ros2_ws/install/tactical_brain:/ros2_ws/install/sensor_fusion_pkg:/ros2_ws/install/icm20948_ros2:/ros2_ws/install/ai_vision:/opt/ros/humble /usr/bin/cmake --build /ros2_ws/build/shooting -- -j4 -l4
[6.073s] INFO:colcon.colcon_ros.task.ament_cmake.build:Building ROS package in '/ros2_ws/src/telemetry_data' with build type 'ament_cmake'
[6.073s] DEBUG:colcon.colcon_core.event_handler.log_command:Invoking command in '/ros2_ws/build/shooting': CMAKE_PREFIX_PATH=${CMAKE_PREFIX_PATH}:/ros2_ws/install/tactical_brain:/ros2_ws/install/sensor_fusion_pkg:/ros2_ws/install/icm20948_ros2:/ros2_ws/install/ai_vision:/opt/ros/humble /usr/bin/cmake --install /ros2_ws/build/shooting
[6.073s] INFO:colcon.colcon_cmake.task.cmake.build:Building CMake package in '/ros2_ws/src/telemetry_data'
[6.074s] INFO:colcon.colcon_core.shell:Skip shell extension 'powershell' for command environment: Not usable outside of PowerShell
[6.075s] DEBUG:colcon.colcon_core.shell:Skip shell extension 'dsv' for command environment
[6.104s] DEBUG:colcon.colcon_core.event_handler.log_command:Invoking command in '/ros2_ws/build/telemetry_data': CMAKE_PREFIX_PATH=${CMAKE_PREFIX_PATH}:/ros2_ws/install/tactical_brain:/ros2_ws/install/sensor_fusion_pkg:/ros2_ws/install/icm20948_ros2:/ros2_ws/install/ai_vision:/opt/ros/humble /usr/bin/cmake --build /ros2_ws/build/telemetry_data -- -j4 -l4
[6.128s] Level 1:colcon.colcon_core.environment:create_environment_scripts_only(shooting)
[6.128s] DEBUG:colcon.colcon_core.event_handler.log_command:Invoked command in '/ros2_ws/build/shooting' returned '0': CMAKE_PREFIX_PATH=${CMAKE_PREFIX_PATH}:/ros2_ws/install/tactical_brain:/ros2_ws/install/sensor_fusion_pkg:/ros2_ws/install/icm20948_ros2:/ros2_ws/install/ai_vision:/opt/ros/humble /usr/bin/cmake --install /ros2_ws/build/shooting
[6.129s] Level 1:colcon.colcon_core.environment:checking '/ros2_ws/install/shooting' for CMake module files
[6.131s] Level 1:colcon.colcon_core.environment:checking '/ros2_ws/install/shooting' for CMake config files
[6.133s] Level 1:colcon.colcon_core.shell:create_environment_hook('shooting', 'cmake_prefix_path')
[6.134s] INFO:colcon.colcon_core.shell:Creating environment hook '/ros2_ws/install/shooting/share/shooting/hook/cmake_prefix_path.ps1'
[6.138s] INFO:colcon.colcon_core.shell:Creating environment descriptor '/ros2_ws/install/shooting/share/shooting/hook/cmake_prefix_path.dsv'
[6.145s] INFO:colcon.colcon_core.shell:Creating environment hook '/ros2_ws/install/shooting/share/shooting/hook/cmake_prefix_path.sh'
[6.147s] Level 1:colcon.colcon_core.environment:checking '/ros2_ws/install/shooting/lib'
[6.147s] Level 1:colcon.colcon_core.environment:checking '/ros2_ws/install/shooting/bin'
[6.147s] Level 1:colcon.colcon_core.environment:checking '/ros2_ws/install/shooting/lib/pkgconfig/shooting.pc'
[6.147s] Level 1:colcon.colcon_core.environment:checking '/ros2_ws/install/shooting/lib/python3.10/site-packages'
[6.148s] Level 1:colcon.colcon_core.environment:checking '/ros2_ws/install/shooting/bin'
[6.149s] INFO:colcon.colcon_core.shell:Creating package script '/ros2_ws/install/shooting/share/shooting/package.ps1'
[6.150s] INFO:colcon.colcon_core.shell:Creating package descriptor '/ros2_ws/install/shooting/share/shooting/package.dsv'
[6.151s] INFO:colcon.colcon_core.shell:Creating package script '/ros2_ws/install/shooting/share/shooting/package.sh'
[6.152s] INFO:colcon.colcon_core.shell:Creating package script '/ros2_ws/install/shooting/share/shooting/package.bash'
[6.153s] INFO:colcon.colcon_core.shell:Creating package script '/ros2_ws/install/shooting/share/shooting/package.zsh'
[6.154s] Level 1:colcon.colcon_core.environment:create_file_with_runtime_dependencies(/ros2_ws/install/shooting/share/colcon-core/packages/shooting)
[6.155s] Level 1:colcon.colcon_core.environment:create_environment_scripts_only(shooting)
[6.156s] Level 1:colcon.colcon_core.environment:checking '/ros2_ws/install/shooting' for CMake module files
[6.157s] Level 1:colcon.colcon_core.environment:checking '/ros2_ws/install/shooting' for CMake config files
[6.157s] Level 1:colcon.colcon_core.shell:create_environment_hook('shooting', 'cmake_prefix_path')
[6.158s] INFO:colcon.colcon_core.shell:Creating environment hook '/ros2_ws/install/shooting/share/shooting/hook/cmake_prefix_path.ps1'
[6.159s] INFO:colcon.colcon_core.shell:Creating environment descriptor '/ros2_ws/install/shooting/share/shooting/hook/cmake_prefix_path.dsv'
[6.162s] INFO:colcon.colcon_core.shell:Creating environment hook '/ros2_ws/install/shooting/share/shooting/hook/cmake_prefix_path.sh'
[6.163s] Level 1:colcon.colcon_core.environment:checking '/ros2_ws/install/shooting/lib'
[6.163s] Level 1:colcon.colcon_core.environment:checking '/ros2_ws/install/shooting/bin'
[6.163s] Level 1:colcon.colcon_core.environment:checking '/ros2_ws/install/shooting/lib/pkgconfig/shooting.pc'
[6.163s] Level 1:colcon.colcon_core.environment:checking '/ros2_ws/install/shooting/lib/python3.10/site-packages'
[6.164s] Level 1:colcon.colcon_core.environment:checking '/ros2_ws/install/shooting/bin'
[6.164s] INFO:colcon.colcon_core.shell:Creating package script '/ros2_ws/install/shooting/share/shooting/package.ps1'
[6.165s] INFO:colcon.colcon_core.shell:Creating package descriptor '/ros2_ws/install/shooting/share/shooting/package.dsv'
[6.166s] INFO:colcon.colcon_core.shell:Creating package script '/ros2_ws/install/shooting/share/shooting/package.sh'
[6.167s] INFO:colcon.colcon_core.shell:Creating package script '/ros2_ws/install/shooting/share/shooting/package.bash'
[6.168s] INFO:colcon.colcon_core.shell:Creating package script '/ros2_ws/install/shooting/share/shooting/package.zsh'
[6.169s] Level 1:colcon.colcon_core.environment:create_file_with_runtime_dependencies(/ros2_ws/install/shooting/share/colcon-core/packages/shooting)
[6.171s] INFO:colcon.colcon_ros.task.ament_cmake.build:Building ROS package in '/ros2_ws/src/robot_bringup' with build type 'ament_cmake'
[6.172s] INFO:colcon.colcon_cmake.task.cmake.build:Building CMake package in '/ros2_ws/src/robot_bringup'
[6.172s] INFO:colcon.colcon_core.shell:Skip shell extension 'powershell' for command environment: Not usable outside of PowerShell
[6.172s] DEBUG:colcon.colcon_core.shell:Skip shell extension 'dsv' for command environment
[6.206s] DEBUG:colcon.colcon_core.event_handler.log_command:Invoking command in '/ros2_ws/build/robot_bringup': CMAKE_PREFIX_PATH=/ros2_ws/install/localization:/ros2_ws/install/ydlidar_ros2_driver:/ros2_ws/install/rf2o_laser_odometry:/ros2_ws/install/navigation:/ros2_ws/install/hardware:/ros2_ws/install/foxglove:/ros2_ws/install/robot_bringup:/ros2_ws/install/telemetry_data:/ros2_ws/install/shooting:/ros2_ws/install/robot_description:/ros2_ws/install/main_brain:/ros2_ws/install/tactical_brain:/ros2_ws/install/sensor_fusion_pkg:/ros2_ws/install/icm20948_ros2:/ros2_ws/install/ai_vision:/opt/ros/humble /usr/bin/cmake --build /ros2_ws/build/robot_bringup -- -j4 -l4
[6.275s] DEBUG:colcon.colcon_core.event_handler.log_command:Invoked command in '/ros2_ws/build/robot_bringup' returned '0': CMAKE_PREFIX_PATH=/ros2_ws/install/localization:/ros2_ws/install/ydlidar_ros2_driver:/ros2_ws/install/rf2o_laser_odometry:/ros2_ws/install/navigation:/ros2_ws/install/hardware:/ros2_ws/install/foxglove:/ros2_ws/install/robot_bringup:/ros2_ws/install/telemetry_data:/ros2_ws/install/shooting:/ros2_ws/install/robot_description:/ros2_ws/install/main_brain:/ros2_ws/install/tactical_brain:/ros2_ws/install/sensor_fusion_pkg:/ros2_ws/install/icm20948_ros2:/ros2_ws/install/ai_vision:/opt/ros/humble /usr/bin/cmake --build /ros2_ws/build/robot_bringup -- -j4 -l4
[6.280s] DEBUG:colcon.colcon_core.event_handler.log_command:Invoking command in '/ros2_ws/build/robot_bringup': CMAKE_PREFIX_PATH=/ros2_ws/install/localization:/ros2_ws/install/ydlidar_ros2_driver:/ros2_ws/install/rf2o_laser_odometry:/ros2_ws/install/navigation:/ros2_ws/install/hardware:/ros2_ws/install/foxglove:/ros2_ws/install/robot_bringup:/ros2_ws/install/telemetry_data:/ros2_ws/install/shooting:/ros2_ws/install/robot_description:/ros2_ws/install/main_brain:/ros2_ws/install/tactical_brain:/ros2_ws/install/sensor_fusion_pkg:/ros2_ws/install/icm20948_ros2:/ros2_ws/install/ai_vision:/opt/ros/humble /usr/bin/cmake --install /ros2_ws/build/robot_bringup
[6.313s] Level 1:colcon.colcon_core.environment:create_environment_scripts_only(robot_bringup)
[6.314s] Level 1:colcon.colcon_core.environment:checking '/ros2_ws/install/robot_bringup' for CMake module files
[6.313s] DEBUG:colcon.colcon_core.event_handler.log_command:Invoked command in '/ros2_ws/build/robot_bringup' returned '0': CMAKE_PREFIX_PATH=/ros2_ws/install/localization:/ros2_ws/install/ydlidar_ros2_driver:/ros2_ws/install/rf2o_laser_odometry:/ros2_ws/install/navigation:/ros2_ws/install/hardware:/ros2_ws/install/foxglove:/ros2_ws/install/robot_bringup:/ros2_ws/install/telemetry_data:/ros2_ws/install/shooting:/ros2_ws/install/robot_description:/ros2_ws/install/main_brain:/ros2_ws/install/tactical_brain:/ros2_ws/install/sensor_fusion_pkg:/ros2_ws/install/icm20948_ros2:/ros2_ws/install/ai_vision:/opt/ros/humble /usr/bin/cmake --install /ros2_ws/build/robot_bringup
[6.315s] Level 1:colcon.colcon_core.environment:checking '/ros2_ws/install/robot_bringup' for CMake config files
[6.315s] Level 1:colcon.colcon_core.shell:create_environment_hook('robot_bringup', 'cmake_prefix_path')
[6.316s] INFO:colcon.colcon_core.shell:Creating environment hook '/ros2_ws/install/robot_bringup/share/robot_bringup/hook/cmake_prefix_path.ps1'
[6.316s] INFO:colcon.colcon_core.shell:Creating environment descriptor '/ros2_ws/install/robot_bringup/share/robot_bringup/hook/cmake_prefix_path.dsv'
[6.318s] INFO:colcon.colcon_core.shell:Creating environment hook '/ros2_ws/install/robot_bringup/share/robot_bringup/hook/cmake_prefix_path.sh'
[6.319s] Level 1:colcon.colcon_core.environment:checking '/ros2_ws/install/robot_bringup/bin'
[6.319s] Level 1:colcon.colcon_core.environment:checking '/ros2_ws/install/robot_bringup/lib/pkgconfig/robot_bringup.pc'
[6.319s] Level 1:colcon.colcon_core.environment:checking '/ros2_ws/install/robot_bringup/lib/python3.10/site-packages'
[6.320s] Level 1:colcon.colcon_core.environment:checking '/ros2_ws/install/robot_bringup/bin'
[6.321s] INFO:colcon.colcon_core.shell:Creating package script '/ros2_ws/install/robot_bringup/share/robot_bringup/package.ps1'
[6.322s] INFO:colcon.colcon_core.shell:Creating package descriptor '/ros2_ws/install/robot_bringup/share/robot_bringup/package.dsv'
[6.323s] INFO:colcon.colcon_core.shell:Creating package script '/ros2_ws/install/robot_bringup/share/robot_bringup/package.sh'
[6.323s] INFO:colcon.colcon_core.shell:Creating package script '/ros2_ws/install/robot_bringup/share/robot_bringup/package.bash'
[6.325s] INFO:colcon.colcon_core.shell:Creating package script '/ros2_ws/install/robot_bringup/share/robot_bringup/package.zsh'
[6.325s] Level 1:colcon.colcon_core.environment:create_file_with_runtime_dependencies(/ros2_ws/install/robot_bringup/share/colcon-core/packages/robot_bringup)
[6.328s] Level 1:colcon.colcon_core.environment:create_environment_scripts_only(robot_bringup)
[6.329s] Level 1:colcon.colcon_core.environment:checking '/ros2_ws/install/robot_bringup' for CMake module files
[6.330s] Level 1:colcon.colcon_core.environment:checking '/ros2_ws/install/robot_bringup' for CMake config files
[6.331s] Level 1:colcon.colcon_core.shell:create_environment_hook('robot_bringup', 'cmake_prefix_path')
[6.331s] INFO:colcon.colcon_core.shell:Creating environment hook '/ros2_ws/install/robot_bringup/share/robot_bringup/hook/cmake_prefix_path.ps1'
[6.333s] INFO:colcon.colcon_core.shell:Creating environment descriptor '/ros2_ws/install/robot_bringup/share/robot_bringup/hook/cmake_prefix_path.dsv'
[6.334s] INFO:colcon.colcon_core.shell:Creating environment hook '/ros2_ws/install/robot_bringup/share/robot_bringup/hook/cmake_prefix_path.sh'
[6.336s] Level 1:colcon.colcon_core.environment:checking '/ros2_ws/install/robot_bringup/bin'
[6.336s] Level 1:colcon.colcon_core.environment:checking '/ros2_ws/install/robot_bringup/lib/pkgconfig/robot_bringup.pc'
[6.337s] Level 1:colcon.colcon_core.environment:checking '/ros2_ws/install/robot_bringup/lib/python3.10/site-packages'
[6.338s] Level 1:colcon.colcon_core.environment:checking '/ros2_ws/install/robot_bringup/bin'
[6.339s] INFO:colcon.colcon_core.shell:Creating package script '/ros2_ws/install/robot_bringup/share/robot_bringup/package.ps1'
[6.340s] INFO:colcon.colcon_core.shell:Creating package descriptor '/ros2_ws/install/robot_bringup/share/robot_bringup/package.dsv'
[6.342s] INFO:colcon.colcon_core.shell:Creating package script '/ros2_ws/install/robot_bringup/share/robot_bringup/package.sh'
[6.343s] INFO:colcon.colcon_core.shell:Creating package script '/ros2_ws/install/robot_bringup/share/robot_bringup/package.bash'
[6.345s] INFO:colcon.colcon_core.shell:Creating package script '/ros2_ws/install/robot_bringup/share/robot_bringup/package.zsh'
[6.346s] Level 1:colcon.colcon_core.environment:create_file_with_runtime_dependencies(/ros2_ws/install/robot_bringup/share/colcon-core/packages/robot_bringup)
[6.655s] DEBUG:colcon.colcon_core.task.python.build:Available setuptools commands: bdist, install_egg_info, easy_install, extract_messages, symlink_data, develop, rotate, alias, egg_info, register, check, sdist, bdist_egg, test, build_ext, install_data, install_scripts, build_clib, saveopts, update_catalog, upload, upload_docs, dist_info, build_scripts, bdist_wheel, compile_catalog, clean, bdist_rpm, init_catalog, install_headers, build, install, build_py, setopt, bdist_dumb, install_lib
[7.047s] DEBUG:colcon.colcon_core.task.python.build:Available setuptools 'develop' options: --help, --multi-version, --install-dir, --site-dirs, --build-directory, --install-layout, --record, --optimize, --find-links, --exclude-scripts, --allow-hosts, --verbose, --always-unzip, --uninstall, --dry-run, --quiet, --prefix, --script-dir, --zip-ok, --always-copy, --no-deps, --no-find-links, --egg-path, --editable, --index-url, --local-snapshots-ok, --version, --upgrade, --user, --force-installation-into-system-dir, --no-user-cfg
[7.051s] DEBUG:colcon.colcon_core.event_handler.log_command:Invoking command in '/ros2_ws/build/tactical_brain': PYTHONPATH=/ros2_ws/build/tactical_brain/prefix_override:/usr/lib/python3/dist-packages/colcon_core/task/python/colcon_distutils_commands:/ros2_ws/install/tactical_brain/lib/python3.10/site-packages:${PYTHONPATH} /usr/bin/python3 -W ignore:setup.py install is deprecated -W ignore:easy_install command is deprecated setup.py develop --editable --build-directory /ros2_ws/build/tactical_brain/build --no-deps symlink_data
[7.131s] DEBUG:colcon.colcon_core.event_handler.log_command:Invoked command in '/ros2_ws/build/robot_stats' returned '0': CMAKE_PREFIX_PATH=${CMAKE_PREFIX_PATH}:/ros2_ws/install/tactical_brain:/ros2_ws/install/sensor_fusion_pkg:/ros2_ws/install/icm20948_ros2:/ros2_ws/install/ai_vision:/opt/ros/humble /usr/bin/cmake /ros2_ws/src/robot_stats -DAMENT_CMAKE_SYMLINK_INSTALL=1 -DCMAKE_INSTALL_PREFIX=/ros2_ws/install/robot_stats
[7.136s] DEBUG:colcon.colcon_core.event_handler.log_command:Invoking command in '/ros2_ws/build/robot_stats': CMAKE_PREFIX_PATH=${CMAKE_PREFIX_PATH}:/ros2_ws/install/tactical_brain:/ros2_ws/install/sensor_fusion_pkg:/ros2_ws/install/icm20948_ros2:/ros2_ws/install/ai_vision:/opt/ros/humble /usr/bin/cmake --build /ros2_ws/build/robot_stats -- -j4 -l4
[7.606s] Level 1:colcon.colcon_core.shell:create_environment_hook('tactical_brain', 'pythonpath_develop')
[7.606s] DEBUG:colcon.colcon_core.event_handler.log_command:Invoked command in '/ros2_ws/build/tactical_brain' returned '0': PYTHONPATH=/ros2_ws/build/tactical_brain/prefix_override:/usr/lib/python3/dist-packages/colcon_core/task/python/colcon_distutils_commands:/ros2_ws/install/tactical_brain/lib/python3.10/site-packages:${PYTHONPATH} /usr/bin/python3 -W ignore:setup.py install is deprecated -W ignore:easy_install command is deprecated setup.py develop --editable --build-directory /ros2_ws/build/tactical_brain/build --no-deps symlink_data
[7.607s] INFO:colcon.colcon_core.shell:Creating environment hook '/ros2_ws/build/tactical_brain/share/tactical_brain/hook/pythonpath_develop.ps1'
[7.608s] INFO:colcon.colcon_core.shell:Creating environment descriptor '/ros2_ws/build/tactical_brain/share/tactical_brain/hook/pythonpath_develop.dsv'
[7.610s] INFO:colcon.colcon_core.shell:Creating environment hook '/ros2_ws/build/tactical_brain/share/tactical_brain/hook/pythonpath_develop.sh'
[7.612s] Level 1:colcon.colcon_core.environment:checking '/ros2_ws/install/tactical_brain' for CMake module files
[7.613s] Level 1:colcon.colcon_core.environment:checking '/ros2_ws/install/tactical_brain' for CMake config files
[7.614s] Level 1:colcon.colcon_core.environment:checking '/ros2_ws/install/tactical_brain/lib'
[7.615s] Level 1:colcon.colcon_core.environment:checking '/ros2_ws/install/tactical_brain/bin'
[7.615s] Level 1:colcon.colcon_core.environment:checking '/ros2_ws/install/tactical_brain/lib/pkgconfig/tactical_brain.pc'
[7.615s] Level 1:colcon.colcon_core.environment:checking '/ros2_ws/install/tactical_brain/lib/python3.10/site-packages'
[7.615s] Level 1:colcon.colcon_core.shell:create_environment_hook('tactical_brain', 'pythonpath')
[7.615s] INFO:colcon.colcon_core.shell:Creating environment hook '/ros2_ws/install/tactical_brain/share/tactical_brain/hook/pythonpath.ps1'
[7.616s] INFO:colcon.colcon_core.shell:Creating environment descriptor '/ros2_ws/install/tactical_brain/share/tactical_brain/hook/pythonpath.dsv'
[7.618s] INFO:colcon.colcon_core.shell:Creating environment hook '/ros2_ws/install/tactical_brain/share/tactical_brain/hook/pythonpath.sh'
[7.619s] Level 1:colcon.colcon_core.environment:checking '/ros2_ws/install/tactical_brain/bin'
[7.619s] Level 1:colcon.colcon_core.environment:create_environment_scripts_only(tactical_brain)
[7.620s] INFO:colcon.colcon_core.shell:Creating package script '/ros2_ws/install/tactical_brain/share/tactical_brain/package.ps1'
[7.620s] INFO:colcon.colcon_core.shell:Creating package descriptor '/ros2_ws/install/tactical_brain/share/tactical_brain/package.dsv'
[7.621s] INFO:colcon.colcon_core.shell:Creating package script '/ros2_ws/install/tactical_brain/share/tactical_brain/package.sh'
[7.622s] INFO:colcon.colcon_core.shell:Creating package script '/ros2_ws/install/tactical_brain/share/tactical_brain/package.bash'
[7.623s] INFO:colcon.colcon_core.shell:Creating package script '/ros2_ws/install/tactical_brain/share/tactical_brain/package.zsh'
[7.624s] Level 1:colcon.colcon_core.environment:create_file_with_runtime_dependencies(/ros2_ws/install/tactical_brain/share/colcon-core/packages/tactical_brain)
[35.158s] DEBUG:colcon.colcon_core.event_handler.log_command:Invoked command in '/ros2_ws/build/robot_stats' returned '0': CMAKE_PREFIX_PATH=${CMAKE_PREFIX_PATH}:/ros2_ws/install/tactical_brain:/ros2_ws/install/sensor_fusion_pkg:/ros2_ws/install/icm20948_ros2:/ros2_ws/install/ai_vision:/opt/ros/humble /usr/bin/cmake --build /ros2_ws/build/robot_stats -- -j4 -l4
[35.161s] DEBUG:colcon.colcon_core.event_handler.log_command:Invoking command in '/ros2_ws/build/robot_stats': CMAKE_PREFIX_PATH=${CMAKE_PREFIX_PATH}:/ros2_ws/install/tactical_brain:/ros2_ws/install/sensor_fusion_pkg:/ros2_ws/install/icm20948_ros2:/ros2_ws/install/ai_vision:/opt/ros/humble /usr/bin/cmake --install /ros2_ws/build/robot_stats
[35.335s] Level 1:colcon.colcon_core.environment:create_environment_scripts_only(robot_stats)
[35.336s] Level 1:colcon.colcon_core.environment:checking '/ros2_ws/install/robot_stats' for CMake module files
[35.336s] DEBUG:colcon.colcon_core.event_handler.log_command:Invoked command in '/ros2_ws/build/robot_stats' returned '0': CMAKE_PREFIX_PATH=${CMAKE_PREFIX_PATH}:/ros2_ws/install/tactical_brain:/ros2_ws/install/sensor_fusion_pkg:/ros2_ws/install/icm20948_ros2:/ros2_ws/install/ai_vision:/opt/ros/humble /usr/bin/cmake --install /ros2_ws/build/robot_stats
[35.337s] Level 1:colcon.colcon_core.environment:checking '/ros2_ws/install/robot_stats' for CMake config files
[35.338s] Level 1:colcon.colcon_core.shell:create_environment_hook('robot_stats', 'cmake_prefix_path')
[35.339s] INFO:colcon.colcon_core.shell:Creating environment hook '/ros2_ws/install/robot_stats/share/robot_stats/hook/cmake_prefix_path.ps1'
[35.339s] INFO:colcon.colcon_core.shell:Creating environment descriptor '/ros2_ws/install/robot_stats/share/robot_stats/hook/cmake_prefix_path.dsv'
[35.340s] INFO:colcon.colcon_core.shell:Creating environment hook '/ros2_ws/install/robot_stats/share/robot_stats/hook/cmake_prefix_path.sh'
[35.341s] Level 1:colcon.colcon_core.environment:checking '/ros2_ws/install/robot_stats/lib'
[35.341s] Level 1:colcon.colcon_core.environment:checking '/ros2_ws/install/robot_stats/bin'
[35.341s] Level 1:colcon.colcon_core.environment:checking '/ros2_ws/install/robot_stats/lib/pkgconfig/robot_stats.pc'
[35.342s] Level 1:colcon.colcon_core.environment:checking '/ros2_ws/install/robot_stats/lib/python3.10/site-packages'
[35.342s] Level 1:colcon.colcon_core.environment:checking '/ros2_ws/install/robot_stats/bin'
[35.343s] INFO:colcon.colcon_core.shell:Creating package script '/ros2_ws/install/robot_stats/share/robot_stats/package.ps1'
[35.344s] INFO:colcon.colcon_core.shell:Creating package descriptor '/ros2_ws/install/robot_stats/share/robot_stats/package.dsv'
[35.344s] INFO:colcon.colcon_core.shell:Creating package script '/ros2_ws/install/robot_stats/share/robot_stats/package.sh'
[35.345s] INFO:colcon.colcon_core.shell:Creating package script '/ros2_ws/install/robot_stats/share/robot_stats/package.bash'
[35.345s] INFO:colcon.colcon_core.shell:Creating package script '/ros2_ws/install/robot_stats/share/robot_stats/package.zsh'
[35.345s] Level 1:colcon.colcon_core.environment:create_file_with_runtime_dependencies(/ros2_ws/install/robot_stats/share/colcon-core/packages/robot_stats)
[35.346s] Level 1:colcon.colcon_core.environment:create_environment_scripts_only(robot_stats)
[35.346s] Level 1:colcon.colcon_core.environment:checking '/ros2_ws/install/robot_stats' for CMake module files
[35.347s] Level 1:colcon.colcon_core.environment:checking '/ros2_ws/install/robot_stats' for CMake config files
[35.347s] Level 1:colcon.colcon_core.shell:create_environment_hook('robot_stats', 'cmake_prefix_path')
[35.347s] INFO:colcon.colcon_core.shell:Creating environment hook '/ros2_ws/install/robot_stats/share/robot_stats/hook/cmake_prefix_path.ps1'
[35.348s] INFO:colcon.colcon_core.shell:Creating environment descriptor '/ros2_ws/install/robot_stats/share/robot_stats/hook/cmake_prefix_path.dsv'
[35.348s] INFO:colcon.colcon_core.shell:Creating environment hook '/ros2_ws/install/robot_stats/share/robot_stats/hook/cmake_prefix_path.sh'
[35.349s] Level 1:colcon.colcon_core.environment:checking '/ros2_ws/install/robot_stats/lib'
[35.349s] Level 1:colcon.colcon_core.environment:checking '/ros2_ws/install/robot_stats/bin'
[35.349s] Level 1:colcon.colcon_core.environment:checking '/ros2_ws/install/robot_stats/lib/pkgconfig/robot_stats.pc'
[35.349s] Level 1:colcon.colcon_core.environment:checking '/ros2_ws/install/robot_stats/lib/python3.10/site-packages'
[35.350s] Level 1:colcon.colcon_core.environment:checking '/ros2_ws/install/robot_stats/bin'
[35.350s] INFO:colcon.colcon_core.shell:Creating package script '/ros2_ws/install/robot_stats/share/robot_stats/package.ps1'
[35.351s] INFO:colcon.colcon_core.shell:Creating package descriptor '/ros2_ws/install/robot_stats/share/robot_stats/package.dsv'
[35.351s] INFO:colcon.colcon_core.shell:Creating package script '/ros2_ws/install/robot_stats/share/robot_stats/package.sh'
[35.352s] INFO:colcon.colcon_core.shell:Creating package script '/ros2_ws/install/robot_stats/share/robot_stats/package.bash'
[35.352s] INFO:colcon.colcon_core.shell:Creating package script '/ros2_ws/install/robot_stats/share/robot_stats/package.zsh'
[35.352s] Level 1:colcon.colcon_core.environment:create_file_with_runtime_dependencies(/ros2_ws/install/robot_stats/share/colcon-core/packages/robot_stats)
[35.453s] DEBUG:colcon.colcon_core.event_handler.log_command:Invoked command in '/ros2_ws/build/telemetry_data' returned '0': CMAKE_PREFIX_PATH=${CMAKE_PREFIX_PATH}:/ros2_ws/install/tactical_brain:/ros2_ws/install/sensor_fusion_pkg:/ros2_ws/install/icm20948_ros2:/ros2_ws/install/ai_vision:/opt/ros/humble /usr/bin/cmake --build /ros2_ws/build/telemetry_data -- -j4 -l4
[35.636s] DEBUG:colcon.colcon_core.event_handler.log_command:Invoking command in '/ros2_ws/build/telemetry_data': CMAKE_PREFIX_PATH=${CMAKE_PREFIX_PATH}:/ros2_ws/install/tactical_brain:/ros2_ws/install/sensor_fusion_pkg:/ros2_ws/install/icm20948_ros2:/ros2_ws/install/ai_vision:/opt/ros/humble /usr/bin/cmake --install /ros2_ws/build/telemetry_data
[35.674s] Level 1:colcon.colcon_core.environment:create_environment_scripts_only(telemetry_data)
[35.674s] Level 1:colcon.colcon_core.environment:checking '/ros2_ws/install/telemetry_data' for CMake module files
[35.675s] DEBUG:colcon.colcon_core.event_handler.log_command:Invoked command in '/ros2_ws/build/telemetry_data' returned '0': CMAKE_PREFIX_PATH=${CMAKE_PREFIX_PATH}:/ros2_ws/install/tactical_brain:/ros2_ws/install/sensor_fusion_pkg:/ros2_ws/install/icm20948_ros2:/ros2_ws/install/ai_vision:/opt/ros/humble /usr/bin/cmake --install /ros2_ws/build/telemetry_data
[35.677s] Level 1:colcon.colcon_core.environment:checking '/ros2_ws/install/telemetry_data' for CMake config files
[35.677s] Level 1:colcon.colcon_core.shell:create_environment_hook('telemetry_data', 'cmake_prefix_path')
[35.678s] INFO:colcon.colcon_core.shell:Creating environment hook '/ros2_ws/install/telemetry_data/share/telemetry_data/hook/cmake_prefix_path.ps1'
[35.678s] INFO:colcon.colcon_core.shell:Creating environment descriptor '/ros2_ws/install/telemetry_data/share/telemetry_data/hook/cmake_prefix_path.dsv'
[35.741s] INFO:colcon.colcon_core.shell:Creating environment hook '/ros2_ws/install/telemetry_data/share/telemetry_data/hook/cmake_prefix_path.sh'
[35.803s] Level 1:colcon.colcon_core.environment:checking '/ros2_ws/install/telemetry_data/lib'
[35.803s] Level 1:colcon.colcon_core.environment:checking '/ros2_ws/install/telemetry_data/bin'
[35.803s] Level 1:colcon.colcon_core.environment:checking '/ros2_ws/install/telemetry_data/lib/pkgconfig/telemetry_data.pc'
[35.803s] Level 1:colcon.colcon_core.environment:checking '/ros2_ws/install/telemetry_data/lib/python3.10/site-packages'
[35.804s] Level 1:colcon.colcon_core.environment:checking '/ros2_ws/install/telemetry_data/bin'
[35.804s] INFO:colcon.colcon_core.shell:Creating package script '/ros2_ws/install/telemetry_data/share/telemetry_data/package.ps1'
[35.866s] INFO:colcon.colcon_core.shell:Creating package descriptor '/ros2_ws/install/telemetry_data/share/telemetry_data/package.dsv'
[35.867s] INFO:colcon.colcon_core.shell:Creating package script '/ros2_ws/install/telemetry_data/share/telemetry_data/package.sh'
[35.931s] INFO:colcon.colcon_core.shell:Creating package script '/ros2_ws/install/telemetry_data/share/telemetry_data/package.bash'
[35.996s] INFO:colcon.colcon_core.shell:Creating package script '/ros2_ws/install/telemetry_data/share/telemetry_data/package.zsh'
[36.059s] Level 1:colcon.colcon_core.environment:create_file_with_runtime_dependencies(/ros2_ws/install/telemetry_data/share/colcon-core/packages/telemetry_data)
[36.122s] Level 1:colcon.colcon_core.environment:create_environment_scripts_only(telemetry_data)
[36.123s] Level 1:colcon.colcon_core.environment:checking '/ros2_ws/install/telemetry_data' for CMake module files
[36.124s] Level 1:colcon.colcon_core.environment:checking '/ros2_ws/install/telemetry_data' for CMake config files
[36.124s] Level 1:colcon.colcon_core.shell:create_environment_hook('telemetry_data', 'cmake_prefix_path')
[36.125s] INFO:colcon.colcon_core.shell:Creating environment hook '/ros2_ws/install/telemetry_data/share/telemetry_data/hook/cmake_prefix_path.ps1'
[36.184s] INFO:colcon.colcon_core.shell:Creating environment descriptor '/ros2_ws/install/telemetry_data/share/telemetry_data/hook/cmake_prefix_path.dsv'
[36.247s] INFO:colcon.colcon_core.shell:Creating environment hook '/ros2_ws/install/telemetry_data/share/telemetry_data/hook/cmake_prefix_path.sh'
[36.310s] Level 1:colcon.colcon_core.environment:checking '/ros2_ws/install/telemetry_data/lib'
[36.311s] Level 1:colcon.colcon_core.environment:checking '/ros2_ws/install/telemetry_data/bin'
[36.311s] Level 1:colcon.colcon_core.environment:checking '/ros2_ws/install/telemetry_data/lib/pkgconfig/telemetry_data.pc'
[36.311s] Level 1:colcon.colcon_core.environment:checking '/ros2_ws/install/telemetry_data/lib/python3.10/site-packages'
[36.312s] Level 1:colcon.colcon_core.environment:checking '/ros2_ws/install/telemetry_data/bin'
[36.312s] INFO:colcon.colcon_core.shell:Creating package script '/ros2_ws/install/telemetry_data/share/telemetry_data/package.ps1'
[36.374s] INFO:colcon.colcon_core.shell:Creating package descriptor '/ros2_ws/install/telemetry_data/share/telemetry_data/package.dsv'
[36.435s] INFO:colcon.colcon_core.shell:Creating package script '/ros2_ws/install/telemetry_data/share/telemetry_data/package.sh'
[36.499s] INFO:colcon.colcon_core.shell:Creating package script '/ros2_ws/install/telemetry_data/share/telemetry_data/package.bash'
[36.561s] INFO:colcon.colcon_core.shell:Creating package script '/ros2_ws/install/telemetry_data/share/telemetry_data/package.zsh'
[36.624s] Level 1:colcon.colcon_core.environment:create_file_with_runtime_dependencies(/ros2_ws/install/telemetry_data/share/colcon-core/packages/telemetry_data)
[36.685s] DEBUG:colcon.colcon_parallel_executor.executor.parallel:closing loop
[36.686s] DEBUG:colcon.colcon_parallel_executor.executor.parallel:loop closed
[36.686s] DEBUG:colcon.colcon_parallel_executor.executor.parallel:run_until_complete finished with '0'
[36.686s] DEBUG:colcon.colcon_core.event_reactor:joining thread
[36.835s] INFO:colcon.colcon_core.plugin_system:Skipping extension 'colcon_notification.desktop_notification.notify_send': Could not find 'notify-send'
[36.835s] INFO:colcon.colcon_core.plugin_system:Skipping extension 'colcon_notification.desktop_notification.terminal_notifier': Not used on non-Darwin systems
[36.835s] INFO:colcon.colcon_core.plugin_system:Skipping extension 'colcon_notification.desktop_notification.win32': Not used on non-Windows systems
[36.835s] INFO:colcon.colcon_notification.desktop_notification:Sending desktop notification using 'notify2'
[36.836s] DEBUG:colcon.colcon_notification.desktop_notification.notify2:Failed to initialize notify2: org.freedesktop.DBus.Error.NotSupported: Unable to autolaunch a dbus-daemon without a $DISPLAY for X11
[36.836s] DEBUG:colcon.colcon_core.event_reactor:joined thread
[36.836s] INFO:colcon.colcon_core.shell:Creating prefix script '/ros2_ws/install/local_setup.ps1'
[36.838s] INFO:colcon.colcon_core.shell:Creating prefix util module '/ros2_ws/install/_local_setup_util_ps1.py'
[36.905s] INFO:colcon.colcon_core.shell:Creating prefix chain script '/ros2_ws/install/setup.ps1'
[36.971s] INFO:colcon.colcon_core.shell:Creating prefix script '/ros2_ws/install/local_setup.sh'
[37.048s] INFO:colcon.colcon_core.shell:Creating prefix util module '/ros2_ws/install/_local_setup_util_sh.py'
[37.112s] INFO:colcon.colcon_core.shell:Creating prefix chain script '/ros2_ws/install/setup.sh'
[37.238s] INFO:colcon.colcon_core.shell:Creating prefix script '/ros2_ws/install/local_setup.bash'
[37.304s] INFO:colcon.colcon_core.shell:Creating prefix chain script '/ros2_ws/install/setup.bash'
[37.370s] INFO:colcon.colcon_core.shell:Creating prefix script '/ros2_ws/install/local_setup.zsh'
[37.437s] INFO:colcon.colcon_core.shell:Creating prefix chain script '/ros2_ws/install/setup.zsh'
