[0.000000] (-) TimerEvent: {}
[0.000879] (foxglove) JobQueued: {'identifier': 'foxglove', 'dependencies': OrderedDict()}
[0.000937] (hardware) JobQueued: {'identifier': 'hardware', 'dependencies': OrderedDict()}
[0.001277] (navigation) JobQueued: {'identifier': 'navigation', 'dependencies': OrderedDict()}
[0.001315] (robot_description) JobQueued: {'identifier': 'robot_description', 'dependencies': OrderedDict()}
[0.001339] (telemetry_data) JobQueued: {'identifier': 'telemetry_data', 'dependencies': OrderedDict()}
[0.001361] (ydlidar_ros2_driver) JobQueued: {'identifier': 'ydlidar_ros2_driver', 'dependencies': OrderedDict()}
[0.001380] (localization) JobQueued: {'identifier': 'localization', 'dependencies': OrderedDict([('ydlidar_ros2_driver', '/ros2_ws/install/ydlidar_ros2_driver')])}
[0.001404] (robot_bringup) JobQueued: {'identifier': 'robot_bringup', 'dependencies': OrderedDict([('foxglove', '/ros2_ws/install/foxglove'), ('hardware', '/ros2_ws/install/hardware'), ('navigation', '/ros2_ws/install/navigation'), ('ydlidar_ros2_driver', '/ros2_ws/install/ydlidar_ros2_driver'), ('localization', '/ros2_ws/install/localization')])}
[0.001436] (ydlidar_ros2_driver) JobStarted: {'identifier': 'ydlidar_ros2_driver'}
[0.040437] (foxglove) JobStarted: {'identifier': 'foxglove'}
[0.054641] (hardware) JobStarted: {'identifier': 'hardware'}
[0.060443] (navigation) JobStarted: {'identifier': 'navigation'}
[0.067326] (ydlidar_ros2_driver) JobProgress: {'identifier': 'ydlidar_ros2_driver', 'progress': 'cmake'}
[0.068166] (ydlidar_ros2_driver) Command: {'cmd': ['/usr/bin/cmake', '/ros2_ws/src/ydlidar_ros2_driver', '-DAMENT_CMAKE_SYMLINK_INSTALL=1', '-DCMAKE_INSTALL_PREFIX=/ros2_ws/install/ydlidar_ros2_driver'], 'cwd': '/ros2_ws/build/ydlidar_ros2_driver', 'env': OrderedDict([('HOSTNAME', 'yahav'), ('SHLVL', '1'), ('LD_LIBRARY_PATH', '/opt/ros/humble/opt/rviz_ogre_vendor/lib:/opt/ros/humble/lib/aarch64-linux-gnu:/opt/ros/humble/lib'), ('HOME', '/root'), ('PYTHONUNBUFFERED', '1'), ('ROS_PYTHON_VERSION', '3'), ('COLCON_PREFIX_PATH', '/ros2_ws/install'), ('ROS_DISTRO', 'humble'), ('_', '/usr/bin/colcon'), ('ROS_VERSION', '2'), ('TERM', 'xterm'), ('ROS_LOCALHOST_ONLY', '0'), ('PATH', '/opt/ros/humble/bin:/usr/local/sbin:/usr/local/bin:/usr/sbin:/usr/bin:/sbin:/bin'), ('DISPLAY', ''), ('LANG', 'C.UTF-8'), ('LS_COLORS', 'rs=0:di=01;34:ln=01;36:mh=00:pi=40;33:so=01;35:do=01;35:bd=40;33;01:cd=40;33;01:or=40;31;01:mi=00:su=37;41:sg=30;43:ca=30;41:tw=30;42:ow=34;42:st=37;44:ex=01;32:*.tar=01;31:*.tgz=01;31:*.arc=01;31:*.arj=01;31:*.taz=01;31:*.lha=01;31:*.lz4=01;31:*.lzh=01;31:*.lzma=01;31:*.tlz=01;31:*.txz=01;31:*.tzo=01;31:*.t7z=01;31:*.zip=01;31:*.z=01;31:*.dz=01;31:*.gz=01;31:*.lrz=01;31:*.lz=01;31:*.lzo=01;31:*.xz=01;31:*.zst=01;31:*.tzst=01;31:*.bz2=01;31:*.bz=01;31:*.tbz=01;31:*.tbz2=01;31:*.tz=01;31:*.deb=01;31:*.rpm=01;31:*.jar=01;31:*.war=01;31:*.ear=01;31:*.sar=01;31:*.rar=01;31:*.alz=01;31:*.ace=01;31:*.zoo=01;31:*.cpio=01;31:*.7z=01;31:*.rz=01;31:*.cab=01;31:*.wim=01;31:*.swm=01;31:*.dwm=01;31:*.esd=01;31:*.jpg=01;35:*.jpeg=01;35:*.mjpg=01;35:*.mjpeg=01;35:*.gif=01;35:*.bmp=01;35:*.pbm=01;35:*.pgm=01;35:*.ppm=01;35:*.tga=01;35:*.xbm=01;35:*.xpm=01;35:*.tif=01;35:*.tiff=01;35:*.png=01;35:*.svg=01;35:*.svgz=01;35:*.mng=01;35:*.pcx=01;35:*.mov=01;35:*.mpg=01;35:*.mpeg=01;35:*.m2v=01;35:*.mkv=01;35:*.webm=01;35:*.webp=01;35:*.ogm=01;35:*.mp4=01;35:*.m4v=01;35:*.mp4v=01;35:*.vob=01;35:*.qt=01;35:*.nuv=01;35:*.wmv=01;35:*.asf=01;35:*.rm=01;35:*.rmvb=01;35:*.flc=01;35:*.avi=01;35:*.fli=01;35:*.flv=01;35:*.gl=01;35:*.dl=01;35:*.xcf=01;35:*.xwd=01;35:*.yuv=01;35:*.cgm=01;35:*.emf=01;35:*.ogv=01;35:*.ogx=01;35:*.aac=00;36:*.au=00;36:*.flac=00;36:*.m4a=00;36:*.mid=00;36:*.midi=00;36:*.mka=00;36:*.mp3=00;36:*.mpc=00;36:*.ogg=00;36:*.ra=00;36:*.wav=00;36:*.oga=00;36:*.opus=00;36:*.spx=00;36:*.xspf=00;36:'), ('ROS_DOMAIN_ID', '0'), ('AMENT_PREFIX_PATH', '/ros2_ws/install/robot_description:/ros2_ws/install/hardware:/opt/ros/humble'), ('PWD', '/ros2_ws/build/ydlidar_ros2_driver'), ('LC_ALL', 'C.UTF-8'), ('PYTHONPATH', '/opt/ros/humble/lib/python3.10/site-packages:/opt/ros/humble/local/lib/python3.10/dist-packages'), ('COLCON', '1'), ('CMAKE_PREFIX_PATH', '/ros2_ws/install/robot_description:/ros2_ws/install/hardware:/opt/ros/humble')]), 'shell': False}
[0.077208] (foxglove) JobProgress: {'identifier': 'foxglove', 'progress': 'cmake'}
[0.080591] (foxglove) Command: {'cmd': ['/usr/bin/cmake', '/ros2_ws/src/foxglove', '-DAMENT_CMAKE_SYMLINK_INSTALL=1', '-DCMAKE_INSTALL_PREFIX=/ros2_ws/install/foxglove'], 'cwd': '/ros2_ws/build/foxglove', 'env': OrderedDict([('HOSTNAME', 'yahav'), ('SHLVL', '1'), ('LD_LIBRARY_PATH', '/opt/ros/humble/opt/rviz_ogre_vendor/lib:/opt/ros/humble/lib/aarch64-linux-gnu:/opt/ros/humble/lib'), ('HOME', '/root'), ('PYTHONUNBUFFERED', '1'), ('ROS_PYTHON_VERSION', '3'), ('COLCON_PREFIX_PATH', '/ros2_ws/install'), ('ROS_DISTRO', 'humble'), ('_', '/usr/bin/colcon'), ('ROS_VERSION', '2'), ('TERM', 'xterm'), ('ROS_LOCALHOST_ONLY', '0'), ('PATH', '/opt/ros/humble/bin:/usr/local/sbin:/usr/local/bin:/usr/sbin:/usr/bin:/sbin:/bin'), ('DISPLAY', ''), ('LANG', 'C.UTF-8'), ('LS_COLORS', 'rs=0:di=01;34:ln=01;36:mh=00:pi=40;33:so=01;35:do=01;35:bd=40;33;01:cd=40;33;01:or=40;31;01:mi=00:su=37;41:sg=30;43:ca=30;41:tw=30;42:ow=34;42:st=37;44:ex=01;32:*.tar=01;31:*.tgz=01;31:*.arc=01;31:*.arj=01;31:*.taz=01;31:*.lha=01;31:*.lz4=01;31:*.lzh=01;31:*.lzma=01;31:*.tlz=01;31:*.txz=01;31:*.tzo=01;31:*.t7z=01;31:*.zip=01;31:*.z=01;31:*.dz=01;31:*.gz=01;31:*.lrz=01;31:*.lz=01;31:*.lzo=01;31:*.xz=01;31:*.zst=01;31:*.tzst=01;31:*.bz2=01;31:*.bz=01;31:*.tbz=01;31:*.tbz2=01;31:*.tz=01;31:*.deb=01;31:*.rpm=01;31:*.jar=01;31:*.war=01;31:*.ear=01;31:*.sar=01;31:*.rar=01;31:*.alz=01;31:*.ace=01;31:*.zoo=01;31:*.cpio=01;31:*.7z=01;31:*.rz=01;31:*.cab=01;31:*.wim=01;31:*.swm=01;31:*.dwm=01;31:*.esd=01;31:*.jpg=01;35:*.jpeg=01;35:*.mjpg=01;35:*.mjpeg=01;35:*.gif=01;35:*.bmp=01;35:*.pbm=01;35:*.pgm=01;35:*.ppm=01;35:*.tga=01;35:*.xbm=01;35:*.xpm=01;35:*.tif=01;35:*.tiff=01;35:*.png=01;35:*.svg=01;35:*.svgz=01;35:*.mng=01;35:*.pcx=01;35:*.mov=01;35:*.mpg=01;35:*.mpeg=01;35:*.m2v=01;35:*.mkv=01;35:*.webm=01;35:*.webp=01;35:*.ogm=01;35:*.mp4=01;35:*.m4v=01;35:*.mp4v=01;35:*.vob=01;35:*.qt=01;35:*.nuv=01;35:*.wmv=01;35:*.asf=01;35:*.rm=01;35:*.rmvb=01;35:*.flc=01;35:*.avi=01;35:*.fli=01;35:*.flv=01;35:*.gl=01;35:*.dl=01;35:*.xcf=01;35:*.xwd=01;35:*.yuv=01;35:*.cgm=01;35:*.emf=01;35:*.ogv=01;35:*.ogx=01;35:*.aac=00;36:*.au=00;36:*.flac=00;36:*.m4a=00;36:*.mid=00;36:*.midi=00;36:*.mka=00;36:*.mp3=00;36:*.mpc=00;36:*.ogg=00;36:*.ra=00;36:*.wav=00;36:*.oga=00;36:*.opus=00;36:*.spx=00;36:*.xspf=00;36:'), ('ROS_DOMAIN_ID', '0'), ('AMENT_PREFIX_PATH', '/ros2_ws/install/robot_description:/ros2_ws/install/hardware:/opt/ros/humble'), ('PWD', '/ros2_ws/build/foxglove'), ('LC_ALL', 'C.UTF-8'), ('PYTHONPATH', '/opt/ros/humble/lib/python3.10/site-packages:/opt/ros/humble/local/lib/python3.10/dist-packages'), ('COLCON', '1'), ('CMAKE_PREFIX_PATH', '/ros2_ws/install/robot_description:/ros2_ws/install/hardware:/opt/ros/humble')]), 'shell': False}
[0.083762] (hardware) JobProgress: {'identifier': 'hardware', 'progress': 'cmake'}
[0.092929] (hardware) JobProgress: {'identifier': 'hardware', 'progress': 'build'}
[0.093031] (hardware) Command: {'cmd': ['/usr/bin/cmake', '--build', '/ros2_ws/build/hardware', '--', '-j4', '-l4'], 'cwd': '/ros2_ws/build/hardware', 'env': OrderedDict([('HOSTNAME', 'yahav'), ('SHLVL', '1'), ('LD_LIBRARY_PATH', '/opt/ros/humble/opt/rviz_ogre_vendor/lib:/opt/ros/humble/lib/aarch64-linux-gnu:/opt/ros/humble/lib'), ('HOME', '/root'), ('PYTHONUNBUFFERED', '1'), ('ROS_PYTHON_VERSION', '3'), ('COLCON_PREFIX_PATH', '/ros2_ws/install'), ('ROS_DISTRO', 'humble'), ('_', '/usr/bin/colcon'), ('ROS_VERSION', '2'), ('TERM', 'xterm'), ('ROS_LOCALHOST_ONLY', '0'), ('PATH', '/opt/ros/humble/bin:/usr/local/sbin:/usr/local/bin:/usr/sbin:/usr/bin:/sbin:/bin'), ('DISPLAY', ''), ('LANG', 'C.UTF-8'), ('LS_COLORS', 'rs=0:di=01;34:ln=01;36:mh=00:pi=40;33:so=01;35:do=01;35:bd=40;33;01:cd=40;33;01:or=40;31;01:mi=00:su=37;41:sg=30;43:ca=30;41:tw=30;42:ow=34;42:st=37;44:ex=01;32:*.tar=01;31:*.tgz=01;31:*.arc=01;31:*.arj=01;31:*.taz=01;31:*.lha=01;31:*.lz4=01;31:*.lzh=01;31:*.lzma=01;31:*.tlz=01;31:*.txz=01;31:*.tzo=01;31:*.t7z=01;31:*.zip=01;31:*.z=01;31:*.dz=01;31:*.gz=01;31:*.lrz=01;31:*.lz=01;31:*.lzo=01;31:*.xz=01;31:*.zst=01;31:*.tzst=01;31:*.bz2=01;31:*.bz=01;31:*.tbz=01;31:*.tbz2=01;31:*.tz=01;31:*.deb=01;31:*.rpm=01;31:*.jar=01;31:*.war=01;31:*.ear=01;31:*.sar=01;31:*.rar=01;31:*.alz=01;31:*.ace=01;31:*.zoo=01;31:*.cpio=01;31:*.7z=01;31:*.rz=01;31:*.cab=01;31:*.wim=01;31:*.swm=01;31:*.dwm=01;31:*.esd=01;31:*.jpg=01;35:*.jpeg=01;35:*.mjpg=01;35:*.mjpeg=01;35:*.gif=01;35:*.bmp=01;35:*.pbm=01;35:*.pgm=01;35:*.ppm=01;35:*.tga=01;35:*.xbm=01;35:*.xpm=01;35:*.tif=01;35:*.tiff=01;35:*.png=01;35:*.svg=01;35:*.svgz=01;35:*.mng=01;35:*.pcx=01;35:*.mov=01;35:*.mpg=01;35:*.mpeg=01;35:*.m2v=01;35:*.mkv=01;35:*.webm=01;35:*.webp=01;35:*.ogm=01;35:*.mp4=01;35:*.m4v=01;35:*.mp4v=01;35:*.vob=01;35:*.qt=01;35:*.nuv=01;35:*.wmv=01;35:*.asf=01;35:*.rm=01;35:*.rmvb=01;35:*.flc=01;35:*.avi=01;35:*.fli=01;35:*.flv=01;35:*.gl=01;35:*.dl=01;35:*.xcf=01;35:*.xwd=01;35:*.yuv=01;35:*.cgm=01;35:*.emf=01;35:*.ogv=01;35:*.ogx=01;35:*.aac=00;36:*.au=00;36:*.flac=00;36:*.m4a=00;36:*.mid=00;36:*.midi=00;36:*.mka=00;36:*.mp3=00;36:*.mpc=00;36:*.ogg=00;36:*.ra=00;36:*.wav=00;36:*.oga=00;36:*.opus=00;36:*.spx=00;36:*.xspf=00;36:'), ('ROS_DOMAIN_ID', '0'), ('AMENT_PREFIX_PATH', '/ros2_ws/install/robot_description:/ros2_ws/install/hardware:/opt/ros/humble'), ('PWD', '/ros2_ws/build/hardware'), ('LC_ALL', 'C.UTF-8'), ('PYTHONPATH', '/opt/ros/humble/lib/python3.10/site-packages:/opt/ros/humble/local/lib/python3.10/dist-packages'), ('COLCON', '1'), ('CMAKE_PREFIX_PATH', '/ros2_ws/install/robot_description:/ros2_ws/install/hardware:/opt/ros/humble')]), 'shell': False}
[0.102667] (-) TimerEvent: {}
[0.107985] (navigation) JobProgress: {'identifier': 'navigation', 'progress': 'cmake'}
[0.110509] (navigation) Command: {'cmd': ['/usr/bin/cmake', '/ros2_ws/src/navigation', '-DAMENT_CMAKE_SYMLINK_INSTALL=1', '-DCMAKE_INSTALL_PREFIX=/ros2_ws/install/navigation'], 'cwd': '/ros2_ws/build/navigation', 'env': OrderedDict([('HOSTNAME', 'yahav'), ('SHLVL', '1'), ('LD_LIBRARY_PATH', '/opt/ros/humble/opt/rviz_ogre_vendor/lib:/opt/ros/humble/lib/aarch64-linux-gnu:/opt/ros/humble/lib'), ('HOME', '/root'), ('PYTHONUNBUFFERED', '1'), ('ROS_PYTHON_VERSION', '3'), ('COLCON_PREFIX_PATH', '/ros2_ws/install'), ('ROS_DISTRO', 'humble'), ('_', '/usr/bin/colcon'), ('ROS_VERSION', '2'), ('TERM', 'xterm'), ('ROS_LOCALHOST_ONLY', '0'), ('PATH', '/opt/ros/humble/bin:/usr/local/sbin:/usr/local/bin:/usr/sbin:/usr/bin:/sbin:/bin'), ('DISPLAY', ''), ('LANG', 'C.UTF-8'), ('LS_COLORS', 'rs=0:di=01;34:ln=01;36:mh=00:pi=40;33:so=01;35:do=01;35:bd=40;33;01:cd=40;33;01:or=40;31;01:mi=00:su=37;41:sg=30;43:ca=30;41:tw=30;42:ow=34;42:st=37;44:ex=01;32:*.tar=01;31:*.tgz=01;31:*.arc=01;31:*.arj=01;31:*.taz=01;31:*.lha=01;31:*.lz4=01;31:*.lzh=01;31:*.lzma=01;31:*.tlz=01;31:*.txz=01;31:*.tzo=01;31:*.t7z=01;31:*.zip=01;31:*.z=01;31:*.dz=01;31:*.gz=01;31:*.lrz=01;31:*.lz=01;31:*.lzo=01;31:*.xz=01;31:*.zst=01;31:*.tzst=01;31:*.bz2=01;31:*.bz=01;31:*.tbz=01;31:*.tbz2=01;31:*.tz=01;31:*.deb=01;31:*.rpm=01;31:*.jar=01;31:*.war=01;31:*.ear=01;31:*.sar=01;31:*.rar=01;31:*.alz=01;31:*.ace=01;31:*.zoo=01;31:*.cpio=01;31:*.7z=01;31:*.rz=01;31:*.cab=01;31:*.wim=01;31:*.swm=01;31:*.dwm=01;31:*.esd=01;31:*.jpg=01;35:*.jpeg=01;35:*.mjpg=01;35:*.mjpeg=01;35:*.gif=01;35:*.bmp=01;35:*.pbm=01;35:*.pgm=01;35:*.ppm=01;35:*.tga=01;35:*.xbm=01;35:*.xpm=01;35:*.tif=01;35:*.tiff=01;35:*.png=01;35:*.svg=01;35:*.svgz=01;35:*.mng=01;35:*.pcx=01;35:*.mov=01;35:*.mpg=01;35:*.mpeg=01;35:*.m2v=01;35:*.mkv=01;35:*.webm=01;35:*.webp=01;35:*.ogm=01;35:*.mp4=01;35:*.m4v=01;35:*.mp4v=01;35:*.vob=01;35:*.qt=01;35:*.nuv=01;35:*.wmv=01;35:*.asf=01;35:*.rm=01;35:*.rmvb=01;35:*.flc=01;35:*.avi=01;35:*.fli=01;35:*.flv=01;35:*.gl=01;35:*.dl=01;35:*.xcf=01;35:*.xwd=01;35:*.yuv=01;35:*.cgm=01;35:*.emf=01;35:*.ogv=01;35:*.ogx=01;35:*.aac=00;36:*.au=00;36:*.flac=00;36:*.m4a=00;36:*.mid=00;36:*.midi=00;36:*.mka=00;36:*.mp3=00;36:*.mpc=00;36:*.ogg=00;36:*.ra=00;36:*.wav=00;36:*.oga=00;36:*.opus=00;36:*.spx=00;36:*.xspf=00;36:'), ('ROS_DOMAIN_ID', '0'), ('AMENT_PREFIX_PATH', '/ros2_ws/install/robot_description:/ros2_ws/install/hardware:/opt/ros/humble'), ('PWD', '/ros2_ws/build/navigation'), ('LC_ALL', 'C.UTF-8'), ('PYTHONPATH', '/opt/ros/humble/lib/python3.10/site-packages:/opt/ros/humble/local/lib/python3.10/dist-packages'), ('COLCON', '1'), ('CMAKE_PREFIX_PATH', '/ros2_ws/install/robot_description:/ros2_ws/install/hardware:/opt/ros/humble')]), 'shell': False}
[0.203171] (hardware) StdoutLine: {'line': b'-- Found ament_cmake: 1.3.14 (/opt/ros/humble/share/ament_cmake/cmake)\n'}
[0.204515] (-) TimerEvent: {}
[0.258715] (navigation) StdoutLine: {'line': b'-- The C compiler identification is GNU 11.4.0\n'}
[0.289966] (foxglove) StdoutLine: {'line': b'-- The C compiler identification is GNU 11.4.0\n'}
[0.305478] (-) TimerEvent: {}
[0.356149] (ydlidar_ros2_driver) StdoutLine: {'line': b'-- The C compiler identification is GNU 11.4.0\n'}
[0.406903] (-) TimerEvent: {}
[0.444918] (foxglove) StdoutLine: {'line': b'-- The CXX compiler identification is GNU 11.4.0\n'}
[0.445186] (navigation) StdoutLine: {'line': b'-- The CXX compiler identification is GNU 11.4.0\n'}
[0.475226] (navigation) StdoutLine: {'line': b'-- Detecting C compiler ABI info\n'}
[0.475469] (foxglove) StdoutLine: {'line': b'-- Detecting C compiler ABI info\n'}
[0.509675] (-) TimerEvent: {}
[0.549642] (ydlidar_ros2_driver) StdoutLine: {'line': b'-- The CXX compiler identification is GNU 11.4.0\n'}
[0.609699] (ydlidar_ros2_driver) StdoutLine: {'line': b'-- Detecting C compiler ABI info\n'}
[0.609950] (-) TimerEvent: {}
[0.644241] (hardware) StdoutLine: {'line': b'-- Override CMake install command with custom implementation using symlinks instead of copying resources\n'}
[0.671813] (navigation) StdoutLine: {'line': b'-- Detecting C compiler ABI info - done\n'}
[0.697988] (navigation) StdoutLine: {'line': b'-- Check for working C compiler: /usr/bin/cc - skipped\n'}
[0.702422] (foxglove) StdoutLine: {'line': b'-- Detecting C compiler ABI info - done\n'}
[0.703077] (navigation) StdoutLine: {'line': b'-- Detecting C compile features\n'}
[0.706422] (navigation) StdoutLine: {'line': b'-- Detecting C compile features - done\n'}
[0.710036] (hardware) StdoutLine: {'line': b'-- Found ackermann_steering_controller: 2.53.1 (/opt/ros/humble/share/ackermann_steering_controller/cmake)\n'}
[0.710259] (-) TimerEvent: {}
[0.713435] (navigation) StdoutLine: {'line': b'-- Detecting CXX compiler ABI info\n'}
[0.719033] (foxglove) StdoutLine: {'line': b'-- Check for working C compiler: /usr/bin/cc - skipped\n'}
[0.720175] (foxglove) StdoutLine: {'line': b'-- Detecting C compile features\n'}
[0.720658] (foxglove) StdoutLine: {'line': b'-- Detecting C compile features - done\n'}
[0.733670] (foxglove) StdoutLine: {'line': b'-- Detecting CXX compiler ABI info\n'}
[0.792516] (ydlidar_ros2_driver) StdoutLine: {'line': b'-- Detecting C compiler ABI info - done\n'}
[0.810703] (-) TimerEvent: {}
[0.829908] (ydlidar_ros2_driver) StdoutLine: {'line': b'-- Check for working C compiler: /usr/bin/cc - skipped\n'}
[0.833876] (ydlidar_ros2_driver) StdoutLine: {'line': b'-- Detecting C compile features\n'}
[0.834269] (ydlidar_ros2_driver) StdoutLine: {'line': b'-- Detecting C compile features - done\n'}
[0.845039] (ydlidar_ros2_driver) StdoutLine: {'line': b'-- Detecting CXX compiler ABI info\n'}
[0.915329] (-) TimerEvent: {}
[0.954697] (hardware) StdoutLine: {'line': b'-- Found rosidl_generator_c: 3.1.8 (/opt/ros/humble/share/rosidl_generator_c/cmake)\n'}
[0.981962] (foxglove) StdoutLine: {'line': b'-- Detecting CXX compiler ABI info - done\n'}
[0.995734] (hardware) StdoutLine: {'line': b'-- Found rosidl_adapter: 3.1.8 (/opt/ros/humble/share/rosidl_adapter/cmake)\n'}
[1.019264] (foxglove) StdoutLine: {'line': b'-- Check for working CXX compiler: /usr/bin/c++ - skipped\n'}
[1.027456] (-) TimerEvent: {}
[1.029932] (foxglove) StdoutLine: {'line': b'-- Detecting CXX compile features\n'}
[1.034897] (foxglove) StdoutLine: {'line': b'-- Detecting CXX compile features - done\n'}
[1.056602] (foxglove) StdoutLine: {'line': b'-- Found ament_cmake: 1.3.14 (/opt/ros/humble/share/ament_cmake/cmake)\n'}
[1.063494] (navigation) StdoutLine: {'line': b'-- Detecting CXX compiler ABI info - done\n'}
[1.087887] (hardware) StdoutLine: {'line': b'-- Found rosidl_generator_cpp: 3.1.8 (/opt/ros/humble/share/rosidl_generator_cpp/cmake)\n'}
[1.111763] (navigation) StdoutLine: {'line': b'-- Check for working CXX compiler: /usr/bin/c++ - skipped\n'}
[1.118046] (navigation) StdoutLine: {'line': b'-- Detecting CXX compile features\n'}
[1.128206] (-) TimerEvent: {}
[1.135530] (navigation) StdoutLine: {'line': b'-- Detecting CXX compile features - done\n'}
[1.138783] (navigation) StdoutLine: {'line': b'-- Found ament_cmake: 1.3.14 (/opt/ros/humble/share/ament_cmake/cmake)\n'}
[1.188101] (hardware) StdoutLine: {'line': b'-- Using all available rosidl_typesupport_c: rosidl_typesupport_fastrtps_c;rosidl_typesupport_introspection_c\n'}
[1.226945] (ydlidar_ros2_driver) StdoutLine: {'line': b'-- Detecting CXX compiler ABI info - done\n'}
[1.233642] (-) TimerEvent: {}
[1.252530] (ydlidar_ros2_driver) StdoutLine: {'line': b'-- Check for working CXX compiler: /usr/bin/c++ - skipped\n'}
[1.253467] (ydlidar_ros2_driver) StdoutLine: {'line': b'-- Detecting CXX compile features\n'}
[1.254024] (ydlidar_ros2_driver) StdoutLine: {'line': b'-- Detecting CXX compile features - done\n'}
[1.261684] (ydlidar_ros2_driver) StdoutLine: {'line': b'-- Found ament_cmake: 1.3.14 (/opt/ros/humble/share/ament_cmake/cmake)\n'}
[1.304287] (hardware) StdoutLine: {'line': b'-- Using all available rosidl_typesupport_cpp: rosidl_typesupport_fastrtps_cpp;rosidl_typesupport_introspection_cpp\n'}
[1.336758] (-) TimerEvent: {}
[1.441625] (navigation) StdoutLine: {'line': b'-- Found Python3: /usr/bin/python3 (found version "3.10.12") found components: Interpreter \n'}
[1.442814] (-) TimerEvent: {}
[1.445145] (foxglove) StdoutLine: {'line': b'-- Found Python3: /usr/bin/python3 (found version "3.10.12") found components: Interpreter \n'}
[1.516087] (hardware) StdoutLine: {'line': b'-- Found rmw_implementation_cmake: 6.1.2 (/opt/ros/humble/share/rmw_implementation_cmake/cmake)\n'}
[1.526297] (hardware) StdoutLine: {'line': b'-- Found rmw_fastrtps_cpp: 6.2.10 (/opt/ros/humble/share/rmw_fastrtps_cpp/cmake)\n'}
[1.542922] (-) TimerEvent: {}
[1.644500] (-) TimerEvent: {}
[1.652939] (ydlidar_ros2_driver) StdoutLine: {'line': b'-- Found Python3: /usr/bin/python3 (found version "3.10.12") found components: Interpreter \n'}
[1.673435] (foxglove) StdoutLine: {'line': b'-- Override CMake install command with custom implementation using symlinks instead of copying resources\n'}
[1.691433] (navigation) StdoutLine: {'line': b'-- Override CMake install command with custom implementation using symlinks instead of copying resources\n'}
[1.745723] (-) TimerEvent: {}
[1.772855] (foxglove) StdoutLine: {'line': b'-- Found ament_lint_auto: 0.12.15 (/opt/ros/humble/share/ament_lint_auto/cmake)\n'}
[1.773716] (navigation) StdoutLine: {'line': b'-- Found ament_lint_auto: 0.12.15 (/opt/ros/humble/share/ament_lint_auto/cmake)\n'}
[1.801010] (hardware) StdoutLine: {'line': b"-- Using RMW implementation 'rmw_fastrtps_cpp' as default\n"}
[1.845833] (-) TimerEvent: {}
[1.930952] (ydlidar_ros2_driver) StdoutLine: {'line': b'-- Override CMake install command with custom implementation using symlinks instead of copying resources\n'}
[1.945941] (-) TimerEvent: {}
[2.037443] (foxglove) StdoutLine: {'line': b"-- Added test 'flake8' to check Python code syntax and style conventions\n"}
[2.041032] (foxglove) StdoutLine: {'line': b"-- Added test 'lint_cmake' to check CMake code style\n"}
[2.043289] (foxglove) StdoutLine: {'line': b"-- Added test 'pep257' to check Python code against some of the docstring style conventions in PEP 257\n"}
[2.044974] (foxglove) StdoutLine: {'line': b"-- Added test 'xmllint' to check XML markup files\n"}
[2.045918] (ydlidar_ros2_driver) StdoutLine: {'line': b'-- Found rclcpp: 16.0.19 (/opt/ros/humble/share/rclcpp/cmake)\n'}
[2.047203] (-) TimerEvent: {}
[2.051042] (foxglove) StdoutLine: {'line': b'-- Configuring done\n'}
[2.061594] (foxglove) StdoutLine: {'line': b'-- Generating done\n'}
[2.065369] (navigation) StdoutLine: {'line': b"-- Added test 'flake8' to check Python code syntax and style conventions\n"}
[2.066397] (navigation) StdoutLine: {'line': b"-- Added test 'lint_cmake' to check CMake code style\n"}
[2.067071] (navigation) StdoutLine: {'line': b"-- Added test 'pep257' to check Python code against some of the docstring style conventions in PEP 257\n"}
[2.067846] (navigation) StdoutLine: {'line': b"-- Added test 'xmllint' to check XML markup files\n"}
[2.068697] (foxglove) StdoutLine: {'line': b'-- Build files have been written to: /ros2_ws/build/foxglove\n'}
[2.069449] (navigation) StdoutLine: {'line': b'-- Configuring done\n'}
[2.076957] (navigation) StdoutLine: {'line': b'-- Generating done\n'}
[2.086733] (foxglove) CommandEnded: {'returncode': 0}
[2.090047] (foxglove) JobProgress: {'identifier': 'foxglove', 'progress': 'build'}
[2.090133] (foxglove) Command: {'cmd': ['/usr/bin/cmake', '--build', '/ros2_ws/build/foxglove', '--', '-j4', '-l4'], 'cwd': '/ros2_ws/build/foxglove', 'env': OrderedDict([('HOSTNAME', 'yahav'), ('SHLVL', '1'), ('LD_LIBRARY_PATH', '/opt/ros/humble/opt/rviz_ogre_vendor/lib:/opt/ros/humble/lib/aarch64-linux-gnu:/opt/ros/humble/lib'), ('HOME', '/root'), ('PYTHONUNBUFFERED', '1'), ('ROS_PYTHON_VERSION', '3'), ('COLCON_PREFIX_PATH', '/ros2_ws/install'), ('ROS_DISTRO', 'humble'), ('_', '/usr/bin/colcon'), ('ROS_VERSION', '2'), ('TERM', 'xterm'), ('ROS_LOCALHOST_ONLY', '0'), ('PATH', '/opt/ros/humble/bin:/usr/local/sbin:/usr/local/bin:/usr/sbin:/usr/bin:/sbin:/bin'), ('DISPLAY', ''), ('LANG', 'C.UTF-8'), ('LS_COLORS', 'rs=0:di=01;34:ln=01;36:mh=00:pi=40;33:so=01;35:do=01;35:bd=40;33;01:cd=40;33;01:or=40;31;01:mi=00:su=37;41:sg=30;43:ca=30;41:tw=30;42:ow=34;42:st=37;44:ex=01;32:*.tar=01;31:*.tgz=01;31:*.arc=01;31:*.arj=01;31:*.taz=01;31:*.lha=01;31:*.lz4=01;31:*.lzh=01;31:*.lzma=01;31:*.tlz=01;31:*.txz=01;31:*.tzo=01;31:*.t7z=01;31:*.zip=01;31:*.z=01;31:*.dz=01;31:*.gz=01;31:*.lrz=01;31:*.lz=01;31:*.lzo=01;31:*.xz=01;31:*.zst=01;31:*.tzst=01;31:*.bz2=01;31:*.bz=01;31:*.tbz=01;31:*.tbz2=01;31:*.tz=01;31:*.deb=01;31:*.rpm=01;31:*.jar=01;31:*.war=01;31:*.ear=01;31:*.sar=01;31:*.rar=01;31:*.alz=01;31:*.ace=01;31:*.zoo=01;31:*.cpio=01;31:*.7z=01;31:*.rz=01;31:*.cab=01;31:*.wim=01;31:*.swm=01;31:*.dwm=01;31:*.esd=01;31:*.jpg=01;35:*.jpeg=01;35:*.mjpg=01;35:*.mjpeg=01;35:*.gif=01;35:*.bmp=01;35:*.pbm=01;35:*.pgm=01;35:*.ppm=01;35:*.tga=01;35:*.xbm=01;35:*.xpm=01;35:*.tif=01;35:*.tiff=01;35:*.png=01;35:*.svg=01;35:*.svgz=01;35:*.mng=01;35:*.pcx=01;35:*.mov=01;35:*.mpg=01;35:*.mpeg=01;35:*.m2v=01;35:*.mkv=01;35:*.webm=01;35:*.webp=01;35:*.ogm=01;35:*.mp4=01;35:*.m4v=01;35:*.mp4v=01;35:*.vob=01;35:*.qt=01;35:*.nuv=01;35:*.wmv=01;35:*.asf=01;35:*.rm=01;35:*.rmvb=01;35:*.flc=01;35:*.avi=01;35:*.fli=01;35:*.flv=01;35:*.gl=01;35:*.dl=01;35:*.xcf=01;35:*.xwd=01;35:*.yuv=01;35:*.cgm=01;35:*.emf=01;35:*.ogv=01;35:*.ogx=01;35:*.aac=00;36:*.au=00;36:*.flac=00;36:*.m4a=00;36:*.mid=00;36:*.midi=00;36:*.mka=00;36:*.mp3=00;36:*.mpc=00;36:*.ogg=00;36:*.ra=00;36:*.wav=00;36:*.oga=00;36:*.opus=00;36:*.spx=00;36:*.xspf=00;36:'), ('ROS_DOMAIN_ID', '0'), ('AMENT_PREFIX_PATH', '/ros2_ws/install/robot_description:/ros2_ws/install/hardware:/opt/ros/humble'), ('PWD', '/ros2_ws/build/foxglove'), ('LC_ALL', 'C.UTF-8'), ('PYTHONPATH', '/opt/ros/humble/lib/python3.10/site-packages:/opt/ros/humble/local/lib/python3.10/dist-packages'), ('COLCON', '1'), ('CMAKE_PREFIX_PATH', '/ros2_ws/install/robot_description:/ros2_ws/install/hardware:/opt/ros/humble')]), 'shell': False}
[2.090648] (navigation) StdoutLine: {'line': b'-- Build files have been written to: /ros2_ws/build/navigation\n'}
[2.093676] (navigation) CommandEnded: {'returncode': 0}
[2.095624] (navigation) JobProgress: {'identifier': 'navigation', 'progress': 'build'}
[2.095678] (navigation) Command: {'cmd': ['/usr/bin/cmake', '--build', '/ros2_ws/build/navigation', '--', '-j4', '-l4'], 'cwd': '/ros2_ws/build/navigation', 'env': OrderedDict([('HOSTNAME', 'yahav'), ('SHLVL', '1'), ('LD_LIBRARY_PATH', '/opt/ros/humble/opt/rviz_ogre_vendor/lib:/opt/ros/humble/lib/aarch64-linux-gnu:/opt/ros/humble/lib'), ('HOME', '/root'), ('PYTHONUNBUFFERED', '1'), ('ROS_PYTHON_VERSION', '3'), ('COLCON_PREFIX_PATH', '/ros2_ws/install'), ('ROS_DISTRO', 'humble'), ('_', '/usr/bin/colcon'), ('ROS_VERSION', '2'), ('TERM', 'xterm'), ('ROS_LOCALHOST_ONLY', '0'), ('PATH', '/opt/ros/humble/bin:/usr/local/sbin:/usr/local/bin:/usr/sbin:/usr/bin:/sbin:/bin'), ('DISPLAY', ''), ('LANG', 'C.UTF-8'), ('LS_COLORS', 'rs=0:di=01;34:ln=01;36:mh=00:pi=40;33:so=01;35:do=01;35:bd=40;33;01:cd=40;33;01:or=40;31;01:mi=00:su=37;41:sg=30;43:ca=30;41:tw=30;42:ow=34;42:st=37;44:ex=01;32:*.tar=01;31:*.tgz=01;31:*.arc=01;31:*.arj=01;31:*.taz=01;31:*.lha=01;31:*.lz4=01;31:*.lzh=01;31:*.lzma=01;31:*.tlz=01;31:*.txz=01;31:*.tzo=01;31:*.t7z=01;31:*.zip=01;31:*.z=01;31:*.dz=01;31:*.gz=01;31:*.lrz=01;31:*.lz=01;31:*.lzo=01;31:*.xz=01;31:*.zst=01;31:*.tzst=01;31:*.bz2=01;31:*.bz=01;31:*.tbz=01;31:*.tbz2=01;31:*.tz=01;31:*.deb=01;31:*.rpm=01;31:*.jar=01;31:*.war=01;31:*.ear=01;31:*.sar=01;31:*.rar=01;31:*.alz=01;31:*.ace=01;31:*.zoo=01;31:*.cpio=01;31:*.7z=01;31:*.rz=01;31:*.cab=01;31:*.wim=01;31:*.swm=01;31:*.dwm=01;31:*.esd=01;31:*.jpg=01;35:*.jpeg=01;35:*.mjpg=01;35:*.mjpeg=01;35:*.gif=01;35:*.bmp=01;35:*.pbm=01;35:*.pgm=01;35:*.ppm=01;35:*.tga=01;35:*.xbm=01;35:*.xpm=01;35:*.tif=01;35:*.tiff=01;35:*.png=01;35:*.svg=01;35:*.svgz=01;35:*.mng=01;35:*.pcx=01;35:*.mov=01;35:*.mpg=01;35:*.mpeg=01;35:*.m2v=01;35:*.mkv=01;35:*.webm=01;35:*.webp=01;35:*.ogm=01;35:*.mp4=01;35:*.m4v=01;35:*.mp4v=01;35:*.vob=01;35:*.qt=01;35:*.nuv=01;35:*.wmv=01;35:*.asf=01;35:*.rm=01;35:*.rmvb=01;35:*.flc=01;35:*.avi=01;35:*.fli=01;35:*.flv=01;35:*.gl=01;35:*.dl=01;35:*.xcf=01;35:*.xwd=01;35:*.yuv=01;35:*.cgm=01;35:*.emf=01;35:*.ogv=01;35:*.ogx=01;35:*.aac=00;36:*.au=00;36:*.flac=00;36:*.m4a=00;36:*.mid=00;36:*.midi=00;36:*.mka=00;36:*.mp3=00;36:*.mpc=00;36:*.ogg=00;36:*.ra=00;36:*.wav=00;36:*.oga=00;36:*.opus=00;36:*.spx=00;36:*.xspf=00;36:'), ('ROS_DOMAIN_ID', '0'), ('AMENT_PREFIX_PATH', '/ros2_ws/install/robot_description:/ros2_ws/install/hardware:/opt/ros/humble'), ('PWD', '/ros2_ws/build/navigation'), ('LC_ALL', 'C.UTF-8'), ('PYTHONPATH', '/opt/ros/humble/lib/python3.10/site-packages:/opt/ros/humble/local/lib/python3.10/dist-packages'), ('COLCON', '1'), ('CMAKE_PREFIX_PATH', '/ros2_ws/install/robot_description:/ros2_ws/install/hardware:/opt/ros/humble')]), 'shell': False}
[2.147639] (-) TimerEvent: {}
[2.179216] (foxglove) CommandEnded: {'returncode': 0}
[2.181825] (foxglove) JobProgress: {'identifier': 'foxglove', 'progress': 'install'}
[2.192555] (ydlidar_ros2_driver) StdoutLine: {'line': b'-- Found rosidl_generator_c: 3.1.8 (/opt/ros/humble/share/rosidl_generator_c/cmake)\n'}
[2.204669] (foxglove) Command: {'cmd': ['/usr/bin/cmake', '--install', '/ros2_ws/build/foxglove'], 'cwd': '/ros2_ws/build/foxglove', 'env': OrderedDict([('HOSTNAME', 'yahav'), ('SHLVL', '1'), ('LD_LIBRARY_PATH', '/opt/ros/humble/opt/rviz_ogre_vendor/lib:/opt/ros/humble/lib/aarch64-linux-gnu:/opt/ros/humble/lib'), ('HOME', '/root'), ('PYTHONUNBUFFERED', '1'), ('ROS_PYTHON_VERSION', '3'), ('COLCON_PREFIX_PATH', '/ros2_ws/install'), ('ROS_DISTRO', 'humble'), ('_', '/usr/bin/colcon'), ('ROS_VERSION', '2'), ('TERM', 'xterm'), ('ROS_LOCALHOST_ONLY', '0'), ('PATH', '/opt/ros/humble/bin:/usr/local/sbin:/usr/local/bin:/usr/sbin:/usr/bin:/sbin:/bin'), ('DISPLAY', ''), ('LANG', 'C.UTF-8'), ('LS_COLORS', 'rs=0:di=01;34:ln=01;36:mh=00:pi=40;33:so=01;35:do=01;35:bd=40;33;01:cd=40;33;01:or=40;31;01:mi=00:su=37;41:sg=30;43:ca=30;41:tw=30;42:ow=34;42:st=37;44:ex=01;32:*.tar=01;31:*.tgz=01;31:*.arc=01;31:*.arj=01;31:*.taz=01;31:*.lha=01;31:*.lz4=01;31:*.lzh=01;31:*.lzma=01;31:*.tlz=01;31:*.txz=01;31:*.tzo=01;31:*.t7z=01;31:*.zip=01;31:*.z=01;31:*.dz=01;31:*.gz=01;31:*.lrz=01;31:*.lz=01;31:*.lzo=01;31:*.xz=01;31:*.zst=01;31:*.tzst=01;31:*.bz2=01;31:*.bz=01;31:*.tbz=01;31:*.tbz2=01;31:*.tz=01;31:*.deb=01;31:*.rpm=01;31:*.jar=01;31:*.war=01;31:*.ear=01;31:*.sar=01;31:*.rar=01;31:*.alz=01;31:*.ace=01;31:*.zoo=01;31:*.cpio=01;31:*.7z=01;31:*.rz=01;31:*.cab=01;31:*.wim=01;31:*.swm=01;31:*.dwm=01;31:*.esd=01;31:*.jpg=01;35:*.jpeg=01;35:*.mjpg=01;35:*.mjpeg=01;35:*.gif=01;35:*.bmp=01;35:*.pbm=01;35:*.pgm=01;35:*.ppm=01;35:*.tga=01;35:*.xbm=01;35:*.xpm=01;35:*.tif=01;35:*.tiff=01;35:*.png=01;35:*.svg=01;35:*.svgz=01;35:*.mng=01;35:*.pcx=01;35:*.mov=01;35:*.mpg=01;35:*.mpeg=01;35:*.m2v=01;35:*.mkv=01;35:*.webm=01;35:*.webp=01;35:*.ogm=01;35:*.mp4=01;35:*.m4v=01;35:*.mp4v=01;35:*.vob=01;35:*.qt=01;35:*.nuv=01;35:*.wmv=01;35:*.asf=01;35:*.rm=01;35:*.rmvb=01;35:*.flc=01;35:*.avi=01;35:*.fli=01;35:*.flv=01;35:*.gl=01;35:*.dl=01;35:*.xcf=01;35:*.xwd=01;35:*.yuv=01;35:*.cgm=01;35:*.emf=01;35:*.ogv=01;35:*.ogx=01;35:*.aac=00;36:*.au=00;36:*.flac=00;36:*.m4a=00;36:*.mid=00;36:*.midi=00;36:*.mka=00;36:*.mp3=00;36:*.mpc=00;36:*.ogg=00;36:*.ra=00;36:*.wav=00;36:*.oga=00;36:*.opus=00;36:*.spx=00;36:*.xspf=00;36:'), ('ROS_DOMAIN_ID', '0'), ('AMENT_PREFIX_PATH', '/ros2_ws/install/robot_description:/ros2_ws/install/hardware:/opt/ros/humble'), ('PWD', '/ros2_ws/build/foxglove'), ('LC_ALL', 'C.UTF-8'), ('PYTHONPATH', '/opt/ros/humble/lib/python3.10/site-packages:/opt/ros/humble/local/lib/python3.10/dist-packages'), ('COLCON', '1'), ('CMAKE_PREFIX_PATH', '/ros2_ws/install/robot_description:/ros2_ws/install/hardware:/opt/ros/humble')]), 'shell': False}
[2.213979] (navigation) CommandEnded: {'returncode': 0}
[2.227126] (foxglove) StdoutLine: {'line': b'-- Install configuration: ""\n'}
[2.227328] (foxglove) StdoutLine: {'line': b'-- Execute custom install script\n'}
[2.227413] (foxglove) StdoutLine: {'line': b'-- Symlinking: /ros2_ws/install/foxglove/share/foxglove/launch/launch.py\n'}
[2.227480] (ydlidar_ros2_driver) StdoutLine: {'line': b'-- Found rosidl_adapter: 3.1.8 (/opt/ros/humble/share/rosidl_adapter/cmake)\n'}
[2.227561] (navigation) JobProgress: {'identifier': 'navigation', 'progress': 'install'}
[2.227588] (navigation) Command: {'cmd': ['/usr/bin/cmake', '--install', '/ros2_ws/build/navigation'], 'cwd': '/ros2_ws/build/navigation', 'env': OrderedDict([('HOSTNAME', 'yahav'), ('SHLVL', '1'), ('LD_LIBRARY_PATH', '/opt/ros/humble/opt/rviz_ogre_vendor/lib:/opt/ros/humble/lib/aarch64-linux-gnu:/opt/ros/humble/lib'), ('HOME', '/root'), ('PYTHONUNBUFFERED', '1'), ('ROS_PYTHON_VERSION', '3'), ('COLCON_PREFIX_PATH', '/ros2_ws/install'), ('ROS_DISTRO', 'humble'), ('_', '/usr/bin/colcon'), ('ROS_VERSION', '2'), ('TERM', 'xterm'), ('ROS_LOCALHOST_ONLY', '0'), ('PATH', '/opt/ros/humble/bin:/usr/local/sbin:/usr/local/bin:/usr/sbin:/usr/bin:/sbin:/bin'), ('DISPLAY', ''), ('LANG', 'C.UTF-8'), ('LS_COLORS', 'rs=0:di=01;34:ln=01;36:mh=00:pi=40;33:so=01;35:do=01;35:bd=40;33;01:cd=40;33;01:or=40;31;01:mi=00:su=37;41:sg=30;43:ca=30;41:tw=30;42:ow=34;42:st=37;44:ex=01;32:*.tar=01;31:*.tgz=01;31:*.arc=01;31:*.arj=01;31:*.taz=01;31:*.lha=01;31:*.lz4=01;31:*.lzh=01;31:*.lzma=01;31:*.tlz=01;31:*.txz=01;31:*.tzo=01;31:*.t7z=01;31:*.zip=01;31:*.z=01;31:*.dz=01;31:*.gz=01;31:*.lrz=01;31:*.lz=01;31:*.lzo=01;31:*.xz=01;31:*.zst=01;31:*.tzst=01;31:*.bz2=01;31:*.bz=01;31:*.tbz=01;31:*.tbz2=01;31:*.tz=01;31:*.deb=01;31:*.rpm=01;31:*.jar=01;31:*.war=01;31:*.ear=01;31:*.sar=01;31:*.rar=01;31:*.alz=01;31:*.ace=01;31:*.zoo=01;31:*.cpio=01;31:*.7z=01;31:*.rz=01;31:*.cab=01;31:*.wim=01;31:*.swm=01;31:*.dwm=01;31:*.esd=01;31:*.jpg=01;35:*.jpeg=01;35:*.mjpg=01;35:*.mjpeg=01;35:*.gif=01;35:*.bmp=01;35:*.pbm=01;35:*.pgm=01;35:*.ppm=01;35:*.tga=01;35:*.xbm=01;35:*.xpm=01;35:*.tif=01;35:*.tiff=01;35:*.png=01;35:*.svg=01;35:*.svgz=01;35:*.mng=01;35:*.pcx=01;35:*.mov=01;35:*.mpg=01;35:*.mpeg=01;35:*.m2v=01;35:*.mkv=01;35:*.webm=01;35:*.webp=01;35:*.ogm=01;35:*.mp4=01;35:*.m4v=01;35:*.mp4v=01;35:*.vob=01;35:*.qt=01;35:*.nuv=01;35:*.wmv=01;35:*.asf=01;35:*.rm=01;35:*.rmvb=01;35:*.flc=01;35:*.avi=01;35:*.fli=01;35:*.flv=01;35:*.gl=01;35:*.dl=01;35:*.xcf=01;35:*.xwd=01;35:*.yuv=01;35:*.cgm=01;35:*.emf=01;35:*.ogv=01;35:*.ogx=01;35:*.aac=00;36:*.au=00;36:*.flac=00;36:*.m4a=00;36:*.mid=00;36:*.midi=00;36:*.mka=00;36:*.mp3=00;36:*.mpc=00;36:*.ogg=00;36:*.ra=00;36:*.wav=00;36:*.oga=00;36:*.opus=00;36:*.spx=00;36:*.xspf=00;36:'), ('ROS_DOMAIN_ID', '0'), ('AMENT_PREFIX_PATH', '/ros2_ws/install/robot_description:/ros2_ws/install/hardware:/opt/ros/humble'), ('PWD', '/ros2_ws/build/navigation'), ('LC_ALL', 'C.UTF-8'), ('PYTHONPATH', '/opt/ros/humble/lib/python3.10/site-packages:/opt/ros/humble/local/lib/python3.10/dist-packages'), ('COLCON', '1'), ('CMAKE_PREFIX_PATH', '/ros2_ws/install/robot_description:/ros2_ws/install/hardware:/opt/ros/humble')]), 'shell': False}
[2.239714] (navigation) StdoutLine: {'line': b'-- Install configuration: ""\n'}
[2.245085] (navigation) StdoutLine: {'line': b'-- Execute custom install script\n'}
[2.246088] (foxglove) StdoutLine: {'line': b'-- Symlinking: /ros2_ws/install/foxglove/share/ament_index/resource_index/package_run_dependencies/foxglove\n'}
[2.247474] (navigation) StdoutLine: {'line': b'-- Symlinking: /ros2_ws/install/navigation/share/navigation/launch/launch.py\n'}
[2.247862] (-) TimerEvent: {}
[2.254906] (foxglove) StdoutLine: {'line': b'-- Symlinking: /ros2_ws/install/foxglove/share/ament_index/resource_index/parent_prefix_path/foxglove\n'}
[2.263696] (ydlidar_ros2_driver) StdoutLine: {'line': b'-- Found rosidl_generator_cpp: 3.1.8 (/opt/ros/humble/share/rosidl_generator_cpp/cmake)\n'}
[2.273386] (navigation) StdoutLine: {'line': b'-- Symlinking: /ros2_ws/install/navigation/share/navigation/config/nav2.yaml\n'}
[2.278908] (foxglove) StdoutLine: {'line': b'-- Symlinking: /ros2_ws/install/foxglove/share/foxglove/environment/ament_prefix_path.sh\n'}
[2.296007] (ydlidar_ros2_driver) StdoutLine: {'line': b'-- Using all available rosidl_typesupport_c: rosidl_typesupport_fastrtps_c;rosidl_typesupport_introspection_c\n'}
[2.308611] (navigation) StdoutLine: {'line': b'-- Symlinking: /ros2_ws/install/navigation/share/navigation/behavior_trees/ackermann_nav_through_poses.xml\n'}
[2.311302] (foxglove) StdoutLine: {'line': b'-- Symlinking: /ros2_ws/install/foxglove/share/foxglove/environment/ament_prefix_path.dsv\n'}
[2.326132] (navigation) StdoutLine: {'line': b'-- Symlinking: /ros2_ws/install/navigation/share/navigation/behavior_trees/ackermann_nav_to_pose.xml\n'}
[2.339317] (foxglove) StdoutLine: {'line': b'-- Symlinking: /ros2_ws/install/foxglove/share/foxglove/environment/path.sh\n'}
[2.342465] (navigation) StdoutLine: {'line': b'-- Symlinking: /ros2_ws/install/navigation/share/ament_index/resource_index/package_run_dependencies/navigation\n'}
[2.344759] (ydlidar_ros2_driver) StdoutLine: {'line': b'-- Using all available rosidl_typesupport_cpp: rosidl_typesupport_fastrtps_cpp;rosidl_typesupport_introspection_cpp\n'}
[2.347998] (-) TimerEvent: {}
[2.361346] (navigation) StdoutLine: {'line': b'-- Symlinking: /ros2_ws/install/navigation/share/ament_index/resource_index/parent_prefix_path/navigation\n'}
[2.369633] (foxglove) StdoutLine: {'line': b'-- Symlinking: /ros2_ws/install/foxglove/share/foxglove/environment/path.dsv\n'}
[2.376530] (navigation) StdoutLine: {'line': b'-- Symlinking: /ros2_ws/install/navigation/share/navigation/environment/ament_prefix_path.sh\n'}
[2.383630] (foxglove) StdoutLine: {'line': b'-- Symlinking: /ros2_ws/install/foxglove/share/foxglove/local_setup.bash\n'}
[2.392602] (navigation) StdoutLine: {'line': b'-- Symlinking: /ros2_ws/install/navigation/share/navigation/environment/ament_prefix_path.dsv\n'}
[2.409649] (foxglove) StdoutLine: {'line': b'-- Symlinking: /ros2_ws/install/foxglove/share/foxglove/local_setup.sh\n'}
[2.409934] (navigation) StdoutLine: {'line': b'-- Symlinking: /ros2_ws/install/navigation/share/navigation/environment/path.sh\n'}
[2.411719] (foxglove) StdoutLine: {'line': b'-- Symlinking: /ros2_ws/install/foxglove/share/foxglove/local_setup.zsh\n'}
[2.425641] (foxglove) StdoutLine: {'line': b'-- Symlinking: /ros2_ws/install/foxglove/share/foxglove/local_setup.dsv\n'}
[2.428920] (navigation) StdoutLine: {'line': b'-- Symlinking: /ros2_ws/install/navigation/share/navigation/environment/path.dsv\n'}
[2.442323] (navigation) StdoutLine: {'line': b'-- Symlinking: /ros2_ws/install/navigation/share/navigation/local_setup.bash\n'}
[2.446974] (foxglove) StdoutLine: {'line': b'-- Symlinking: /ros2_ws/install/foxglove/share/foxglove/package.dsv\n'}
[2.448470] (-) TimerEvent: {}
[2.462652] (navigation) StdoutLine: {'line': b'-- Symlinking: /ros2_ws/install/navigation/share/navigation/local_setup.sh\n'}
[2.469997] (ydlidar_ros2_driver) StdoutLine: {'line': b'-- Found rmw_implementation_cmake: 6.1.2 (/opt/ros/humble/share/rmw_implementation_cmake/cmake)\n'}
[2.470274] (ydlidar_ros2_driver) StdoutLine: {'line': b'-- Found rmw_fastrtps_cpp: 6.2.10 (/opt/ros/humble/share/rmw_fastrtps_cpp/cmake)\n'}
[2.471113] (foxglove) StdoutLine: {'line': b'-- Symlinking: /ros2_ws/install/foxglove/share/ament_index/resource_index/packages/foxglove\n'}
[2.472711] (navigation) StdoutLine: {'line': b'-- Symlinking: /ros2_ws/install/navigation/share/navigation/local_setup.zsh\n'}
[2.482518] (navigation) StdoutLine: {'line': b'-- Symlinking: /ros2_ws/install/navigation/share/navigation/local_setup.dsv\n'}
[2.487684] (foxglove) StdoutLine: {'line': b'-- Symlinking: /ros2_ws/install/foxglove/share/foxglove/cmake/foxgloveConfig.cmake\n'}
[2.505117] (navigation) StdoutLine: {'line': b'-- Symlinking: /ros2_ws/install/navigation/share/navigation/package.dsv\n'}
[2.507239] (foxglove) StdoutLine: {'line': b'-- Symlinking: /ros2_ws/install/foxglove/share/foxglove/cmake/foxgloveConfig-version.cmake\n'}
[2.526612] (navigation) StdoutLine: {'line': b'-- Symlinking: /ros2_ws/install/navigation/share/ament_index/resource_index/packages/navigation\n'}
[2.526945] (foxglove) StdoutLine: {'line': b'-- Symlinking: /ros2_ws/install/foxglove/share/foxglove/package.xml\n'}
[2.537100] (navigation) StdoutLine: {'line': b'-- Symlinking: /ros2_ws/install/navigation/share/navigation/cmake/navigationConfig.cmake\n'}
[2.538948] (foxglove) CommandEnded: {'returncode': 0}
[2.548735] (-) TimerEvent: {}
[2.559470] (navigation) StdoutLine: {'line': b'-- Symlinking: /ros2_ws/install/navigation/share/navigation/cmake/navigationConfig-version.cmake\n'}
[2.578738] (navigation) StdoutLine: {'line': b'-- Symlinking: /ros2_ws/install/navigation/share/navigation/package.xml\n'}
[2.639875] (foxglove) JobEnded: {'identifier': 'foxglove', 'rc': 0}
[2.644109] (robot_description) JobStarted: {'identifier': 'robot_description'}
[2.649996] (-) TimerEvent: {}
[2.662889] (ydlidar_ros2_driver) StdoutLine: {'line': b'-- Found OpenSSL: /usr/lib/aarch64-linux-gnu/libcrypto.so (found version "3.0.2")  \n'}
[2.668448] (navigation) CommandEnded: {'returncode': 0}
[2.695919] (navigation) JobEnded: {'identifier': 'navigation', 'rc': 0}
[2.700551] (telemetry_data) JobStarted: {'identifier': 'telemetry_data'}
[2.704078] (robot_description) JobProgress: {'identifier': 'robot_description', 'progress': 'cmake'}
[2.705132] (robot_description) JobProgress: {'identifier': 'robot_description', 'progress': 'build'}
[2.707915] (robot_description) Command: {'cmd': ['/usr/bin/cmake', '--build', '/ros2_ws/build/robot_description', '--', '-j4', '-l4'], 'cwd': '/ros2_ws/build/robot_description', 'env': OrderedDict([('HOSTNAME', 'yahav'), ('SHLVL', '1'), ('LD_LIBRARY_PATH', '/opt/ros/humble/opt/rviz_ogre_vendor/lib:/opt/ros/humble/lib/aarch64-linux-gnu:/opt/ros/humble/lib'), ('HOME', '/root'), ('PYTHONUNBUFFERED', '1'), ('ROS_PYTHON_VERSION', '3'), ('COLCON_PREFIX_PATH', '/ros2_ws/install'), ('ROS_DISTRO', 'humble'), ('_', '/usr/bin/colcon'), ('ROS_VERSION', '2'), ('TERM', 'xterm'), ('ROS_LOCALHOST_ONLY', '0'), ('PATH', '/opt/ros/humble/bin:/usr/local/sbin:/usr/local/bin:/usr/sbin:/usr/bin:/sbin:/bin'), ('DISPLAY', ''), ('LANG', 'C.UTF-8'), ('LS_COLORS', 'rs=0:di=01;34:ln=01;36:mh=00:pi=40;33:so=01;35:do=01;35:bd=40;33;01:cd=40;33;01:or=40;31;01:mi=00:su=37;41:sg=30;43:ca=30;41:tw=30;42:ow=34;42:st=37;44:ex=01;32:*.tar=01;31:*.tgz=01;31:*.arc=01;31:*.arj=01;31:*.taz=01;31:*.lha=01;31:*.lz4=01;31:*.lzh=01;31:*.lzma=01;31:*.tlz=01;31:*.txz=01;31:*.tzo=01;31:*.t7z=01;31:*.zip=01;31:*.z=01;31:*.dz=01;31:*.gz=01;31:*.lrz=01;31:*.lz=01;31:*.lzo=01;31:*.xz=01;31:*.zst=01;31:*.tzst=01;31:*.bz2=01;31:*.bz=01;31:*.tbz=01;31:*.tbz2=01;31:*.tz=01;31:*.deb=01;31:*.rpm=01;31:*.jar=01;31:*.war=01;31:*.ear=01;31:*.sar=01;31:*.rar=01;31:*.alz=01;31:*.ace=01;31:*.zoo=01;31:*.cpio=01;31:*.7z=01;31:*.rz=01;31:*.cab=01;31:*.wim=01;31:*.swm=01;31:*.dwm=01;31:*.esd=01;31:*.jpg=01;35:*.jpeg=01;35:*.mjpg=01;35:*.mjpeg=01;35:*.gif=01;35:*.bmp=01;35:*.pbm=01;35:*.pgm=01;35:*.ppm=01;35:*.tga=01;35:*.xbm=01;35:*.xpm=01;35:*.tif=01;35:*.tiff=01;35:*.png=01;35:*.svg=01;35:*.svgz=01;35:*.mng=01;35:*.pcx=01;35:*.mov=01;35:*.mpg=01;35:*.mpeg=01;35:*.m2v=01;35:*.mkv=01;35:*.webm=01;35:*.webp=01;35:*.ogm=01;35:*.mp4=01;35:*.m4v=01;35:*.mp4v=01;35:*.vob=01;35:*.qt=01;35:*.nuv=01;35:*.wmv=01;35:*.asf=01;35:*.rm=01;35:*.rmvb=01;35:*.flc=01;35:*.avi=01;35:*.fli=01;35:*.flv=01;35:*.gl=01;35:*.dl=01;35:*.xcf=01;35:*.xwd=01;35:*.yuv=01;35:*.cgm=01;35:*.emf=01;35:*.ogv=01;35:*.ogx=01;35:*.aac=00;36:*.au=00;36:*.flac=00;36:*.m4a=00;36:*.mid=00;36:*.midi=00;36:*.mka=00;36:*.mp3=00;36:*.mpc=00;36:*.ogg=00;36:*.ra=00;36:*.wav=00;36:*.oga=00;36:*.opus=00;36:*.spx=00;36:*.xspf=00;36:'), ('ROS_DOMAIN_ID', '0'), ('AMENT_PREFIX_PATH', '/ros2_ws/install/robot_description:/ros2_ws/install/hardware:/opt/ros/humble'), ('PWD', '/ros2_ws/build/robot_description'), ('LC_ALL', 'C.UTF-8'), ('PYTHONPATH', '/opt/ros/humble/lib/python3.10/site-packages:/opt/ros/humble/local/lib/python3.10/dist-packages'), ('COLCON', '1'), ('CMAKE_PREFIX_PATH', '/ros2_ws/install/robot_description:/ros2_ws/install/hardware:/opt/ros/humble')]), 'shell': False}
[2.711843] (ydlidar_ros2_driver) StdoutLine: {'line': b'-- Found FastRTPS: /opt/ros/humble/include  \n'}
[2.722209] (telemetry_data) JobProgress: {'identifier': 'telemetry_data', 'progress': 'cmake'}
[2.723233] (telemetry_data) Command: {'cmd': ['/usr/bin/cmake', '/ros2_ws/src/telemetry_data', '-DAMENT_CMAKE_SYMLINK_INSTALL=1', '-DCMAKE_INSTALL_PREFIX=/ros2_ws/install/telemetry_data'], 'cwd': '/ros2_ws/build/telemetry_data', 'env': OrderedDict([('HOSTNAME', 'yahav'), ('SHLVL', '1'), ('LD_LIBRARY_PATH', '/opt/ros/humble/opt/rviz_ogre_vendor/lib:/opt/ros/humble/lib/aarch64-linux-gnu:/opt/ros/humble/lib'), ('HOME', '/root'), ('PYTHONUNBUFFERED', '1'), ('ROS_PYTHON_VERSION', '3'), ('COLCON_PREFIX_PATH', '/ros2_ws/install'), ('ROS_DISTRO', 'humble'), ('_', '/usr/bin/colcon'), ('ROS_VERSION', '2'), ('TERM', 'xterm'), ('ROS_LOCALHOST_ONLY', '0'), ('PATH', '/opt/ros/humble/bin:/usr/local/sbin:/usr/local/bin:/usr/sbin:/usr/bin:/sbin:/bin'), ('DISPLAY', ''), ('LANG', 'C.UTF-8'), ('LS_COLORS', 'rs=0:di=01;34:ln=01;36:mh=00:pi=40;33:so=01;35:do=01;35:bd=40;33;01:cd=40;33;01:or=40;31;01:mi=00:su=37;41:sg=30;43:ca=30;41:tw=30;42:ow=34;42:st=37;44:ex=01;32:*.tar=01;31:*.tgz=01;31:*.arc=01;31:*.arj=01;31:*.taz=01;31:*.lha=01;31:*.lz4=01;31:*.lzh=01;31:*.lzma=01;31:*.tlz=01;31:*.txz=01;31:*.tzo=01;31:*.t7z=01;31:*.zip=01;31:*.z=01;31:*.dz=01;31:*.gz=01;31:*.lrz=01;31:*.lz=01;31:*.lzo=01;31:*.xz=01;31:*.zst=01;31:*.tzst=01;31:*.bz2=01;31:*.bz=01;31:*.tbz=01;31:*.tbz2=01;31:*.tz=01;31:*.deb=01;31:*.rpm=01;31:*.jar=01;31:*.war=01;31:*.ear=01;31:*.sar=01;31:*.rar=01;31:*.alz=01;31:*.ace=01;31:*.zoo=01;31:*.cpio=01;31:*.7z=01;31:*.rz=01;31:*.cab=01;31:*.wim=01;31:*.swm=01;31:*.dwm=01;31:*.esd=01;31:*.jpg=01;35:*.jpeg=01;35:*.mjpg=01;35:*.mjpeg=01;35:*.gif=01;35:*.bmp=01;35:*.pbm=01;35:*.pgm=01;35:*.ppm=01;35:*.tga=01;35:*.xbm=01;35:*.xpm=01;35:*.tif=01;35:*.tiff=01;35:*.png=01;35:*.svg=01;35:*.svgz=01;35:*.mng=01;35:*.pcx=01;35:*.mov=01;35:*.mpg=01;35:*.mpeg=01;35:*.m2v=01;35:*.mkv=01;35:*.webm=01;35:*.webp=01;35:*.ogm=01;35:*.mp4=01;35:*.m4v=01;35:*.mp4v=01;35:*.vob=01;35:*.qt=01;35:*.nuv=01;35:*.wmv=01;35:*.asf=01;35:*.rm=01;35:*.rmvb=01;35:*.flc=01;35:*.avi=01;35:*.fli=01;35:*.flv=01;35:*.gl=01;35:*.dl=01;35:*.xcf=01;35:*.xwd=01;35:*.yuv=01;35:*.cgm=01;35:*.emf=01;35:*.ogv=01;35:*.ogx=01;35:*.aac=00;36:*.au=00;36:*.flac=00;36:*.m4a=00;36:*.mid=00;36:*.midi=00;36:*.mka=00;36:*.mp3=00;36:*.mpc=00;36:*.ogg=00;36:*.ra=00;36:*.wav=00;36:*.oga=00;36:*.opus=00;36:*.spx=00;36:*.xspf=00;36:'), ('ROS_DOMAIN_ID', '0'), ('AMENT_PREFIX_PATH', '/ros2_ws/install/robot_description:/ros2_ws/install/hardware:/opt/ros/humble'), ('PWD', '/ros2_ws/build/telemetry_data'), ('LC_ALL', 'C.UTF-8'), ('PYTHONPATH', '/opt/ros/humble/lib/python3.10/site-packages:/opt/ros/humble/local/lib/python3.10/dist-packages'), ('COLCON', '1'), ('CMAKE_PREFIX_PATH', '/ros2_ws/install/robot_description:/ros2_ws/install/hardware:/opt/ros/humble')]), 'shell': False}
[2.753353] (-) TimerEvent: {}
[2.782554] (ydlidar_ros2_driver) StdoutLine: {'line': b"-- Using RMW implementation 'rmw_fastrtps_cpp' as default\n"}
[2.789628] (robot_description) StdoutLine: {'line': b'-- Found ament_cmake: 1.3.14 (/opt/ros/humble/share/ament_cmake/cmake)\n'}
[2.812028] (ydlidar_ros2_driver) StdoutLine: {'line': b'-- Looking for pthread.h\n'}
[2.854216] (-) TimerEvent: {}
[2.892124] (telemetry_data) StdoutLine: {'line': b'-- The C compiler identification is GNU 11.4.0\n'}
[2.955736] (-) TimerEvent: {}
[3.013744] (ydlidar_ros2_driver) StdoutLine: {'line': b'-- Looking for pthread.h - found\n'}
[3.015050] (ydlidar_ros2_driver) StdoutLine: {'line': b'-- Performing Test CMAKE_HAVE_LIBC_PTHREAD\n'}
[3.050884] (telemetry_data) StdoutLine: {'line': b'-- The CXX compiler identification is GNU 11.4.0\n'}
[3.058486] (-) TimerEvent: {}
[3.078284] (telemetry_data) StdoutLine: {'line': b'-- Detecting C compiler ABI info\n'}
[3.158603] (-) TimerEvent: {}
[3.257603] (telemetry_data) StdoutLine: {'line': b'-- Detecting C compiler ABI info - done\n'}
[3.258870] (-) TimerEvent: {}
[3.269430] (hardware) StdoutLine: {'line': b'-- Found eigen3_cmake_module: 0.1.1 (/opt/ros/humble/share/eigen3_cmake_module/cmake)\n'}
[3.271387] (ydlidar_ros2_driver) StdoutLine: {'line': b'-- Performing Test CMAKE_HAVE_LIBC_PTHREAD - Success\n'}
[3.276325] (telemetry_data) StdoutLine: {'line': b'-- Check for working C compiler: /usr/bin/cc - skipped\n'}
[3.277531] (telemetry_data) StdoutLine: {'line': b'-- Detecting C compile features\n'}
[3.278336] (telemetry_data) StdoutLine: {'line': b'-- Detecting C compile features - done\n'}
[3.281852] (ydlidar_ros2_driver) StdoutLine: {'line': b'-- Found Threads: TRUE  \n'}
[3.284434] (hardware) StdoutLine: {'line': b'-- Ensuring Eigen3 include directory is part of orocos-kdl CMake target\n'}
[3.290217] (telemetry_data) StdoutLine: {'line': b'-- Detecting CXX compiler ABI info\n'}
[3.297001] (robot_description) StdoutLine: {'line': b'-- Override CMake install command with custom implementation using symlinks instead of copying resources\n'}
[3.362110] (robot_description) StdoutLine: {'line': b'-- Found ament_lint_auto: 0.12.15 (/opt/ros/humble/share/ament_lint_auto/cmake)\n'}
[3.362611] (-) TimerEvent: {}
[3.465474] (-) TimerEvent: {}
[3.466451] (hardware) StdoutLine: {'line': b'-- Found joint_state_broadcaster: 2.53.1 (/opt/ros/humble/share/joint_state_broadcaster/cmake)\n'}
[3.509954] (telemetry_data) StdoutLine: {'line': b'-- Detecting CXX compiler ABI info - done\n'}
[3.512054] (hardware) StdoutLine: {'line': b'-- Found ament_lint_auto: 0.12.15 (/opt/ros/humble/share/ament_lint_auto/cmake)\n'}
[3.527657] (telemetry_data) StdoutLine: {'line': b'-- Check for working CXX compiler: /usr/bin/c++ - skipped\n'}
[3.527991] (telemetry_data) StdoutLine: {'line': b'-- Detecting CXX compile features\n'}
[3.529545] (telemetry_data) StdoutLine: {'line': b'-- Detecting CXX compile features - done\n'}
[3.538055] (telemetry_data) StdoutLine: {'line': b'-- Found ament_cmake: 1.3.14 (/opt/ros/humble/share/ament_cmake/cmake)\n'}
[3.557781] (ydlidar_ros2_driver) StdoutLine: {'line': b'-- Found sensor_msgs: 4.9.1 (/opt/ros/humble/share/sensor_msgs/cmake)\n'}
[3.566945] (-) TimerEvent: {}
[3.612187] (robot_description) StdoutLine: {'line': b"-- Added test 'lint_cmake' to check CMake code style\n"}
[3.612481] (robot_description) StdoutLine: {'line': b"-- Added test 'xmllint' to check XML markup files\n"}
[3.612598] (robot_description) StdoutLine: {'line': b'-- Configuring done\n'}
[3.621529] (robot_description) StdoutLine: {'line': b'-- Generating done\n'}
[3.632265] (robot_description) StdoutLine: {'line': b'-- Build files have been written to: /ros2_ws/build/robot_description\n'}
[3.668071] (hardware) StdoutLine: {'line': b"-- Added test 'cppcheck' to perform static code analysis on C / C++ code\n"}
[3.668348] (-) TimerEvent: {}
[3.668749] (hardware) StdoutLine: {'line': b'-- Configured cppcheck include dirs: /ros2_ws/src/hardware/include\n'}
[3.668983] (hardware) StdoutLine: {'line': b'-- Configured cppcheck exclude dirs and/or files: \n'}
[3.669106] (hardware) StdoutLine: {'line': b"-- Added test 'flake8' to check Python code syntax and style conventions\n"}
[3.669197] (hardware) StdoutLine: {'line': b"-- Added test 'lint_cmake' to check CMake code style\n"}
[3.669274] (hardware) StdoutLine: {'line': b"-- Added test 'pep257' to check Python code against some of the docstring style conventions in PEP 257\n"}
[3.669345] (hardware) StdoutLine: {'line': b"-- Added test 'uncrustify' to check C / C++ code style\n"}
[3.669417] (hardware) StdoutLine: {'line': b'-- Configured uncrustify additional arguments: \n'}
[3.669481] (hardware) StdoutLine: {'line': b"-- Added test 'xmllint' to check XML markup files\n"}
[3.669851] (hardware) StdoutLine: {'line': b'-- Configuring done\n'}
[3.673036] (ydlidar_ros2_driver) StdoutLine: {'line': b'-- Found visualization_msgs: 4.9.1 (/opt/ros/humble/share/visualization_msgs/cmake)\n'}
[3.704230] (hardware) StdoutLine: {'line': b'-- Generating done\n'}
[3.723033] (hardware) StdoutLine: {'line': b'-- Build files have been written to: /ros2_ws/build/hardware\n'}
[3.729007] (robot_description) CommandEnded: {'returncode': 0}
[3.734050] (robot_description) JobProgress: {'identifier': 'robot_description', 'progress': 'install'}
[3.734155] (robot_description) Command: {'cmd': ['/usr/bin/cmake', '--install', '/ros2_ws/build/robot_description'], 'cwd': '/ros2_ws/build/robot_description', 'env': OrderedDict([('HOSTNAME', 'yahav'), ('SHLVL', '1'), ('LD_LIBRARY_PATH', '/opt/ros/humble/opt/rviz_ogre_vendor/lib:/opt/ros/humble/lib/aarch64-linux-gnu:/opt/ros/humble/lib'), ('HOME', '/root'), ('PYTHONUNBUFFERED', '1'), ('ROS_PYTHON_VERSION', '3'), ('COLCON_PREFIX_PATH', '/ros2_ws/install'), ('ROS_DISTRO', 'humble'), ('_', '/usr/bin/colcon'), ('ROS_VERSION', '2'), ('TERM', 'xterm'), ('ROS_LOCALHOST_ONLY', '0'), ('PATH', '/opt/ros/humble/bin:/usr/local/sbin:/usr/local/bin:/usr/sbin:/usr/bin:/sbin:/bin'), ('DISPLAY', ''), ('LANG', 'C.UTF-8'), ('LS_COLORS', 'rs=0:di=01;34:ln=01;36:mh=00:pi=40;33:so=01;35:do=01;35:bd=40;33;01:cd=40;33;01:or=40;31;01:mi=00:su=37;41:sg=30;43:ca=30;41:tw=30;42:ow=34;42:st=37;44:ex=01;32:*.tar=01;31:*.tgz=01;31:*.arc=01;31:*.arj=01;31:*.taz=01;31:*.lha=01;31:*.lz4=01;31:*.lzh=01;31:*.lzma=01;31:*.tlz=01;31:*.txz=01;31:*.tzo=01;31:*.t7z=01;31:*.zip=01;31:*.z=01;31:*.dz=01;31:*.gz=01;31:*.lrz=01;31:*.lz=01;31:*.lzo=01;31:*.xz=01;31:*.zst=01;31:*.tzst=01;31:*.bz2=01;31:*.bz=01;31:*.tbz=01;31:*.tbz2=01;31:*.tz=01;31:*.deb=01;31:*.rpm=01;31:*.jar=01;31:*.war=01;31:*.ear=01;31:*.sar=01;31:*.rar=01;31:*.alz=01;31:*.ace=01;31:*.zoo=01;31:*.cpio=01;31:*.7z=01;31:*.rz=01;31:*.cab=01;31:*.wim=01;31:*.swm=01;31:*.dwm=01;31:*.esd=01;31:*.jpg=01;35:*.jpeg=01;35:*.mjpg=01;35:*.mjpeg=01;35:*.gif=01;35:*.bmp=01;35:*.pbm=01;35:*.pgm=01;35:*.ppm=01;35:*.tga=01;35:*.xbm=01;35:*.xpm=01;35:*.tif=01;35:*.tiff=01;35:*.png=01;35:*.svg=01;35:*.svgz=01;35:*.mng=01;35:*.pcx=01;35:*.mov=01;35:*.mpg=01;35:*.mpeg=01;35:*.m2v=01;35:*.mkv=01;35:*.webm=01;35:*.webp=01;35:*.ogm=01;35:*.mp4=01;35:*.m4v=01;35:*.mp4v=01;35:*.vob=01;35:*.qt=01;35:*.nuv=01;35:*.wmv=01;35:*.asf=01;35:*.rm=01;35:*.rmvb=01;35:*.flc=01;35:*.avi=01;35:*.fli=01;35:*.flv=01;35:*.gl=01;35:*.dl=01;35:*.xcf=01;35:*.xwd=01;35:*.yuv=01;35:*.cgm=01;35:*.emf=01;35:*.ogv=01;35:*.ogx=01;35:*.aac=00;36:*.au=00;36:*.flac=00;36:*.m4a=00;36:*.mid=00;36:*.midi=00;36:*.mka=00;36:*.mp3=00;36:*.mpc=00;36:*.ogg=00;36:*.ra=00;36:*.wav=00;36:*.oga=00;36:*.opus=00;36:*.spx=00;36:*.xspf=00;36:'), ('ROS_DOMAIN_ID', '0'), ('AMENT_PREFIX_PATH', '/ros2_ws/install/robot_description:/ros2_ws/install/hardware:/opt/ros/humble'), ('PWD', '/ros2_ws/build/robot_description'), ('LC_ALL', 'C.UTF-8'), ('PYTHONPATH', '/opt/ros/humble/lib/python3.10/site-packages:/opt/ros/humble/local/lib/python3.10/dist-packages'), ('COLCON', '1'), ('CMAKE_PREFIX_PATH', '/ros2_ws/install/robot_description:/ros2_ws/install/hardware:/opt/ros/humble')]), 'shell': False}
[3.743655] (robot_description) StdoutLine: {'line': b'-- Install configuration: ""\n'}
[3.744895] (robot_description) StdoutLine: {'line': b'-- Execute custom install script\n'}
[3.745055] (robot_description) StdoutLine: {'line': b'-- Symlinking: /ros2_ws/install/robot_description/share/robot_description/urdf/base.xacro\n'}
[3.758296] (ydlidar_ros2_driver) StdoutLine: {'line': b'-- Found std_srvs: 4.9.1 (/opt/ros/humble/share/std_srvs/cmake)\n'}
[3.769653] (robot_description) StdoutLine: {'line': b'-- Symlinking: /ros2_ws/install/robot_description/share/robot_description/urdf/robot_urdf.xacro\n'}
[3.770060] (-) TimerEvent: {}
[3.781690] (robot_description) StdoutLine: {'line': b'-- Symlinking: /ros2_ws/install/robot_description/share/robot_description/urdf/sensors.xacro\n'}
[3.801631] (robot_description) StdoutLine: {'line': b'-- Symlinking: /ros2_ws/install/robot_description/share/robot_description/urdf/wheels.xacro\n'}
[3.809574] (robot_description) StdoutLine: {'line': b'-- Up-to-date symlink: /ros2_ws/install/robot_description/share/ament_index/resource_index/package_run_dependencies/robot_description\n'}
[3.814134] (robot_description) StdoutLine: {'line': b'-- Up-to-date symlink: /ros2_ws/install/robot_description/share/ament_index/resource_index/parent_prefix_path/robot_description\n'}
[3.814341] (robot_description) StdoutLine: {'line': b'-- Up-to-date symlink: /ros2_ws/install/robot_description/share/robot_description/environment/ament_prefix_path.sh\n'}
[3.814449] (robot_description) StdoutLine: {'line': b'-- Up-to-date symlink: /ros2_ws/install/robot_description/share/robot_description/environment/ament_prefix_path.dsv\n'}
[3.814527] (robot_description) StdoutLine: {'line': b'-- Up-to-date symlink: /ros2_ws/install/robot_description/share/robot_description/environment/path.sh\n'}
[3.814620] (robot_description) StdoutLine: {'line': b'-- Up-to-date symlink: /ros2_ws/install/robot_description/share/robot_description/environment/path.dsv\n'}
[3.814711] (robot_description) StdoutLine: {'line': b'-- Up-to-date symlink: /ros2_ws/install/robot_description/share/robot_description/local_setup.bash\n'}
[3.814805] (robot_description) StdoutLine: {'line': b'-- Up-to-date symlink: /ros2_ws/install/robot_description/share/robot_description/local_setup.sh\n'}
[3.814908] (robot_description) StdoutLine: {'line': b'-- Up-to-date symlink: /ros2_ws/install/robot_description/share/robot_description/local_setup.zsh\n'}
[3.815007] (robot_description) StdoutLine: {'line': b'-- Up-to-date symlink: /ros2_ws/install/robot_description/share/robot_description/local_setup.dsv\n'}
[3.815102] (robot_description) StdoutLine: {'line': b'-- Symlinking: /ros2_ws/install/robot_description/share/robot_description/package.dsv\n'}
[3.818987] (hardware) StdoutLine: {'line': b'[ 25%] \x1b[32mBuilding CXX object CMakeFiles/motor_driver.dir/src/motor_driver.cpp.o\x1b[0m\n'}
[3.819329] (hardware) StdoutLine: {'line': b'[ 50%] \x1b[32mBuilding CXX object CMakeFiles/twist_to_ackermann.dir/src/twist_to_ackermann.cpp.o\x1b[0m\n'}
[3.839812] (robot_description) StdoutLine: {'line': b'-- Up-to-date symlink: /ros2_ws/install/robot_description/share/ament_index/resource_index/packages/robot_description\n'}
[3.841400] (robot_description) StdoutLine: {'line': b'-- Up-to-date symlink: /ros2_ws/install/robot_description/share/robot_description/cmake/robot_descriptionConfig.cmake\n'}
[3.843408] (robot_description) StdoutLine: {'line': b'-- Up-to-date symlink: /ros2_ws/install/robot_description/share/robot_description/cmake/robot_descriptionConfig-version.cmake\n'}
[3.843577] (robot_description) StdoutLine: {'line': b'-- Up-to-date symlink: /ros2_ws/install/robot_description/share/robot_description/package.xml\n'}
[3.843707] (robot_description) CommandEnded: {'returncode': 0}
[3.862737] (ydlidar_ros2_driver) StdoutLine: {'line': b'-- Found ament_lint_auto: 0.12.15 (/opt/ros/humble/share/ament_lint_auto/cmake)\n'}
[3.871554] (-) TimerEvent: {}
[3.950684] (robot_description) JobEnded: {'identifier': 'robot_description', 'rc': 0}
[3.953963] (telemetry_data) StdoutLine: {'line': b'-- Found Python3: /usr/bin/python3 (found version "3.10.12") found components: Interpreter \n'}
[3.972256] (-) TimerEvent: {}
[4.078993] (-) TimerEvent: {}
[4.150648] (ydlidar_ros2_driver) StdoutLine: {'line': b"-- Added test 'copyright' to check source files copyright and LICENSE\n"}
[4.160489] (ydlidar_ros2_driver) StdoutLine: {'line': b"-- Added test 'cppcheck' to perform static code analysis on C / C++ code\n"}
[4.166247] (ydlidar_ros2_driver) StdoutLine: {'line': b'-- Configured cppcheck include dirs: /ros2_ws/src/ydlidar_ros2_driver/src\n'}
[4.174346] (ydlidar_ros2_driver) StdoutLine: {'line': b'-- Configured cppcheck exclude dirs and/or files: \n'}
[4.174430] (telemetry_data) StdoutLine: {'line': b'-- Override CMake install command with custom implementation using symlinks instead of copying resources\n'}
[4.182190] (-) TimerEvent: {}
[4.183839] (ydlidar_ros2_driver) StdoutLine: {'line': b"-- Added test 'cpplint' to check C / C++ code against the Google style\n"}
[4.184248] (ydlidar_ros2_driver) StdoutLine: {'line': b'-- Configured cpplint exclude dirs and/or files: \n'}
[4.190995] (ydlidar_ros2_driver) StdoutLine: {'line': b"-- Added test 'flake8' to check Python code syntax and style conventions\n"}
[4.191254] (ydlidar_ros2_driver) StdoutLine: {'line': b"-- Added test 'lint_cmake' to check CMake code style\n"}
[4.193134] (ydlidar_ros2_driver) StdoutLine: {'line': b"-- Added test 'pep257' to check Python code against some of the docstring style conventions in PEP 257\n"}
[4.199860] (ydlidar_ros2_driver) StdoutLine: {'line': b"-- Added test 'uncrustify' to check C / C++ code style\n"}
[4.200151] (ydlidar_ros2_driver) StdoutLine: {'line': b'-- Configured uncrustify additional arguments: \n'}
[4.201662] (ydlidar_ros2_driver) StdoutLine: {'line': b"-- Added test 'xmllint' to check XML markup files\n"}
[4.208779] (ydlidar_ros2_driver) StdoutLine: {'line': b'-- Configuring done\n'}
[4.248258] (ydlidar_ros2_driver) StdoutLine: {'line': b'-- Generating done\n'}
[4.258114] (ydlidar_ros2_driver) StdoutLine: {'line': b'-- Build files have been written to: /ros2_ws/build/ydlidar_ros2_driver\n'}
[4.273411] (telemetry_data) StdoutLine: {'line': b'-- Found ament_lint_auto: 0.12.15 (/opt/ros/humble/share/ament_lint_auto/cmake)\n'}
[4.276460] (ydlidar_ros2_driver) CommandEnded: {'returncode': 0}
[4.277666] (ydlidar_ros2_driver) JobProgress: {'identifier': 'ydlidar_ros2_driver', 'progress': 'build'}
[4.277754] (ydlidar_ros2_driver) Command: {'cmd': ['/usr/bin/cmake', '--build', '/ros2_ws/build/ydlidar_ros2_driver', '--', '-j4', '-l4'], 'cwd': '/ros2_ws/build/ydlidar_ros2_driver', 'env': OrderedDict([('HOSTNAME', 'yahav'), ('SHLVL', '1'), ('LD_LIBRARY_PATH', '/opt/ros/humble/opt/rviz_ogre_vendor/lib:/opt/ros/humble/lib/aarch64-linux-gnu:/opt/ros/humble/lib'), ('HOME', '/root'), ('PYTHONUNBUFFERED', '1'), ('ROS_PYTHON_VERSION', '3'), ('COLCON_PREFIX_PATH', '/ros2_ws/install'), ('ROS_DISTRO', 'humble'), ('_', '/usr/bin/colcon'), ('ROS_VERSION', '2'), ('TERM', 'xterm'), ('ROS_LOCALHOST_ONLY', '0'), ('PATH', '/opt/ros/humble/bin:/usr/local/sbin:/usr/local/bin:/usr/sbin:/usr/bin:/sbin:/bin'), ('DISPLAY', ''), ('LANG', 'C.UTF-8'), ('LS_COLORS', 'rs=0:di=01;34:ln=01;36:mh=00:pi=40;33:so=01;35:do=01;35:bd=40;33;01:cd=40;33;01:or=40;31;01:mi=00:su=37;41:sg=30;43:ca=30;41:tw=30;42:ow=34;42:st=37;44:ex=01;32:*.tar=01;31:*.tgz=01;31:*.arc=01;31:*.arj=01;31:*.taz=01;31:*.lha=01;31:*.lz4=01;31:*.lzh=01;31:*.lzma=01;31:*.tlz=01;31:*.txz=01;31:*.tzo=01;31:*.t7z=01;31:*.zip=01;31:*.z=01;31:*.dz=01;31:*.gz=01;31:*.lrz=01;31:*.lz=01;31:*.lzo=01;31:*.xz=01;31:*.zst=01;31:*.tzst=01;31:*.bz2=01;31:*.bz=01;31:*.tbz=01;31:*.tbz2=01;31:*.tz=01;31:*.deb=01;31:*.rpm=01;31:*.jar=01;31:*.war=01;31:*.ear=01;31:*.sar=01;31:*.rar=01;31:*.alz=01;31:*.ace=01;31:*.zoo=01;31:*.cpio=01;31:*.7z=01;31:*.rz=01;31:*.cab=01;31:*.wim=01;31:*.swm=01;31:*.dwm=01;31:*.esd=01;31:*.jpg=01;35:*.jpeg=01;35:*.mjpg=01;35:*.mjpeg=01;35:*.gif=01;35:*.bmp=01;35:*.pbm=01;35:*.pgm=01;35:*.ppm=01;35:*.tga=01;35:*.xbm=01;35:*.xpm=01;35:*.tif=01;35:*.tiff=01;35:*.png=01;35:*.svg=01;35:*.svgz=01;35:*.mng=01;35:*.pcx=01;35:*.mov=01;35:*.mpg=01;35:*.mpeg=01;35:*.m2v=01;35:*.mkv=01;35:*.webm=01;35:*.webp=01;35:*.ogm=01;35:*.mp4=01;35:*.m4v=01;35:*.mp4v=01;35:*.vob=01;35:*.qt=01;35:*.nuv=01;35:*.wmv=01;35:*.asf=01;35:*.rm=01;35:*.rmvb=01;35:*.flc=01;35:*.avi=01;35:*.fli=01;35:*.flv=01;35:*.gl=01;35:*.dl=01;35:*.xcf=01;35:*.xwd=01;35:*.yuv=01;35:*.cgm=01;35:*.emf=01;35:*.ogv=01;35:*.ogx=01;35:*.aac=00;36:*.au=00;36:*.flac=00;36:*.m4a=00;36:*.mid=00;36:*.midi=00;36:*.mka=00;36:*.mp3=00;36:*.mpc=00;36:*.ogg=00;36:*.ra=00;36:*.wav=00;36:*.oga=00;36:*.opus=00;36:*.spx=00;36:*.xspf=00;36:'), ('ROS_DOMAIN_ID', '0'), ('AMENT_PREFIX_PATH', '/ros2_ws/install/robot_description:/ros2_ws/install/hardware:/opt/ros/humble'), ('PWD', '/ros2_ws/build/ydlidar_ros2_driver'), ('LC_ALL', 'C.UTF-8'), ('PYTHONPATH', '/opt/ros/humble/lib/python3.10/site-packages:/opt/ros/humble/local/lib/python3.10/dist-packages'), ('COLCON', '1'), ('CMAKE_PREFIX_PATH', '/ros2_ws/install/robot_description:/ros2_ws/install/hardware:/opt/ros/humble')]), 'shell': False}
[4.284157] (-) TimerEvent: {}
[4.384674] (-) TimerEvent: {}
[4.405000] (ydlidar_ros2_driver) StdoutLine: {'line': b'[ 25%] \x1b[32mBuilding CXX object CMakeFiles/ydlidar_ros2_driver_node.dir/src/ydlidar_ros2_driver_node.cpp.o\x1b[0m\n'}
[4.421783] (ydlidar_ros2_driver) StdoutLine: {'line': b'[ 50%] \x1b[32mBuilding CXX object CMakeFiles/ydlidar_ros2_driver_client.dir/src/ydlidar_ros2_driver_client.cpp.o\x1b[0m\n'}
[4.485189] (-) TimerEvent: {}
[4.561812] (telemetry_data) StdoutLine: {'line': b"-- Added test 'lint_cmake' to check CMake code style\n"}
[4.577457] (telemetry_data) StdoutLine: {'line': b"-- Added test 'xmllint' to check XML markup files\n"}
[4.577771] (telemetry_data) StdoutLine: {'line': b'-- Configuring done\n'}
[4.585316] (-) TimerEvent: {}
[4.596510] (telemetry_data) StdoutLine: {'line': b'-- Generating done\n'}
[4.599767] (telemetry_data) StdoutLine: {'line': b'-- Build files have been written to: /ros2_ws/build/telemetry_data\n'}
[4.609910] (telemetry_data) CommandEnded: {'returncode': 0}
[4.615708] (telemetry_data) JobProgress: {'identifier': 'telemetry_data', 'progress': 'build'}
[4.617946] (telemetry_data) Command: {'cmd': ['/usr/bin/cmake', '--build', '/ros2_ws/build/telemetry_data', '--', '-j4', '-l4'], 'cwd': '/ros2_ws/build/telemetry_data', 'env': OrderedDict([('HOSTNAME', 'yahav'), ('SHLVL', '1'), ('LD_LIBRARY_PATH', '/opt/ros/humble/opt/rviz_ogre_vendor/lib:/opt/ros/humble/lib/aarch64-linux-gnu:/opt/ros/humble/lib'), ('HOME', '/root'), ('PYTHONUNBUFFERED', '1'), ('ROS_PYTHON_VERSION', '3'), ('COLCON_PREFIX_PATH', '/ros2_ws/install'), ('ROS_DISTRO', 'humble'), ('_', '/usr/bin/colcon'), ('ROS_VERSION', '2'), ('TERM', 'xterm'), ('ROS_LOCALHOST_ONLY', '0'), ('PATH', '/opt/ros/humble/bin:/usr/local/sbin:/usr/local/bin:/usr/sbin:/usr/bin:/sbin:/bin'), ('DISPLAY', ''), ('LANG', 'C.UTF-8'), ('LS_COLORS', 'rs=0:di=01;34:ln=01;36:mh=00:pi=40;33:so=01;35:do=01;35:bd=40;33;01:cd=40;33;01:or=40;31;01:mi=00:su=37;41:sg=30;43:ca=30;41:tw=30;42:ow=34;42:st=37;44:ex=01;32:*.tar=01;31:*.tgz=01;31:*.arc=01;31:*.arj=01;31:*.taz=01;31:*.lha=01;31:*.lz4=01;31:*.lzh=01;31:*.lzma=01;31:*.tlz=01;31:*.txz=01;31:*.tzo=01;31:*.t7z=01;31:*.zip=01;31:*.z=01;31:*.dz=01;31:*.gz=01;31:*.lrz=01;31:*.lz=01;31:*.lzo=01;31:*.xz=01;31:*.zst=01;31:*.tzst=01;31:*.bz2=01;31:*.bz=01;31:*.tbz=01;31:*.tbz2=01;31:*.tz=01;31:*.deb=01;31:*.rpm=01;31:*.jar=01;31:*.war=01;31:*.ear=01;31:*.sar=01;31:*.rar=01;31:*.alz=01;31:*.ace=01;31:*.zoo=01;31:*.cpio=01;31:*.7z=01;31:*.rz=01;31:*.cab=01;31:*.wim=01;31:*.swm=01;31:*.dwm=01;31:*.esd=01;31:*.jpg=01;35:*.jpeg=01;35:*.mjpg=01;35:*.mjpeg=01;35:*.gif=01;35:*.bmp=01;35:*.pbm=01;35:*.pgm=01;35:*.ppm=01;35:*.tga=01;35:*.xbm=01;35:*.xpm=01;35:*.tif=01;35:*.tiff=01;35:*.png=01;35:*.svg=01;35:*.svgz=01;35:*.mng=01;35:*.pcx=01;35:*.mov=01;35:*.mpg=01;35:*.mpeg=01;35:*.m2v=01;35:*.mkv=01;35:*.webm=01;35:*.webp=01;35:*.ogm=01;35:*.mp4=01;35:*.m4v=01;35:*.mp4v=01;35:*.vob=01;35:*.qt=01;35:*.nuv=01;35:*.wmv=01;35:*.asf=01;35:*.rm=01;35:*.rmvb=01;35:*.flc=01;35:*.avi=01;35:*.fli=01;35:*.flv=01;35:*.gl=01;35:*.dl=01;35:*.xcf=01;35:*.xwd=01;35:*.yuv=01;35:*.cgm=01;35:*.emf=01;35:*.ogv=01;35:*.ogx=01;35:*.aac=00;36:*.au=00;36:*.flac=00;36:*.m4a=00;36:*.mid=00;36:*.midi=00;36:*.mka=00;36:*.mp3=00;36:*.mpc=00;36:*.ogg=00;36:*.ra=00;36:*.wav=00;36:*.oga=00;36:*.opus=00;36:*.spx=00;36:*.xspf=00;36:'), ('ROS_DOMAIN_ID', '0'), ('AMENT_PREFIX_PATH', '/ros2_ws/install/robot_description:/ros2_ws/install/hardware:/opt/ros/humble'), ('PWD', '/ros2_ws/build/telemetry_data'), ('LC_ALL', 'C.UTF-8'), ('PYTHONPATH', '/opt/ros/humble/lib/python3.10/site-packages:/opt/ros/humble/local/lib/python3.10/dist-packages'), ('COLCON', '1'), ('CMAKE_PREFIX_PATH', '/ros2_ws/install/robot_description:/ros2_ws/install/hardware:/opt/ros/humble')]), 'shell': False}
[4.692678] (-) TimerEvent: {}
[4.728725] (telemetry_data) CommandEnded: {'returncode': 0}
[4.729658] (telemetry_data) JobProgress: {'identifier': 'telemetry_data', 'progress': 'install'}
[4.729983] (telemetry_data) Command: {'cmd': ['/usr/bin/cmake', '--install', '/ros2_ws/build/telemetry_data'], 'cwd': '/ros2_ws/build/telemetry_data', 'env': OrderedDict([('HOSTNAME', 'yahav'), ('SHLVL', '1'), ('LD_LIBRARY_PATH', '/opt/ros/humble/opt/rviz_ogre_vendor/lib:/opt/ros/humble/lib/aarch64-linux-gnu:/opt/ros/humble/lib'), ('HOME', '/root'), ('PYTHONUNBUFFERED', '1'), ('ROS_PYTHON_VERSION', '3'), ('COLCON_PREFIX_PATH', '/ros2_ws/install'), ('ROS_DISTRO', 'humble'), ('_', '/usr/bin/colcon'), ('ROS_VERSION', '2'), ('TERM', 'xterm'), ('ROS_LOCALHOST_ONLY', '0'), ('PATH', '/opt/ros/humble/bin:/usr/local/sbin:/usr/local/bin:/usr/sbin:/usr/bin:/sbin:/bin'), ('DISPLAY', ''), ('LANG', 'C.UTF-8'), ('LS_COLORS', 'rs=0:di=01;34:ln=01;36:mh=00:pi=40;33:so=01;35:do=01;35:bd=40;33;01:cd=40;33;01:or=40;31;01:mi=00:su=37;41:sg=30;43:ca=30;41:tw=30;42:ow=34;42:st=37;44:ex=01;32:*.tar=01;31:*.tgz=01;31:*.arc=01;31:*.arj=01;31:*.taz=01;31:*.lha=01;31:*.lz4=01;31:*.lzh=01;31:*.lzma=01;31:*.tlz=01;31:*.txz=01;31:*.tzo=01;31:*.t7z=01;31:*.zip=01;31:*.z=01;31:*.dz=01;31:*.gz=01;31:*.lrz=01;31:*.lz=01;31:*.lzo=01;31:*.xz=01;31:*.zst=01;31:*.tzst=01;31:*.bz2=01;31:*.bz=01;31:*.tbz=01;31:*.tbz2=01;31:*.tz=01;31:*.deb=01;31:*.rpm=01;31:*.jar=01;31:*.war=01;31:*.ear=01;31:*.sar=01;31:*.rar=01;31:*.alz=01;31:*.ace=01;31:*.zoo=01;31:*.cpio=01;31:*.7z=01;31:*.rz=01;31:*.cab=01;31:*.wim=01;31:*.swm=01;31:*.dwm=01;31:*.esd=01;31:*.jpg=01;35:*.jpeg=01;35:*.mjpg=01;35:*.mjpeg=01;35:*.gif=01;35:*.bmp=01;35:*.pbm=01;35:*.pgm=01;35:*.ppm=01;35:*.tga=01;35:*.xbm=01;35:*.xpm=01;35:*.tif=01;35:*.tiff=01;35:*.png=01;35:*.svg=01;35:*.svgz=01;35:*.mng=01;35:*.pcx=01;35:*.mov=01;35:*.mpg=01;35:*.mpeg=01;35:*.m2v=01;35:*.mkv=01;35:*.webm=01;35:*.webp=01;35:*.ogm=01;35:*.mp4=01;35:*.m4v=01;35:*.mp4v=01;35:*.vob=01;35:*.qt=01;35:*.nuv=01;35:*.wmv=01;35:*.asf=01;35:*.rm=01;35:*.rmvb=01;35:*.flc=01;35:*.avi=01;35:*.fli=01;35:*.flv=01;35:*.gl=01;35:*.dl=01;35:*.xcf=01;35:*.xwd=01;35:*.yuv=01;35:*.cgm=01;35:*.emf=01;35:*.ogv=01;35:*.ogx=01;35:*.aac=00;36:*.au=00;36:*.flac=00;36:*.m4a=00;36:*.mid=00;36:*.midi=00;36:*.mka=00;36:*.mp3=00;36:*.mpc=00;36:*.ogg=00;36:*.ra=00;36:*.wav=00;36:*.oga=00;36:*.opus=00;36:*.spx=00;36:*.xspf=00;36:'), ('ROS_DOMAIN_ID', '0'), ('AMENT_PREFIX_PATH', '/ros2_ws/install/robot_description:/ros2_ws/install/hardware:/opt/ros/humble'), ('PWD', '/ros2_ws/build/telemetry_data'), ('LC_ALL', 'C.UTF-8'), ('PYTHONPATH', '/opt/ros/humble/lib/python3.10/site-packages:/opt/ros/humble/local/lib/python3.10/dist-packages'), ('COLCON', '1'), ('CMAKE_PREFIX_PATH', '/ros2_ws/install/robot_description:/ros2_ws/install/hardware:/opt/ros/humble')]), 'shell': False}
[4.740217] (telemetry_data) StdoutLine: {'line': b'-- Install configuration: ""\n'}
[4.741184] (telemetry_data) StdoutLine: {'line': b'-- Execute custom install script\n'}
[4.742364] (telemetry_data) StdoutLine: {'line': b'-- Symlinking: /ros2_ws/install/telemetry_data/share/ament_index/resource_index/package_run_dependencies/telemetry_data\n'}
[4.761214] (telemetry_data) StdoutLine: {'line': b'-- Symlinking: /ros2_ws/install/telemetry_data/share/ament_index/resource_index/parent_prefix_path/telemetry_data\n'}
[4.793217] (telemetry_data) StdoutLine: {'line': b'-- Symlinking: /ros2_ws/install/telemetry_data/share/telemetry_data/environment/ament_prefix_path.sh\n'}
[4.794157] (-) TimerEvent: {}
[4.810304] (telemetry_data) StdoutLine: {'line': b'-- Symlinking: /ros2_ws/install/telemetry_data/share/telemetry_data/environment/ament_prefix_path.dsv\n'}
[4.815771] (telemetry_data) StdoutLine: {'line': b'-- Symlinking: /ros2_ws/install/telemetry_data/share/telemetry_data/environment/path.sh\n'}
[4.832879] (telemetry_data) StdoutLine: {'line': b'-- Symlinking: /ros2_ws/install/telemetry_data/share/telemetry_data/environment/path.dsv\n'}
[4.852155] (telemetry_data) StdoutLine: {'line': b'-- Symlinking: /ros2_ws/install/telemetry_data/share/telemetry_data/local_setup.bash\n'}
[4.864889] (telemetry_data) StdoutLine: {'line': b'-- Symlinking: /ros2_ws/install/telemetry_data/share/telemetry_data/local_setup.sh\n'}
[4.894502] (-) TimerEvent: {}
[4.899198] (telemetry_data) StdoutLine: {'line': b'-- Symlinking: /ros2_ws/install/telemetry_data/share/telemetry_data/local_setup.zsh\n'}
[4.914840] (telemetry_data) StdoutLine: {'line': b'-- Symlinking: /ros2_ws/install/telemetry_data/share/telemetry_data/local_setup.dsv\n'}
[4.934130] (telemetry_data) StdoutLine: {'line': b'-- Symlinking: /ros2_ws/install/telemetry_data/share/telemetry_data/package.dsv\n'}
[4.960823] (telemetry_data) StdoutLine: {'line': b'-- Symlinking: /ros2_ws/install/telemetry_data/share/ament_index/resource_index/packages/telemetry_data\n'}
[4.994955] (-) TimerEvent: {}
[5.008690] (telemetry_data) StdoutLine: {'line': b'-- Symlinking: /ros2_ws/install/telemetry_data/share/telemetry_data/cmake/telemetry_dataConfig.cmake\n'}
[5.047253] (telemetry_data) StdoutLine: {'line': b'-- Symlinking: /ros2_ws/install/telemetry_data/share/telemetry_data/cmake/telemetry_dataConfig-version.cmake\n'}
[5.069947] (telemetry_data) StdoutLine: {'line': b'-- Symlinking: /ros2_ws/install/telemetry_data/share/telemetry_data/package.xml\n'}
[5.095087] (-) TimerEvent: {}
[5.111176] (telemetry_data) CommandEnded: {'returncode': 0}
[5.197291] (-) TimerEvent: {}
[5.232849] (telemetry_data) JobEnded: {'identifier': 'telemetry_data', 'rc': 0}
[5.297415] (-) TimerEvent: {}
[5.399073] (-) TimerEvent: {}
[5.499477] (-) TimerEvent: {}
[5.599925] (-) TimerEvent: {}
[5.700289] (-) TimerEvent: {}
[5.805026] (-) TimerEvent: {}
[5.907881] (-) TimerEvent: {}
[6.009924] (-) TimerEvent: {}
[6.112203] (-) TimerEvent: {}
[6.212676] (-) TimerEvent: {}
[6.313153] (-) TimerEvent: {}
[6.413982] (-) TimerEvent: {}
[6.515964] (-) TimerEvent: {}
[6.616593] (-) TimerEvent: {}
[6.721480] (-) TimerEvent: {}
[6.822050] (-) TimerEvent: {}
[6.922716] (-) TimerEvent: {}
[7.023212] (-) TimerEvent: {}
[7.123739] (-) TimerEvent: {}
[7.224396] (-) TimerEvent: {}
[7.326534] (-) TimerEvent: {}
[7.427116] (-) TimerEvent: {}
[7.528196] (-) TimerEvent: {}
[7.629935] (-) TimerEvent: {}
[7.736438] (-) TimerEvent: {}
[7.848761] (-) TimerEvent: {}
[7.960676] (-) TimerEvent: {}
[8.066421] (-) TimerEvent: {}
[8.169138] (-) TimerEvent: {}
[8.270992] (-) TimerEvent: {}
[8.374376] (-) TimerEvent: {}
[8.480933] (-) TimerEvent: {}
[8.581655] (-) TimerEvent: {}
[8.692763] (-) TimerEvent: {}
[8.794217] (-) TimerEvent: {}
[8.907321] (-) TimerEvent: {}
[9.010759] (-) TimerEvent: {}
[9.112304] (-) TimerEvent: {}
[9.223200] (-) TimerEvent: {}
[9.326055] (-) TimerEvent: {}
[9.426621] (-) TimerEvent: {}
[9.527344] (-) TimerEvent: {}
[9.628351] (-) TimerEvent: {}
[9.729104] (-) TimerEvent: {}
[9.831016] (-) TimerEvent: {}
[9.937629] (-) TimerEvent: {}
[10.041686] (-) TimerEvent: {}
[10.143266] (-) TimerEvent: {}
[10.247786] (-) TimerEvent: {}
[10.353642] (-) TimerEvent: {}
[10.454632] (-) TimerEvent: {}
[10.555429] (-) TimerEvent: {}
[10.656217] (-) TimerEvent: {}
[10.757406] (-) TimerEvent: {}
[10.858462] (-) TimerEvent: {}
[10.959392] (-) TimerEvent: {}
[11.060050] (-) TimerEvent: {}
[11.162293] (-) TimerEvent: {}
[11.263280] (-) TimerEvent: {}
[11.364101] (-) TimerEvent: {}
[11.467129] (-) TimerEvent: {}
[11.568266] (-) TimerEvent: {}
[11.669439] (-) TimerEvent: {}
[11.771109] (-) TimerEvent: {}
[11.877031] (-) TimerEvent: {}
[11.978315] (-) TimerEvent: {}
[12.080130] (-) TimerEvent: {}
[12.192281] (-) TimerEvent: {}
[12.293470] (-) TimerEvent: {}
[12.394025] (-) TimerEvent: {}
[12.497602] (-) TimerEvent: {}
[12.583016] (ydlidar_ros2_driver) StderrLine: {'line': b'\x1b[01m\x1b[K/ros2_ws/src/ydlidar_ros2_driver/src/ydlidar_ros2_driver_node.cpp:\x1b[m\x1b[K In lambda function:\n'}
[12.583344] (ydlidar_ros2_driver) StderrLine: {'line': b'\x1b[01m\x1b[K/ros2_ws/src/ydlidar_ros2_driver/src/ydlidar_ros2_driver_node.cpp:191:54:\x1b[m\x1b[K \x1b[01;35m\x1b[Kwarning: \x1b[m\x1b[Kunused parameter \xe2\x80\x98\x1b[01m\x1b[Krequest_header\x1b[m\x1b[K\xe2\x80\x99 [\x1b[01;35m\x1b[K-Wunused-parameter\x1b[m\x1b[K]\n'}
[12.583434] (ydlidar_ros2_driver) StderrLine: {'line': b'  191 |     [&laser](\x1b[01;35m\x1b[Kconst std::shared_ptr<rmw_request_id_t> request_header\x1b[m\x1b[K,\n'}
[12.583505] (ydlidar_ros2_driver) StderrLine: {'line': b'      |              \x1b[01;35m\x1b[K~~~~~~~~~~~~~~~~~~~~~~~~~~~~~~~~~~~~~~~~^~~~~~~~~~~~~~\x1b[m\x1b[K\n'}
[12.583574] (ydlidar_ros2_driver) StderrLine: {'line': b'\x1b[01m\x1b[K/ros2_ws/src/ydlidar_ros2_driver/src/ydlidar_ros2_driver_node.cpp:192:56:\x1b[m\x1b[K \x1b[01;35m\x1b[Kwarning: \x1b[m\x1b[Kunused parameter \xe2\x80\x98\x1b[01m\x1b[Kreq\x1b[m\x1b[K\xe2\x80\x99 [\x1b[01;35m\x1b[K-Wunused-parameter\x1b[m\x1b[K]\n'}
[12.583641] (ydlidar_ros2_driver) StderrLine: {'line': b'  192 |   \x1b[01;35m\x1b[Kconst std::shared_ptr<std_srvs::srv::Empty::Request> req\x1b[m\x1b[K,\n'}
[12.583702] (ydlidar_ros2_driver) StderrLine: {'line': b'      |   \x1b[01;35m\x1b[K~~~~~~~~~~~~~~~~~~~~~~~~~~~~~~~~~~~~~~~~~~~~~~~~~~~~~^~~\x1b[m\x1b[K\n'}
[12.583769] (ydlidar_ros2_driver) StderrLine: {'line': b'\x1b[01m\x1b[K/ros2_ws/src/ydlidar_ros2_driver/src/ydlidar_ros2_driver_node.cpp:193:51:\x1b[m\x1b[K \x1b[01;35m\x1b[Kwarning: \x1b[m\x1b[Kunused parameter \xe2\x80\x98\x1b[01m\x1b[Kresponse\x1b[m\x1b[K\xe2\x80\x99 [\x1b[01;35m\x1b[K-Wunused-parameter\x1b[m\x1b[K]\n'}
[12.583830] (ydlidar_ros2_driver) StderrLine: {'line': b'  193 |   \x1b[01;35m\x1b[Kstd::shared_ptr<std_srvs::srv::Empty::Response> response\x1b[m\x1b[K) -> bool\n'}
[12.583891] (ydlidar_ros2_driver) StderrLine: {'line': b'      |   \x1b[01;35m\x1b[K~~~~~~~~~~~~~~~~~~~~~~~~~~~~~~~~~~~~~~~~~~~~~~~~^~~~~~~~\x1b[m\x1b[K\n'}
[12.602013] (-) TimerEvent: {}
[12.630776] (ydlidar_ros2_driver) StderrLine: {'line': b'\x1b[01m\x1b[K/ros2_ws/src/ydlidar_ros2_driver/src/ydlidar_ros2_driver_node.cpp:\x1b[m\x1b[K In lambda function:\n'}
[12.631244] (ydlidar_ros2_driver) StderrLine: {'line': b'\x1b[01m\x1b[K/ros2_ws/src/ydlidar_ros2_driver/src/ydlidar_ros2_driver_node.cpp:201:54:\x1b[m\x1b[K \x1b[01;35m\x1b[Kwarning: \x1b[m\x1b[Kunused parameter \xe2\x80\x98\x1b[01m\x1b[Krequest_header\x1b[m\x1b[K\xe2\x80\x99 [\x1b[01;35m\x1b[K-Wunused-parameter\x1b[m\x1b[K]\n'}
[12.631367] (ydlidar_ros2_driver) StderrLine: {'line': b'  201 |     [&laser](\x1b[01;35m\x1b[Kconst std::shared_ptr<rmw_request_id_t> request_header\x1b[m\x1b[K,\n'}
[12.631445] (ydlidar_ros2_driver) StderrLine: {'line': b'      |              \x1b[01;35m\x1b[K~~~~~~~~~~~~~~~~~~~~~~~~~~~~~~~~~~~~~~~~^~~~~~~~~~~~~~\x1b[m\x1b[K\n'}
[12.632834] (ydlidar_ros2_driver) StderrLine: {'line': b'\x1b[01m\x1b[K/ros2_ws/src/ydlidar_ros2_driver/src/ydlidar_ros2_driver_node.cpp:202:56:\x1b[m\x1b[K \x1b[01;35m\x1b[Kwarning: \x1b[m\x1b[Kunused parameter \xe2\x80\x98\x1b[01m\x1b[Kreq\x1b[m\x1b[K\xe2\x80\x99 [\x1b[01;35m\x1b[K-Wunused-parameter\x1b[m\x1b[K]\n'}
[12.633879] (ydlidar_ros2_driver) StderrLine: {'line': b'  202 |   \x1b[01;35m\x1b[Kconst std::shared_ptr<std_srvs::srv::Empty::Request> req\x1b[m\x1b[K,\n'}
[12.634015] (ydlidar_ros2_driver) StderrLine: {'line': b'      |   \x1b[01;35m\x1b[K~~~~~~~~~~~~~~~~~~~~~~~~~~~~~~~~~~~~~~~~~~~~~~~~~~~~~^~~\x1b[m\x1b[K\n'}
[12.634118] (ydlidar_ros2_driver) StderrLine: {'line': b'\x1b[01m\x1b[K/ros2_ws/src/ydlidar_ros2_driver/src/ydlidar_ros2_driver_node.cpp:203:51:\x1b[m\x1b[K \x1b[01;35m\x1b[Kwarning: \x1b[m\x1b[Kunused parameter \xe2\x80\x98\x1b[01m\x1b[Kresponse\x1b[m\x1b[K\xe2\x80\x99 [\x1b[01;35m\x1b[K-Wunused-parameter\x1b[m\x1b[K]\n'}
[12.634198] (ydlidar_ros2_driver) StderrLine: {'line': b'  203 |   \x1b[01;35m\x1b[Kstd::shared_ptr<std_srvs::srv::Empty::Response> response\x1b[m\x1b[K) -> bool\n'}
[12.634268] (ydlidar_ros2_driver) StderrLine: {'line': b'      |   \x1b[01;35m\x1b[K~~~~~~~~~~~~~~~~~~~~~~~~~~~~~~~~~~~~~~~~~~~~~~~~^~~~~~~~\x1b[m\x1b[K\n'}
[12.704768] (-) TimerEvent: {}
[12.822516] (-) TimerEvent: {}
[12.923956] (-) TimerEvent: {}
[13.024669] (-) TimerEvent: {}
[13.125343] (-) TimerEvent: {}
[13.232377] (-) TimerEvent: {}
[13.333320] (-) TimerEvent: {}
[13.435266] (-) TimerEvent: {}
[13.541750] (-) TimerEvent: {}
[13.643167] (-) TimerEvent: {}
[13.744365] (-) TimerEvent: {}
[13.850978] (-) TimerEvent: {}
[13.951775] (-) TimerEvent: {}
[14.058979] (-) TimerEvent: {}
[14.164026] (-) TimerEvent: {}
[14.264899] (-) TimerEvent: {}
[14.365876] (-) TimerEvent: {}
[14.468987] (-) TimerEvent: {}
[14.570075] (-) TimerEvent: {}
[14.672979] (-) TimerEvent: {}
[14.773502] (-) TimerEvent: {}
[14.876438] (-) TimerEvent: {}
[14.976984] (-) TimerEvent: {}
[15.079338] (-) TimerEvent: {}
[15.183462] (-) TimerEvent: {}
[15.291834] (-) TimerEvent: {}
[15.393426] (-) TimerEvent: {}
[15.494759] (-) TimerEvent: {}
[15.595895] (-) TimerEvent: {}
[15.696481] (-) TimerEvent: {}
[15.801879] (-) TimerEvent: {}
[15.903499] (-) TimerEvent: {}
[16.004074] (-) TimerEvent: {}
[16.106049] (-) TimerEvent: {}
[16.206655] (-) TimerEvent: {}
[16.320533] (-) TimerEvent: {}
[16.424134] (-) TimerEvent: {}
[16.525488] (-) TimerEvent: {}
[16.633747] (-) TimerEvent: {}
[16.750268] (-) TimerEvent: {}
[16.855992] (-) TimerEvent: {}
[16.962198] (-) TimerEvent: {}
[17.065277] (-) TimerEvent: {}
[17.167122] (-) TimerEvent: {}
[17.270019] (-) TimerEvent: {}
[17.335553] (hardware) StdoutLine: {'line': b'[ 75%] \x1b[32m\x1b[1mLinking CXX shared library libmotor_driver.so\x1b[0m\n'}
[17.370149] (-) TimerEvent: {}
[17.471304] (-) TimerEvent: {}
[17.572632] (-) TimerEvent: {}
[17.673213] (-) TimerEvent: {}
[17.780230] (-) TimerEvent: {}
[17.881404] (-) TimerEvent: {}
[18.017689] (-) TimerEvent: {}
[18.125024] (-) TimerEvent: {}
[18.234576] (-) TimerEvent: {}
[18.271121] (hardware) StdoutLine: {'line': b'[ 75%] Built target motor_driver\n'}
[18.336519] (-) TimerEvent: {}
[18.437557] (-) TimerEvent: {}
[18.539913] (-) TimerEvent: {}
[18.643824] (-) TimerEvent: {}
[18.755746] (-) TimerEvent: {}
[18.857543] (-) TimerEvent: {}
[18.965501] (-) TimerEvent: {}
[19.067198] (-) TimerEvent: {}
[19.167855] (-) TimerEvent: {}
[19.268458] (-) TimerEvent: {}
[19.369142] (-) TimerEvent: {}
[19.473974] (-) TimerEvent: {}
[19.577002] (-) TimerEvent: {}
[19.678440] (-) TimerEvent: {}
[19.778950] (-) TimerEvent: {}
[19.880173] (-) TimerEvent: {}
[19.980760] (-) TimerEvent: {}
[20.086710] (-) TimerEvent: {}
[20.187129] (-) TimerEvent: {}
[20.287560] (-) TimerEvent: {}
[20.388593] (-) TimerEvent: {}
[20.493082] (-) TimerEvent: {}
[20.597780] (-) TimerEvent: {}
[20.698509] (-) TimerEvent: {}
[20.799273] (-) TimerEvent: {}
[20.900620] (-) TimerEvent: {}
[21.003319] (-) TimerEvent: {}
[21.108506] (-) TimerEvent: {}
[21.210199] (-) TimerEvent: {}
[21.313276] (-) TimerEvent: {}
[21.417888] (-) TimerEvent: {}
[21.520020] (-) TimerEvent: {}
[21.621910] (-) TimerEvent: {}
[21.730414] (-) TimerEvent: {}
[21.846001] (-) TimerEvent: {}
[21.950778] (-) TimerEvent: {}
[21.973676] (ydlidar_ros2_driver) StdoutLine: {'line': b'[ 75%] \x1b[32m\x1b[1mLinking CXX executable ydlidar_ros2_driver_node\x1b[0m\n'}
[22.052936] (-) TimerEvent: {}
[22.157614] (-) TimerEvent: {}
[22.261855] (-) TimerEvent: {}
[22.362509] (-) TimerEvent: {}
[22.464205] (-) TimerEvent: {}
[22.567341] (-) TimerEvent: {}
[22.672644] (-) TimerEvent: {}
[22.786291] (-) TimerEvent: {}
[22.886702] (-) TimerEvent: {}
[22.987402] (-) TimerEvent: {}
[23.089326] (-) TimerEvent: {}
[23.190214] (-) TimerEvent: {}
[23.293587] (-) TimerEvent: {}
[23.314332] (ydlidar_ros2_driver) StdoutLine: {'line': b'[ 75%] Built target ydlidar_ros2_driver_node\n'}
[23.395591] (-) TimerEvent: {}
[23.496216] (-) TimerEvent: {}
[23.596797] (-) TimerEvent: {}
[23.697661] (-) TimerEvent: {}
[23.798230] (-) TimerEvent: {}
[23.899385] (-) TimerEvent: {}
[24.001445] (-) TimerEvent: {}
[24.102827] (-) TimerEvent: {}
[24.203563] (-) TimerEvent: {}
[24.304568] (-) TimerEvent: {}
[24.406255] (-) TimerEvent: {}
[24.514013] (-) TimerEvent: {}
[24.614612] (-) TimerEvent: {}
[24.715704] (-) TimerEvent: {}
[24.816485] (-) TimerEvent: {}
[24.917498] (-) TimerEvent: {}
[25.018112] (-) TimerEvent: {}
[25.122017] (-) TimerEvent: {}
[25.223395] (-) TimerEvent: {}
[25.325618] (-) TimerEvent: {}
[25.427621] (-) TimerEvent: {}
[25.529462] (-) TimerEvent: {}
[25.632204] (-) TimerEvent: {}
[25.733892] (-) TimerEvent: {}
[25.838768] (-) TimerEvent: {}
[25.942604] (-) TimerEvent: {}
[26.046624] (-) TimerEvent: {}
[26.148846] (-) TimerEvent: {}
[26.249311] (-) TimerEvent: {}
[26.350599] (-) TimerEvent: {}
[26.453969] (-) TimerEvent: {}
[26.554915] (-) TimerEvent: {}
[26.655894] (-) TimerEvent: {}
[26.757301] (-) TimerEvent: {}
[26.859728] (-) TimerEvent: {}
[26.960939] (-) TimerEvent: {}
[27.071559] (-) TimerEvent: {}
[27.179884] (-) TimerEvent: {}
[27.280779] (-) TimerEvent: {}
[27.381936] (-) TimerEvent: {}
[27.483378] (-) TimerEvent: {}
[27.584750] (-) TimerEvent: {}
[27.686436] (-) TimerEvent: {}
[27.788236] (-) TimerEvent: {}
[27.893901] (-) TimerEvent: {}
[27.995052] (-) TimerEvent: {}
[28.096606] (-) TimerEvent: {}
[28.199818] (-) TimerEvent: {}
[28.210843] (ydlidar_ros2_driver) StdoutLine: {'line': b'[100%] \x1b[32m\x1b[1mLinking CXX executable ydlidar_ros2_driver_client\x1b[0m\n'}
[28.299991] (-) TimerEvent: {}
[28.400575] (-) TimerEvent: {}
[28.501036] (-) TimerEvent: {}
[28.583467] (hardware) StdoutLine: {'line': b'[100%] \x1b[32m\x1b[1mLinking CXX executable twist_to_ackermann\x1b[0m\n'}
[28.601162] (-) TimerEvent: {}
[28.702048] (-) TimerEvent: {}
[28.805637] (-) TimerEvent: {}
[28.906474] (-) TimerEvent: {}
[29.011687] (-) TimerEvent: {}
[29.112135] (-) TimerEvent: {}
[29.212594] (-) TimerEvent: {}
[29.313643] (-) TimerEvent: {}
[29.414784] (-) TimerEvent: {}
[29.456927] (ydlidar_ros2_driver) StdoutLine: {'line': b'[100%] Built target ydlidar_ros2_driver_client\n'}
[29.472060] (ydlidar_ros2_driver) CommandEnded: {'returncode': 0}
[29.479263] (ydlidar_ros2_driver) JobProgress: {'identifier': 'ydlidar_ros2_driver', 'progress': 'install'}
[29.479608] (ydlidar_ros2_driver) Command: {'cmd': ['/usr/bin/cmake', '--install', '/ros2_ws/build/ydlidar_ros2_driver'], 'cwd': '/ros2_ws/build/ydlidar_ros2_driver', 'env': OrderedDict([('HOSTNAME', 'yahav'), ('SHLVL', '1'), ('LD_LIBRARY_PATH', '/opt/ros/humble/opt/rviz_ogre_vendor/lib:/opt/ros/humble/lib/aarch64-linux-gnu:/opt/ros/humble/lib'), ('HOME', '/root'), ('PYTHONUNBUFFERED', '1'), ('ROS_PYTHON_VERSION', '3'), ('COLCON_PREFIX_PATH', '/ros2_ws/install'), ('ROS_DISTRO', 'humble'), ('_', '/usr/bin/colcon'), ('ROS_VERSION', '2'), ('TERM', 'xterm'), ('ROS_LOCALHOST_ONLY', '0'), ('PATH', '/opt/ros/humble/bin:/usr/local/sbin:/usr/local/bin:/usr/sbin:/usr/bin:/sbin:/bin'), ('DISPLAY', ''), ('LANG', 'C.UTF-8'), ('LS_COLORS', 'rs=0:di=01;34:ln=01;36:mh=00:pi=40;33:so=01;35:do=01;35:bd=40;33;01:cd=40;33;01:or=40;31;01:mi=00:su=37;41:sg=30;43:ca=30;41:tw=30;42:ow=34;42:st=37;44:ex=01;32:*.tar=01;31:*.tgz=01;31:*.arc=01;31:*.arj=01;31:*.taz=01;31:*.lha=01;31:*.lz4=01;31:*.lzh=01;31:*.lzma=01;31:*.tlz=01;31:*.txz=01;31:*.tzo=01;31:*.t7z=01;31:*.zip=01;31:*.z=01;31:*.dz=01;31:*.gz=01;31:*.lrz=01;31:*.lz=01;31:*.lzo=01;31:*.xz=01;31:*.zst=01;31:*.tzst=01;31:*.bz2=01;31:*.bz=01;31:*.tbz=01;31:*.tbz2=01;31:*.tz=01;31:*.deb=01;31:*.rpm=01;31:*.jar=01;31:*.war=01;31:*.ear=01;31:*.sar=01;31:*.rar=01;31:*.alz=01;31:*.ace=01;31:*.zoo=01;31:*.cpio=01;31:*.7z=01;31:*.rz=01;31:*.cab=01;31:*.wim=01;31:*.swm=01;31:*.dwm=01;31:*.esd=01;31:*.jpg=01;35:*.jpeg=01;35:*.mjpg=01;35:*.mjpeg=01;35:*.gif=01;35:*.bmp=01;35:*.pbm=01;35:*.pgm=01;35:*.ppm=01;35:*.tga=01;35:*.xbm=01;35:*.xpm=01;35:*.tif=01;35:*.tiff=01;35:*.png=01;35:*.svg=01;35:*.svgz=01;35:*.mng=01;35:*.pcx=01;35:*.mov=01;35:*.mpg=01;35:*.mpeg=01;35:*.m2v=01;35:*.mkv=01;35:*.webm=01;35:*.webp=01;35:*.ogm=01;35:*.mp4=01;35:*.m4v=01;35:*.mp4v=01;35:*.vob=01;35:*.qt=01;35:*.nuv=01;35:*.wmv=01;35:*.asf=01;35:*.rm=01;35:*.rmvb=01;35:*.flc=01;35:*.avi=01;35:*.fli=01;35:*.flv=01;35:*.gl=01;35:*.dl=01;35:*.xcf=01;35:*.xwd=01;35:*.yuv=01;35:*.cgm=01;35:*.emf=01;35:*.ogv=01;35:*.ogx=01;35:*.aac=00;36:*.au=00;36:*.flac=00;36:*.m4a=00;36:*.mid=00;36:*.midi=00;36:*.mka=00;36:*.mp3=00;36:*.mpc=00;36:*.ogg=00;36:*.ra=00;36:*.wav=00;36:*.oga=00;36:*.opus=00;36:*.spx=00;36:*.xspf=00;36:'), ('ROS_DOMAIN_ID', '0'), ('AMENT_PREFIX_PATH', '/ros2_ws/install/robot_description:/ros2_ws/install/hardware:/opt/ros/humble'), ('PWD', '/ros2_ws/build/ydlidar_ros2_driver'), ('LC_ALL', 'C.UTF-8'), ('PYTHONPATH', '/opt/ros/humble/lib/python3.10/site-packages:/opt/ros/humble/local/lib/python3.10/dist-packages'), ('COLCON', '1'), ('CMAKE_PREFIX_PATH', '/ros2_ws/install/robot_description:/ros2_ws/install/hardware:/opt/ros/humble')]), 'shell': False}
[29.491912] (ydlidar_ros2_driver) StdoutLine: {'line': b'-- Install configuration: ""\n'}
[29.492530] (ydlidar_ros2_driver) StdoutLine: {'line': b'-- Execute custom install script\n'}
[29.492692] (ydlidar_ros2_driver) StdoutLine: {'line': b'-- Symlinking: /ros2_ws/install/ydlidar_ros2_driver/lib/ydlidar_ros2_driver/ydlidar_ros2_driver_node\n'}
[29.510083] (ydlidar_ros2_driver) StdoutLine: {'line': b'-- Symlinking: /ros2_ws/install/ydlidar_ros2_driver/lib/ydlidar_ros2_driver/ydlidar_ros2_driver_client\n'}
[29.514879] (-) TimerEvent: {}
[29.521216] (ydlidar_ros2_driver) StdoutLine: {'line': b'-- Symlinking: /ros2_ws/install/ydlidar_ros2_driver/share/ydlidar_ros2_driver/launch/ydlidar.py\n'}
[29.531945] (ydlidar_ros2_driver) StdoutLine: {'line': b'-- Symlinking: /ros2_ws/install/ydlidar_ros2_driver/share/ydlidar_ros2_driver/launch/ydlidar_launch.py\n'}
[29.554768] (ydlidar_ros2_driver) StdoutLine: {'line': b'-- Symlinking: /ros2_ws/install/ydlidar_ros2_driver/share/ydlidar_ros2_driver/launch/ydlidar_launch_view.py\n'}
[29.575347] (ydlidar_ros2_driver) StdoutLine: {'line': b'-- Symlinking: /ros2_ws/install/ydlidar_ros2_driver/share/ydlidar_ros2_driver/params/G1.yaml\n'}
[29.590361] (ydlidar_ros2_driver) StdoutLine: {'line': b'-- Symlinking: /ros2_ws/install/ydlidar_ros2_driver/share/ydlidar_ros2_driver/params/G2.yaml\n'}
[29.601500] (ydlidar_ros2_driver) StdoutLine: {'line': b'-- Symlinking: /ros2_ws/install/ydlidar_ros2_driver/share/ydlidar_ros2_driver/params/G4.yaml\n'}
[29.615246] (ydlidar_ros2_driver) StdoutLine: {'line': b'-- Symlinking: /ros2_ws/install/ydlidar_ros2_driver/share/ydlidar_ros2_driver/params/G6.yaml\n'}
[29.619023] (-) TimerEvent: {}
[29.627494] (ydlidar_ros2_driver) StdoutLine: {'line': b'-- Symlinking: /ros2_ws/install/ydlidar_ros2_driver/share/ydlidar_ros2_driver/params/GS2.yaml\n'}
[29.636983] (ydlidar_ros2_driver) StdoutLine: {'line': b'-- Symlinking: /ros2_ws/install/ydlidar_ros2_driver/share/ydlidar_ros2_driver/params/GS5.yaml\n'}
[29.652897] (ydlidar_ros2_driver) StdoutLine: {'line': b'-- Symlinking: /ros2_ws/install/ydlidar_ros2_driver/share/ydlidar_ros2_driver/params/TEA.yaml\n'}
[29.661888] (ydlidar_ros2_driver) StdoutLine: {'line': b'-- Symlinking: /ros2_ws/install/ydlidar_ros2_driver/share/ydlidar_ros2_driver/params/TG.yaml\n'}
[29.670733] (ydlidar_ros2_driver) StdoutLine: {'line': b'-- Symlinking: /ros2_ws/install/ydlidar_ros2_driver/share/ydlidar_ros2_driver/params/Tmini-Plus-SH.yaml\n'}
[29.681686] (ydlidar_ros2_driver) StdoutLine: {'line': b'-- Symlinking: /ros2_ws/install/ydlidar_ros2_driver/share/ydlidar_ros2_driver/params/Tmini.yaml\n'}
[29.693381] (ydlidar_ros2_driver) StdoutLine: {'line': b'-- Symlinking: /ros2_ws/install/ydlidar_ros2_driver/share/ydlidar_ros2_driver/params/X2.yaml\n'}
[29.716897] (ydlidar_ros2_driver) StdoutLine: {'line': b'-- Symlinking: /ros2_ws/install/ydlidar_ros2_driver/share/ydlidar_ros2_driver/params/X3.yaml\n'}
[29.719161] (-) TimerEvent: {}
[29.736872] (ydlidar_ros2_driver) StdoutLine: {'line': b'-- Symlinking: /ros2_ws/install/ydlidar_ros2_driver/share/ydlidar_ros2_driver/params/X4-Pro.yaml\n'}
[29.748476] (hardware) StdoutLine: {'line': b'[100%] Built target twist_to_ackermann\n'}
[29.749132] (ydlidar_ros2_driver) StdoutLine: {'line': b'-- Symlinking: /ros2_ws/install/ydlidar_ros2_driver/share/ydlidar_ros2_driver/params/X4.yaml\n'}
[29.763169] (ydlidar_ros2_driver) StdoutLine: {'line': b'-- Symlinking: /ros2_ws/install/ydlidar_ros2_driver/share/ydlidar_ros2_driver/params/sdm15.yaml\n'}
[29.783000] (hardware) CommandEnded: {'returncode': 0}
[29.784683] (hardware) JobProgress: {'identifier': 'hardware', 'progress': 'install'}
[29.788658] (hardware) Command: {'cmd': ['/usr/bin/cmake', '--install', '/ros2_ws/build/hardware'], 'cwd': '/ros2_ws/build/hardware', 'env': OrderedDict([('HOSTNAME', 'yahav'), ('SHLVL', '1'), ('LD_LIBRARY_PATH', '/opt/ros/humble/opt/rviz_ogre_vendor/lib:/opt/ros/humble/lib/aarch64-linux-gnu:/opt/ros/humble/lib'), ('HOME', '/root'), ('PYTHONUNBUFFERED', '1'), ('ROS_PYTHON_VERSION', '3'), ('COLCON_PREFIX_PATH', '/ros2_ws/install'), ('ROS_DISTRO', 'humble'), ('_', '/usr/bin/colcon'), ('ROS_VERSION', '2'), ('TERM', 'xterm'), ('ROS_LOCALHOST_ONLY', '0'), ('PATH', '/opt/ros/humble/bin:/usr/local/sbin:/usr/local/bin:/usr/sbin:/usr/bin:/sbin:/bin'), ('DISPLAY', ''), ('LANG', 'C.UTF-8'), ('LS_COLORS', 'rs=0:di=01;34:ln=01;36:mh=00:pi=40;33:so=01;35:do=01;35:bd=40;33;01:cd=40;33;01:or=40;31;01:mi=00:su=37;41:sg=30;43:ca=30;41:tw=30;42:ow=34;42:st=37;44:ex=01;32:*.tar=01;31:*.tgz=01;31:*.arc=01;31:*.arj=01;31:*.taz=01;31:*.lha=01;31:*.lz4=01;31:*.lzh=01;31:*.lzma=01;31:*.tlz=01;31:*.txz=01;31:*.tzo=01;31:*.t7z=01;31:*.zip=01;31:*.z=01;31:*.dz=01;31:*.gz=01;31:*.lrz=01;31:*.lz=01;31:*.lzo=01;31:*.xz=01;31:*.zst=01;31:*.tzst=01;31:*.bz2=01;31:*.bz=01;31:*.tbz=01;31:*.tbz2=01;31:*.tz=01;31:*.deb=01;31:*.rpm=01;31:*.jar=01;31:*.war=01;31:*.ear=01;31:*.sar=01;31:*.rar=01;31:*.alz=01;31:*.ace=01;31:*.zoo=01;31:*.cpio=01;31:*.7z=01;31:*.rz=01;31:*.cab=01;31:*.wim=01;31:*.swm=01;31:*.dwm=01;31:*.esd=01;31:*.jpg=01;35:*.jpeg=01;35:*.mjpg=01;35:*.mjpeg=01;35:*.gif=01;35:*.bmp=01;35:*.pbm=01;35:*.pgm=01;35:*.ppm=01;35:*.tga=01;35:*.xbm=01;35:*.xpm=01;35:*.tif=01;35:*.tiff=01;35:*.png=01;35:*.svg=01;35:*.svgz=01;35:*.mng=01;35:*.pcx=01;35:*.mov=01;35:*.mpg=01;35:*.mpeg=01;35:*.m2v=01;35:*.mkv=01;35:*.webm=01;35:*.webp=01;35:*.ogm=01;35:*.mp4=01;35:*.m4v=01;35:*.mp4v=01;35:*.vob=01;35:*.qt=01;35:*.nuv=01;35:*.wmv=01;35:*.asf=01;35:*.rm=01;35:*.rmvb=01;35:*.flc=01;35:*.avi=01;35:*.fli=01;35:*.flv=01;35:*.gl=01;35:*.dl=01;35:*.xcf=01;35:*.xwd=01;35:*.yuv=01;35:*.cgm=01;35:*.emf=01;35:*.ogv=01;35:*.ogx=01;35:*.aac=00;36:*.au=00;36:*.flac=00;36:*.m4a=00;36:*.mid=00;36:*.midi=00;36:*.mka=00;36:*.mp3=00;36:*.mpc=00;36:*.ogg=00;36:*.ra=00;36:*.wav=00;36:*.oga=00;36:*.opus=00;36:*.spx=00;36:*.xspf=00;36:'), ('ROS_DOMAIN_ID', '0'), ('AMENT_PREFIX_PATH', '/ros2_ws/install/robot_description:/ros2_ws/install/hardware:/opt/ros/humble'), ('PWD', '/ros2_ws/build/hardware'), ('LC_ALL', 'C.UTF-8'), ('PYTHONPATH', '/opt/ros/humble/lib/python3.10/site-packages:/opt/ros/humble/local/lib/python3.10/dist-packages'), ('COLCON', '1'), ('CMAKE_PREFIX_PATH', '/ros2_ws/install/robot_description:/ros2_ws/install/hardware:/opt/ros/humble')]), 'shell': False}
[29.791893] (ydlidar_ros2_driver) StdoutLine: {'line': b'-- Symlinking: /ros2_ws/install/ydlidar_ros2_driver/share/ydlidar_ros2_driver/params/ydlidar.yaml\n'}
[29.808654] (hardware) StdoutLine: {'line': b'-- Install configuration: ""\n'}
[29.809033] (hardware) StdoutLine: {'line': b'-- Execute custom install script\n'}
[29.810034] (ydlidar_ros2_driver) StdoutLine: {'line': b'-- Symlinking: /ros2_ws/install/ydlidar_ros2_driver/share/ydlidar_ros2_driver/startup/initenv.sh\n'}
[29.811767] (hardware) StdoutLine: {'line': b'-- Symlinking: /ros2_ws/install/hardware/share/hardware//hardware_interface_plugins.xml\n'}
[29.819468] (-) TimerEvent: {}
[29.829146] (ydlidar_ros2_driver) StdoutLine: {'line': b'-- Symlinking: /ros2_ws/install/ydlidar_ros2_driver/share/ydlidar_ros2_driver/config/ydlidar.rviz\n'}
[29.840020] (hardware) StdoutLine: {'line': b'-- Symlinking: /ros2_ws/install/hardware/lib/libmotor_driver.so\n'}
[29.872532] (hardware) StdoutLine: {'line': b'-- Symlinking: /ros2_ws/install/hardware/lib/hardware/twist_to_ackermann\n'}
[29.877449] (ydlidar_ros2_driver) StdoutLine: {'line': b'-- Symlinking: /ros2_ws/install/ydlidar_ros2_driver/share/ament_index/resource_index/package_run_dependencies/ydlidar_ros2_driver\n'}
[29.919384] (-) TimerEvent: {}
[29.921259] (hardware) StdoutLine: {'line': b'-- Symlinking: /ros2_ws/install/hardware/share/hardware/config/ackermann_steering_controller.yaml\n'}
[29.925018] (ydlidar_ros2_driver) StdoutLine: {'line': b'-- Symlinking: /ros2_ws/install/ydlidar_ros2_driver/share/ament_index/resource_index/parent_prefix_path/ydlidar_ros2_driver\n'}
[29.941665] (hardware) StdoutLine: {'line': b'-- Symlinking: /ros2_ws/install/hardware/share/hardware/config/controller_manager.yaml\n'}
[29.950725] (ydlidar_ros2_driver) StdoutLine: {'line': b'-- Symlinking: /ros2_ws/install/ydlidar_ros2_driver/share/ydlidar_ros2_driver/environment/ament_prefix_path.sh\n'}
[29.965946] (ydlidar_ros2_driver) StdoutLine: {'line': b'-- Symlinking: /ros2_ws/install/ydlidar_ros2_driver/share/ydlidar_ros2_driver/environment/ament_prefix_path.dsv\n'}
[29.973059] (hardware) StdoutLine: {'line': b'-- Symlinking: /ros2_ws/install/hardware/share/hardware/config/joint_state_broadcaster.yaml\n'}
[29.987213] (ydlidar_ros2_driver) StdoutLine: {'line': b'-- Symlinking: /ros2_ws/install/ydlidar_ros2_driver/share/ydlidar_ros2_driver/environment/path.sh\n'}
[29.994668] (hardware) StdoutLine: {'line': b'-- Symlinking: /ros2_ws/install/hardware/share/hardware/launch/launch.py\n'}
[30.003990] (ydlidar_ros2_driver) StdoutLine: {'line': b'-- Symlinking: /ros2_ws/install/ydlidar_ros2_driver/share/ydlidar_ros2_driver/environment/path.dsv\n'}
[30.015971] (hardware) StdoutLine: {'line': b'-- Symlinking: /ros2_ws/install/hardware/share/hardware/ros2_control.xacro\n'}
[30.019501] (-) TimerEvent: {}
[30.022609] (ydlidar_ros2_driver) StdoutLine: {'line': b'-- Symlinking: /ros2_ws/install/ydlidar_ros2_driver/share/ydlidar_ros2_driver/local_setup.bash\n'}
[30.035304] (hardware) StdoutLine: {'line': b'-- Up-to-date symlink: /ros2_ws/install/hardware/share/hardware/hardware_interface_plugins.xml\n'}
[30.035582] (ydlidar_ros2_driver) StdoutLine: {'line': b'-- Symlinking: /ros2_ws/install/ydlidar_ros2_driver/share/ydlidar_ros2_driver/local_setup.sh\n'}
[30.035730] (hardware) StdoutLine: {'line': b'-- Up-to-date symlink: /ros2_ws/install/hardware/share/ament_index/resource_index/package_run_dependencies/hardware\n'}
[30.036687] (hardware) StdoutLine: {'line': b'-- Up-to-date symlink: /ros2_ws/install/hardware/share/ament_index/resource_index/parent_prefix_path/hardware\n'}
[30.036853] (hardware) StdoutLine: {'line': b'-- Up-to-date symlink: /ros2_ws/install/hardware/share/hardware/environment/ament_prefix_path.sh\n'}
[30.038419] (hardware) StdoutLine: {'line': b'-- Up-to-date symlink: /ros2_ws/install/hardware/share/hardware/environment/ament_prefix_path.dsv\n'}
[30.044142] (hardware) StdoutLine: {'line': b'-- Up-to-date symlink: /ros2_ws/install/hardware/share/hardware/environment/path.sh\n'}
[30.044857] (hardware) StdoutLine: {'line': b'-- Up-to-date symlink: /ros2_ws/install/hardware/share/hardware/environment/path.dsv\n'}
[30.044956] (hardware) StdoutLine: {'line': b'-- Up-to-date symlink: /ros2_ws/install/hardware/share/hardware/local_setup.bash\n'}
[30.045025] (hardware) StdoutLine: {'line': b'-- Up-to-date symlink: /ros2_ws/install/hardware/share/hardware/local_setup.sh\n'}
[30.045086] (hardware) StdoutLine: {'line': b'-- Up-to-date symlink: /ros2_ws/install/hardware/share/hardware/local_setup.zsh\n'}
[30.045145] (hardware) StdoutLine: {'line': b'-- Up-to-date symlink: /ros2_ws/install/hardware/share/hardware/local_setup.dsv\n'}
[30.045221] (hardware) StdoutLine: {'line': b'-- Symlinking: /ros2_ws/install/hardware/share/hardware/package.dsv\n'}
[30.049693] (ydlidar_ros2_driver) StdoutLine: {'line': b'-- Symlinking: /ros2_ws/install/ydlidar_ros2_driver/share/ydlidar_ros2_driver/local_setup.zsh\n'}
[30.055909] (hardware) StdoutLine: {'line': b'-- Up-to-date symlink: /ros2_ws/install/hardware/share/ament_index/resource_index/packages/hardware\n'}
[30.057740] (hardware) StdoutLine: {'line': b'-- Symlinking: /ros2_ws/install/hardware/share/ament_index/resource_index/hardware_interface__pluginlib__plugin/hardware\n'}
[30.065669] (ydlidar_ros2_driver) StdoutLine: {'line': b'-- Symlinking: /ros2_ws/install/ydlidar_ros2_driver/share/ydlidar_ros2_driver/local_setup.dsv\n'}
[30.074135] (ydlidar_ros2_driver) StdoutLine: {'line': b'-- Symlinking: /ros2_ws/install/ydlidar_ros2_driver/share/ydlidar_ros2_driver/package.dsv\n'}
[30.074861] (hardware) StdoutLine: {'line': b'-- Up-to-date symlink: /ros2_ws/install/hardware/share/hardware/cmake/hardwareConfig.cmake\n'}
[30.076637] (hardware) StdoutLine: {'line': b'-- Up-to-date symlink: /ros2_ws/install/hardware/share/hardware/cmake/hardwareConfig-version.cmake\n'}
[30.076781] (hardware) StdoutLine: {'line': b'-- Up-to-date symlink: /ros2_ws/install/hardware/share/hardware/package.xml\n'}
[30.079722] (hardware) CommandEnded: {'returncode': 0}
[30.092983] (ydlidar_ros2_driver) StdoutLine: {'line': b'-- Symlinking: /ros2_ws/install/ydlidar_ros2_driver/share/ament_index/resource_index/packages/ydlidar_ros2_driver\n'}
[30.109757] (ydlidar_ros2_driver) StdoutLine: {'line': b'-- Symlinking: /ros2_ws/install/ydlidar_ros2_driver/share/ydlidar_ros2_driver/cmake/ydlidar_ros2_driverConfig.cmake\n'}
[30.119739] (-) TimerEvent: {}
[30.124747] (ydlidar_ros2_driver) StdoutLine: {'line': b'-- Symlinking: /ros2_ws/install/ydlidar_ros2_driver/share/ydlidar_ros2_driver/cmake/ydlidar_ros2_driverConfig-version.cmake\n'}
[30.129343] (hardware) JobEnded: {'identifier': 'hardware', 'rc': 0}
[30.136420] (ydlidar_ros2_driver) StdoutLine: {'line': b'-- Symlinking: /ros2_ws/install/ydlidar_ros2_driver/share/ydlidar_ros2_driver/package.xml\n'}
[30.150540] (ydlidar_ros2_driver) CommandEnded: {'returncode': 0}
[30.170945] (ydlidar_ros2_driver) JobEnded: {'identifier': 'ydlidar_ros2_driver', 'rc': 0}
[30.177589] (localization) JobStarted: {'identifier': 'localization'}
[30.193871] (localization) JobProgress: {'identifier': 'localization', 'progress': 'cmake'}
[30.194031] (localization) Command: {'cmd': ['/usr/bin/cmake', '/ros2_ws/src/localization', '-DAMENT_CMAKE_SYMLINK_INSTALL=1', '-DCMAKE_INSTALL_PREFIX=/ros2_ws/install/localization'], 'cwd': '/ros2_ws/build/localization', 'env': OrderedDict([('HOSTNAME', 'yahav'), ('SHLVL', '1'), ('LD_LIBRARY_PATH', '/opt/ros/humble/opt/rviz_ogre_vendor/lib:/opt/ros/humble/lib/aarch64-linux-gnu:/opt/ros/humble/lib'), ('HOME', '/root'), ('PYTHONUNBUFFERED', '1'), ('ROS_PYTHON_VERSION', '3'), ('COLCON_PREFIX_PATH', '/ros2_ws/install'), ('ROS_DISTRO', 'humble'), ('_', '/usr/bin/colcon'), ('ROS_VERSION', '2'), ('TERM', 'xterm'), ('ROS_LOCALHOST_ONLY', '0'), ('PATH', '/opt/ros/humble/bin:/usr/local/sbin:/usr/local/bin:/usr/sbin:/usr/bin:/sbin:/bin'), ('DISPLAY', ''), ('LANG', 'C.UTF-8'), ('LS_COLORS', 'rs=0:di=01;34:ln=01;36:mh=00:pi=40;33:so=01;35:do=01;35:bd=40;33;01:cd=40;33;01:or=40;31;01:mi=00:su=37;41:sg=30;43:ca=30;41:tw=30;42:ow=34;42:st=37;44:ex=01;32:*.tar=01;31:*.tgz=01;31:*.arc=01;31:*.arj=01;31:*.taz=01;31:*.lha=01;31:*.lz4=01;31:*.lzh=01;31:*.lzma=01;31:*.tlz=01;31:*.txz=01;31:*.tzo=01;31:*.t7z=01;31:*.zip=01;31:*.z=01;31:*.dz=01;31:*.gz=01;31:*.lrz=01;31:*.lz=01;31:*.lzo=01;31:*.xz=01;31:*.zst=01;31:*.tzst=01;31:*.bz2=01;31:*.bz=01;31:*.tbz=01;31:*.tbz2=01;31:*.tz=01;31:*.deb=01;31:*.rpm=01;31:*.jar=01;31:*.war=01;31:*.ear=01;31:*.sar=01;31:*.rar=01;31:*.alz=01;31:*.ace=01;31:*.zoo=01;31:*.cpio=01;31:*.7z=01;31:*.rz=01;31:*.cab=01;31:*.wim=01;31:*.swm=01;31:*.dwm=01;31:*.esd=01;31:*.jpg=01;35:*.jpeg=01;35:*.mjpg=01;35:*.mjpeg=01;35:*.gif=01;35:*.bmp=01;35:*.pbm=01;35:*.pgm=01;35:*.ppm=01;35:*.tga=01;35:*.xbm=01;35:*.xpm=01;35:*.tif=01;35:*.tiff=01;35:*.png=01;35:*.svg=01;35:*.svgz=01;35:*.mng=01;35:*.pcx=01;35:*.mov=01;35:*.mpg=01;35:*.mpeg=01;35:*.m2v=01;35:*.mkv=01;35:*.webm=01;35:*.webp=01;35:*.ogm=01;35:*.mp4=01;35:*.m4v=01;35:*.mp4v=01;35:*.vob=01;35:*.qt=01;35:*.nuv=01;35:*.wmv=01;35:*.asf=01;35:*.rm=01;35:*.rmvb=01;35:*.flc=01;35:*.avi=01;35:*.fli=01;35:*.flv=01;35:*.gl=01;35:*.dl=01;35:*.xcf=01;35:*.xwd=01;35:*.yuv=01;35:*.cgm=01;35:*.emf=01;35:*.ogv=01;35:*.ogx=01;35:*.aac=00;36:*.au=00;36:*.flac=00;36:*.m4a=00;36:*.mid=00;36:*.midi=00;36:*.mka=00;36:*.mp3=00;36:*.mpc=00;36:*.ogg=00;36:*.ra=00;36:*.wav=00;36:*.oga=00;36:*.opus=00;36:*.spx=00;36:*.xspf=00;36:'), ('ROS_DOMAIN_ID', '0'), ('AMENT_PREFIX_PATH', '/ros2_ws/install/ydlidar_ros2_driver:/ros2_ws/install/robot_description:/ros2_ws/install/hardware:/opt/ros/humble'), ('PWD', '/ros2_ws/build/localization'), ('LC_ALL', 'C.UTF-8'), ('PYTHONPATH', '/opt/ros/humble/lib/python3.10/site-packages:/opt/ros/humble/local/lib/python3.10/dist-packages'), ('COLCON', '1'), ('CMAKE_PREFIX_PATH', '/ros2_ws/install/ydlidar_ros2_driver:/ros2_ws/install/robot_description:/ros2_ws/install/hardware:/opt/ros/humble')]), 'shell': False}
[30.220849] (-) TimerEvent: {}
[30.280294] (localization) StdoutLine: {'line': b'-- The C compiler identification is GNU 11.4.0\n'}
[30.323460] (-) TimerEvent: {}
[30.363758] (localization) StdoutLine: {'line': b'-- The CXX compiler identification is GNU 11.4.0\n'}
[30.376234] (localization) StdoutLine: {'line': b'-- Detecting C compiler ABI info\n'}
[30.423706] (-) TimerEvent: {}
[30.462289] (localization) StdoutLine: {'line': b'-- Detecting C compiler ABI info - done\n'}
[30.473843] (localization) StdoutLine: {'line': b'-- Check for working C compiler: /usr/bin/cc - skipped\n'}
[30.474798] (localization) StdoutLine: {'line': b'-- Detecting C compile features\n'}
[30.475486] (localization) StdoutLine: {'line': b'-- Detecting C compile features - done\n'}
[30.480237] (localization) StdoutLine: {'line': b'-- Detecting CXX compiler ABI info\n'}
[30.524356] (-) TimerEvent: {}
[30.585220] (localization) StdoutLine: {'line': b'-- Detecting CXX compiler ABI info - done\n'}
[30.600080] (localization) StdoutLine: {'line': b'-- Check for working CXX compiler: /usr/bin/c++ - skipped\n'}
[30.600915] (localization) StdoutLine: {'line': b'-- Detecting CXX compile features\n'}
[30.602633] (localization) StdoutLine: {'line': b'-- Detecting CXX compile features - done\n'}
[30.617699] (localization) StdoutLine: {'line': b'-- Found ament_cmake: 1.3.14 (/opt/ros/humble/share/ament_cmake/cmake)\n'}
[30.624509] (-) TimerEvent: {}
[30.725039] (-) TimerEvent: {}
[30.822231] (localization) StdoutLine: {'line': b'-- Found Python3: /usr/bin/python3 (found version "3.10.12") found components: Interpreter \n'}
[30.825144] (-) TimerEvent: {}
[30.925796] (-) TimerEvent: {}
[30.930619] (localization) StdoutLine: {'line': b'-- Override CMake install command with custom implementation using symlinks instead of copying resources\n'}
[30.984311] (localization) StdoutLine: {'line': b'-- Found tf2_ros: 0.25.20 (/opt/ros/humble/share/tf2_ros/cmake)\n'}
[31.025894] (-) TimerEvent: {}
[31.057277] (localization) StdoutLine: {'line': b'-- Found rosidl_generator_c: 3.1.8 (/opt/ros/humble/share/rosidl_generator_c/cmake)\n'}
[31.066672] (localization) StdoutLine: {'line': b'-- Found rosidl_adapter: 3.1.8 (/opt/ros/humble/share/rosidl_adapter/cmake)\n'}
[31.081530] (localization) StdoutLine: {'line': b'-- Found rosidl_generator_cpp: 3.1.8 (/opt/ros/humble/share/rosidl_generator_cpp/cmake)\n'}
[31.099965] (localization) StdoutLine: {'line': b'-- Using all available rosidl_typesupport_c: rosidl_typesupport_fastrtps_c;rosidl_typesupport_introspection_c\n'}
[31.126019] (-) TimerEvent: {}
[31.127848] (localization) StdoutLine: {'line': b'-- Using all available rosidl_typesupport_cpp: rosidl_typesupport_fastrtps_cpp;rosidl_typesupport_introspection_cpp\n'}
[31.226124] (-) TimerEvent: {}
[31.252856] (localization) StdoutLine: {'line': b'-- Found rmw_implementation_cmake: 6.1.2 (/opt/ros/humble/share/rmw_implementation_cmake/cmake)\n'}
[31.258210] (localization) StdoutLine: {'line': b'-- Found rmw_fastrtps_cpp: 6.2.10 (/opt/ros/humble/share/rmw_fastrtps_cpp/cmake)\n'}
[31.326242] (-) TimerEvent: {}
[31.360084] (localization) StdoutLine: {'line': b'-- Found OpenSSL: /usr/lib/aarch64-linux-gnu/libcrypto.so (found version "3.0.2")  \n'}
[31.398556] (localization) StdoutLine: {'line': b'-- Found FastRTPS: /opt/ros/humble/include  \n'}
[31.426347] (-) TimerEvent: {}
[31.458375] (localization) StdoutLine: {'line': b"-- Using RMW implementation 'rmw_fastrtps_cpp' as default\n"}
[31.474145] (localization) StdoutLine: {'line': b'-- Looking for pthread.h\n'}
[31.526584] (-) TimerEvent: {}
[31.595438] (localization) StdoutLine: {'line': b'-- Looking for pthread.h - found\n'}
[31.595957] (localization) StdoutLine: {'line': b'-- Performing Test CMAKE_HAVE_LIBC_PTHREAD\n'}
[31.626699] (-) TimerEvent: {}
[31.712179] (localization) StdoutLine: {'line': b'-- Performing Test CMAKE_HAVE_LIBC_PTHREAD - Success\n'}
[31.714894] (localization) StdoutLine: {'line': b'-- Found Threads: TRUE  \n'}
[31.726794] (-) TimerEvent: {}
[31.827260] (-) TimerEvent: {}
[31.928154] (-) TimerEvent: {}
[31.951197] (localization) StdoutLine: {'line': b'-- Found ament_lint_auto: 0.12.15 (/opt/ros/humble/share/ament_lint_auto/cmake)\n'}
[32.028262] (-) TimerEvent: {}
[32.103282] (localization) StdoutLine: {'line': b"-- Added test 'flake8' to check Python code syntax and style conventions\n"}
[32.103894] (localization) StdoutLine: {'line': b"-- Added test 'lint_cmake' to check CMake code style\n"}
[32.104647] (localization) StdoutLine: {'line': b"-- Added test 'pep257' to check Python code against some of the docstring style conventions in PEP 257\n"}
[32.106668] (localization) StdoutLine: {'line': b"-- Added test 'xmllint' to check XML markup files\n"}
[32.108694] (localization) StdoutLine: {'line': b'-- Configuring done\n'}
[32.117370] (localization) StdoutLine: {'line': b'-- Generating done\n'}
[32.119674] (localization) StdoutLine: {'line': b'-- Build files have been written to: /ros2_ws/build/localization\n'}
[32.128666] (-) TimerEvent: {}
[32.146459] (localization) CommandEnded: {'returncode': 0}
[32.147642] (localization) JobProgress: {'identifier': 'localization', 'progress': 'build'}
[32.148019] (localization) Command: {'cmd': ['/usr/bin/cmake', '--build', '/ros2_ws/build/localization', '--', '-j4', '-l4'], 'cwd': '/ros2_ws/build/localization', 'env': OrderedDict([('HOSTNAME', 'yahav'), ('SHLVL', '1'), ('LD_LIBRARY_PATH', '/opt/ros/humble/opt/rviz_ogre_vendor/lib:/opt/ros/humble/lib/aarch64-linux-gnu:/opt/ros/humble/lib'), ('HOME', '/root'), ('PYTHONUNBUFFERED', '1'), ('ROS_PYTHON_VERSION', '3'), ('COLCON_PREFIX_PATH', '/ros2_ws/install'), ('ROS_DISTRO', 'humble'), ('_', '/usr/bin/colcon'), ('ROS_VERSION', '2'), ('TERM', 'xterm'), ('ROS_LOCALHOST_ONLY', '0'), ('PATH', '/opt/ros/humble/bin:/usr/local/sbin:/usr/local/bin:/usr/sbin:/usr/bin:/sbin:/bin'), ('DISPLAY', ''), ('LANG', 'C.UTF-8'), ('LS_COLORS', 'rs=0:di=01;34:ln=01;36:mh=00:pi=40;33:so=01;35:do=01;35:bd=40;33;01:cd=40;33;01:or=40;31;01:mi=00:su=37;41:sg=30;43:ca=30;41:tw=30;42:ow=34;42:st=37;44:ex=01;32:*.tar=01;31:*.tgz=01;31:*.arc=01;31:*.arj=01;31:*.taz=01;31:*.lha=01;31:*.lz4=01;31:*.lzh=01;31:*.lzma=01;31:*.tlz=01;31:*.txz=01;31:*.tzo=01;31:*.t7z=01;31:*.zip=01;31:*.z=01;31:*.dz=01;31:*.gz=01;31:*.lrz=01;31:*.lz=01;31:*.lzo=01;31:*.xz=01;31:*.zst=01;31:*.tzst=01;31:*.bz2=01;31:*.bz=01;31:*.tbz=01;31:*.tbz2=01;31:*.tz=01;31:*.deb=01;31:*.rpm=01;31:*.jar=01;31:*.war=01;31:*.ear=01;31:*.sar=01;31:*.rar=01;31:*.alz=01;31:*.ace=01;31:*.zoo=01;31:*.cpio=01;31:*.7z=01;31:*.rz=01;31:*.cab=01;31:*.wim=01;31:*.swm=01;31:*.dwm=01;31:*.esd=01;31:*.jpg=01;35:*.jpeg=01;35:*.mjpg=01;35:*.mjpeg=01;35:*.gif=01;35:*.bmp=01;35:*.pbm=01;35:*.pgm=01;35:*.ppm=01;35:*.tga=01;35:*.xbm=01;35:*.xpm=01;35:*.tif=01;35:*.tiff=01;35:*.png=01;35:*.svg=01;35:*.svgz=01;35:*.mng=01;35:*.pcx=01;35:*.mov=01;35:*.mpg=01;35:*.mpeg=01;35:*.m2v=01;35:*.mkv=01;35:*.webm=01;35:*.webp=01;35:*.ogm=01;35:*.mp4=01;35:*.m4v=01;35:*.mp4v=01;35:*.vob=01;35:*.qt=01;35:*.nuv=01;35:*.wmv=01;35:*.asf=01;35:*.rm=01;35:*.rmvb=01;35:*.flc=01;35:*.avi=01;35:*.fli=01;35:*.flv=01;35:*.gl=01;35:*.dl=01;35:*.xcf=01;35:*.xwd=01;35:*.yuv=01;35:*.cgm=01;35:*.emf=01;35:*.ogv=01;35:*.ogx=01;35:*.aac=00;36:*.au=00;36:*.flac=00;36:*.m4a=00;36:*.mid=00;36:*.midi=00;36:*.mka=00;36:*.mp3=00;36:*.mpc=00;36:*.ogg=00;36:*.ra=00;36:*.wav=00;36:*.oga=00;36:*.opus=00;36:*.spx=00;36:*.xspf=00;36:'), ('ROS_DOMAIN_ID', '0'), ('AMENT_PREFIX_PATH', '/ros2_ws/install/ydlidar_ros2_driver:/ros2_ws/install/robot_description:/ros2_ws/install/hardware:/opt/ros/humble'), ('PWD', '/ros2_ws/build/localization'), ('LC_ALL', 'C.UTF-8'), ('PYTHONPATH', '/opt/ros/humble/lib/python3.10/site-packages:/opt/ros/humble/local/lib/python3.10/dist-packages'), ('COLCON', '1'), ('CMAKE_PREFIX_PATH', '/ros2_ws/install/ydlidar_ros2_driver:/ros2_ws/install/robot_description:/ros2_ws/install/hardware:/opt/ros/humble')]), 'shell': False}
[32.198249] (localization) CommandEnded: {'returncode': 0}
[32.200808] (localization) JobProgress: {'identifier': 'localization', 'progress': 'install'}
[32.203193] (localization) Command: {'cmd': ['/usr/bin/cmake', '--install', '/ros2_ws/build/localization'], 'cwd': '/ros2_ws/build/localization', 'env': OrderedDict([('HOSTNAME', 'yahav'), ('SHLVL', '1'), ('LD_LIBRARY_PATH', '/opt/ros/humble/opt/rviz_ogre_vendor/lib:/opt/ros/humble/lib/aarch64-linux-gnu:/opt/ros/humble/lib'), ('HOME', '/root'), ('PYTHONUNBUFFERED', '1'), ('ROS_PYTHON_VERSION', '3'), ('COLCON_PREFIX_PATH', '/ros2_ws/install'), ('ROS_DISTRO', 'humble'), ('_', '/usr/bin/colcon'), ('ROS_VERSION', '2'), ('TERM', 'xterm'), ('ROS_LOCALHOST_ONLY', '0'), ('PATH', '/opt/ros/humble/bin:/usr/local/sbin:/usr/local/bin:/usr/sbin:/usr/bin:/sbin:/bin'), ('DISPLAY', ''), ('LANG', 'C.UTF-8'), ('LS_COLORS', 'rs=0:di=01;34:ln=01;36:mh=00:pi=40;33:so=01;35:do=01;35:bd=40;33;01:cd=40;33;01:or=40;31;01:mi=00:su=37;41:sg=30;43:ca=30;41:tw=30;42:ow=34;42:st=37;44:ex=01;32:*.tar=01;31:*.tgz=01;31:*.arc=01;31:*.arj=01;31:*.taz=01;31:*.lha=01;31:*.lz4=01;31:*.lzh=01;31:*.lzma=01;31:*.tlz=01;31:*.txz=01;31:*.tzo=01;31:*.t7z=01;31:*.zip=01;31:*.z=01;31:*.dz=01;31:*.gz=01;31:*.lrz=01;31:*.lz=01;31:*.lzo=01;31:*.xz=01;31:*.zst=01;31:*.tzst=01;31:*.bz2=01;31:*.bz=01;31:*.tbz=01;31:*.tbz2=01;31:*.tz=01;31:*.deb=01;31:*.rpm=01;31:*.jar=01;31:*.war=01;31:*.ear=01;31:*.sar=01;31:*.rar=01;31:*.alz=01;31:*.ace=01;31:*.zoo=01;31:*.cpio=01;31:*.7z=01;31:*.rz=01;31:*.cab=01;31:*.wim=01;31:*.swm=01;31:*.dwm=01;31:*.esd=01;31:*.jpg=01;35:*.jpeg=01;35:*.mjpg=01;35:*.mjpeg=01;35:*.gif=01;35:*.bmp=01;35:*.pbm=01;35:*.pgm=01;35:*.ppm=01;35:*.tga=01;35:*.xbm=01;35:*.xpm=01;35:*.tif=01;35:*.tiff=01;35:*.png=01;35:*.svg=01;35:*.svgz=01;35:*.mng=01;35:*.pcx=01;35:*.mov=01;35:*.mpg=01;35:*.mpeg=01;35:*.m2v=01;35:*.mkv=01;35:*.webm=01;35:*.webp=01;35:*.ogm=01;35:*.mp4=01;35:*.m4v=01;35:*.mp4v=01;35:*.vob=01;35:*.qt=01;35:*.nuv=01;35:*.wmv=01;35:*.asf=01;35:*.rm=01;35:*.rmvb=01;35:*.flc=01;35:*.avi=01;35:*.fli=01;35:*.flv=01;35:*.gl=01;35:*.dl=01;35:*.xcf=01;35:*.xwd=01;35:*.yuv=01;35:*.cgm=01;35:*.emf=01;35:*.ogv=01;35:*.ogx=01;35:*.aac=00;36:*.au=00;36:*.flac=00;36:*.m4a=00;36:*.mid=00;36:*.midi=00;36:*.mka=00;36:*.mp3=00;36:*.mpc=00;36:*.ogg=00;36:*.ra=00;36:*.wav=00;36:*.oga=00;36:*.opus=00;36:*.spx=00;36:*.xspf=00;36:'), ('ROS_DOMAIN_ID', '0'), ('AMENT_PREFIX_PATH', '/ros2_ws/install/ydlidar_ros2_driver:/ros2_ws/install/robot_description:/ros2_ws/install/hardware:/opt/ros/humble'), ('PWD', '/ros2_ws/build/localization'), ('LC_ALL', 'C.UTF-8'), ('PYTHONPATH', '/opt/ros/humble/lib/python3.10/site-packages:/opt/ros/humble/local/lib/python3.10/dist-packages'), ('COLCON', '1'), ('CMAKE_PREFIX_PATH', '/ros2_ws/install/ydlidar_ros2_driver:/ros2_ws/install/robot_description:/ros2_ws/install/hardware:/opt/ros/humble')]), 'shell': False}
[32.213543] (localization) StdoutLine: {'line': b'-- Install configuration: ""\n'}
[32.218090] (localization) StdoutLine: {'line': b'-- Execute custom install script\n'}
[32.219756] (localization) StdoutLine: {'line': b'-- Symlinking: /ros2_ws/install/localization/share/localization/config/lidar.yaml\n'}
[32.228772] (-) TimerEvent: {}
[32.234113] (localization) StdoutLine: {'line': b'-- Symlinking: /ros2_ws/install/localization/share/localization/config/slam.yaml\n'}
[32.245865] (localization) StdoutLine: {'line': b'-- Symlinking: /ros2_ws/install/localization/share/localization/launch/launch.py\n'}
[32.257292] (localization) StdoutLine: {'line': b'-- Symlinking: /ros2_ws/install/localization/share/ament_index/resource_index/package_run_dependencies/localization\n'}
[32.266197] (localization) StdoutLine: {'line': b'-- Symlinking: /ros2_ws/install/localization/share/ament_index/resource_index/parent_prefix_path/localization\n'}
[32.279961] (localization) StdoutLine: {'line': b'-- Symlinking: /ros2_ws/install/localization/share/localization/environment/ament_prefix_path.sh\n'}
[32.293172] (localization) StdoutLine: {'line': b'-- Symlinking: /ros2_ws/install/localization/share/localization/environment/ament_prefix_path.dsv\n'}
[32.304784] (localization) StdoutLine: {'line': b'-- Symlinking: /ros2_ws/install/localization/share/localization/environment/path.sh\n'}
[32.318190] (localization) StdoutLine: {'line': b'-- Symlinking: /ros2_ws/install/localization/share/localization/environment/path.dsv\n'}
[32.326909] (localization) StdoutLine: {'line': b'-- Symlinking: /ros2_ws/install/localization/share/localization/local_setup.bash\n'}
[32.328988] (-) TimerEvent: {}
[32.336443] (localization) StdoutLine: {'line': b'-- Symlinking: /ros2_ws/install/localization/share/localization/local_setup.sh\n'}
[32.353620] (localization) StdoutLine: {'line': b'-- Symlinking: /ros2_ws/install/localization/share/localization/local_setup.zsh\n'}
[32.362430] (localization) StdoutLine: {'line': b'-- Symlinking: /ros2_ws/install/localization/share/localization/local_setup.dsv\n'}
[32.375491] (localization) StdoutLine: {'line': b'-- Symlinking: /ros2_ws/install/localization/share/localization/package.dsv\n'}
[32.385354] (localization) StdoutLine: {'line': b'-- Symlinking: /ros2_ws/install/localization/share/ament_index/resource_index/packages/localization\n'}
[32.393976] (localization) StdoutLine: {'line': b'-- Symlinking: /ros2_ws/install/localization/share/localization/cmake/localizationConfig.cmake\n'}
[32.408537] (localization) StdoutLine: {'line': b'-- Symlinking: /ros2_ws/install/localization/share/localization/cmake/localizationConfig-version.cmake\n'}
[32.423858] (localization) StdoutLine: {'line': b'-- Symlinking: /ros2_ws/install/localization/share/localization/package.xml\n'}
[32.429345] (-) TimerEvent: {}
[32.435559] (localization) CommandEnded: {'returncode': 0}
[32.495995] (localization) JobEnded: {'identifier': 'localization', 'rc': 0}
[32.497914] (robot_bringup) JobStarted: {'identifier': 'robot_bringup'}
[32.517558] (robot_bringup) JobProgress: {'identifier': 'robot_bringup', 'progress': 'cmake'}
[32.518098] (robot_bringup) Command: {'cmd': ['/usr/bin/cmake', '/ros2_ws/src/robot_bringup', '-DAMENT_CMAKE_SYMLINK_INSTALL=1', '-DCMAKE_INSTALL_PREFIX=/ros2_ws/install/robot_bringup'], 'cwd': '/ros2_ws/build/robot_bringup', 'env': OrderedDict([('HOSTNAME', 'yahav'), ('SHLVL', '1'), ('LD_LIBRARY_PATH', '/ros2_ws/install/hardware/lib:/opt/ros/humble/opt/rviz_ogre_vendor/lib:/opt/ros/humble/lib/aarch64-linux-gnu:/opt/ros/humble/lib'), ('HOME', '/root'), ('PYTHONUNBUFFERED', '1'), ('ROS_PYTHON_VERSION', '3'), ('COLCON_PREFIX_PATH', '/ros2_ws/install'), ('ROS_DISTRO', 'humble'), ('_', '/usr/bin/colcon'), ('ROS_VERSION', '2'), ('TERM', 'xterm'), ('ROS_LOCALHOST_ONLY', '0'), ('PATH', '/opt/ros/humble/bin:/usr/local/sbin:/usr/local/bin:/usr/sbin:/usr/bin:/sbin:/bin'), ('DISPLAY', ''), ('LANG', 'C.UTF-8'), ('LS_COLORS', 'rs=0:di=01;34:ln=01;36:mh=00:pi=40;33:so=01;35:do=01;35:bd=40;33;01:cd=40;33;01:or=40;31;01:mi=00:su=37;41:sg=30;43:ca=30;41:tw=30;42:ow=34;42:st=37;44:ex=01;32:*.tar=01;31:*.tgz=01;31:*.arc=01;31:*.arj=01;31:*.taz=01;31:*.lha=01;31:*.lz4=01;31:*.lzh=01;31:*.lzma=01;31:*.tlz=01;31:*.txz=01;31:*.tzo=01;31:*.t7z=01;31:*.zip=01;31:*.z=01;31:*.dz=01;31:*.gz=01;31:*.lrz=01;31:*.lz=01;31:*.lzo=01;31:*.xz=01;31:*.zst=01;31:*.tzst=01;31:*.bz2=01;31:*.bz=01;31:*.tbz=01;31:*.tbz2=01;31:*.tz=01;31:*.deb=01;31:*.rpm=01;31:*.jar=01;31:*.war=01;31:*.ear=01;31:*.sar=01;31:*.rar=01;31:*.alz=01;31:*.ace=01;31:*.zoo=01;31:*.cpio=01;31:*.7z=01;31:*.rz=01;31:*.cab=01;31:*.wim=01;31:*.swm=01;31:*.dwm=01;31:*.esd=01;31:*.jpg=01;35:*.jpeg=01;35:*.mjpg=01;35:*.mjpeg=01;35:*.gif=01;35:*.bmp=01;35:*.pbm=01;35:*.pgm=01;35:*.ppm=01;35:*.tga=01;35:*.xbm=01;35:*.xpm=01;35:*.tif=01;35:*.tiff=01;35:*.png=01;35:*.svg=01;35:*.svgz=01;35:*.mng=01;35:*.pcx=01;35:*.mov=01;35:*.mpg=01;35:*.mpeg=01;35:*.m2v=01;35:*.mkv=01;35:*.webm=01;35:*.webp=01;35:*.ogm=01;35:*.mp4=01;35:*.m4v=01;35:*.mp4v=01;35:*.vob=01;35:*.qt=01;35:*.nuv=01;35:*.wmv=01;35:*.asf=01;35:*.rm=01;35:*.rmvb=01;35:*.flc=01;35:*.avi=01;35:*.fli=01;35:*.flv=01;35:*.gl=01;35:*.dl=01;35:*.xcf=01;35:*.xwd=01;35:*.yuv=01;35:*.cgm=01;35:*.emf=01;35:*.ogv=01;35:*.ogx=01;35:*.aac=00;36:*.au=00;36:*.flac=00;36:*.m4a=00;36:*.mid=00;36:*.midi=00;36:*.mka=00;36:*.mp3=00;36:*.mpc=00;36:*.ogg=00;36:*.ra=00;36:*.wav=00;36:*.oga=00;36:*.opus=00;36:*.spx=00;36:*.xspf=00;36:'), ('ROS_DOMAIN_ID', '0'), ('AMENT_PREFIX_PATH', '/ros2_ws/install/localization:/ros2_ws/install/ydlidar_ros2_driver:/ros2_ws/install/navigation:/ros2_ws/install/foxglove:/ros2_ws/install/robot_description:/ros2_ws/install/hardware:/opt/ros/humble'), ('PWD', '/ros2_ws/build/robot_bringup'), ('LC_ALL', 'C.UTF-8'), ('PYTHONPATH', '/opt/ros/humble/lib/python3.10/site-packages:/opt/ros/humble/local/lib/python3.10/dist-packages'), ('COLCON', '1'), ('CMAKE_PREFIX_PATH', '/ros2_ws/install/localization:/ros2_ws/install/ydlidar_ros2_driver:/ros2_ws/install/navigation:/ros2_ws/install/hardware:/ros2_ws/install/foxglove:/ros2_ws/install/robot_description:/opt/ros/humble')]), 'shell': False}
[32.529506] (-) TimerEvent: {}
[32.590519] (robot_bringup) StdoutLine: {'line': b'-- The C compiler identification is GNU 11.4.0\n'}
[32.629784] (-) TimerEvent: {}
[32.670802] (robot_bringup) StdoutLine: {'line': b'-- The CXX compiler identification is GNU 11.4.0\n'}
[32.687860] (robot_bringup) StdoutLine: {'line': b'-- Detecting C compiler ABI info\n'}
[32.730111] (-) TimerEvent: {}
[32.795387] (robot_bringup) StdoutLine: {'line': b'-- Detecting C compiler ABI info - done\n'}
[32.809703] (robot_bringup) StdoutLine: {'line': b'-- Check for working C compiler: /usr/bin/cc - skipped\n'}
[32.809949] (robot_bringup) StdoutLine: {'line': b'-- Detecting C compile features\n'}
[32.810032] (robot_bringup) StdoutLine: {'line': b'-- Detecting C compile features - done\n'}
[32.813634] (robot_bringup) StdoutLine: {'line': b'-- Detecting CXX compiler ABI info\n'}
[32.830220] (-) TimerEvent: {}
[32.921682] (robot_bringup) StdoutLine: {'line': b'-- Detecting CXX compiler ABI info - done\n'}
[32.930308] (-) TimerEvent: {}
[32.932364] (robot_bringup) StdoutLine: {'line': b'-- Check for working CXX compiler: /usr/bin/c++ - skipped\n'}
[32.932763] (robot_bringup) StdoutLine: {'line': b'-- Detecting CXX compile features\n'}
[32.933354] (robot_bringup) StdoutLine: {'line': b'-- Detecting CXX compile features - done\n'}
[32.939340] (robot_bringup) StdoutLine: {'line': b'-- Found ament_cmake: 1.3.14 (/opt/ros/humble/share/ament_cmake/cmake)\n'}
[33.030616] (-) TimerEvent: {}
[33.131522] (-) TimerEvent: {}
[33.156664] (robot_bringup) StdoutLine: {'line': b'-- Found Python3: /usr/bin/python3 (found version "3.10.12") found components: Interpreter \n'}
[33.231749] (-) TimerEvent: {}
[33.291360] (robot_bringup) StdoutLine: {'line': b'-- Override CMake install command with custom implementation using symlinks instead of copying resources\n'}
[33.332023] (-) TimerEvent: {}
[33.335083] (robot_bringup) StdoutLine: {'line': b'-- Found ament_lint_auto: 0.12.15 (/opt/ros/humble/share/ament_lint_auto/cmake)\n'}
[33.432394] (-) TimerEvent: {}
[33.460835] (robot_bringup) StdoutLine: {'line': b"-- Added test 'flake8' to check Python code syntax and style conventions\n"}
[33.461632] (robot_bringup) StdoutLine: {'line': b"-- Added test 'lint_cmake' to check CMake code style\n"}
[33.462426] (robot_bringup) StdoutLine: {'line': b"-- Added test 'pep257' to check Python code against some of the docstring style conventions in PEP 257\n"}
[33.463552] (robot_bringup) StdoutLine: {'line': b"-- Added test 'xmllint' to check XML markup files\n"}
[33.465570] (robot_bringup) StdoutLine: {'line': b'-- Configuring done\n'}
[33.468931] (robot_bringup) StdoutLine: {'line': b'-- Generating done\n'}
[33.473696] (robot_bringup) StdoutLine: {'line': b'-- Build files have been written to: /ros2_ws/build/robot_bringup\n'}
[33.479988] (robot_bringup) CommandEnded: {'returncode': 0}
[33.480507] (robot_bringup) JobProgress: {'identifier': 'robot_bringup', 'progress': 'build'}
[33.480546] (robot_bringup) Command: {'cmd': ['/usr/bin/cmake', '--build', '/ros2_ws/build/robot_bringup', '--', '-j4', '-l4'], 'cwd': '/ros2_ws/build/robot_bringup', 'env': OrderedDict([('HOSTNAME', 'yahav'), ('SHLVL', '1'), ('LD_LIBRARY_PATH', '/ros2_ws/install/hardware/lib:/opt/ros/humble/opt/rviz_ogre_vendor/lib:/opt/ros/humble/lib/aarch64-linux-gnu:/opt/ros/humble/lib'), ('HOME', '/root'), ('PYTHONUNBUFFERED', '1'), ('ROS_PYTHON_VERSION', '3'), ('COLCON_PREFIX_PATH', '/ros2_ws/install'), ('ROS_DISTRO', 'humble'), ('_', '/usr/bin/colcon'), ('ROS_VERSION', '2'), ('TERM', 'xterm'), ('ROS_LOCALHOST_ONLY', '0'), ('PATH', '/opt/ros/humble/bin:/usr/local/sbin:/usr/local/bin:/usr/sbin:/usr/bin:/sbin:/bin'), ('DISPLAY', ''), ('LANG', 'C.UTF-8'), ('LS_COLORS', 'rs=0:di=01;34:ln=01;36:mh=00:pi=40;33:so=01;35:do=01;35:bd=40;33;01:cd=40;33;01:or=40;31;01:mi=00:su=37;41:sg=30;43:ca=30;41:tw=30;42:ow=34;42:st=37;44:ex=01;32:*.tar=01;31:*.tgz=01;31:*.arc=01;31:*.arj=01;31:*.taz=01;31:*.lha=01;31:*.lz4=01;31:*.lzh=01;31:*.lzma=01;31:*.tlz=01;31:*.txz=01;31:*.tzo=01;31:*.t7z=01;31:*.zip=01;31:*.z=01;31:*.dz=01;31:*.gz=01;31:*.lrz=01;31:*.lz=01;31:*.lzo=01;31:*.xz=01;31:*.zst=01;31:*.tzst=01;31:*.bz2=01;31:*.bz=01;31:*.tbz=01;31:*.tbz2=01;31:*.tz=01;31:*.deb=01;31:*.rpm=01;31:*.jar=01;31:*.war=01;31:*.ear=01;31:*.sar=01;31:*.rar=01;31:*.alz=01;31:*.ace=01;31:*.zoo=01;31:*.cpio=01;31:*.7z=01;31:*.rz=01;31:*.cab=01;31:*.wim=01;31:*.swm=01;31:*.dwm=01;31:*.esd=01;31:*.jpg=01;35:*.jpeg=01;35:*.mjpg=01;35:*.mjpeg=01;35:*.gif=01;35:*.bmp=01;35:*.pbm=01;35:*.pgm=01;35:*.ppm=01;35:*.tga=01;35:*.xbm=01;35:*.xpm=01;35:*.tif=01;35:*.tiff=01;35:*.png=01;35:*.svg=01;35:*.svgz=01;35:*.mng=01;35:*.pcx=01;35:*.mov=01;35:*.mpg=01;35:*.mpeg=01;35:*.m2v=01;35:*.mkv=01;35:*.webm=01;35:*.webp=01;35:*.ogm=01;35:*.mp4=01;35:*.m4v=01;35:*.mp4v=01;35:*.vob=01;35:*.qt=01;35:*.nuv=01;35:*.wmv=01;35:*.asf=01;35:*.rm=01;35:*.rmvb=01;35:*.flc=01;35:*.avi=01;35:*.fli=01;35:*.flv=01;35:*.gl=01;35:*.dl=01;35:*.xcf=01;35:*.xwd=01;35:*.yuv=01;35:*.cgm=01;35:*.emf=01;35:*.ogv=01;35:*.ogx=01;35:*.aac=00;36:*.au=00;36:*.flac=00;36:*.m4a=00;36:*.mid=00;36:*.midi=00;36:*.mka=00;36:*.mp3=00;36:*.mpc=00;36:*.ogg=00;36:*.ra=00;36:*.wav=00;36:*.oga=00;36:*.opus=00;36:*.spx=00;36:*.xspf=00;36:'), ('ROS_DOMAIN_ID', '0'), ('AMENT_PREFIX_PATH', '/ros2_ws/install/localization:/ros2_ws/install/ydlidar_ros2_driver:/ros2_ws/install/navigation:/ros2_ws/install/foxglove:/ros2_ws/install/robot_description:/ros2_ws/install/hardware:/opt/ros/humble'), ('PWD', '/ros2_ws/build/robot_bringup'), ('LC_ALL', 'C.UTF-8'), ('PYTHONPATH', '/opt/ros/humble/lib/python3.10/site-packages:/opt/ros/humble/local/lib/python3.10/dist-packages'), ('COLCON', '1'), ('CMAKE_PREFIX_PATH', '/ros2_ws/install/localization:/ros2_ws/install/ydlidar_ros2_driver:/ros2_ws/install/navigation:/ros2_ws/install/hardware:/ros2_ws/install/foxglove:/ros2_ws/install/robot_description:/opt/ros/humble')]), 'shell': False}
[33.523858] (robot_bringup) CommandEnded: {'returncode': 0}
[33.526954] (robot_bringup) JobProgress: {'identifier': 'robot_bringup', 'progress': 'install'}
[33.527011] (robot_bringup) Command: {'cmd': ['/usr/bin/cmake', '--install', '/ros2_ws/build/robot_bringup'], 'cwd': '/ros2_ws/build/robot_bringup', 'env': OrderedDict([('HOSTNAME', 'yahav'), ('SHLVL', '1'), ('LD_LIBRARY_PATH', '/ros2_ws/install/hardware/lib:/opt/ros/humble/opt/rviz_ogre_vendor/lib:/opt/ros/humble/lib/aarch64-linux-gnu:/opt/ros/humble/lib'), ('HOME', '/root'), ('PYTHONUNBUFFERED', '1'), ('ROS_PYTHON_VERSION', '3'), ('COLCON_PREFIX_PATH', '/ros2_ws/install'), ('ROS_DISTRO', 'humble'), ('_', '/usr/bin/colcon'), ('ROS_VERSION', '2'), ('TERM', 'xterm'), ('ROS_LOCALHOST_ONLY', '0'), ('PATH', '/opt/ros/humble/bin:/usr/local/sbin:/usr/local/bin:/usr/sbin:/usr/bin:/sbin:/bin'), ('DISPLAY', ''), ('LANG', 'C.UTF-8'), ('LS_COLORS', 'rs=0:di=01;34:ln=01;36:mh=00:pi=40;33:so=01;35:do=01;35:bd=40;33;01:cd=40;33;01:or=40;31;01:mi=00:su=37;41:sg=30;43:ca=30;41:tw=30;42:ow=34;42:st=37;44:ex=01;32:*.tar=01;31:*.tgz=01;31:*.arc=01;31:*.arj=01;31:*.taz=01;31:*.lha=01;31:*.lz4=01;31:*.lzh=01;31:*.lzma=01;31:*.tlz=01;31:*.txz=01;31:*.tzo=01;31:*.t7z=01;31:*.zip=01;31:*.z=01;31:*.dz=01;31:*.gz=01;31:*.lrz=01;31:*.lz=01;31:*.lzo=01;31:*.xz=01;31:*.zst=01;31:*.tzst=01;31:*.bz2=01;31:*.bz=01;31:*.tbz=01;31:*.tbz2=01;31:*.tz=01;31:*.deb=01;31:*.rpm=01;31:*.jar=01;31:*.war=01;31:*.ear=01;31:*.sar=01;31:*.rar=01;31:*.alz=01;31:*.ace=01;31:*.zoo=01;31:*.cpio=01;31:*.7z=01;31:*.rz=01;31:*.cab=01;31:*.wim=01;31:*.swm=01;31:*.dwm=01;31:*.esd=01;31:*.jpg=01;35:*.jpeg=01;35:*.mjpg=01;35:*.mjpeg=01;35:*.gif=01;35:*.bmp=01;35:*.pbm=01;35:*.pgm=01;35:*.ppm=01;35:*.tga=01;35:*.xbm=01;35:*.xpm=01;35:*.tif=01;35:*.tiff=01;35:*.png=01;35:*.svg=01;35:*.svgz=01;35:*.mng=01;35:*.pcx=01;35:*.mov=01;35:*.mpg=01;35:*.mpeg=01;35:*.m2v=01;35:*.mkv=01;35:*.webm=01;35:*.webp=01;35:*.ogm=01;35:*.mp4=01;35:*.m4v=01;35:*.mp4v=01;35:*.vob=01;35:*.qt=01;35:*.nuv=01;35:*.wmv=01;35:*.asf=01;35:*.rm=01;35:*.rmvb=01;35:*.flc=01;35:*.avi=01;35:*.fli=01;35:*.flv=01;35:*.gl=01;35:*.dl=01;35:*.xcf=01;35:*.xwd=01;35:*.yuv=01;35:*.cgm=01;35:*.emf=01;35:*.ogv=01;35:*.ogx=01;35:*.aac=00;36:*.au=00;36:*.flac=00;36:*.m4a=00;36:*.mid=00;36:*.midi=00;36:*.mka=00;36:*.mp3=00;36:*.mpc=00;36:*.ogg=00;36:*.ra=00;36:*.wav=00;36:*.oga=00;36:*.opus=00;36:*.spx=00;36:*.xspf=00;36:'), ('ROS_DOMAIN_ID', '0'), ('AMENT_PREFIX_PATH', '/ros2_ws/install/localization:/ros2_ws/install/ydlidar_ros2_driver:/ros2_ws/install/navigation:/ros2_ws/install/foxglove:/ros2_ws/install/robot_description:/ros2_ws/install/hardware:/opt/ros/humble'), ('PWD', '/ros2_ws/build/robot_bringup'), ('LC_ALL', 'C.UTF-8'), ('PYTHONPATH', '/opt/ros/humble/lib/python3.10/site-packages:/opt/ros/humble/local/lib/python3.10/dist-packages'), ('COLCON', '1'), ('CMAKE_PREFIX_PATH', '/ros2_ws/install/localization:/ros2_ws/install/ydlidar_ros2_driver:/ros2_ws/install/navigation:/ros2_ws/install/hardware:/ros2_ws/install/foxglove:/ros2_ws/install/robot_description:/opt/ros/humble')]), 'shell': False}
[33.532744] (-) TimerEvent: {}
[33.535055] (robot_bringup) StdoutLine: {'line': b'-- Install configuration: ""\n'}
[33.540592] (robot_bringup) StdoutLine: {'line': b'-- Execute custom install script\n'}
[33.540949] (robot_bringup) StdoutLine: {'line': b'-- Symlinking: /ros2_ws/install/robot_bringup/share/robot_bringup/launch/launch.py\n'}
[33.554816] (robot_bringup) StdoutLine: {'line': b'-- Symlinking: /ros2_ws/install/robot_bringup/share/ament_index/resource_index/package_run_dependencies/robot_bringup\n'}
[33.563500] (robot_bringup) StdoutLine: {'line': b'-- Symlinking: /ros2_ws/install/robot_bringup/share/ament_index/resource_index/parent_prefix_path/robot_bringup\n'}
[33.579040] (robot_bringup) StdoutLine: {'line': b'-- Symlinking: /ros2_ws/install/robot_bringup/share/robot_bringup/environment/ament_prefix_path.sh\n'}
[33.589925] (robot_bringup) StdoutLine: {'line': b'-- Symlinking: /ros2_ws/install/robot_bringup/share/robot_bringup/environment/ament_prefix_path.dsv\n'}
[33.601944] (robot_bringup) StdoutLine: {'line': b'-- Symlinking: /ros2_ws/install/robot_bringup/share/robot_bringup/environment/path.sh\n'}
[33.620066] (robot_bringup) StdoutLine: {'line': b'-- Symlinking: /ros2_ws/install/robot_bringup/share/robot_bringup/environment/path.dsv\n'}
[33.629052] (robot_bringup) StdoutLine: {'line': b'-- Symlinking: /ros2_ws/install/robot_bringup/share/robot_bringup/local_setup.bash\n'}
[33.632863] (-) TimerEvent: {}
[33.642222] (robot_bringup) StdoutLine: {'line': b'-- Symlinking: /ros2_ws/install/robot_bringup/share/robot_bringup/local_setup.sh\n'}
[33.651594] (robot_bringup) StdoutLine: {'line': b'-- Symlinking: /ros2_ws/install/robot_bringup/share/robot_bringup/local_setup.zsh\n'}
[33.659841] (robot_bringup) StdoutLine: {'line': b'-- Symlinking: /ros2_ws/install/robot_bringup/share/robot_bringup/local_setup.dsv\n'}
[33.670046] (robot_bringup) StdoutLine: {'line': b'-- Symlinking: /ros2_ws/install/robot_bringup/share/robot_bringup/package.dsv\n'}
[33.685179] (robot_bringup) StdoutLine: {'line': b'-- Symlinking: /ros2_ws/install/robot_bringup/share/ament_index/resource_index/packages/robot_bringup\n'}
[33.694511] (robot_bringup) StdoutLine: {'line': b'-- Symlinking: /ros2_ws/install/robot_bringup/share/robot_bringup/cmake/robot_bringupConfig.cmake\n'}
[33.711001] (robot_bringup) StdoutLine: {'line': b'-- Symlinking: /ros2_ws/install/robot_bringup/share/robot_bringup/cmake/robot_bringupConfig-version.cmake\n'}
[33.723317] (robot_bringup) StdoutLine: {'line': b'-- Symlinking: /ros2_ws/install/robot_bringup/share/robot_bringup/package.xml\n'}
[33.733458] (-) TimerEvent: {}
[33.736114] (robot_bringup) CommandEnded: {'returncode': 0}
[33.759744] (robot_bringup) JobEnded: {'identifier': 'robot_bringup', 'rc': 0}
[33.761084] (-) EventReactorShutdown: {}
