[0.138s] DEBUG:colcon:Command line arguments: ['/usr/bin/colcon', 'build']
[0.138s] DEBUG:colcon:Parsed command line arguments: Namespace(log_base=None, log_level=None, verb_name='build', build_base='build', install_base='install', merge_install=False, symlink_install=True, test_result_base=None, continue_on_error=False, executor='parallel', parallel_workers=4, event_handlers=None, ignore_user_meta=False, metas=['./colcon.meta'], base_paths=['.'], packages_ignore=None, packages_ignore_regex=None, paths=None, packages_up_to=None, packages_up_to_regex=None, packages_above=None, packages_above_and_dependencies=None, packages_above_depth=None, packages_select_by_dep=None, packages_skip_by_dep=None, packages_skip_up_to=None, packages_select_build_failed=False, packages_skip_build_finished=False, packages_select_test_failures=False, packages_skip_test_passed=False, packages_select=None, packages_skip=None, packages_select_regex=None, packages_skip_regex=None, packages_start=None, packages_end=None, cmake_args=None, cmake_target=None, cmake_target_skip_unavailable=False, cmake_clean_cache=False, cmake_clean_first=False, cmake_force_configure=False, ament_cmake_args=None, catkin_cmake_args=None, catkin_skip_building_tests=False, mixin_files=None, mixin=None, verb_parser=<colcon_mixin.mixin.mixin_argument.MixinArgumentDecorator object at 0x7fff09548490>, verb_extension=<colcon_core.verb.build.BuildVerb object at 0x7fff09701720>, main=<bound method BuildVerb.main of <colcon_core.verb.build.BuildVerb object at 0x7fff09701720>>, mixin_verb=('build',))
[0.277s] Level 1:colcon.colcon_core.package_discovery:discover_packages(colcon_meta) check parameters
[0.278s] INFO:colcon.colcon_metadata.package_discovery.colcon_meta:Using configuration from '/root/.colcon/metadata/default/Gazebo.meta'
[0.279s] INFO:colcon.colcon_metadata.package_discovery.colcon_meta:Using configuration from '/root/.colcon/metadata/default/fastdds.meta'
[0.279s] INFO:colcon.colcon_metadata.package_discovery.colcon_meta:Using configuration from '/root/.colcon/metadata/default/fastrtps.meta'
[0.279s] Level 1:colcon.colcon_core.package_discovery:discover_packages(recursive) check parameters
[0.279s] Level 1:colcon.colcon_core.package_discovery:discover_packages(ignore) check parameters
[0.280s] Level 1:colcon.colcon_core.package_discovery:discover_packages(path) check parameters
[0.280s] Level 1:colcon.colcon_core.package_discovery:discover_packages(colcon_meta) discover
[0.280s] Level 1:colcon.colcon_core.package_discovery:discover_packages(recursive) discover
[0.280s] INFO:colcon.colcon_core.package_discovery:Crawling recursively for packages in '/ros2_ws'
[0.280s] Level 1:colcon.colcon_core.package_identification:_identify(.) by extensions ['ignore', 'ignore_ament_install']
[0.280s] Level 1:colcon.colcon_core.package_identification:_identify(.) by extension 'ignore'
[0.280s] Level 1:colcon.colcon_core.package_identification:_identify(.) by extension 'ignore_ament_install'
[0.280s] Level 1:colcon.colcon_core.package_identification:_identify(.) by extensions ['colcon_pkg']
[0.280s] Level 1:colcon.colcon_core.package_identification:_identify(.) by extension 'colcon_pkg'
[0.280s] Level 1:colcon.colcon_core.package_identification:_identify(.) by extensions ['colcon_meta']
[0.280s] Level 1:colcon.colcon_core.package_identification:_identify(.) by extension 'colcon_meta'
[0.280s] Level 1:colcon.colcon_core.package_identification:_identify(.) by extensions ['ros']
[0.280s] Level 1:colcon.colcon_core.package_identification:_identify(.) by extension 'ros'
[0.293s] Level 1:colcon.colcon_core.package_identification:_identify(.) by extensions ['cmake', 'python']
[0.293s] Level 1:colcon.colcon_core.package_identification:_identify(.) by extension 'cmake'
[0.293s] Level 1:colcon.colcon_core.package_identification:_identify(.) by extension 'python'
[0.293s] Level 1:colcon.colcon_core.package_identification:_identify(.) by extensions ['python_setup_py']
[0.293s] Level 1:colcon.colcon_core.package_identification:_identify(.) by extension 'python_setup_py'
[0.294s] Level 1:colcon.colcon_core.package_identification:_identify(build) by extensions ['ignore', 'ignore_ament_install']
[0.294s] Level 1:colcon.colcon_core.package_identification:_identify(build) by extension 'ignore'
[0.294s] Level 1:colcon.colcon_core.package_identification:_identify(build) ignored
[0.294s] Level 1:colcon.colcon_core.package_identification:_identify(install) by extensions ['ignore', 'ignore_ament_install']
[0.294s] Level 1:colcon.colcon_core.package_identification:_identify(install) by extension 'ignore'
[0.294s] Level 1:colcon.colcon_core.package_identification:_identify(install) ignored
[0.294s] Level 1:colcon.colcon_core.package_identification:_identify(log) by extensions ['ignore', 'ignore_ament_install']
[0.294s] Level 1:colcon.colcon_core.package_identification:_identify(log) by extension 'ignore'
[0.294s] Level 1:colcon.colcon_core.package_identification:_identify(log) ignored
[0.294s] Level 1:colcon.colcon_core.package_identification:_identify(src) by extensions ['ignore', 'ignore_ament_install']
[0.294s] Level 1:colcon.colcon_core.package_identification:_identify(src) by extension 'ignore'
[0.294s] Level 1:colcon.colcon_core.package_identification:_identify(src) by extension 'ignore_ament_install'
[0.294s] Level 1:colcon.colcon_core.package_identification:_identify(src) by extensions ['colcon_pkg']
[0.295s] Level 1:colcon.colcon_core.package_identification:_identify(src) by extension 'colcon_pkg'
[0.295s] Level 1:colcon.colcon_core.package_identification:_identify(src) by extensions ['colcon_meta']
[0.295s] Level 1:colcon.colcon_core.package_identification:_identify(src) by extension 'colcon_meta'
[0.295s] Level 1:colcon.colcon_core.package_identification:_identify(src) by extensions ['ros']
[0.295s] Level 1:colcon.colcon_core.package_identification:_identify(src) by extension 'ros'
[0.295s] Level 1:colcon.colcon_core.package_identification:_identify(src) by extensions ['cmake', 'python']
[0.295s] Level 1:colcon.colcon_core.package_identification:_identify(src) by extension 'cmake'
[0.295s] Level 1:colcon.colcon_core.package_identification:_identify(src) by extension 'python'
[0.295s] Level 1:colcon.colcon_core.package_identification:_identify(src) by extensions ['python_setup_py']
[0.295s] Level 1:colcon.colcon_core.package_identification:_identify(src) by extension 'python_setup_py'
[0.295s] Level 1:colcon.colcon_core.package_identification:_identify(src/ai_vision) by extensions ['ignore', 'ignore_ament_install']
[0.295s] Level 1:colcon.colcon_core.package_identification:_identify(src/ai_vision) by extension 'ignore'
[0.295s] Level 1:colcon.colcon_core.package_identification:_identify(src/ai_vision) by extension 'ignore_ament_install'
[0.295s] Level 1:colcon.colcon_core.package_identification:_identify(src/ai_vision) by extensions ['colcon_pkg']
[0.295s] Level 1:colcon.colcon_core.package_identification:_identify(src/ai_vision) by extension 'colcon_pkg'
[0.295s] Level 1:colcon.colcon_core.package_identification:_identify(src/ai_vision) by extensions ['colcon_meta']
[0.295s] Level 1:colcon.colcon_core.package_identification:_identify(src/ai_vision) by extension 'colcon_meta'
[0.295s] Level 1:colcon.colcon_core.package_identification:_identify(src/ai_vision) by extensions ['ros']
[0.295s] Level 1:colcon.colcon_core.package_identification:_identify(src/ai_vision) by extension 'ros'
[0.299s] DEBUG:colcon.colcon_core.package_identification:Package 'src/ai_vision' with type 'ros.ament_python' and name 'ai_vision'
[0.299s] Level 1:colcon.colcon_core.package_identification:_identify(src/foxglove) by extensions ['ignore', 'ignore_ament_install']
[0.299s] Level 1:colcon.colcon_core.package_identification:_identify(src/foxglove) by extension 'ignore'
[0.299s] Level 1:colcon.colcon_core.package_identification:_identify(src/foxglove) by extension 'ignore_ament_install'
[0.299s] Level 1:colcon.colcon_core.package_identification:_identify(src/foxglove) by extensions ['colcon_pkg']
[0.299s] Level 1:colcon.colcon_core.package_identification:_identify(src/foxglove) by extension 'colcon_pkg'
[0.299s] Level 1:colcon.colcon_core.package_identification:_identify(src/foxglove) by extensions ['colcon_meta']
[0.299s] Level 1:colcon.colcon_core.package_identification:_identify(src/foxglove) by extension 'colcon_meta'
[0.299s] Level 1:colcon.colcon_core.package_identification:_identify(src/foxglove) by extensions ['ros']
[0.299s] Level 1:colcon.colcon_core.package_identification:_identify(src/foxglove) by extension 'ros'
[0.300s] DEBUG:colcon.colcon_core.package_identification:Package 'src/foxglove' with type 'ros.ament_cmake' and name 'foxglove'
[0.300s] Level 1:colcon.colcon_core.package_identification:_identify(src/hardware) by extensions ['ignore', 'ignore_ament_install']
[0.300s] Level 1:colcon.colcon_core.package_identification:_identify(src/hardware) by extension 'ignore'
[0.300s] Level 1:colcon.colcon_core.package_identification:_identify(src/hardware) by extension 'ignore_ament_install'
[0.300s] Level 1:colcon.colcon_core.package_identification:_identify(src/hardware) by extensions ['colcon_pkg']
[0.300s] Level 1:colcon.colcon_core.package_identification:_identify(src/hardware) by extension 'colcon_pkg'
[0.300s] Level 1:colcon.colcon_core.package_identification:_identify(src/hardware) by extensions ['colcon_meta']
[0.300s] Level 1:colcon.colcon_core.package_identification:_identify(src/hardware) by extension 'colcon_meta'
[0.300s] Level 1:colcon.colcon_core.package_identification:_identify(src/hardware) by extensions ['ros']
[0.300s] Level 1:colcon.colcon_core.package_identification:_identify(src/hardware) by extension 'ros'
[0.304s] DEBUG:colcon.colcon_core.package_identification:Package 'src/hardware' with type 'ros.ament_cmake' and name 'hardware'
[0.304s] Level 1:colcon.colcon_core.package_identification:_identify(src/icm20948-python) by extensions ['ignore', 'ignore_ament_install']
[0.304s] Level 1:colcon.colcon_core.package_identification:_identify(src/icm20948-python) by extension 'ignore'
[0.304s] Level 1:colcon.colcon_core.package_identification:_identify(src/icm20948-python) by extension 'ignore_ament_install'
[0.304s] Level 1:colcon.colcon_core.package_identification:_identify(src/icm20948-python) by extensions ['colcon_pkg']
[0.304s] Level 1:colcon.colcon_core.package_identification:_identify(src/icm20948-python) by extension 'colcon_pkg'
[0.305s] Level 1:colcon.colcon_core.package_identification:_identify(src/icm20948-python) by extensions ['colcon_meta']
[0.305s] Level 1:colcon.colcon_core.package_identification:_identify(src/icm20948-python) by extension 'colcon_meta'
[0.305s] Level 1:colcon.colcon_core.package_identification:_identify(src/icm20948-python) by extensions ['ros']
[0.305s] Level 1:colcon.colcon_core.package_identification:_identify(src/icm20948-python) by extension 'ros'
[0.305s] Level 1:colcon.colcon_core.package_identification:_identify(src/icm20948-python) by extensions ['cmake', 'python']
[0.305s] Level 1:colcon.colcon_core.package_identification:_identify(src/icm20948-python) by extension 'cmake'
[0.305s] Level 1:colcon.colcon_core.package_identification:_identify(src/icm20948-python) by extension 'python'
[0.305s] Level 1:colcon.colcon_core.package_identification:_identify(src/icm20948-python) by extensions ['python_setup_py']
[0.305s] Level 1:colcon.colcon_core.package_identification:_identify(src/icm20948-python) by extension 'python_setup_py'
[0.305s] Level 1:colcon.colcon_core.package_identification:_identify(src/icm20948-python/examples) by extensions ['ignore', 'ignore_ament_install']
[0.305s] Level 1:colcon.colcon_core.package_identification:_identify(src/icm20948-python/examples) by extension 'ignore'
[0.305s] Level 1:colcon.colcon_core.package_identification:_identify(src/icm20948-python/examples) by extension 'ignore_ament_install'
[0.305s] Level 1:colcon.colcon_core.package_identification:_identify(src/icm20948-python/examples) by extensions ['colcon_pkg']
[0.305s] Level 1:colcon.colcon_core.package_identification:_identify(src/icm20948-python/examples) by extension 'colcon_pkg'
[0.305s] Level 1:colcon.colcon_core.package_identification:_identify(src/icm20948-python/examples) by extensions ['colcon_meta']
[0.305s] Level 1:colcon.colcon_core.package_identification:_identify(src/icm20948-python/examples) by extension 'colcon_meta'
[0.305s] Level 1:colcon.colcon_core.package_identification:_identify(src/icm20948-python/examples) by extensions ['ros']
[0.305s] Level 1:colcon.colcon_core.package_identification:_identify(src/icm20948-python/examples) by extension 'ros'
[0.305s] Level 1:colcon.colcon_core.package_identification:_identify(src/icm20948-python/examples) by extensions ['cmake', 'python']
[0.305s] Level 1:colcon.colcon_core.package_identification:_identify(src/icm20948-python/examples) by extension 'cmake'
[0.305s] Level 1:colcon.colcon_core.package_identification:_identify(src/icm20948-python/examples) by extension 'python'
[0.305s] Level 1:colcon.colcon_core.package_identification:_identify(src/icm20948-python/examples) by extensions ['python_setup_py']
[0.305s] Level 1:colcon.colcon_core.package_identification:_identify(src/icm20948-python/examples) by extension 'python_setup_py'
[0.306s] Level 1:colcon.colcon_core.package_identification:_identify(src/icm20948-python/icm20948) by extensions ['ignore', 'ignore_ament_install']
[0.306s] Level 1:colcon.colcon_core.package_identification:_identify(src/icm20948-python/icm20948) by extension 'ignore'
[0.306s] Level 1:colcon.colcon_core.package_identification:_identify(src/icm20948-python/icm20948) by extension 'ignore_ament_install'
[0.306s] Level 1:colcon.colcon_core.package_identification:_identify(src/icm20948-python/icm20948) by extensions ['colcon_pkg']
[0.306s] Level 1:colcon.colcon_core.package_identification:_identify(src/icm20948-python/icm20948) by extension 'colcon_pkg'
[0.306s] Level 1:colcon.colcon_core.package_identification:_identify(src/icm20948-python/icm20948) by extensions ['colcon_meta']
[0.306s] Level 1:colcon.colcon_core.package_identification:_identify(src/icm20948-python/icm20948) by extension 'colcon_meta'
[0.306s] Level 1:colcon.colcon_core.package_identification:_identify(src/icm20948-python/icm20948) by extensions ['ros']
[0.306s] Level 1:colcon.colcon_core.package_identification:_identify(src/icm20948-python/icm20948) by extension 'ros'
[0.306s] Level 1:colcon.colcon_core.package_identification:_identify(src/icm20948-python/icm20948) by extensions ['cmake', 'python']
[0.306s] Level 1:colcon.colcon_core.package_identification:_identify(src/icm20948-python/icm20948) by extension 'cmake'
[0.306s] Level 1:colcon.colcon_core.package_identification:_identify(src/icm20948-python/icm20948) by extension 'python'
[0.306s] Level 1:colcon.colcon_core.package_identification:_identify(src/icm20948-python/icm20948) by extensions ['python_setup_py']
[0.306s] Level 1:colcon.colcon_core.package_identification:_identify(src/icm20948-python/icm20948) by extension 'python_setup_py'
[0.306s] Level 1:colcon.colcon_core.package_identification:_identify(src/icm20948-python/tests) by extensions ['ignore', 'ignore_ament_install']
[0.306s] Level 1:colcon.colcon_core.package_identification:_identify(src/icm20948-python/tests) by extension 'ignore'
[0.306s] Level 1:colcon.colcon_core.package_identification:_identify(src/icm20948-python/tests) by extension 'ignore_ament_install'
[0.306s] Level 1:colcon.colcon_core.package_identification:_identify(src/icm20948-python/tests) by extensions ['colcon_pkg']
[0.306s] Level 1:colcon.colcon_core.package_identification:_identify(src/icm20948-python/tests) by extension 'colcon_pkg'
[0.306s] Level 1:colcon.colcon_core.package_identification:_identify(src/icm20948-python/tests) by extensions ['colcon_meta']
[0.306s] Level 1:colcon.colcon_core.package_identification:_identify(src/icm20948-python/tests) by extension 'colcon_meta'
[0.306s] Level 1:colcon.colcon_core.package_identification:_identify(src/icm20948-python/tests) by extensions ['ros']
[0.306s] Level 1:colcon.colcon_core.package_identification:_identify(src/icm20948-python/tests) by extension 'ros'
[0.307s] Level 1:colcon.colcon_core.package_identification:_identify(src/icm20948-python/tests) by extensions ['cmake', 'python']
[0.307s] Level 1:colcon.colcon_core.package_identification:_identify(src/icm20948-python/tests) by extension 'cmake'
[0.307s] Level 1:colcon.colcon_core.package_identification:_identify(src/icm20948-python/tests) by extension 'python'
[0.307s] Level 1:colcon.colcon_core.package_identification:_identify(src/icm20948-python/tests) by extensions ['python_setup_py']
[0.307s] Level 1:colcon.colcon_core.package_identification:_identify(src/icm20948-python/tests) by extension 'python_setup_py'
[0.307s] Level 1:colcon.colcon_core.package_identification:_identify(src/icm20948-ros2) by extensions ['ignore', 'ignore_ament_install']
[0.307s] Level 1:colcon.colcon_core.package_identification:_identify(src/icm20948-ros2) by extension 'ignore'
[0.307s] Level 1:colcon.colcon_core.package_identification:_identify(src/icm20948-ros2) by extension 'ignore_ament_install'
[0.307s] Level 1:colcon.colcon_core.package_identification:_identify(src/icm20948-ros2) by extensions ['colcon_pkg']
[0.307s] Level 1:colcon.colcon_core.package_identification:_identify(src/icm20948-ros2) by extension 'colcon_pkg'
[0.307s] Level 1:colcon.colcon_core.package_identification:_identify(src/icm20948-ros2) by extensions ['colcon_meta']
[0.307s] Level 1:colcon.colcon_core.package_identification:_identify(src/icm20948-ros2) by extension 'colcon_meta'
[0.307s] Level 1:colcon.colcon_core.package_identification:_identify(src/icm20948-ros2) by extensions ['ros']
[0.307s] Level 1:colcon.colcon_core.package_identification:_identify(src/icm20948-ros2) by extension 'ros'
[0.308s] DEBUG:colcon.colcon_core.package_identification:Package 'src/icm20948-ros2' with type 'ros.ament_python' and name 'icm20948_ros2'
[0.308s] Level 1:colcon.colcon_core.package_identification:_identify(src/localization) by extensions ['ignore', 'ignore_ament_install']
[0.308s] Level 1:colcon.colcon_core.package_identification:_identify(src/localization) by extension 'ignore'
[0.308s] Level 1:colcon.colcon_core.package_identification:_identify(src/localization) by extension 'ignore_ament_install'
[0.308s] Level 1:colcon.colcon_core.package_identification:_identify(src/localization) by extensions ['colcon_pkg']
[0.308s] Level 1:colcon.colcon_core.package_identification:_identify(src/localization) by extension 'colcon_pkg'
[0.308s] Level 1:colcon.colcon_core.package_identification:_identify(src/localization) by extensions ['colcon_meta']
[0.308s] Level 1:colcon.colcon_core.package_identification:_identify(src/localization) by extension 'colcon_meta'
[0.308s] Level 1:colcon.colcon_core.package_identification:_identify(src/localization) by extensions ['ros']
[0.308s] Level 1:colcon.colcon_core.package_identification:_identify(src/localization) by extension 'ros'
[0.309s] DEBUG:colcon.colcon_core.package_identification:Package 'src/localization' with type 'ros.ament_cmake' and name 'localization'
[0.309s] Level 1:colcon.colcon_core.package_identification:_identify(src/main_brain) by extensions ['ignore', 'ignore_ament_install']
[0.309s] Level 1:colcon.colcon_core.package_identification:_identify(src/main_brain) by extension 'ignore'
[0.309s] Level 1:colcon.colcon_core.package_identification:_identify(src/main_brain) by extension 'ignore_ament_install'
[0.309s] Level 1:colcon.colcon_core.package_identification:_identify(src/main_brain) by extensions ['colcon_pkg']
[0.309s] Level 1:colcon.colcon_core.package_identification:_identify(src/main_brain) by extension 'colcon_pkg'
[0.309s] Level 1:colcon.colcon_core.package_identification:_identify(src/main_brain) by extensions ['colcon_meta']
[0.309s] Level 1:colcon.colcon_core.package_identification:_identify(src/main_brain) by extension 'colcon_meta'
[0.309s] Level 1:colcon.colcon_core.package_identification:_identify(src/main_brain) by extensions ['ros']
[0.309s] Level 1:colcon.colcon_core.package_identification:_identify(src/main_brain) by extension 'ros'
[0.310s] DEBUG:colcon.colcon_core.package_identification:Package 'src/main_brain' with type 'ros.ament_cmake' and name 'main_brain'
[0.310s] Level 1:colcon.colcon_core.package_identification:_identify(src/navigation) by extensions ['ignore', 'ignore_ament_install']
[0.310s] Level 1:colcon.colcon_core.package_identification:_identify(src/navigation) by extension 'ignore'
[0.310s] Level 1:colcon.colcon_core.package_identification:_identify(src/navigation) by extension 'ignore_ament_install'
[0.310s] Level 1:colcon.colcon_core.package_identification:_identify(src/navigation) by extensions ['colcon_pkg']
[0.310s] Level 1:colcon.colcon_core.package_identification:_identify(src/navigation) by extension 'colcon_pkg'
[0.310s] Level 1:colcon.colcon_core.package_identification:_identify(src/navigation) by extensions ['colcon_meta']
[0.310s] Level 1:colcon.colcon_core.package_identification:_identify(src/navigation) by extension 'colcon_meta'
[0.310s] Level 1:colcon.colcon_core.package_identification:_identify(src/navigation) by extensions ['ros']
[0.310s] Level 1:colcon.colcon_core.package_identification:_identify(src/navigation) by extension 'ros'
[0.311s] DEBUG:colcon.colcon_core.package_identification:Package 'src/navigation' with type 'ros.ament_cmake' and name 'navigation'
[0.311s] Level 1:colcon.colcon_core.package_identification:_identify(src/rf2o_laser_odometry) by extensions ['ignore', 'ignore_ament_install']
[0.311s] Level 1:colcon.colcon_core.package_identification:_identify(src/rf2o_laser_odometry) by extension 'ignore'
[0.311s] Level 1:colcon.colcon_core.package_identification:_identify(src/rf2o_laser_odometry) by extension 'ignore_ament_install'
[0.311s] Level 1:colcon.colcon_core.package_identification:_identify(src/rf2o_laser_odometry) by extensions ['colcon_pkg']
[0.311s] Level 1:colcon.colcon_core.package_identification:_identify(src/rf2o_laser_odometry) by extension 'colcon_pkg'
[0.311s] Level 1:colcon.colcon_core.package_identification:_identify(src/rf2o_laser_odometry) by extensions ['colcon_meta']
[0.311s] Level 1:colcon.colcon_core.package_identification:_identify(src/rf2o_laser_odometry) by extension 'colcon_meta'
[0.311s] Level 1:colcon.colcon_core.package_identification:_identify(src/rf2o_laser_odometry) by extensions ['ros']
[0.311s] Level 1:colcon.colcon_core.package_identification:_identify(src/rf2o_laser_odometry) by extension 'ros'
[0.312s] DEBUG:colcon.colcon_core.package_identification:Package 'src/rf2o_laser_odometry' with type 'ros.ament_cmake' and name 'rf2o_laser_odometry'
[0.312s] Level 1:colcon.colcon_core.package_identification:_identify(src/robot_bringup) by extensions ['ignore', 'ignore_ament_install']
[0.313s] Level 1:colcon.colcon_core.package_identification:_identify(src/robot_bringup) by extension 'ignore'
[0.313s] Level 1:colcon.colcon_core.package_identification:_identify(src/robot_bringup) by extension 'ignore_ament_install'
[0.313s] Level 1:colcon.colcon_core.package_identification:_identify(src/robot_bringup) by extensions ['colcon_pkg']
[0.313s] Level 1:colcon.colcon_core.package_identification:_identify(src/robot_bringup) by extension 'colcon_pkg'
[0.313s] Level 1:colcon.colcon_core.package_identification:_identify(src/robot_bringup) by extensions ['colcon_meta']
[0.313s] Level 1:colcon.colcon_core.package_identification:_identify(src/robot_bringup) by extension 'colcon_meta'
[0.313s] Level 1:colcon.colcon_core.package_identification:_identify(src/robot_bringup) by extensions ['ros']
[0.313s] Level 1:colcon.colcon_core.package_identification:_identify(src/robot_bringup) by extension 'ros'
[0.313s] DEBUG:colcon.colcon_core.package_identification:Package 'src/robot_bringup' with type 'ros.ament_cmake' and name 'robot_bringup'
[0.313s] Level 1:colcon.colcon_core.package_identification:_identify(src/robot_description) by extensions ['ignore', 'ignore_ament_install']
[0.314s] Level 1:colcon.colcon_core.package_identification:_identify(src/robot_description) by extension 'ignore'
[0.314s] Level 1:colcon.colcon_core.package_identification:_identify(src/robot_description) by extension 'ignore_ament_install'
[0.314s] Level 1:colcon.colcon_core.package_identification:_identify(src/robot_description) by extensions ['colcon_pkg']
[0.314s] Level 1:colcon.colcon_core.package_identification:_identify(src/robot_description) by extension 'colcon_pkg'
[0.314s] Level 1:colcon.colcon_core.package_identification:_identify(src/robot_description) by extensions ['colcon_meta']
[0.314s] Level 1:colcon.colcon_core.package_identification:_identify(src/robot_description) by extension 'colcon_meta'
[0.314s] Level 1:colcon.colcon_core.package_identification:_identify(src/robot_description) by extensions ['ros']
[0.314s] Level 1:colcon.colcon_core.package_identification:_identify(src/robot_description) by extension 'ros'
[0.314s] DEBUG:colcon.colcon_core.package_identification:Package 'src/robot_description' with type 'ros.ament_cmake' and name 'robot_description'
[0.314s] Level 1:colcon.colcon_core.package_identification:_identify(src/sensor_fusion_pkg) by extensions ['ignore', 'ignore_ament_install']
[0.314s] Level 1:colcon.colcon_core.package_identification:_identify(src/sensor_fusion_pkg) by extension 'ignore'
[0.314s] Level 1:colcon.colcon_core.package_identification:_identify(src/sensor_fusion_pkg) by extension 'ignore_ament_install'
[0.315s] Level 1:colcon.colcon_core.package_identification:_identify(src/sensor_fusion_pkg) by extensions ['colcon_pkg']
[0.315s] Level 1:colcon.colcon_core.package_identification:_identify(src/sensor_fusion_pkg) by extension 'colcon_pkg'
[0.315s] Level 1:colcon.colcon_core.package_identification:_identify(src/sensor_fusion_pkg) by extensions ['colcon_meta']
[0.315s] Level 1:colcon.colcon_core.package_identification:_identify(src/sensor_fusion_pkg) by extension 'colcon_meta'
[0.315s] Level 1:colcon.colcon_core.package_identification:_identify(src/sensor_fusion_pkg) by extensions ['ros']
[0.315s] Level 1:colcon.colcon_core.package_identification:_identify(src/sensor_fusion_pkg) by extension 'ros'
[0.315s] Level 1:colcon.colcon_core.package_identification:_identify(src/sensor_fusion_pkg) by extensions ['cmake', 'python']
[0.315s] Level 1:colcon.colcon_core.package_identification:_identify(src/sensor_fusion_pkg) by extension 'cmake'
[0.315s] Level 1:colcon.colcon_core.package_identification:_identify(src/sensor_fusion_pkg) by extension 'python'
[0.315s] Level 1:colcon.colcon_core.package_identification:_identify(src/sensor_fusion_pkg) by extensions ['python_setup_py']
[0.315s] Level 1:colcon.colcon_core.package_identification:_identify(src/sensor_fusion_pkg) by extension 'python_setup_py'
[0.315s] Level 1:colcon.colcon_core.package_identification:_identify(src/sensor_fusion_pkg/sensor_fusion_pkg) by extensions ['ignore', 'ignore_ament_install']
[0.315s] Level 1:colcon.colcon_core.package_identification:_identify(src/sensor_fusion_pkg/sensor_fusion_pkg) by extension 'ignore'
[0.315s] Level 1:colcon.colcon_core.package_identification:_identify(src/sensor_fusion_pkg/sensor_fusion_pkg) by extension 'ignore_ament_install'
[0.315s] Level 1:colcon.colcon_core.package_identification:_identify(src/sensor_fusion_pkg/sensor_fusion_pkg) by extensions ['colcon_pkg']
[0.315s] Level 1:colcon.colcon_core.package_identification:_identify(src/sensor_fusion_pkg/sensor_fusion_pkg) by extension 'colcon_pkg'
[0.315s] Level 1:colcon.colcon_core.package_identification:_identify(src/sensor_fusion_pkg/sensor_fusion_pkg) by extensions ['colcon_meta']
[0.315s] Level 1:colcon.colcon_core.package_identification:_identify(src/sensor_fusion_pkg/sensor_fusion_pkg) by extension 'colcon_meta'
[0.315s] Level 1:colcon.colcon_core.package_identification:_identify(src/sensor_fusion_pkg/sensor_fusion_pkg) by extensions ['ros']
[0.315s] Level 1:colcon.colcon_core.package_identification:_identify(src/sensor_fusion_pkg/sensor_fusion_pkg) by extension 'ros'
[0.315s] Level 1:colcon.colcon_core.package_identification:_identify(src/sensor_fusion_pkg/sensor_fusion_pkg) by extensions ['cmake', 'python']
[0.315s] Level 1:colcon.colcon_core.package_identification:_identify(src/sensor_fusion_pkg/sensor_fusion_pkg) by extension 'cmake'
[0.316s] Level 1:colcon.colcon_core.package_identification:_identify(src/sensor_fusion_pkg/sensor_fusion_pkg) by extension 'python'
[0.316s] Level 1:colcon.colcon_core.package_identification:_identify(src/sensor_fusion_pkg/sensor_fusion_pkg) by extensions ['python_setup_py']
[0.316s] Level 1:colcon.colcon_core.package_identification:_identify(src/sensor_fusion_pkg/sensor_fusion_pkg) by extension 'python_setup_py'
[0.316s] Level 1:colcon.colcon_core.package_identification:_identify(src/sensor_fusion_pkg/sensor_fusion_pkg/__pycache__) by extensions ['ignore', 'ignore_ament_install']
[0.316s] Level 1:colcon.colcon_core.package_identification:_identify(src/sensor_fusion_pkg/sensor_fusion_pkg/__pycache__) by extension 'ignore'
[0.316s] Level 1:colcon.colcon_core.package_identification:_identify(src/sensor_fusion_pkg/sensor_fusion_pkg/__pycache__) by extension 'ignore_ament_install'
[0.316s] Level 1:colcon.colcon_core.package_identification:_identify(src/sensor_fusion_pkg/sensor_fusion_pkg/__pycache__) by extensions ['colcon_pkg']
[0.316s] Level 1:colcon.colcon_core.package_identification:_identify(src/sensor_fusion_pkg/sensor_fusion_pkg/__pycache__) by extension 'colcon_pkg'
[0.316s] Level 1:colcon.colcon_core.package_identification:_identify(src/sensor_fusion_pkg/sensor_fusion_pkg/__pycache__) by extensions ['colcon_meta']
[0.316s] Level 1:colcon.colcon_core.package_identification:_identify(src/sensor_fusion_pkg/sensor_fusion_pkg/__pycache__) by extension 'colcon_meta'
[0.316s] Level 1:colcon.colcon_core.package_identification:_identify(src/sensor_fusion_pkg/sensor_fusion_pkg/__pycache__) by extensions ['ros']
[0.316s] Level 1:colcon.colcon_core.package_identification:_identify(src/sensor_fusion_pkg/sensor_fusion_pkg/__pycache__) by extension 'ros'
[0.316s] Level 1:colcon.colcon_core.package_identification:_identify(src/sensor_fusion_pkg/sensor_fusion_pkg/__pycache__) by extensions ['cmake', 'python']
[0.316s] Level 1:colcon.colcon_core.package_identification:_identify(src/sensor_fusion_pkg/sensor_fusion_pkg/__pycache__) by extension 'cmake'
[0.316s] Level 1:colcon.colcon_core.package_identification:_identify(src/sensor_fusion_pkg/sensor_fusion_pkg/__pycache__) by extension 'python'
[0.316s] Level 1:colcon.colcon_core.package_identification:_identify(src/sensor_fusion_pkg/sensor_fusion_pkg/__pycache__) by extensions ['python_setup_py']
[0.316s] Level 1:colcon.colcon_core.package_identification:_identify(src/sensor_fusion_pkg/sensor_fusion_pkg/__pycache__) by extension 'python_setup_py'
[0.316s] Level 1:colcon.colcon_core.package_identification:_identify(src/shooting) by extensions ['ignore', 'ignore_ament_install']
[0.316s] Level 1:colcon.colcon_core.package_identification:_identify(src/shooting) by extension 'ignore'
[0.316s] Level 1:colcon.colcon_core.package_identification:_identify(src/shooting) by extension 'ignore_ament_install'
[0.316s] Level 1:colcon.colcon_core.package_identification:_identify(src/shooting) by extensions ['colcon_pkg']
[0.316s] Level 1:colcon.colcon_core.package_identification:_identify(src/shooting) by extension 'colcon_pkg'
[0.317s] Level 1:colcon.colcon_core.package_identification:_identify(src/shooting) by extensions ['colcon_meta']
[0.317s] Level 1:colcon.colcon_core.package_identification:_identify(src/shooting) by extension 'colcon_meta'
[0.317s] Level 1:colcon.colcon_core.package_identification:_identify(src/shooting) by extensions ['ros']
[0.317s] Level 1:colcon.colcon_core.package_identification:_identify(src/shooting) by extension 'ros'
[0.317s] DEBUG:colcon.colcon_core.package_identification:Package 'src/shooting' with type 'ros.ament_cmake' and name 'shooting'
[0.317s] Level 1:colcon.colcon_core.package_identification:_identify(src/tactical_brain) by extensions ['ignore', 'ignore_ament_install']
[0.317s] Level 1:colcon.colcon_core.package_identification:_identify(src/tactical_brain) by extension 'ignore'
[0.318s] Level 1:colcon.colcon_core.package_identification:_identify(src/tactical_brain) by extension 'ignore_ament_install'
[0.318s] Level 1:colcon.colcon_core.package_identification:_identify(src/tactical_brain) by extensions ['colcon_pkg']
[0.318s] Level 1:colcon.colcon_core.package_identification:_identify(src/tactical_brain) by extension 'colcon_pkg'
[0.318s] Level 1:colcon.colcon_core.package_identification:_identify(src/tactical_brain) by extensions ['colcon_meta']
[0.318s] Level 1:colcon.colcon_core.package_identification:_identify(src/tactical_brain) by extension 'colcon_meta'
[0.318s] Level 1:colcon.colcon_core.package_identification:_identify(src/tactical_brain) by extensions ['ros']
[0.318s] Level 1:colcon.colcon_core.package_identification:_identify(src/tactical_brain) by extension 'ros'
[0.319s] DEBUG:colcon.colcon_core.package_identification:Package 'src/tactical_brain' with type 'ros.ament_python' and name 'tactical_brain'
[0.319s] Level 1:colcon.colcon_core.package_identification:_identify(src/telemetry_data) by extensions ['ignore', 'ignore_ament_install']
[0.319s] Level 1:colcon.colcon_core.package_identification:_identify(src/telemetry_data) by extension 'ignore'
[0.319s] Level 1:colcon.colcon_core.package_identification:_identify(src/telemetry_data) by extension 'ignore_ament_install'
[0.319s] Level 1:colcon.colcon_core.package_identification:_identify(src/telemetry_data) by extensions ['colcon_pkg']
[0.319s] Level 1:colcon.colcon_core.package_identification:_identify(src/telemetry_data) by extension 'colcon_pkg'
[0.319s] Level 1:colcon.colcon_core.package_identification:_identify(src/telemetry_data) by extensions ['colcon_meta']
[0.319s] Level 1:colcon.colcon_core.package_identification:_identify(src/telemetry_data) by extension 'colcon_meta'
[0.319s] Level 1:colcon.colcon_core.package_identification:_identify(src/telemetry_data) by extensions ['ros']
[0.319s] Level 1:colcon.colcon_core.package_identification:_identify(src/telemetry_data) by extension 'ros'
[0.320s] DEBUG:colcon.colcon_core.package_identification:Package 'src/telemetry_data' with type 'ros.ament_cmake' and name 'telemetry_data'
[0.320s] Level 1:colcon.colcon_core.package_identification:_identify(src/ydlidar_ros2_driver) by extensions ['ignore', 'ignore_ament_install']
[0.320s] Level 1:colcon.colcon_core.package_identification:_identify(src/ydlidar_ros2_driver) by extension 'ignore'
[0.320s] Level 1:colcon.colcon_core.package_identification:_identify(src/ydlidar_ros2_driver) by extension 'ignore_ament_install'
[0.320s] Level 1:colcon.colcon_core.package_identification:_identify(src/ydlidar_ros2_driver) by extensions ['colcon_pkg']
[0.320s] Level 1:colcon.colcon_core.package_identification:_identify(src/ydlidar_ros2_driver) by extension 'colcon_pkg'
[0.320s] Level 1:colcon.colcon_core.package_identification:_identify(src/ydlidar_ros2_driver) by extensions ['colcon_meta']
[0.321s] Level 1:colcon.colcon_core.package_identification:_identify(src/ydlidar_ros2_driver) by extension 'colcon_meta'
[0.321s] Level 1:colcon.colcon_core.package_identification:_identify(src/ydlidar_ros2_driver) by extensions ['ros']
[0.321s] Level 1:colcon.colcon_core.package_identification:_identify(src/ydlidar_ros2_driver) by extension 'ros'
[0.321s] DEBUG:colcon.colcon_core.package_identification:Package 'src/ydlidar_ros2_driver' with type 'ros.ament_cmake' and name 'ydlidar_ros2_driver'
[0.321s] Level 1:colcon.colcon_core.package_discovery:discover_packages(recursive) using defaults
[0.322s] Level 1:colcon.colcon_core.package_discovery:discover_packages(ignore) discover
[0.322s] Level 1:colcon.colcon_core.package_discovery:discover_packages(ignore) using defaults
[0.322s] Level 1:colcon.colcon_core.package_discovery:discover_packages(path) discover
[0.322s] Level 1:colcon.colcon_core.package_discovery:discover_packages(path) using defaults
[0.353s] Level 5:colcon.colcon_core.verb:set package 'ai_vision' build argument 'cmake_args' from command line to 'None'
[0.353s] Level 5:colcon.colcon_core.verb:set package 'ai_vision' build argument 'cmake_target' from command line to 'None'
[0.353s] Level 5:colcon.colcon_core.verb:set package 'ai_vision' build argument 'cmake_target_skip_unavailable' from command line to 'False'
[0.353s] Level 5:colcon.colcon_core.verb:set package 'ai_vision' build argument 'cmake_clean_cache' from command line to 'False'
[0.353s] Level 5:colcon.colcon_core.verb:set package 'ai_vision' build argument 'cmake_clean_first' from command line to 'False'
[0.353s] Level 5:colcon.colcon_core.verb:set package 'ai_vision' build argument 'cmake_force_configure' from command line to 'False'
[0.353s] Level 5:colcon.colcon_core.verb:set package 'ai_vision' build argument 'ament_cmake_args' from command line to 'None'
[0.353s] Level 5:colcon.colcon_core.verb:set package 'ai_vision' build argument 'catkin_cmake_args' from command line to 'None'
[0.353s] Level 5:colcon.colcon_core.verb:set package 'ai_vision' build argument 'catkin_skip_building_tests' from command line to 'False'
[0.353s] DEBUG:colcon.colcon_core.verb:Building package 'ai_vision' with the following arguments: {'ament_cmake_args': None, 'build_base': '/ros2_ws/build/ai_vision', 'catkin_cmake_args': None, 'catkin_skip_building_tests': False, 'cmake_args': None, 'cmake_clean_cache': False, 'cmake_clean_first': False, 'cmake_force_configure': False, 'cmake_target': None, 'cmake_target_skip_unavailable': False, 'install_base': '/ros2_ws/install/ai_vision', 'merge_install': False, 'path': '/ros2_ws/src/ai_vision', 'symlink_install': True, 'test_result_base': None}
[0.354s] Level 5:colcon.colcon_core.verb:set package 'foxglove' build argument 'cmake_args' from command line to 'None'
[0.354s] Level 5:colcon.colcon_core.verb:set package 'foxglove' build argument 'cmake_target' from command line to 'None'
[0.354s] Level 5:colcon.colcon_core.verb:set package 'foxglove' build argument 'cmake_target_skip_unavailable' from command line to 'False'
[0.354s] Level 5:colcon.colcon_core.verb:set package 'foxglove' build argument 'cmake_clean_cache' from command line to 'False'
[0.354s] Level 5:colcon.colcon_core.verb:set package 'foxglove' build argument 'cmake_clean_first' from command line to 'False'
[0.354s] Level 5:colcon.colcon_core.verb:set package 'foxglove' build argument 'cmake_force_configure' from command line to 'False'
[0.354s] Level 5:colcon.colcon_core.verb:set package 'foxglove' build argument 'ament_cmake_args' from command line to 'None'
[0.354s] Level 5:colcon.colcon_core.verb:set package 'foxglove' build argument 'catkin_cmake_args' from command line to 'None'
[0.354s] Level 5:colcon.colcon_core.verb:set package 'foxglove' build argument 'catkin_skip_building_tests' from command line to 'False'
[0.354s] DEBUG:colcon.colcon_core.verb:Building package 'foxglove' with the following arguments: {'ament_cmake_args': None, 'build_base': '/ros2_ws/build/foxglove', 'catkin_cmake_args': None, 'catkin_skip_building_tests': False, 'cmake_args': None, 'cmake_clean_cache': False, 'cmake_clean_first': False, 'cmake_force_configure': False, 'cmake_target': None, 'cmake_target_skip_unavailable': False, 'install_base': '/ros2_ws/install/foxglove', 'merge_install': False, 'path': '/ros2_ws/src/foxglove', 'symlink_install': True, 'test_result_base': None}
[0.354s] Level 5:colcon.colcon_core.verb:set package 'hardware' build argument 'cmake_args' from command line to 'None'
[0.354s] Level 5:colcon.colcon_core.verb:set package 'hardware' build argument 'cmake_target' from command line to 'None'
[0.354s] Level 5:colcon.colcon_core.verb:set package 'hardware' build argument 'cmake_target_skip_unavailable' from command line to 'False'
[0.355s] Level 5:colcon.colcon_core.verb:set package 'hardware' build argument 'cmake_clean_cache' from command line to 'False'
[0.355s] Level 5:colcon.colcon_core.verb:set package 'hardware' build argument 'cmake_clean_first' from command line to 'False'
[0.355s] Level 5:colcon.colcon_core.verb:set package 'hardware' build argument 'cmake_force_configure' from command line to 'False'
[0.355s] Level 5:colcon.colcon_core.verb:set package 'hardware' build argument 'ament_cmake_args' from command line to 'None'
[0.355s] Level 5:colcon.colcon_core.verb:set package 'hardware' build argument 'catkin_cmake_args' from command line to 'None'
[0.355s] Level 5:colcon.colcon_core.verb:set package 'hardware' build argument 'catkin_skip_building_tests' from command line to 'False'
[0.355s] DEBUG:colcon.colcon_core.verb:Building package 'hardware' with the following arguments: {'ament_cmake_args': None, 'build_base': '/ros2_ws/build/hardware', 'catkin_cmake_args': None, 'catkin_skip_building_tests': False, 'cmake_args': None, 'cmake_clean_cache': False, 'cmake_clean_first': False, 'cmake_force_configure': False, 'cmake_target': None, 'cmake_target_skip_unavailable': False, 'install_base': '/ros2_ws/install/hardware', 'merge_install': False, 'path': '/ros2_ws/src/hardware', 'symlink_install': True, 'test_result_base': None}
[0.355s] Level 5:colcon.colcon_core.verb:set package 'icm20948_ros2' build argument 'cmake_args' from command line to 'None'
[0.355s] Level 5:colcon.colcon_core.verb:set package 'icm20948_ros2' build argument 'cmake_target' from command line to 'None'
[0.355s] Level 5:colcon.colcon_core.verb:set package 'icm20948_ros2' build argument 'cmake_target_skip_unavailable' from command line to 'False'
[0.355s] Level 5:colcon.colcon_core.verb:set package 'icm20948_ros2' build argument 'cmake_clean_cache' from command line to 'False'
[0.355s] Level 5:colcon.colcon_core.verb:set package 'icm20948_ros2' build argument 'cmake_clean_first' from command line to 'False'
[0.355s] Level 5:colcon.colcon_core.verb:set package 'icm20948_ros2' build argument 'cmake_force_configure' from command line to 'False'
[0.355s] Level 5:colcon.colcon_core.verb:set package 'icm20948_ros2' build argument 'ament_cmake_args' from command line to 'None'
[0.355s] Level 5:colcon.colcon_core.verb:set package 'icm20948_ros2' build argument 'catkin_cmake_args' from command line to 'None'
[0.355s] Level 5:colcon.colcon_core.verb:set package 'icm20948_ros2' build argument 'catkin_skip_building_tests' from command line to 'False'
[0.355s] DEBUG:colcon.colcon_core.verb:Building package 'icm20948_ros2' with the following arguments: {'ament_cmake_args': None, 'build_base': '/ros2_ws/build/icm20948_ros2', 'catkin_cmake_args': None, 'catkin_skip_building_tests': False, 'cmake_args': None, 'cmake_clean_cache': False, 'cmake_clean_first': False, 'cmake_force_configure': False, 'cmake_target': None, 'cmake_target_skip_unavailable': False, 'install_base': '/ros2_ws/install/icm20948_ros2', 'merge_install': False, 'path': '/ros2_ws/src/icm20948-ros2', 'symlink_install': True, 'test_result_base': None}
[0.356s] Level 5:colcon.colcon_core.verb:set package 'main_brain' build argument 'cmake_args' from command line to 'None'
[0.356s] Level 5:colcon.colcon_core.verb:set package 'main_brain' build argument 'cmake_target' from command line to 'None'
[0.356s] Level 5:colcon.colcon_core.verb:set package 'main_brain' build argument 'cmake_target_skip_unavailable' from command line to 'False'
[0.356s] Level 5:colcon.colcon_core.verb:set package 'main_brain' build argument 'cmake_clean_cache' from command line to 'False'
[0.356s] Level 5:colcon.colcon_core.verb:set package 'main_brain' build argument 'cmake_clean_first' from command line to 'False'
[0.356s] Level 5:colcon.colcon_core.verb:set package 'main_brain' build argument 'cmake_force_configure' from command line to 'False'
[0.356s] Level 5:colcon.colcon_core.verb:set package 'main_brain' build argument 'ament_cmake_args' from command line to 'None'
[0.356s] Level 5:colcon.colcon_core.verb:set package 'main_brain' build argument 'catkin_cmake_args' from command line to 'None'
[0.356s] Level 5:colcon.colcon_core.verb:set package 'main_brain' build argument 'catkin_skip_building_tests' from command line to 'False'
[0.356s] DEBUG:colcon.colcon_core.verb:Building package 'main_brain' with the following arguments: {'ament_cmake_args': None, 'build_base': '/ros2_ws/build/main_brain', 'catkin_cmake_args': None, 'catkin_skip_building_tests': False, 'cmake_args': None, 'cmake_clean_cache': False, 'cmake_clean_first': False, 'cmake_force_configure': False, 'cmake_target': None, 'cmake_target_skip_unavailable': False, 'install_base': '/ros2_ws/install/main_brain', 'merge_install': False, 'path': '/ros2_ws/src/main_brain', 'symlink_install': True, 'test_result_base': None}
[0.356s] Level 5:colcon.colcon_core.verb:set package 'navigation' build argument 'cmake_args' from command line to 'None'
[0.356s] Level 5:colcon.colcon_core.verb:set package 'navigation' build argument 'cmake_target' from command line to 'None'
[0.356s] Level 5:colcon.colcon_core.verb:set package 'navigation' build argument 'cmake_target_skip_unavailable' from command line to 'False'
[0.356s] Level 5:colcon.colcon_core.verb:set package 'navigation' build argument 'cmake_clean_cache' from command line to 'False'
[0.356s] Level 5:colcon.colcon_core.verb:set package 'navigation' build argument 'cmake_clean_first' from command line to 'False'
[0.356s] Level 5:colcon.colcon_core.verb:set package 'navigation' build argument 'cmake_force_configure' from command line to 'False'
[0.356s] Level 5:colcon.colcon_core.verb:set package 'navigation' build argument 'ament_cmake_args' from command line to 'None'
[0.356s] Level 5:colcon.colcon_core.verb:set package 'navigation' build argument 'catkin_cmake_args' from command line to 'None'
[0.356s] Level 5:colcon.colcon_core.verb:set package 'navigation' build argument 'catkin_skip_building_tests' from command line to 'False'
[0.356s] DEBUG:colcon.colcon_core.verb:Building package 'navigation' with the following arguments: {'ament_cmake_args': None, 'build_base': '/ros2_ws/build/navigation', 'catkin_cmake_args': None, 'catkin_skip_building_tests': False, 'cmake_args': None, 'cmake_clean_cache': False, 'cmake_clean_first': False, 'cmake_force_configure': False, 'cmake_target': None, 'cmake_target_skip_unavailable': False, 'install_base': '/ros2_ws/install/navigation', 'merge_install': False, 'path': '/ros2_ws/src/navigation', 'symlink_install': True, 'test_result_base': None}
[0.357s] Level 5:colcon.colcon_core.verb:set package 'rf2o_laser_odometry' build argument 'cmake_args' from command line to 'None'
[0.357s] Level 5:colcon.colcon_core.verb:set package 'rf2o_laser_odometry' build argument 'cmake_target' from command line to 'None'
[0.357s] Level 5:colcon.colcon_core.verb:set package 'rf2o_laser_odometry' build argument 'cmake_target_skip_unavailable' from command line to 'False'
[0.357s] Level 5:colcon.colcon_core.verb:set package 'rf2o_laser_odometry' build argument 'cmake_clean_cache' from command line to 'False'
[0.357s] Level 5:colcon.colcon_core.verb:set package 'rf2o_laser_odometry' build argument 'cmake_clean_first' from command line to 'False'
[0.357s] Level 5:colcon.colcon_core.verb:set package 'rf2o_laser_odometry' build argument 'cmake_force_configure' from command line to 'False'
[0.357s] Level 5:colcon.colcon_core.verb:set package 'rf2o_laser_odometry' build argument 'ament_cmake_args' from command line to 'None'
[0.357s] Level 5:colcon.colcon_core.verb:set package 'rf2o_laser_odometry' build argument 'catkin_cmake_args' from command line to 'None'
[0.357s] Level 5:colcon.colcon_core.verb:set package 'rf2o_laser_odometry' build argument 'catkin_skip_building_tests' from command line to 'False'
[0.357s] DEBUG:colcon.colcon_core.verb:Building package 'rf2o_laser_odometry' with the following arguments: {'ament_cmake_args': None, 'build_base': '/ros2_ws/build/rf2o_laser_odometry', 'catkin_cmake_args': None, 'catkin_skip_building_tests': False, 'cmake_args': None, 'cmake_clean_cache': False, 'cmake_clean_first': False, 'cmake_force_configure': False, 'cmake_target': None, 'cmake_target_skip_unavailable': False, 'install_base': '/ros2_ws/install/rf2o_laser_odometry', 'merge_install': False, 'path': '/ros2_ws/src/rf2o_laser_odometry', 'symlink_install': True, 'test_result_base': None}
[0.357s] Level 5:colcon.colcon_core.verb:set package 'robot_description' build argument 'cmake_args' from command line to 'None'
[0.357s] Level 5:colcon.colcon_core.verb:set package 'robot_description' build argument 'cmake_target' from command line to 'None'
[0.357s] Level 5:colcon.colcon_core.verb:set package 'robot_description' build argument 'cmake_target_skip_unavailable' from command line to 'False'
[0.357s] Level 5:colcon.colcon_core.verb:set package 'robot_description' build argument 'cmake_clean_cache' from command line to 'False'
[0.357s] Level 5:colcon.colcon_core.verb:set package 'robot_description' build argument 'cmake_clean_first' from command line to 'False'
[0.357s] Level 5:colcon.colcon_core.verb:set package 'robot_description' build argument 'cmake_force_configure' from command line to 'False'
[0.357s] Level 5:colcon.colcon_core.verb:set package 'robot_description' build argument 'ament_cmake_args' from command line to 'None'
[0.357s] Level 5:colcon.colcon_core.verb:set package 'robot_description' build argument 'catkin_cmake_args' from command line to 'None'
[0.357s] Level 5:colcon.colcon_core.verb:set package 'robot_description' build argument 'catkin_skip_building_tests' from command line to 'False'
[0.357s] DEBUG:colcon.colcon_core.verb:Building package 'robot_description' with the following arguments: {'ament_cmake_args': None, 'build_base': '/ros2_ws/build/robot_description', 'catkin_cmake_args': None, 'catkin_skip_building_tests': False, 'cmake_args': None, 'cmake_clean_cache': False, 'cmake_clean_first': False, 'cmake_force_configure': False, 'cmake_target': None, 'cmake_target_skip_unavailable': False, 'install_base': '/ros2_ws/install/robot_description', 'merge_install': False, 'path': '/ros2_ws/src/robot_description', 'symlink_install': True, 'test_result_base': None}
[0.358s] Level 5:colcon.colcon_core.verb:set package 'shooting' build argument 'cmake_args' from command line to 'None'
[0.358s] Level 5:colcon.colcon_core.verb:set package 'shooting' build argument 'cmake_target' from command line to 'None'
[0.358s] Level 5:colcon.colcon_core.verb:set package 'shooting' build argument 'cmake_target_skip_unavailable' from command line to 'False'
[0.358s] Level 5:colcon.colcon_core.verb:set package 'shooting' build argument 'cmake_clean_cache' from command line to 'False'
[0.358s] Level 5:colcon.colcon_core.verb:set package 'shooting' build argument 'cmake_clean_first' from command line to 'False'
[0.358s] Level 5:colcon.colcon_core.verb:set package 'shooting' build argument 'cmake_force_configure' from command line to 'False'
[0.358s] Level 5:colcon.colcon_core.verb:set package 'shooting' build argument 'ament_cmake_args' from command line to 'None'
[0.358s] Level 5:colcon.colcon_core.verb:set package 'shooting' build argument 'catkin_cmake_args' from command line to 'None'
[0.358s] Level 5:colcon.colcon_core.verb:set package 'shooting' build argument 'catkin_skip_building_tests' from command line to 'False'
[0.358s] DEBUG:colcon.colcon_core.verb:Building package 'shooting' with the following arguments: {'ament_cmake_args': None, 'build_base': '/ros2_ws/build/shooting', 'catkin_cmake_args': None, 'catkin_skip_building_tests': False, 'cmake_args': None, 'cmake_clean_cache': False, 'cmake_clean_first': False, 'cmake_force_configure': False, 'cmake_target': None, 'cmake_target_skip_unavailable': False, 'install_base': '/ros2_ws/install/shooting', 'merge_install': False, 'path': '/ros2_ws/src/shooting', 'symlink_install': True, 'test_result_base': None}
[0.358s] Level 5:colcon.colcon_core.verb:set package 'tactical_brain' build argument 'cmake_args' from command line to 'None'
[0.358s] Level 5:colcon.colcon_core.verb:set package 'tactical_brain' build argument 'cmake_target' from command line to 'None'
[0.358s] Level 5:colcon.colcon_core.verb:set package 'tactical_brain' build argument 'cmake_target_skip_unavailable' from command line to 'False'
[0.358s] Level 5:colcon.colcon_core.verb:set package 'tactical_brain' build argument 'cmake_clean_cache' from command line to 'False'
[0.358s] Level 5:colcon.colcon_core.verb:set package 'tactical_brain' build argument 'cmake_clean_first' from command line to 'False'
[0.358s] Level 5:colcon.colcon_core.verb:set package 'tactical_brain' build argument 'cmake_force_configure' from command line to 'False'
[0.359s] Level 5:colcon.colcon_core.verb:set package 'tactical_brain' build argument 'ament_cmake_args' from command line to 'None'
[0.359s] Level 5:colcon.colcon_core.verb:set package 'tactical_brain' build argument 'catkin_cmake_args' from command line to 'None'
[0.359s] Level 5:colcon.colcon_core.verb:set package 'tactical_brain' build argument 'catkin_skip_building_tests' from command line to 'False'
[0.359s] DEBUG:colcon.colcon_core.verb:Building package 'tactical_brain' with the following arguments: {'ament_cmake_args': None, 'build_base': '/ros2_ws/build/tactical_brain', 'catkin_cmake_args': None, 'catkin_skip_building_tests': False, 'cmake_args': None, 'cmake_clean_cache': False, 'cmake_clean_first': False, 'cmake_force_configure': False, 'cmake_target': None, 'cmake_target_skip_unavailable': False, 'install_base': '/ros2_ws/install/tactical_brain', 'merge_install': False, 'path': '/ros2_ws/src/tactical_brain', 'symlink_install': True, 'test_result_base': None}
[0.359s] Level 5:colcon.colcon_core.verb:set package 'telemetry_data' build argument 'cmake_args' from command line to 'None'
[0.359s] Level 5:colcon.colcon_core.verb:set package 'telemetry_data' build argument 'cmake_target' from command line to 'None'
[0.359s] Level 5:colcon.colcon_core.verb:set package 'telemetry_data' build argument 'cmake_target_skip_unavailable' from command line to 'False'
[0.359s] Level 5:colcon.colcon_core.verb:set package 'telemetry_data' build argument 'cmake_clean_cache' from command line to 'False'
[0.359s] Level 5:colcon.colcon_core.verb:set package 'telemetry_data' build argument 'cmake_clean_first' from command line to 'False'
[0.359s] Level 5:colcon.colcon_core.verb:set package 'telemetry_data' build argument 'cmake_force_configure' from command line to 'False'
[0.359s] Level 5:colcon.colcon_core.verb:set package 'telemetry_data' build argument 'ament_cmake_args' from command line to 'None'
[0.359s] Level 5:colcon.colcon_core.verb:set package 'telemetry_data' build argument 'catkin_cmake_args' from command line to 'None'
[0.359s] Level 5:colcon.colcon_core.verb:set package 'telemetry_data' build argument 'catkin_skip_building_tests' from command line to 'False'
[0.359s] DEBUG:colcon.colcon_core.verb:Building package 'telemetry_data' with the following arguments: {'ament_cmake_args': None, 'build_base': '/ros2_ws/build/telemetry_data', 'catkin_cmake_args': None, 'catkin_skip_building_tests': False, 'cmake_args': None, 'cmake_clean_cache': False, 'cmake_clean_first': False, 'cmake_force_configure': False, 'cmake_target': None, 'cmake_target_skip_unavailable': False, 'install_base': '/ros2_ws/install/telemetry_data', 'merge_install': False, 'path': '/ros2_ws/src/telemetry_data', 'symlink_install': True, 'test_result_base': None}
[0.359s] Level 5:colcon.colcon_core.verb:set package 'ydlidar_ros2_driver' build argument 'cmake_args' from command line to 'None'
[0.360s] Level 5:colcon.colcon_core.verb:set package 'ydlidar_ros2_driver' build argument 'cmake_target' from command line to 'None'
[0.360s] Level 5:colcon.colcon_core.verb:set package 'ydlidar_ros2_driver' build argument 'cmake_target_skip_unavailable' from command line to 'False'
[0.360s] Level 5:colcon.colcon_core.verb:set package 'ydlidar_ros2_driver' build argument 'cmake_clean_cache' from command line to 'False'
[0.360s] Level 5:colcon.colcon_core.verb:set package 'ydlidar_ros2_driver' build argument 'cmake_clean_first' from command line to 'False'
[0.360s] Level 5:colcon.colcon_core.verb:set package 'ydlidar_ros2_driver' build argument 'cmake_force_configure' from command line to 'False'
[0.360s] Level 5:colcon.colcon_core.verb:set package 'ydlidar_ros2_driver' build argument 'ament_cmake_args' from command line to 'None'
[0.360s] Level 5:colcon.colcon_core.verb:set package 'ydlidar_ros2_driver' build argument 'catkin_cmake_args' from command line to 'None'
[0.360s] Level 5:colcon.colcon_core.verb:set package 'ydlidar_ros2_driver' build argument 'catkin_skip_building_tests' from command line to 'False'
[0.360s] DEBUG:colcon.colcon_core.verb:Building package 'ydlidar_ros2_driver' with the following arguments: {'ament_cmake_args': None, 'build_base': '/ros2_ws/build/ydlidar_ros2_driver', 'catkin_cmake_args': None, 'catkin_skip_building_tests': False, 'cmake_args': None, 'cmake_clean_cache': False, 'cmake_clean_first': False, 'cmake_force_configure': False, 'cmake_target': None, 'cmake_target_skip_unavailable': False, 'install_base': '/ros2_ws/install/ydlidar_ros2_driver', 'merge_install': False, 'path': '/ros2_ws/src/ydlidar_ros2_driver', 'symlink_install': True, 'test_result_base': None}
[0.360s] Level 5:colcon.colcon_core.verb:set package 'localization' build argument 'cmake_args' from command line to 'None'
[0.360s] Level 5:colcon.colcon_core.verb:set package 'localization' build argument 'cmake_target' from command line to 'None'
[0.360s] Level 5:colcon.colcon_core.verb:set package 'localization' build argument 'cmake_target_skip_unavailable' from command line to 'False'
[0.360s] Level 5:colcon.colcon_core.verb:set package 'localization' build argument 'cmake_clean_cache' from command line to 'False'
[0.360s] Level 5:colcon.colcon_core.verb:set package 'localization' build argument 'cmake_clean_first' from command line to 'False'
[0.360s] Level 5:colcon.colcon_core.verb:set package 'localization' build argument 'cmake_force_configure' from command line to 'False'
[0.360s] Level 5:colcon.colcon_core.verb:set package 'localization' build argument 'ament_cmake_args' from command line to 'None'
[0.360s] Level 5:colcon.colcon_core.verb:set package 'localization' build argument 'catkin_cmake_args' from command line to 'None'
[0.360s] Level 5:colcon.colcon_core.verb:set package 'localization' build argument 'catkin_skip_building_tests' from command line to 'False'
[0.360s] DEBUG:colcon.colcon_core.verb:Building package 'localization' with the following arguments: {'ament_cmake_args': None, 'build_base': '/ros2_ws/build/localization', 'catkin_cmake_args': None, 'catkin_skip_building_tests': False, 'cmake_args': None, 'cmake_clean_cache': False, 'cmake_clean_first': False, 'cmake_force_configure': False, 'cmake_target': None, 'cmake_target_skip_unavailable': False, 'install_base': '/ros2_ws/install/localization', 'merge_install': False, 'path': '/ros2_ws/src/localization', 'symlink_install': True, 'test_result_base': None}
[0.361s] Level 5:colcon.colcon_core.verb:set package 'robot_bringup' build argument 'cmake_args' from command line to 'None'
[0.361s] Level 5:colcon.colcon_core.verb:set package 'robot_bringup' build argument 'cmake_target' from command line to 'None'
[0.361s] Level 5:colcon.colcon_core.verb:set package 'robot_bringup' build argument 'cmake_target_skip_unavailable' from command line to 'False'
[0.361s] Level 5:colcon.colcon_core.verb:set package 'robot_bringup' build argument 'cmake_clean_cache' from command line to 'False'
[0.361s] Level 5:colcon.colcon_core.verb:set package 'robot_bringup' build argument 'cmake_clean_first' from command line to 'False'
[0.361s] Level 5:colcon.colcon_core.verb:set package 'robot_bringup' build argument 'cmake_force_configure' from command line to 'False'
[0.361s] Level 5:colcon.colcon_core.verb:set package 'robot_bringup' build argument 'ament_cmake_args' from command line to 'None'
[0.361s] Level 5:colcon.colcon_core.verb:set package 'robot_bringup' build argument 'catkin_cmake_args' from command line to 'None'
[0.361s] Level 5:colcon.colcon_core.verb:set package 'robot_bringup' build argument 'catkin_skip_building_tests' from command line to 'False'
[0.361s] DEBUG:colcon.colcon_core.verb:Building package 'robot_bringup' with the following arguments: {'ament_cmake_args': None, 'build_base': '/ros2_ws/build/robot_bringup', 'catkin_cmake_args': None, 'catkin_skip_building_tests': False, 'cmake_args': None, 'cmake_clean_cache': False, 'cmake_clean_first': False, 'cmake_force_configure': False, 'cmake_target': None, 'cmake_target_skip_unavailable': False, 'install_base': '/ros2_ws/install/robot_bringup', 'merge_install': False, 'path': '/ros2_ws/src/robot_bringup', 'symlink_install': True, 'test_result_base': None}
[0.361s] INFO:colcon.colcon_core.executor:Executing jobs using 'parallel' executor
[0.362s] DEBUG:colcon.colcon_parallel_executor.executor.parallel:run_until_complete
[0.363s] INFO:colcon.colcon_ros.task.ament_cmake.build:Building ROS package in '/ros2_ws/src/rf2o_laser_odometry' with build type 'ament_cmake'
[0.363s] INFO:colcon.colcon_cmake.task.cmake.build:Building CMake package in '/ros2_ws/src/rf2o_laser_odometry'
[0.366s] INFO:colcon.colcon_core.plugin_system:Skipping extension 'colcon_core.shell.bat': Not used on non-Windows systems
[0.366s] INFO:colcon.colcon_core.shell:Skip shell extension 'powershell' for command environment: Not usable outside of PowerShell
[0.366s] DEBUG:colcon.colcon_core.shell:Skip shell extension 'dsv' for command environment
[0.372s] INFO:colcon.colcon_ros.task.ament_cmake.build:Building ROS package in '/ros2_ws/src/ydlidar_ros2_driver' with build type 'ament_cmake'
[0.372s] INFO:colcon.colcon_cmake.task.cmake.build:Building CMake package in '/ros2_ws/src/ydlidar_ros2_driver'
[0.373s] INFO:colcon.colcon_core.shell:Skip shell extension 'powershell' for command environment: Not usable outside of PowerShell
[0.373s] DEBUG:colcon.colcon_core.shell:Skip shell extension 'dsv' for command environment
[0.378s] INFO:colcon.colcon_ros.task.ament_cmake.build:Building ROS package in '/ros2_ws/src/foxglove' with build type 'ament_cmake'
[0.378s] INFO:colcon.colcon_cmake.task.cmake.build:Building CMake package in '/ros2_ws/src/foxglove'
[0.379s] INFO:colcon.colcon_core.shell:Skip shell extension 'powershell' for command environment: Not usable outside of PowerShell
[0.379s] DEBUG:colcon.colcon_core.shell:Skip shell extension 'dsv' for command environment
[0.384s] INFO:colcon.colcon_ros.task.ament_cmake.build:Building ROS package in '/ros2_ws/src/hardware' with build type 'ament_cmake'
[0.384s] INFO:colcon.colcon_cmake.task.cmake.build:Building CMake package in '/ros2_ws/src/hardware'
[0.385s] INFO:colcon.colcon_core.shell:Skip shell extension 'powershell' for command environment: Not usable outside of PowerShell
[0.385s] DEBUG:colcon.colcon_core.shell:Skip shell extension 'dsv' for command environment
[0.395s] DEBUG:colcon.colcon_core.event_handler.log_command:Invoking command in '/ros2_ws/build/rf2o_laser_odometry': CMAKE_PREFIX_PATH=${CMAKE_PREFIX_PATH}:/ros2_ws/install/tactical_brain:/ros2_ws/install/sensor_fusion_pkg:/ros2_ws/install/icm20948_ros2:/ros2_ws/install/ai_vision:/opt/ros/humble /usr/bin/cmake --build /ros2_ws/build/rf2o_laser_odometry -- -j4 -l4
[0.407s] DEBUG:colcon.colcon_core.event_handler.log_command:Invoking command in '/ros2_ws/build/ydlidar_ros2_driver': CMAKE_PREFIX_PATH=${CMAKE_PREFIX_PATH}:/ros2_ws/install/tactical_brain:/ros2_ws/install/sensor_fusion_pkg:/ros2_ws/install/icm20948_ros2:/ros2_ws/install/ai_vision:/opt/ros/humble /usr/bin/cmake --build /ros2_ws/build/ydlidar_ros2_driver -- -j4 -l4
[0.411s] DEBUG:colcon.colcon_core.event_handler.log_command:Invoking command in '/ros2_ws/build/foxglove': CMAKE_PREFIX_PATH=${CMAKE_PREFIX_PATH}:/ros2_ws/install/tactical_brain:/ros2_ws/install/sensor_fusion_pkg:/ros2_ws/install/icm20948_ros2:/ros2_ws/install/ai_vision:/opt/ros/humble /usr/bin/cmake --build /ros2_ws/build/foxglove -- -j4 -l4
[0.422s] DEBUG:colcon.colcon_core.event_handler.log_command:Invoking command in '/ros2_ws/build/hardware': CMAKE_PREFIX_PATH=${CMAKE_PREFIX_PATH}:/ros2_ws/install/tactical_brain:/ros2_ws/install/sensor_fusion_pkg:/ros2_ws/install/icm20948_ros2:/ros2_ws/install/ai_vision:/opt/ros/humble /usr/bin/cmake --build /ros2_ws/build/hardware -- -j4 -l4
[0.468s] DEBUG:colcon.colcon_core.event_handler.log_command:Invoked command in '/ros2_ws/build/foxglove' returned '0': CMAKE_PREFIX_PATH=${CMAKE_PREFIX_PATH}:/ros2_ws/install/tactical_brain:/ros2_ws/install/sensor_fusion_pkg:/ros2_ws/install/icm20948_ros2:/ros2_ws/install/ai_vision:/opt/ros/humble /usr/bin/cmake --build /ros2_ws/build/foxglove -- -j4 -l4
[0.496s] DEBUG:colcon.colcon_core.event_handler.log_command:Invoking command in '/ros2_ws/build/foxglove': CMAKE_PREFIX_PATH=${CMAKE_PREFIX_PATH}:/ros2_ws/install/tactical_brain:/ros2_ws/install/sensor_fusion_pkg:/ros2_ws/install/icm20948_ros2:/ros2_ws/install/ai_vision:/opt/ros/humble /usr/bin/cmake --install /ros2_ws/build/foxglove
[0.558s] Level 1:colcon.colcon_core.environment:create_environment_scripts_only(foxglove)
[0.567s] DEBUG:colcon.colcon_core.event_handler.log_command:Invoked command in '/ros2_ws/build/foxglove' returned '0': CMAKE_PREFIX_PATH=${CMAKE_PREFIX_PATH}:/ros2_ws/install/tactical_brain:/ros2_ws/install/sensor_fusion_pkg:/ros2_ws/install/icm20948_ros2:/ros2_ws/install/ai_vision:/opt/ros/humble /usr/bin/cmake --install /ros2_ws/build/foxglove
[0.569s] Level 1:colcon.colcon_core.environment:checking '/ros2_ws/install/foxglove' for CMake module files
[0.570s] Level 1:colcon.colcon_core.environment:checking '/ros2_ws/install/foxglove' for CMake config files
[0.570s] Level 1:colcon.colcon_core.shell:create_environment_hook('foxglove', 'cmake_prefix_path')
[0.571s] INFO:colcon.colcon_core.shell:Creating environment hook '/ros2_ws/install/foxglove/share/foxglove/hook/cmake_prefix_path.ps1'
[0.574s] INFO:colcon.colcon_core.shell:Creating environment descriptor '/ros2_ws/install/foxglove/share/foxglove/hook/cmake_prefix_path.dsv'
[0.575s] INFO:colcon.colcon_core.shell:Creating environment hook '/ros2_ws/install/foxglove/share/foxglove/hook/cmake_prefix_path.sh'
[0.577s] Level 1:colcon.colcon_core.environment:checking '/ros2_ws/install/foxglove/bin'
[0.577s] Level 1:colcon.colcon_core.environment:checking '/ros2_ws/install/foxglove/lib/pkgconfig/foxglove.pc'
[0.579s] Level 1:colcon.colcon_core.environment:checking '/ros2_ws/install/foxglove/lib/python3.10/site-packages'
[0.580s] Level 1:colcon.colcon_core.environment:checking '/ros2_ws/install/foxglove/bin'
[0.580s] INFO:colcon.colcon_core.shell:Creating package script '/ros2_ws/install/foxglove/share/foxglove/package.ps1'
[0.581s] INFO:colcon.colcon_core.shell:Creating package descriptor '/ros2_ws/install/foxglove/share/foxglove/package.dsv'
[0.582s] INFO:colcon.colcon_core.shell:Creating package script '/ros2_ws/install/foxglove/share/foxglove/package.sh'
[0.583s] INFO:colcon.colcon_core.shell:Creating package script '/ros2_ws/install/foxglove/share/foxglove/package.bash'
[0.584s] INFO:colcon.colcon_core.shell:Creating package script '/ros2_ws/install/foxglove/share/foxglove/package.zsh'
[0.585s] Level 1:colcon.colcon_core.environment:create_file_with_runtime_dependencies(/ros2_ws/install/foxglove/share/colcon-core/packages/foxglove)
[0.586s] Level 1:colcon.colcon_core.environment:create_environment_scripts_only(foxglove)
[0.586s] Level 1:colcon.colcon_core.environment:checking '/ros2_ws/install/foxglove' for CMake module files
[0.586s] Level 1:colcon.colcon_core.environment:checking '/ros2_ws/install/foxglove' for CMake config files
[0.587s] Level 1:colcon.colcon_core.shell:create_environment_hook('foxglove', 'cmake_prefix_path')
[0.587s] INFO:colcon.colcon_core.shell:Creating environment hook '/ros2_ws/install/foxglove/share/foxglove/hook/cmake_prefix_path.ps1'
[0.587s] INFO:colcon.colcon_core.shell:Creating environment descriptor '/ros2_ws/install/foxglove/share/foxglove/hook/cmake_prefix_path.dsv'
[0.588s] INFO:colcon.colcon_core.shell:Creating environment hook '/ros2_ws/install/foxglove/share/foxglove/hook/cmake_prefix_path.sh'
[0.589s] Level 1:colcon.colcon_core.environment:checking '/ros2_ws/install/foxglove/bin'
[0.589s] Level 1:colcon.colcon_core.environment:checking '/ros2_ws/install/foxglove/lib/pkgconfig/foxglove.pc'
[0.589s] Level 1:colcon.colcon_core.environment:checking '/ros2_ws/install/foxglove/lib/python3.10/site-packages'
[0.590s] Level 1:colcon.colcon_core.environment:checking '/ros2_ws/install/foxglove/bin'
[0.590s] INFO:colcon.colcon_core.shell:Creating package script '/ros2_ws/install/foxglove/share/foxglove/package.ps1'
[0.591s] INFO:colcon.colcon_core.shell:Creating package descriptor '/ros2_ws/install/foxglove/share/foxglove/package.dsv'
[0.592s] INFO:colcon.colcon_core.shell:Creating package script '/ros2_ws/install/foxglove/share/foxglove/package.sh'
[0.592s] INFO:colcon.colcon_core.shell:Creating package script '/ros2_ws/install/foxglove/share/foxglove/package.bash'
[0.593s] INFO:colcon.colcon_core.shell:Creating package script '/ros2_ws/install/foxglove/share/foxglove/package.zsh'
[0.594s] Level 1:colcon.colcon_core.environment:create_file_with_runtime_dependencies(/ros2_ws/install/foxglove/share/colcon-core/packages/foxglove)
[0.595s] INFO:colcon.colcon_ros.task.ament_cmake.build:Building ROS package in '/ros2_ws/src/navigation' with build type 'ament_cmake'
[0.595s] INFO:colcon.colcon_cmake.task.cmake.build:Building CMake package in '/ros2_ws/src/navigation'
[0.596s] INFO:colcon.colcon_core.shell:Skip shell extension 'powershell' for command environment: Not usable outside of PowerShell
[0.596s] DEBUG:colcon.colcon_core.shell:Skip shell extension 'dsv' for command environment
[0.603s] DEBUG:colcon.colcon_core.event_handler.log_command:Invoked command in '/ros2_ws/build/hardware' returned '0': CMAKE_PREFIX_PATH=${CMAKE_PREFIX_PATH}:/ros2_ws/install/tactical_brain:/ros2_ws/install/sensor_fusion_pkg:/ros2_ws/install/icm20948_ros2:/ros2_ws/install/ai_vision:/opt/ros/humble /usr/bin/cmake --build /ros2_ws/build/hardware -- -j4 -l4
[0.608s] DEBUG:colcon.colcon_core.event_handler.log_command:Invoking command in '/ros2_ws/build/hardware': CMAKE_PREFIX_PATH=${CMAKE_PREFIX_PATH}:/ros2_ws/install/tactical_brain:/ros2_ws/install/sensor_fusion_pkg:/ros2_ws/install/icm20948_ros2:/ros2_ws/install/ai_vision:/opt/ros/humble /usr/bin/cmake --install /ros2_ws/build/hardware
[0.608s] DEBUG:colcon.colcon_core.event_handler.log_command:Invoked command in '/ros2_ws/build/rf2o_laser_odometry' returned '0': CMAKE_PREFIX_PATH=${CMAKE_PREFIX_PATH}:/ros2_ws/install/tactical_brain:/ros2_ws/install/sensor_fusion_pkg:/ros2_ws/install/icm20948_ros2:/ros2_ws/install/ai_vision:/opt/ros/humble /usr/bin/cmake --build /ros2_ws/build/rf2o_laser_odometry -- -j4 -l4
[0.610s] DEBUG:colcon.colcon_core.event_handler.log_command:Invoking command in '/ros2_ws/build/rf2o_laser_odometry': CMAKE_PREFIX_PATH=${CMAKE_PREFIX_PATH}:/ros2_ws/install/tactical_brain:/ros2_ws/install/sensor_fusion_pkg:/ros2_ws/install/icm20948_ros2:/ros2_ws/install/ai_vision:/opt/ros/humble /usr/bin/cmake --install /ros2_ws/build/rf2o_laser_odometry
[0.612s] DEBUG:colcon.colcon_core.event_handler.log_command:Invoked command in '/ros2_ws/build/ydlidar_ros2_driver' returned '0': CMAKE_PREFIX_PATH=${CMAKE_PREFIX_PATH}:/ros2_ws/install/tactical_brain:/ros2_ws/install/sensor_fusion_pkg:/ros2_ws/install/icm20948_ros2:/ros2_ws/install/ai_vision:/opt/ros/humble /usr/bin/cmake --build /ros2_ws/build/ydlidar_ros2_driver -- -j4 -l4
[0.615s] DEBUG:colcon.colcon_core.event_handler.log_command:Invoking command in '/ros2_ws/build/ydlidar_ros2_driver': CMAKE_PREFIX_PATH=${CMAKE_PREFIX_PATH}:/ros2_ws/install/tactical_brain:/ros2_ws/install/sensor_fusion_pkg:/ros2_ws/install/icm20948_ros2:/ros2_ws/install/ai_vision:/opt/ros/humble /usr/bin/cmake --install /ros2_ws/build/ydlidar_ros2_driver
[0.628s] DEBUG:colcon.colcon_core.event_handler.log_command:Invoking command in '/ros2_ws/build/navigation': CMAKE_PREFIX_PATH=${CMAKE_PREFIX_PATH}:/ros2_ws/install/tactical_brain:/ros2_ws/install/sensor_fusion_pkg:/ros2_ws/install/icm20948_ros2:/ros2_ws/install/ai_vision:/opt/ros/humble /usr/bin/cmake --build /ros2_ws/build/navigation -- -j4 -l4
[0.648s] Level 1:colcon.colcon_core.environment:create_environment_scripts_only(rf2o_laser_odometry)
[0.651s] Level 1:colcon.colcon_core.environment:checking '/ros2_ws/install/rf2o_laser_odometry' for CMake module files
[0.652s] Level 1:colcon.colcon_core.environment:checking '/ros2_ws/install/rf2o_laser_odometry' for CMake config files
[0.653s] Level 1:colcon.colcon_core.shell:create_environment_hook('rf2o_laser_odometry', 'cmake_prefix_path')
[0.656s] INFO:colcon.colcon_core.shell:Creating environment hook '/ros2_ws/install/rf2o_laser_odometry/share/rf2o_laser_odometry/hook/cmake_prefix_path.ps1'
[0.658s] INFO:colcon.colcon_core.shell:Creating environment descriptor '/ros2_ws/install/rf2o_laser_odometry/share/rf2o_laser_odometry/hook/cmake_prefix_path.dsv'
[0.660s] INFO:colcon.colcon_core.shell:Creating environment hook '/ros2_ws/install/rf2o_laser_odometry/share/rf2o_laser_odometry/hook/cmake_prefix_path.sh'
[0.661s] Level 1:colcon.colcon_core.environment:checking '/ros2_ws/install/rf2o_laser_odometry/lib'
[0.661s] Level 1:colcon.colcon_core.environment:checking '/ros2_ws/install/rf2o_laser_odometry/bin'
[0.662s] Level 1:colcon.colcon_core.environment:checking '/ros2_ws/install/rf2o_laser_odometry/lib/pkgconfig/rf2o_laser_odometry.pc'
[0.662s] Level 1:colcon.colcon_core.environment:checking '/ros2_ws/install/rf2o_laser_odometry/lib/python3.10/site-packages'
[0.663s] Level 1:colcon.colcon_core.environment:checking '/ros2_ws/install/rf2o_laser_odometry/bin'
[0.663s] INFO:colcon.colcon_core.shell:Creating package script '/ros2_ws/install/rf2o_laser_odometry/share/rf2o_laser_odometry/package.ps1'
[0.665s] INFO:colcon.colcon_core.shell:Creating package descriptor '/ros2_ws/install/rf2o_laser_odometry/share/rf2o_laser_odometry/package.dsv'
[0.666s] DEBUG:colcon.colcon_core.event_handler.log_command:Invoked command in '/ros2_ws/build/rf2o_laser_odometry' returned '0': CMAKE_PREFIX_PATH=${CMAKE_PREFIX_PATH}:/ros2_ws/install/tactical_brain:/ros2_ws/install/sensor_fusion_pkg:/ros2_ws/install/icm20948_ros2:/ros2_ws/install/ai_vision:/opt/ros/humble /usr/bin/cmake --install /ros2_ws/build/rf2o_laser_odometry
[0.667s] INFO:colcon.colcon_core.shell:Creating package script '/ros2_ws/install/rf2o_laser_odometry/share/rf2o_laser_odometry/package.sh'
[0.668s] INFO:colcon.colcon_core.shell:Creating package script '/ros2_ws/install/rf2o_laser_odometry/share/rf2o_laser_odometry/package.bash'
[0.668s] INFO:colcon.colcon_core.shell:Creating package script '/ros2_ws/install/rf2o_laser_odometry/share/rf2o_laser_odometry/package.zsh'
[0.669s] Level 1:colcon.colcon_core.environment:create_file_with_runtime_dependencies(/ros2_ws/install/rf2o_laser_odometry/share/colcon-core/packages/rf2o_laser_odometry)
[0.670s] Level 1:colcon.colcon_core.environment:create_environment_scripts_only(rf2o_laser_odometry)
[0.671s] Level 1:colcon.colcon_core.environment:checking '/ros2_ws/install/rf2o_laser_odometry' for CMake module files
[0.671s] Level 1:colcon.colcon_core.environment:checking '/ros2_ws/install/rf2o_laser_odometry' for CMake config files
[0.672s] Level 1:colcon.colcon_core.shell:create_environment_hook('rf2o_laser_odometry', 'cmake_prefix_path')
[0.672s] INFO:colcon.colcon_core.shell:Creating environment hook '/ros2_ws/install/rf2o_laser_odometry/share/rf2o_laser_odometry/hook/cmake_prefix_path.ps1'
[0.673s] INFO:colcon.colcon_core.shell:Creating environment descriptor '/ros2_ws/install/rf2o_laser_odometry/share/rf2o_laser_odometry/hook/cmake_prefix_path.dsv'
[0.674s] INFO:colcon.colcon_core.shell:Creating environment hook '/ros2_ws/install/rf2o_laser_odometry/share/rf2o_laser_odometry/hook/cmake_prefix_path.sh'
[0.675s] Level 1:colcon.colcon_core.environment:checking '/ros2_ws/install/rf2o_laser_odometry/lib'
[0.675s] Level 1:colcon.colcon_core.environment:checking '/ros2_ws/install/rf2o_laser_odometry/bin'
[0.675s] Level 1:colcon.colcon_core.environment:checking '/ros2_ws/install/rf2o_laser_odometry/lib/pkgconfig/rf2o_laser_odometry.pc'
[0.675s] Level 1:colcon.colcon_core.environment:checking '/ros2_ws/install/rf2o_laser_odometry/lib/python3.10/site-packages'
[0.676s] Level 1:colcon.colcon_core.environment:checking '/ros2_ws/install/rf2o_laser_odometry/bin'
[0.676s] INFO:colcon.colcon_core.shell:Creating package script '/ros2_ws/install/rf2o_laser_odometry/share/rf2o_laser_odometry/package.ps1'
[0.677s] INFO:colcon.colcon_core.shell:Creating package descriptor '/ros2_ws/install/rf2o_laser_odometry/share/rf2o_laser_odometry/package.dsv'
[0.679s] INFO:colcon.colcon_core.shell:Creating package script '/ros2_ws/install/rf2o_laser_odometry/share/rf2o_laser_odometry/package.sh'
[0.679s] INFO:colcon.colcon_core.shell:Creating package script '/ros2_ws/install/rf2o_laser_odometry/share/rf2o_laser_odometry/package.bash'
[0.680s] INFO:colcon.colcon_core.shell:Creating package script '/ros2_ws/install/rf2o_laser_odometry/share/rf2o_laser_odometry/package.zsh'
[0.681s] Level 1:colcon.colcon_core.environment:create_file_with_runtime_dependencies(/ros2_ws/install/rf2o_laser_odometry/share/colcon-core/packages/rf2o_laser_odometry)
[0.682s] Level 1:colcon.colcon_core.environment:create_environment_scripts_only(hardware)
[0.683s] Level 1:colcon.colcon_core.environment:checking '/ros2_ws/install/hardware' for CMake module files
[0.684s] DEBUG:colcon.colcon_core.event_handler.log_command:Invoked command in '/ros2_ws/build/hardware' returned '0': CMAKE_PREFIX_PATH=${CMAKE_PREFIX_PATH}:/ros2_ws/install/tactical_brain:/ros2_ws/install/sensor_fusion_pkg:/ros2_ws/install/icm20948_ros2:/ros2_ws/install/ai_vision:/opt/ros/humble /usr/bin/cmake --install /ros2_ws/build/hardware
[0.684s] Level 1:colcon.colcon_core.environment:checking '/ros2_ws/install/hardware' for CMake config files
[0.684s] Level 1:colcon.colcon_core.shell:create_environment_hook('hardware', 'cmake_prefix_path')
[0.685s] INFO:colcon.colcon_core.shell:Creating environment hook '/ros2_ws/install/hardware/share/hardware/hook/cmake_prefix_path.ps1'
[0.685s] INFO:colcon.colcon_core.shell:Creating environment descriptor '/ros2_ws/install/hardware/share/hardware/hook/cmake_prefix_path.dsv'
[0.686s] INFO:colcon.colcon_core.shell:Creating environment hook '/ros2_ws/install/hardware/share/hardware/hook/cmake_prefix_path.sh'
[0.687s] Level 1:colcon.colcon_core.environment:checking '/ros2_ws/install/hardware/lib'
[0.687s] Level 1:colcon.colcon_core.shell:create_environment_hook('hardware', 'ld_library_path_lib')
[0.687s] INFO:colcon.colcon_core.shell:Creating environment hook '/ros2_ws/install/hardware/share/hardware/hook/ld_library_path_lib.ps1'
[0.688s] INFO:colcon.colcon_core.shell:Creating environment descriptor '/ros2_ws/install/hardware/share/hardware/hook/ld_library_path_lib.dsv'
[0.688s] INFO:colcon.colcon_core.shell:Creating environment hook '/ros2_ws/install/hardware/share/hardware/hook/ld_library_path_lib.sh'
[0.689s] Level 1:colcon.colcon_core.environment:checking '/ros2_ws/install/hardware/bin'
[0.689s] Level 1:colcon.colcon_core.environment:checking '/ros2_ws/install/hardware/lib/pkgconfig/hardware.pc'
[0.690s] Level 1:colcon.colcon_core.environment:checking '/ros2_ws/install/hardware/lib/python3.10/site-packages'
[0.690s] Level 1:colcon.colcon_core.environment:checking '/ros2_ws/install/hardware/bin'
[0.691s] INFO:colcon.colcon_core.shell:Creating package script '/ros2_ws/install/hardware/share/hardware/package.ps1'
[0.692s] INFO:colcon.colcon_core.shell:Creating package descriptor '/ros2_ws/install/hardware/share/hardware/package.dsv'
[0.693s] INFO:colcon.colcon_core.shell:Creating package script '/ros2_ws/install/hardware/share/hardware/package.sh'
[0.694s] INFO:colcon.colcon_core.shell:Creating package script '/ros2_ws/install/hardware/share/hardware/package.bash'
[0.695s] INFO:colcon.colcon_core.shell:Creating package script '/ros2_ws/install/hardware/share/hardware/package.zsh'
[0.696s] Level 1:colcon.colcon_core.environment:create_file_with_runtime_dependencies(/ros2_ws/install/hardware/share/colcon-core/packages/hardware)
[0.697s] Level 1:colcon.colcon_core.environment:create_environment_scripts_only(hardware)
[0.697s] Level 1:colcon.colcon_core.environment:checking '/ros2_ws/install/hardware' for CMake module files
[0.698s] Level 1:colcon.colcon_core.environment:checking '/ros2_ws/install/hardware' for CMake config files
[0.698s] Level 1:colcon.colcon_core.shell:create_environment_hook('hardware', 'cmake_prefix_path')
[0.699s] INFO:colcon.colcon_core.shell:Creating environment hook '/ros2_ws/install/hardware/share/hardware/hook/cmake_prefix_path.ps1'
[0.700s] INFO:colcon.colcon_core.shell:Creating environment descriptor '/ros2_ws/install/hardware/share/hardware/hook/cmake_prefix_path.dsv'
[0.700s] INFO:colcon.colcon_core.shell:Creating environment hook '/ros2_ws/install/hardware/share/hardware/hook/cmake_prefix_path.sh'
[0.701s] Level 1:colcon.colcon_core.environment:checking '/ros2_ws/install/hardware/lib'
[0.702s] Level 1:colcon.colcon_core.shell:create_environment_hook('hardware', 'ld_library_path_lib')
[0.702s] INFO:colcon.colcon_core.shell:Creating environment hook '/ros2_ws/install/hardware/share/hardware/hook/ld_library_path_lib.ps1'
[0.703s] INFO:colcon.colcon_core.shell:Creating environment descriptor '/ros2_ws/install/hardware/share/hardware/hook/ld_library_path_lib.dsv'
[0.703s] INFO:colcon.colcon_core.shell:Creating environment hook '/ros2_ws/install/hardware/share/hardware/hook/ld_library_path_lib.sh'
[0.704s] Level 1:colcon.colcon_core.environment:checking '/ros2_ws/install/hardware/bin'
[0.704s] Level 1:colcon.colcon_core.environment:checking '/ros2_ws/install/hardware/lib/pkgconfig/hardware.pc'
[0.705s] Level 1:colcon.colcon_core.environment:checking '/ros2_ws/install/hardware/lib/python3.10/site-packages'
[0.705s] Level 1:colcon.colcon_core.environment:checking '/ros2_ws/install/hardware/bin'
[0.706s] INFO:colcon.colcon_core.shell:Creating package script '/ros2_ws/install/hardware/share/hardware/package.ps1'
[0.706s] INFO:colcon.colcon_core.shell:Creating package descriptor '/ros2_ws/install/hardware/share/hardware/package.dsv'
[0.707s] INFO:colcon.colcon_core.shell:Creating package script '/ros2_ws/install/hardware/share/hardware/package.sh'
[0.707s] INFO:colcon.colcon_core.shell:Creating package script '/ros2_ws/install/hardware/share/hardware/package.bash'
[0.708s] INFO:colcon.colcon_core.shell:Creating package script '/ros2_ws/install/hardware/share/hardware/package.zsh'
[0.709s] Level 1:colcon.colcon_core.environment:create_file_with_runtime_dependencies(/ros2_ws/install/hardware/share/colcon-core/packages/hardware)
[0.710s] INFO:colcon.colcon_ros.task.ament_python.build:Building ROS package in '/ros2_ws/src/ai_vision' with build type 'ament_python'
[0.711s] Level 1:colcon.colcon_core.shell:create_environment_hook('ai_vision', 'ament_prefix_path')
[0.711s] INFO:colcon.colcon_core.shell:Creating environment hook '/ros2_ws/install/ai_vision/share/ai_vision/hook/ament_prefix_path.ps1'
[0.712s] INFO:colcon.colcon_core.shell:Creating environment descriptor '/ros2_ws/install/ai_vision/share/ai_vision/hook/ament_prefix_path.dsv'
[0.712s] INFO:colcon.colcon_core.shell:Creating environment hook '/ros2_ws/install/ai_vision/share/ai_vision/hook/ament_prefix_path.sh'
[0.713s] INFO:colcon.colcon_core.shell:Skip shell extension 'powershell' for command environment: Not usable outside of PowerShell
[0.713s] DEBUG:colcon.colcon_core.shell:Skip shell extension 'dsv' for command environment
[0.718s] INFO:colcon.colcon_ros.task.ament_python.build:Building ROS package in '/ros2_ws/src/icm20948-ros2' with build type 'ament_python'
[0.718s] Level 1:colcon.colcon_core.shell:create_environment_hook('icm20948_ros2', 'ament_prefix_path')
[0.719s] INFO:colcon.colcon_core.shell:Creating environment hook '/ros2_ws/install/icm20948_ros2/share/icm20948_ros2/hook/ament_prefix_path.ps1'
[0.720s] INFO:colcon.colcon_core.shell:Creating environment descriptor '/ros2_ws/install/icm20948_ros2/share/icm20948_ros2/hook/ament_prefix_path.dsv'
[0.721s] INFO:colcon.colcon_core.shell:Creating environment hook '/ros2_ws/install/icm20948_ros2/share/icm20948_ros2/hook/ament_prefix_path.sh'
[0.722s] INFO:colcon.colcon_core.shell:Skip shell extension 'powershell' for command environment: Not usable outside of PowerShell
[0.722s] DEBUG:colcon.colcon_core.shell:Skip shell extension 'dsv' for command environment
[0.729s] DEBUG:colcon.colcon_core.event_handler.log_command:Invoked command in '/ros2_ws/build/navigation' returned '0': CMAKE_PREFIX_PATH=${CMAKE_PREFIX_PATH}:/ros2_ws/install/tactical_brain:/ros2_ws/install/sensor_fusion_pkg:/ros2_ws/install/icm20948_ros2:/ros2_ws/install/ai_vision:/opt/ros/humble /usr/bin/cmake --build /ros2_ws/build/navigation -- -j4 -l4
[0.730s] DEBUG:colcon.colcon_core.event_handler.log_command:Invoking command in '/ros2_ws/build/navigation': CMAKE_PREFIX_PATH=${CMAKE_PREFIX_PATH}:/ros2_ws/install/tactical_brain:/ros2_ws/install/sensor_fusion_pkg:/ros2_ws/install/icm20948_ros2:/ros2_ws/install/ai_vision:/opt/ros/humble /usr/bin/cmake --install /ros2_ws/build/navigation
[0.731s] Level 1:colcon.colcon_core.environment:create_environment_scripts_only(ydlidar_ros2_driver)
[0.731s] Level 1:colcon.colcon_core.environment:checking '/ros2_ws/install/ydlidar_ros2_driver' for CMake module files
[0.732s] DEBUG:colcon.colcon_core.event_handler.log_command:Invoked command in '/ros2_ws/build/ydlidar_ros2_driver' returned '0': CMAKE_PREFIX_PATH=${CMAKE_PREFIX_PATH}:/ros2_ws/install/tactical_brain:/ros2_ws/install/sensor_fusion_pkg:/ros2_ws/install/icm20948_ros2:/ros2_ws/install/ai_vision:/opt/ros/humble /usr/bin/cmake --install /ros2_ws/build/ydlidar_ros2_driver
[0.732s] Level 1:colcon.colcon_core.environment:checking '/ros2_ws/install/ydlidar_ros2_driver' for CMake config files
[0.733s] Level 1:colcon.colcon_core.shell:create_environment_hook('ydlidar_ros2_driver', 'cmake_prefix_path')
[0.733s] INFO:colcon.colcon_core.shell:Creating environment hook '/ros2_ws/install/ydlidar_ros2_driver/share/ydlidar_ros2_driver/hook/cmake_prefix_path.ps1'
[0.734s] INFO:colcon.colcon_core.shell:Creating environment descriptor '/ros2_ws/install/ydlidar_ros2_driver/share/ydlidar_ros2_driver/hook/cmake_prefix_path.dsv'
[0.735s] INFO:colcon.colcon_core.shell:Creating environment hook '/ros2_ws/install/ydlidar_ros2_driver/share/ydlidar_ros2_driver/hook/cmake_prefix_path.sh'
[0.736s] Level 1:colcon.colcon_core.environment:checking '/ros2_ws/install/ydlidar_ros2_driver/lib'
[0.736s] Level 1:colcon.colcon_core.environment:checking '/ros2_ws/install/ydlidar_ros2_driver/bin'
[0.736s] Level 1:colcon.colcon_core.environment:checking '/ros2_ws/install/ydlidar_ros2_driver/lib/pkgconfig/ydlidar_ros2_driver.pc'
[0.736s] Level 1:colcon.colcon_core.environment:checking '/ros2_ws/install/ydlidar_ros2_driver/lib/python3.10/site-packages'
[0.737s] Level 1:colcon.colcon_core.environment:checking '/ros2_ws/install/ydlidar_ros2_driver/bin'
[0.737s] INFO:colcon.colcon_core.shell:Creating package script '/ros2_ws/install/ydlidar_ros2_driver/share/ydlidar_ros2_driver/package.ps1'
[0.738s] INFO:colcon.colcon_core.shell:Creating package descriptor '/ros2_ws/install/ydlidar_ros2_driver/share/ydlidar_ros2_driver/package.dsv'
[0.739s] INFO:colcon.colcon_core.shell:Creating package script '/ros2_ws/install/ydlidar_ros2_driver/share/ydlidar_ros2_driver/package.sh'
[0.739s] INFO:colcon.colcon_core.shell:Creating package script '/ros2_ws/install/ydlidar_ros2_driver/share/ydlidar_ros2_driver/package.bash'
[0.740s] INFO:colcon.colcon_core.shell:Creating package script '/ros2_ws/install/ydlidar_ros2_driver/share/ydlidar_ros2_driver/package.zsh'
[0.740s] Level 1:colcon.colcon_core.environment:create_file_with_runtime_dependencies(/ros2_ws/install/ydlidar_ros2_driver/share/colcon-core/packages/ydlidar_ros2_driver)
[0.742s] Level 1:colcon.colcon_core.environment:create_environment_scripts_only(ydlidar_ros2_driver)
[0.742s] Level 1:colcon.colcon_core.environment:checking '/ros2_ws/install/ydlidar_ros2_driver' for CMake module files
[0.743s] Level 1:colcon.colcon_core.environment:checking '/ros2_ws/install/ydlidar_ros2_driver' for CMake config files
[0.744s] Level 1:colcon.colcon_core.shell:create_environment_hook('ydlidar_ros2_driver', 'cmake_prefix_path')
[0.744s] INFO:colcon.colcon_core.shell:Creating environment hook '/ros2_ws/install/ydlidar_ros2_driver/share/ydlidar_ros2_driver/hook/cmake_prefix_path.ps1'
[0.745s] INFO:colcon.colcon_core.shell:Creating environment descriptor '/ros2_ws/install/ydlidar_ros2_driver/share/ydlidar_ros2_driver/hook/cmake_prefix_path.dsv'
[0.746s] INFO:colcon.colcon_core.shell:Creating environment hook '/ros2_ws/install/ydlidar_ros2_driver/share/ydlidar_ros2_driver/hook/cmake_prefix_path.sh'
[0.747s] Level 1:colcon.colcon_core.environment:checking '/ros2_ws/install/ydlidar_ros2_driver/lib'
[0.747s] Level 1:colcon.colcon_core.environment:checking '/ros2_ws/install/ydlidar_ros2_driver/bin'
[0.748s] Level 1:colcon.colcon_core.environment:checking '/ros2_ws/install/ydlidar_ros2_driver/lib/pkgconfig/ydlidar_ros2_driver.pc'
[0.748s] Level 1:colcon.colcon_core.environment:checking '/ros2_ws/install/ydlidar_ros2_driver/lib/python3.10/site-packages'
[0.749s] Level 1:colcon.colcon_core.environment:checking '/ros2_ws/install/ydlidar_ros2_driver/bin'
[0.749s] INFO:colcon.colcon_core.shell:Creating package script '/ros2_ws/install/ydlidar_ros2_driver/share/ydlidar_ros2_driver/package.ps1'
[0.750s] INFO:colcon.colcon_core.shell:Creating package descriptor '/ros2_ws/install/ydlidar_ros2_driver/share/ydlidar_ros2_driver/package.dsv'
[0.753s] INFO:colcon.colcon_core.shell:Creating package script '/ros2_ws/install/ydlidar_ros2_driver/share/ydlidar_ros2_driver/package.sh'
[0.754s] INFO:colcon.colcon_core.shell:Creating package script '/ros2_ws/install/ydlidar_ros2_driver/share/ydlidar_ros2_driver/package.bash'
[0.755s] INFO:colcon.colcon_core.shell:Creating package script '/ros2_ws/install/ydlidar_ros2_driver/share/ydlidar_ros2_driver/package.zsh'
[0.755s] Level 1:colcon.colcon_core.environment:create_file_with_runtime_dependencies(/ros2_ws/install/ydlidar_ros2_driver/share/colcon-core/packages/ydlidar_ros2_driver)
[0.760s] INFO:colcon.colcon_ros.task.ament_cmake.build:Building ROS package in '/ros2_ws/src/localization' with build type 'ament_cmake'
[0.760s] INFO:colcon.colcon_cmake.task.cmake.build:Building CMake package in '/ros2_ws/src/localization'
[0.761s] INFO:colcon.colcon_core.shell:Skip shell extension 'powershell' for command environment: Not usable outside of PowerShell
[0.761s] DEBUG:colcon.colcon_core.shell:Skip shell extension 'dsv' for command environment
[1.049s] INFO:colcon.colcon_core.task.python.build:Building Python package in '/ros2_ws/src/ai_vision'
[1.049s] INFO:colcon.colcon_core.shell:Skip shell extension 'powershell' for command environment: Not usable outside of PowerShell
[1.049s] DEBUG:colcon.colcon_core.shell:Skip shell extension 'dsv' for command environment
[1.328s] INFO:colcon.colcon_core.task.python.build:Building Python package in '/ros2_ws/src/icm20948-ros2'
[1.329s] INFO:colcon.colcon_core.shell:Skip shell extension 'powershell' for command environment: Not usable outside of PowerShell
[1.329s] DEBUG:colcon.colcon_core.shell:Skip shell extension 'dsv' for command environment
[1.334s] Level 1:colcon.colcon_core.environment:create_environment_scripts_only(navigation)
[1.335s] Level 1:colcon.colcon_core.environment:checking '/ros2_ws/install/navigation' for CMake module files
[1.336s] DEBUG:colcon.colcon_core.event_handler.log_command:Invoked command in '/ros2_ws/build/navigation' returned '0': CMAKE_PREFIX_PATH=${CMAKE_PREFIX_PATH}:/ros2_ws/install/tactical_brain:/ros2_ws/install/sensor_fusion_pkg:/ros2_ws/install/icm20948_ros2:/ros2_ws/install/ai_vision:/opt/ros/humble /usr/bin/cmake --install /ros2_ws/build/navigation
[1.336s] Level 1:colcon.colcon_core.environment:checking '/ros2_ws/install/navigation' for CMake config files
[1.336s] Level 1:colcon.colcon_core.shell:create_environment_hook('navigation', 'cmake_prefix_path')
[1.337s] INFO:colcon.colcon_core.shell:Creating environment hook '/ros2_ws/install/navigation/share/navigation/hook/cmake_prefix_path.ps1'
[1.337s] INFO:colcon.colcon_core.shell:Creating environment descriptor '/ros2_ws/install/navigation/share/navigation/hook/cmake_prefix_path.dsv'
[1.338s] INFO:colcon.colcon_core.shell:Creating environment hook '/ros2_ws/install/navigation/share/navigation/hook/cmake_prefix_path.sh'
[1.341s] Level 1:colcon.colcon_core.environment:checking '/ros2_ws/install/navigation/bin'
[1.341s] Level 1:colcon.colcon_core.environment:checking '/ros2_ws/install/navigation/lib/pkgconfig/navigation.pc'
[1.341s] Level 1:colcon.colcon_core.environment:checking '/ros2_ws/install/navigation/lib/python3.10/site-packages'
[1.342s] Level 1:colcon.colcon_core.environment:checking '/ros2_ws/install/navigation/bin'
[1.342s] INFO:colcon.colcon_core.shell:Creating package script '/ros2_ws/install/navigation/share/navigation/package.ps1'
[1.343s] INFO:colcon.colcon_core.shell:Creating package descriptor '/ros2_ws/install/navigation/share/navigation/package.dsv'
[1.343s] INFO:colcon.colcon_core.shell:Creating package script '/ros2_ws/install/navigation/share/navigation/package.sh'
[1.344s] INFO:colcon.colcon_core.shell:Creating package script '/ros2_ws/install/navigation/share/navigation/package.bash'
[1.344s] INFO:colcon.colcon_core.shell:Creating package script '/ros2_ws/install/navigation/share/navigation/package.zsh'
[1.347s] Level 1:colcon.colcon_core.environment:create_file_with_runtime_dependencies(/ros2_ws/install/navigation/share/colcon-core/packages/navigation)
[1.348s] Level 1:colcon.colcon_core.environment:create_environment_scripts_only(navigation)
[1.348s] Level 1:colcon.colcon_core.environment:checking '/ros2_ws/install/navigation' for CMake module files
[1.348s] Level 1:colcon.colcon_core.environment:checking '/ros2_ws/install/navigation' for CMake config files
[1.349s] Level 1:colcon.colcon_core.shell:create_environment_hook('navigation', 'cmake_prefix_path')
[1.349s] INFO:colcon.colcon_core.shell:Creating environment hook '/ros2_ws/install/navigation/share/navigation/hook/cmake_prefix_path.ps1'
[1.349s] INFO:colcon.colcon_core.shell:Creating environment descriptor '/ros2_ws/install/navigation/share/navigation/hook/cmake_prefix_path.dsv'
[1.350s] INFO:colcon.colcon_core.shell:Creating environment hook '/ros2_ws/install/navigation/share/navigation/hook/cmake_prefix_path.sh'
[1.351s] Level 1:colcon.colcon_core.environment:checking '/ros2_ws/install/navigation/bin'
[1.351s] Level 1:colcon.colcon_core.environment:checking '/ros2_ws/install/navigation/lib/pkgconfig/navigation.pc'
[1.351s] Level 1:colcon.colcon_core.environment:checking '/ros2_ws/install/navigation/lib/python3.10/site-packages'
[1.352s] Level 1:colcon.colcon_core.environment:checking '/ros2_ws/install/navigation/bin'
[1.352s] INFO:colcon.colcon_core.shell:Creating package script '/ros2_ws/install/navigation/share/navigation/package.ps1'
[1.353s] INFO:colcon.colcon_core.shell:Creating package descriptor '/ros2_ws/install/navigation/share/navigation/package.dsv'
[1.354s] INFO:colcon.colcon_core.shell:Creating package script '/ros2_ws/install/navigation/share/navigation/package.sh'
[1.355s] INFO:colcon.colcon_core.shell:Creating package script '/ros2_ws/install/navigation/share/navigation/package.bash'
[1.356s] INFO:colcon.colcon_core.shell:Creating package script '/ros2_ws/install/navigation/share/navigation/package.zsh'
[1.358s] Level 1:colcon.colcon_core.environment:create_file_with_runtime_dependencies(/ros2_ws/install/navigation/share/colcon-core/packages/navigation)
[1.360s] INFO:colcon.colcon_ros.task.ament_cmake.build:Building ROS package in '/ros2_ws/src/main_brain' with build type 'ament_cmake'
[1.360s] INFO:colcon.colcon_cmake.task.cmake.build:Building CMake package in '/ros2_ws/src/main_brain'
[1.360s] INFO:colcon.colcon_core.shell:Skip shell extension 'powershell' for command environment: Not usable outside of PowerShell
[1.360s] DEBUG:colcon.colcon_core.shell:Skip shell extension 'dsv' for command environment
[1.372s] DEBUG:colcon.colcon_core.event_handler.log_command:Invoking command in '/ros2_ws/build/localization': CMAKE_PREFIX_PATH=/ros2_ws/install/ydlidar_ros2_driver:/ros2_ws/install/rf2o_laser_odometry:/ros2_ws/install/robot_bringup:/ros2_ws/install/localization:/ros2_ws/install/telemetry_data:/ros2_ws/install/shooting:/ros2_ws/install/robot_description:/ros2_ws/install/navigation:/ros2_ws/install/main_brain:/ros2_ws/install/hardware:/ros2_ws/install/foxglove:/ros2_ws/install/tactical_brain:/ros2_ws/install/sensor_fusion_pkg:/ros2_ws/install/icm20948_ros2:/ros2_ws/install/ai_vision:/opt/ros/humble /usr/bin/cmake --build /ros2_ws/build/localization -- -j4 -l4
[1.389s] DEBUG:colcon.colcon_core.event_handler.log_command:Invoking command in '/ros2_ws/build/main_brain': CMAKE_PREFIX_PATH=${CMAKE_PREFIX_PATH}:/ros2_ws/install/tactical_brain:/ros2_ws/install/sensor_fusion_pkg:/ros2_ws/install/icm20948_ros2:/ros2_ws/install/ai_vision:/opt/ros/humble /usr/bin/cmake --build /ros2_ws/build/main_brain -- -j4 -l4
[1.435s] DEBUG:colcon.colcon_core.event_handler.log_command:Invoked command in '/ros2_ws/build/localization' returned '0': CMAKE_PREFIX_PATH=/ros2_ws/install/ydlidar_ros2_driver:/ros2_ws/install/rf2o_laser_odometry:/ros2_ws/install/robot_bringup:/ros2_ws/install/localization:/ros2_ws/install/telemetry_data:/ros2_ws/install/shooting:/ros2_ws/install/robot_description:/ros2_ws/install/navigation:/ros2_ws/install/main_brain:/ros2_ws/install/hardware:/ros2_ws/install/foxglove:/ros2_ws/install/tactical_brain:/ros2_ws/install/sensor_fusion_pkg:/ros2_ws/install/icm20948_ros2:/ros2_ws/install/ai_vision:/opt/ros/humble /usr/bin/cmake --build /ros2_ws/build/localization -- -j4 -l4
[1.439s] DEBUG:colcon.colcon_core.event_handler.log_command:Invoking command in '/ros2_ws/build/localization': CMAKE_PREFIX_PATH=/ros2_ws/install/ydlidar_ros2_driver:/ros2_ws/install/rf2o_laser_odometry:/ros2_ws/install/robot_bringup:/ros2_ws/install/localization:/ros2_ws/install/telemetry_data:/ros2_ws/install/shooting:/ros2_ws/install/robot_description:/ros2_ws/install/navigation:/ros2_ws/install/main_brain:/ros2_ws/install/hardware:/ros2_ws/install/foxglove:/ros2_ws/install/tactical_brain:/ros2_ws/install/sensor_fusion_pkg:/ros2_ws/install/icm20948_ros2:/ros2_ws/install/ai_vision:/opt/ros/humble /usr/bin/cmake --install /ros2_ws/build/localization
[1.474s] DEBUG:colcon.colcon_core.event_handler.log_command:Invoked command in '/ros2_ws/build/main_brain' returned '0': CMAKE_PREFIX_PATH=${CMAKE_PREFIX_PATH}:/ros2_ws/install/tactical_brain:/ros2_ws/install/sensor_fusion_pkg:/ros2_ws/install/icm20948_ros2:/ros2_ws/install/ai_vision:/opt/ros/humble /usr/bin/cmake --build /ros2_ws/build/main_brain -- -j4 -l4
[1.476s] DEBUG:colcon.colcon_core.event_handler.log_command:Invoking command in '/ros2_ws/build/main_brain': CMAKE_PREFIX_PATH=${CMAKE_PREFIX_PATH}:/ros2_ws/install/tactical_brain:/ros2_ws/install/sensor_fusion_pkg:/ros2_ws/install/icm20948_ros2:/ros2_ws/install/ai_vision:/opt/ros/humble /usr/bin/cmake --install /ros2_ws/build/main_brain
[1.477s] Level 1:colcon.colcon_core.environment:create_environment_scripts_only(localization)
[1.479s] Level 1:colcon.colcon_core.environment:checking '/ros2_ws/install/localization' for CMake module files
[1.480s] Level 1:colcon.colcon_core.environment:checking '/ros2_ws/install/localization' for CMake config files
[1.480s] DEBUG:colcon.colcon_core.event_handler.log_command:Invoked command in '/ros2_ws/build/localization' returned '0': CMAKE_PREFIX_PATH=/ros2_ws/install/ydlidar_ros2_driver:/ros2_ws/install/rf2o_laser_odometry:/ros2_ws/install/robot_bringup:/ros2_ws/install/localization:/ros2_ws/install/telemetry_data:/ros2_ws/install/shooting:/ros2_ws/install/robot_description:/ros2_ws/install/navigation:/ros2_ws/install/main_brain:/ros2_ws/install/hardware:/ros2_ws/install/foxglove:/ros2_ws/install/tactical_brain:/ros2_ws/install/sensor_fusion_pkg:/ros2_ws/install/icm20948_ros2:/ros2_ws/install/ai_vision:/opt/ros/humble /usr/bin/cmake --install /ros2_ws/build/localization
[1.483s] Level 1:colcon.colcon_core.shell:create_environment_hook('localization', 'cmake_prefix_path')
[1.484s] INFO:colcon.colcon_core.shell:Creating environment hook '/ros2_ws/install/localization/share/localization/hook/cmake_prefix_path.ps1'
[1.485s] INFO:colcon.colcon_core.shell:Creating environment descriptor '/ros2_ws/install/localization/share/localization/hook/cmake_prefix_path.dsv'
[1.486s] INFO:colcon.colcon_core.shell:Creating environment hook '/ros2_ws/install/localization/share/localization/hook/cmake_prefix_path.sh'
[1.488s] Level 1:colcon.colcon_core.environment:checking '/ros2_ws/install/localization/bin'
[1.490s] Level 1:colcon.colcon_core.environment:checking '/ros2_ws/install/localization/lib/pkgconfig/localization.pc'
[1.491s] Level 1:colcon.colcon_core.environment:checking '/ros2_ws/install/localization/lib/python3.10/site-packages'
[1.493s] Level 1:colcon.colcon_core.environment:checking '/ros2_ws/install/localization/bin'
[1.503s] INFO:colcon.colcon_core.shell:Creating package script '/ros2_ws/install/localization/share/localization/package.ps1'
[1.504s] INFO:colcon.colcon_core.shell:Creating package descriptor '/ros2_ws/install/localization/share/localization/package.dsv'
[1.505s] INFO:colcon.colcon_core.shell:Creating package script '/ros2_ws/install/localization/share/localization/package.sh'
[1.511s] INFO:colcon.colcon_core.shell:Creating package script '/ros2_ws/install/localization/share/localization/package.bash'
[1.512s] INFO:colcon.colcon_core.shell:Creating package script '/ros2_ws/install/localization/share/localization/package.zsh'
[1.512s] Level 1:colcon.colcon_core.environment:create_file_with_runtime_dependencies(/ros2_ws/install/localization/share/colcon-core/packages/localization)
[1.514s] Level 1:colcon.colcon_core.environment:create_environment_scripts_only(localization)
[1.515s] Level 1:colcon.colcon_core.environment:checking '/ros2_ws/install/localization' for CMake module files
[1.516s] Level 1:colcon.colcon_core.environment:checking '/ros2_ws/install/localization' for CMake config files
[1.517s] Level 1:colcon.colcon_core.shell:create_environment_hook('localization', 'cmake_prefix_path')
[1.517s] INFO:colcon.colcon_core.shell:Creating environment hook '/ros2_ws/install/localization/share/localization/hook/cmake_prefix_path.ps1'
[1.518s] INFO:colcon.colcon_core.shell:Creating environment descriptor '/ros2_ws/install/localization/share/localization/hook/cmake_prefix_path.dsv'
[1.519s] INFO:colcon.colcon_core.shell:Creating environment hook '/ros2_ws/install/localization/share/localization/hook/cmake_prefix_path.sh'
[1.521s] Level 1:colcon.colcon_core.environment:checking '/ros2_ws/install/localization/bin'
[1.521s] Level 1:colcon.colcon_core.environment:checking '/ros2_ws/install/localization/lib/pkgconfig/localization.pc'
[1.522s] Level 1:colcon.colcon_core.environment:checking '/ros2_ws/install/localization/lib/python3.10/site-packages'
[1.523s] Level 1:colcon.colcon_core.environment:checking '/ros2_ws/install/localization/bin'
[1.524s] INFO:colcon.colcon_core.shell:Creating package script '/ros2_ws/install/localization/share/localization/package.ps1'
[1.526s] INFO:colcon.colcon_core.shell:Creating package descriptor '/ros2_ws/install/localization/share/localization/package.dsv'
[1.528s] INFO:colcon.colcon_core.shell:Creating package script '/ros2_ws/install/localization/share/localization/package.sh'
[1.531s] INFO:colcon.colcon_core.shell:Creating package script '/ros2_ws/install/localization/share/localization/package.bash'
[1.533s] INFO:colcon.colcon_core.shell:Creating package script '/ros2_ws/install/localization/share/localization/package.zsh'
[1.535s] Level 1:colcon.colcon_core.environment:create_file_with_runtime_dependencies(/ros2_ws/install/localization/share/colcon-core/packages/localization)
[1.538s] INFO:colcon.colcon_ros.task.ament_cmake.build:Building ROS package in '/ros2_ws/src/robot_description' with build type 'ament_cmake'
[1.538s] INFO:colcon.colcon_cmake.task.cmake.build:Building CMake package in '/ros2_ws/src/robot_description'
[1.539s] INFO:colcon.colcon_core.shell:Skip shell extension 'powershell' for command environment: Not usable outside of PowerShell
[1.540s] DEBUG:colcon.colcon_core.shell:Skip shell extension 'dsv' for command environment
[1.554s] Level 1:colcon.colcon_core.environment:create_environment_scripts_only(main_brain)
[1.554s] DEBUG:colcon.colcon_core.event_handler.log_command:Invoked command in '/ros2_ws/build/main_brain' returned '0': CMAKE_PREFIX_PATH=${CMAKE_PREFIX_PATH}:/ros2_ws/install/tactical_brain:/ros2_ws/install/sensor_fusion_pkg:/ros2_ws/install/icm20948_ros2:/ros2_ws/install/ai_vision:/opt/ros/humble /usr/bin/cmake --install /ros2_ws/build/main_brain
[1.556s] Level 1:colcon.colcon_core.environment:checking '/ros2_ws/install/main_brain' for CMake module files
[1.557s] Level 1:colcon.colcon_core.environment:checking '/ros2_ws/install/main_brain' for CMake config files
[1.557s] Level 1:colcon.colcon_core.shell:create_environment_hook('main_brain', 'cmake_prefix_path')
[1.558s] INFO:colcon.colcon_core.shell:Creating environment hook '/ros2_ws/install/main_brain/share/main_brain/hook/cmake_prefix_path.ps1'
[1.559s] INFO:colcon.colcon_core.shell:Creating environment descriptor '/ros2_ws/install/main_brain/share/main_brain/hook/cmake_prefix_path.dsv'
[1.559s] INFO:colcon.colcon_core.shell:Creating environment hook '/ros2_ws/install/main_brain/share/main_brain/hook/cmake_prefix_path.sh'
[1.561s] Level 1:colcon.colcon_core.environment:checking '/ros2_ws/install/main_brain/bin'
[1.561s] Level 1:colcon.colcon_core.environment:checking '/ros2_ws/install/main_brain/lib/pkgconfig/main_brain.pc'
[1.561s] Level 1:colcon.colcon_core.environment:checking '/ros2_ws/install/main_brain/lib/python3.10/site-packages'
[1.562s] Level 1:colcon.colcon_core.environment:checking '/ros2_ws/install/main_brain/bin'
[1.562s] INFO:colcon.colcon_core.shell:Creating package script '/ros2_ws/install/main_brain/share/main_brain/package.ps1'
[1.564s] INFO:colcon.colcon_core.shell:Creating package descriptor '/ros2_ws/install/main_brain/share/main_brain/package.dsv'
[1.565s] INFO:colcon.colcon_core.shell:Creating package script '/ros2_ws/install/main_brain/share/main_brain/package.sh'
[1.565s] INFO:colcon.colcon_core.shell:Creating package script '/ros2_ws/install/main_brain/share/main_brain/package.bash'
[1.566s] INFO:colcon.colcon_core.shell:Creating package script '/ros2_ws/install/main_brain/share/main_brain/package.zsh'
[1.567s] Level 1:colcon.colcon_core.environment:create_file_with_runtime_dependencies(/ros2_ws/install/main_brain/share/colcon-core/packages/main_brain)
[1.568s] Level 1:colcon.colcon_core.environment:create_environment_scripts_only(main_brain)
[1.569s] Level 1:colcon.colcon_core.environment:checking '/ros2_ws/install/main_brain' for CMake module files
[1.569s] Level 1:colcon.colcon_core.environment:checking '/ros2_ws/install/main_brain' for CMake config files
[1.570s] Level 1:colcon.colcon_core.shell:create_environment_hook('main_brain', 'cmake_prefix_path')
[1.570s] INFO:colcon.colcon_core.shell:Creating environment hook '/ros2_ws/install/main_brain/share/main_brain/hook/cmake_prefix_path.ps1'
[1.571s] INFO:colcon.colcon_core.shell:Creating environment descriptor '/ros2_ws/install/main_brain/share/main_brain/hook/cmake_prefix_path.dsv'
[1.572s] INFO:colcon.colcon_core.shell:Creating environment hook '/ros2_ws/install/main_brain/share/main_brain/hook/cmake_prefix_path.sh'
[1.573s] Level 1:colcon.colcon_core.environment:checking '/ros2_ws/install/main_brain/bin'
[1.573s] Level 1:colcon.colcon_core.environment:checking '/ros2_ws/install/main_brain/lib/pkgconfig/main_brain.pc'
[1.573s] Level 1:colcon.colcon_core.environment:checking '/ros2_ws/install/main_brain/lib/python3.10/site-packages'
[1.574s] Level 1:colcon.colcon_core.environment:checking '/ros2_ws/install/main_brain/bin'
[1.574s] INFO:colcon.colcon_core.shell:Creating package script '/ros2_ws/install/main_brain/share/main_brain/package.ps1'
[1.576s] INFO:colcon.colcon_core.shell:Creating package descriptor '/ros2_ws/install/main_brain/share/main_brain/package.dsv'
[1.577s] INFO:colcon.colcon_core.shell:Creating package script '/ros2_ws/install/main_brain/share/main_brain/package.sh'
[1.578s] INFO:colcon.colcon_core.shell:Creating package script '/ros2_ws/install/main_brain/share/main_brain/package.bash'
[1.579s] INFO:colcon.colcon_core.shell:Creating package script '/ros2_ws/install/main_brain/share/main_brain/package.zsh'
[1.580s] Level 1:colcon.colcon_core.environment:create_file_with_runtime_dependencies(/ros2_ws/install/main_brain/share/colcon-core/packages/main_brain)
[1.583s] INFO:colcon.colcon_ros.task.ament_cmake.build:Building ROS package in '/ros2_ws/src/shooting' with build type 'ament_cmake'
[1.584s] INFO:colcon.colcon_cmake.task.cmake.build:Building CMake package in '/ros2_ws/src/shooting'
[1.584s] INFO:colcon.colcon_core.shell:Skip shell extension 'powershell' for command environment: Not usable outside of PowerShell
[1.584s] DEBUG:colcon.colcon_core.shell:Skip shell extension 'dsv' for command environment
[1.601s] DEBUG:colcon.colcon_core.event_handler.log_command:Invoking command in '/ros2_ws/build/robot_description': CMAKE_PREFIX_PATH=${CMAKE_PREFIX_PATH}:/ros2_ws/install/tactical_brain:/ros2_ws/install/sensor_fusion_pkg:/ros2_ws/install/icm20948_ros2:/ros2_ws/install/ai_vision:/opt/ros/humble /usr/bin/cmake --build /ros2_ws/build/robot_description -- -j4 -l4
[1.614s] DEBUG:colcon.colcon_core.event_handler.log_command:Invoking command in '/ros2_ws/build/shooting': CMAKE_PREFIX_PATH=${CMAKE_PREFIX_PATH}:/ros2_ws/install/tactical_brain:/ros2_ws/install/sensor_fusion_pkg:/ros2_ws/install/icm20948_ros2:/ros2_ws/install/ai_vision:/opt/ros/humble /usr/bin/cmake --build /ros2_ws/build/shooting -- -j4 -l4
[1.673s] DEBUG:colcon.colcon_core.event_handler.log_command:Invoked command in '/ros2_ws/build/robot_description' returned '0': CMAKE_PREFIX_PATH=${CMAKE_PREFIX_PATH}:/ros2_ws/install/tactical_brain:/ros2_ws/install/sensor_fusion_pkg:/ros2_ws/install/icm20948_ros2:/ros2_ws/install/ai_vision:/opt/ros/humble /usr/bin/cmake --build /ros2_ws/build/robot_description -- -j4 -l4
[1.673s] DEBUG:colcon.colcon_core.event_handler.log_command:Invoking command in '/ros2_ws/build/robot_description': CMAKE_PREFIX_PATH=${CMAKE_PREFIX_PATH}:/ros2_ws/install/tactical_brain:/ros2_ws/install/sensor_fusion_pkg:/ros2_ws/install/icm20948_ros2:/ros2_ws/install/ai_vision:/opt/ros/humble /usr/bin/cmake --install /ros2_ws/build/robot_description
[1.720s] Level 1:colcon.colcon_core.environment:create_environment_scripts_only(robot_description)
[1.721s] Level 1:colcon.colcon_core.environment:checking '/ros2_ws/install/robot_description' for CMake module files
[1.721s] DEBUG:colcon.colcon_core.event_handler.log_command:Invoked command in '/ros2_ws/build/robot_description' returned '0': CMAKE_PREFIX_PATH=${CMAKE_PREFIX_PATH}:/ros2_ws/install/tactical_brain:/ros2_ws/install/sensor_fusion_pkg:/ros2_ws/install/icm20948_ros2:/ros2_ws/install/ai_vision:/opt/ros/humble /usr/bin/cmake --install /ros2_ws/build/robot_description
[1.722s] Level 1:colcon.colcon_core.environment:checking '/ros2_ws/install/robot_description' for CMake config files
[1.723s] Level 1:colcon.colcon_core.shell:create_environment_hook('robot_description', 'cmake_prefix_path')
[1.723s] INFO:colcon.colcon_core.shell:Creating environment hook '/ros2_ws/install/robot_description/share/robot_description/hook/cmake_prefix_path.ps1'
[1.724s] INFO:colcon.colcon_core.shell:Creating environment descriptor '/ros2_ws/install/robot_description/share/robot_description/hook/cmake_prefix_path.dsv'
[1.725s] INFO:colcon.colcon_core.shell:Creating environment hook '/ros2_ws/install/robot_description/share/robot_description/hook/cmake_prefix_path.sh'
[1.726s] Level 1:colcon.colcon_core.environment:checking '/ros2_ws/install/robot_description/bin'
[1.726s] Level 1:colcon.colcon_core.environment:checking '/ros2_ws/install/robot_description/lib/pkgconfig/robot_description.pc'
[1.726s] Level 1:colcon.colcon_core.environment:checking '/ros2_ws/install/robot_description/lib/python3.10/site-packages'
[1.727s] Level 1:colcon.colcon_core.environment:checking '/ros2_ws/install/robot_description/bin'
[1.728s] INFO:colcon.colcon_core.shell:Creating package script '/ros2_ws/install/robot_description/share/robot_description/package.ps1'
[1.729s] INFO:colcon.colcon_core.shell:Creating package descriptor '/ros2_ws/install/robot_description/share/robot_description/package.dsv'
[1.730s] INFO:colcon.colcon_core.shell:Creating package script '/ros2_ws/install/robot_description/share/robot_description/package.sh'
[1.730s] INFO:colcon.colcon_core.shell:Creating package script '/ros2_ws/install/robot_description/share/robot_description/package.bash'
[1.731s] INFO:colcon.colcon_core.shell:Creating package script '/ros2_ws/install/robot_description/share/robot_description/package.zsh'
[1.732s] Level 1:colcon.colcon_core.environment:create_file_with_runtime_dependencies(/ros2_ws/install/robot_description/share/colcon-core/packages/robot_description)
[1.733s] Level 1:colcon.colcon_core.environment:create_environment_scripts_only(robot_description)
[1.734s] Level 1:colcon.colcon_core.environment:checking '/ros2_ws/install/robot_description' for CMake module files
[1.734s] Level 1:colcon.colcon_core.environment:checking '/ros2_ws/install/robot_description' for CMake config files
[1.735s] Level 1:colcon.colcon_core.shell:create_environment_hook('robot_description', 'cmake_prefix_path')
[1.735s] INFO:colcon.colcon_core.shell:Creating environment hook '/ros2_ws/install/robot_description/share/robot_description/hook/cmake_prefix_path.ps1'
[1.736s] INFO:colcon.colcon_core.shell:Creating environment descriptor '/ros2_ws/install/robot_description/share/robot_description/hook/cmake_prefix_path.dsv'
[1.737s] INFO:colcon.colcon_core.shell:Creating environment hook '/ros2_ws/install/robot_description/share/robot_description/hook/cmake_prefix_path.sh'
[1.738s] Level 1:colcon.colcon_core.environment:checking '/ros2_ws/install/robot_description/bin'
[1.738s] Level 1:colcon.colcon_core.environment:checking '/ros2_ws/install/robot_description/lib/pkgconfig/robot_description.pc'
[1.738s] Level 1:colcon.colcon_core.environment:checking '/ros2_ws/install/robot_description/lib/python3.10/site-packages'
[1.739s] Level 1:colcon.colcon_core.environment:checking '/ros2_ws/install/robot_description/bin'
[1.739s] INFO:colcon.colcon_core.shell:Creating package script '/ros2_ws/install/robot_description/share/robot_description/package.ps1'
[1.740s] INFO:colcon.colcon_core.shell:Creating package descriptor '/ros2_ws/install/robot_description/share/robot_description/package.dsv'
[1.741s] INFO:colcon.colcon_core.shell:Creating package script '/ros2_ws/install/robot_description/share/robot_description/package.sh'
[1.742s] INFO:colcon.colcon_core.shell:Creating package script '/ros2_ws/install/robot_description/share/robot_description/package.bash'
[1.743s] INFO:colcon.colcon_core.shell:Creating package script '/ros2_ws/install/robot_description/share/robot_description/package.zsh'
[1.744s] Level 1:colcon.colcon_core.environment:create_file_with_runtime_dependencies(/ros2_ws/install/robot_description/share/colcon-core/packages/robot_description)
[1.745s] INFO:colcon.colcon_ros.task.ament_python.build:Building ROS package in '/ros2_ws/src/tactical_brain' with build type 'ament_python'
[1.745s] Level 1:colcon.colcon_core.shell:create_environment_hook('tactical_brain', 'ament_prefix_path')
[1.746s] INFO:colcon.colcon_core.shell:Creating environment hook '/ros2_ws/install/tactical_brain/share/tactical_brain/hook/ament_prefix_path.ps1'
[1.747s] INFO:colcon.colcon_core.shell:Creating environment descriptor '/ros2_ws/install/tactical_brain/share/tactical_brain/hook/ament_prefix_path.dsv'
[1.748s] INFO:colcon.colcon_core.shell:Creating environment hook '/ros2_ws/install/tactical_brain/share/tactical_brain/hook/ament_prefix_path.sh'
[1.749s] INFO:colcon.colcon_core.shell:Skip shell extension 'powershell' for command environment: Not usable outside of PowerShell
[1.749s] DEBUG:colcon.colcon_core.shell:Skip shell extension 'dsv' for command environment
[2.169s] INFO:colcon.colcon_core.task.python.build:Building Python package in '/ros2_ws/src/tactical_brain'
[2.170s] INFO:colcon.colcon_core.shell:Skip shell extension 'powershell' for command environment: Not usable outside of PowerShell
[2.170s] DEBUG:colcon.colcon_core.shell:Skip shell extension 'dsv' for command environment
[2.176s] DEBUG:colcon.colcon_core.task.python.build:Available setuptools commands: init_catalog, build_clib, install_headers, test, build, extract_messages, upload, bdist_rpm, rotate, install, alias, dist_info, install_scripts, bdist_dumb, bdist_wheel, bdist, build_ext, upload_docs, clean, saveopts, check, update_catalog, install_egg_info, compile_catalog, install_data, register, egg_info, develop, setopt, bdist_egg, sdist, install_lib, build_py, build_scripts, easy_install, symlink_data
[2.177s] DEBUG:colcon.colcon_core.task.python.build:Available setuptools commands: init_catalog, build_clib, install_headers, test, build, extract_messages, upload, bdist_rpm, rotate, install, alias, dist_info, install_scripts, bdist_dumb, bdist_wheel, bdist, build_ext, upload_docs, clean, saveopts, check, update_catalog, install_egg_info, compile_catalog, install_data, register, egg_info, develop, setopt, bdist_egg, sdist, install_lib, build_py, build_scripts, easy_install, symlink_data
[2.662s] DEBUG:colcon.colcon_core.task.python.build:Available setuptools 'develop' options: --no-find-links, --optimize, --install-layout, --egg-path, --allow-hosts, --uninstall, --script-dir, --install-dir, --multi-version, --zip-ok, --upgrade, --no-deps, --verbose, --editable, --index-url, --local-snapshots-ok, --always-copy, --force-installation-into-system-dir, --dry-run, --always-unzip, --build-directory, --exclude-scripts, --find-links, --site-dirs, --no-user-cfg, --help, --quiet, --user, --record, --version, --prefix
[2.668s] DEBUG:colcon.colcon_core.event_handler.log_command:Invoking command in '/ros2_ws/build/ai_vision': PYTHONPATH=/ros2_ws/build/ai_vision/prefix_override:/usr/lib/python3/dist-packages/colcon_core/task/python/colcon_distutils_commands:/ros2_ws/install/ai_vision/lib/python3.10/site-packages:${PYTHONPATH} /usr/bin/python3 -W ignore:setup.py install is deprecated -W ignore:easy_install command is deprecated setup.py develop --editable --build-directory /ros2_ws/build/ai_vision/build --no-deps symlink_data
[2.712s] DEBUG:colcon.colcon_core.task.python.build:Available setuptools 'develop' options: --no-find-links, --optimize, --install-layout, --egg-path, --allow-hosts, --uninstall, --script-dir, --install-dir, --multi-version, --zip-ok, --upgrade, --no-deps, --verbose, --editable, --index-url, --local-snapshots-ok, --always-copy, --force-installation-into-system-dir, --dry-run, --always-unzip, --build-directory, --exclude-scripts, --find-links, --site-dirs, --no-user-cfg, --help, --quiet, --user, --record, --version, --prefix
[2.717s] DEBUG:colcon.colcon_core.event_handler.log_command:Invoking command in '/ros2_ws/build/icm20948_ros2': PYTHONPATH=/ros2_ws/build/icm20948_ros2/prefix_override:/usr/lib/python3/dist-packages/colcon_core/task/python/colcon_distutils_commands:/ros2_ws/install/icm20948_ros2/lib/python3.10/site-packages:${PYTHONPATH} /usr/bin/python3 -W ignore:setup.py install is deprecated -W ignore:easy_install command is deprecated setup.py develop --editable --build-directory /ros2_ws/build/icm20948_ros2/build --no-deps symlink_data
[2.867s] DEBUG:colcon.colcon_core.task.python.build:Available setuptools commands: init_catalog, build_clib, install_headers, test, build, extract_messages, upload, bdist_rpm, rotate, install, alias, dist_info, install_scripts, bdist_dumb, bdist_wheel, bdist, build_ext, upload_docs, clean, saveopts, check, update_catalog, install_egg_info, compile_catalog, install_data, register, egg_info, develop, setopt, bdist_egg, sdist, install_lib, build_py, build_scripts, easy_install, symlink_data
[3.372s] Level 1:colcon.colcon_core.shell:create_environment_hook('ai_vision', 'pythonpath_develop')
[3.373s] DEBUG:colcon.colcon_core.event_handler.log_command:Invoked command in '/ros2_ws/build/ai_vision' returned '0': PYTHONPATH=/ros2_ws/build/ai_vision/prefix_override:/usr/lib/python3/dist-packages/colcon_core/task/python/colcon_distutils_commands:/ros2_ws/install/ai_vision/lib/python3.10/site-packages:${PYTHONPATH} /usr/bin/python3 -W ignore:setup.py install is deprecated -W ignore:easy_install command is deprecated setup.py develop --editable --build-directory /ros2_ws/build/ai_vision/build --no-deps symlink_data
[3.374s] INFO:colcon.colcon_core.shell:Creating environment hook '/ros2_ws/build/ai_vision/share/ai_vision/hook/pythonpath_develop.ps1'
[3.378s] INFO:colcon.colcon_core.shell:Creating environment descriptor '/ros2_ws/build/ai_vision/share/ai_vision/hook/pythonpath_develop.dsv'
[3.379s] INFO:colcon.colcon_core.shell:Creating environment hook '/ros2_ws/build/ai_vision/share/ai_vision/hook/pythonpath_develop.sh'
[3.381s] Level 1:colcon.colcon_core.environment:checking '/ros2_ws/install/ai_vision' for CMake module files
[3.382s] Level 1:colcon.colcon_core.environment:checking '/ros2_ws/install/ai_vision' for CMake config files
[3.383s] Level 1:colcon.colcon_core.environment:checking '/ros2_ws/install/ai_vision/lib'
[3.385s] Level 1:colcon.colcon_core.environment:checking '/ros2_ws/install/ai_vision/bin'
[3.387s] Level 1:colcon.colcon_core.environment:checking '/ros2_ws/install/ai_vision/lib/pkgconfig/ai_vision.pc'
[3.388s] Level 1:colcon.colcon_core.environment:checking '/ros2_ws/install/ai_vision/lib/python3.10/site-packages'
[3.388s] Level 1:colcon.colcon_core.shell:create_environment_hook('ai_vision', 'pythonpath')
[3.388s] INFO:colcon.colcon_core.shell:Creating environment hook '/ros2_ws/install/ai_vision/share/ai_vision/hook/pythonpath.ps1'
[3.390s] INFO:colcon.colcon_core.shell:Creating environment descriptor '/ros2_ws/install/ai_vision/share/ai_vision/hook/pythonpath.dsv'
[3.391s] INFO:colcon.colcon_core.shell:Creating environment hook '/ros2_ws/install/ai_vision/share/ai_vision/hook/pythonpath.sh'
[3.393s] Level 1:colcon.colcon_core.environment:checking '/ros2_ws/install/ai_vision/bin'
[3.394s] Level 1:colcon.colcon_core.environment:create_environment_scripts_only(ai_vision)
[3.395s] INFO:colcon.colcon_core.shell:Creating package script '/ros2_ws/install/ai_vision/share/ai_vision/package.ps1'
[3.396s] INFO:colcon.colcon_core.shell:Creating package descriptor '/ros2_ws/install/ai_vision/share/ai_vision/package.dsv'
[3.399s] INFO:colcon.colcon_core.shell:Creating package script '/ros2_ws/install/ai_vision/share/ai_vision/package.sh'
[3.400s] INFO:colcon.colcon_core.shell:Creating package script '/ros2_ws/install/ai_vision/share/ai_vision/package.bash'
[3.401s] INFO:colcon.colcon_core.shell:Creating package script '/ros2_ws/install/ai_vision/share/ai_vision/package.zsh'
[3.403s] Level 1:colcon.colcon_core.environment:create_file_with_runtime_dependencies(/ros2_ws/install/ai_vision/share/colcon-core/packages/ai_vision)
[3.404s] DEBUG:colcon.colcon_core.task.python.build:Available setuptools 'develop' options: --no-find-links, --optimize, --install-layout, --egg-path, --allow-hosts, --uninstall, --script-dir, --install-dir, --multi-version, --zip-ok, --upgrade, --no-deps, --verbose, --editable, --index-url, --local-snapshots-ok, --always-copy, --force-installation-into-system-dir, --dry-run, --always-unzip, --build-directory, --exclude-scripts, --find-links, --site-dirs, --no-user-cfg, --help, --quiet, --user, --record, --version, --prefix
[3.408s] INFO:colcon.colcon_ros.task.ament_cmake.build:Building ROS package in '/ros2_ws/src/telemetry_data' with build type 'ament_cmake'
[3.409s] INFO:colcon.colcon_cmake.task.cmake.build:Building CMake package in '/ros2_ws/src/telemetry_data'
[3.410s] INFO:colcon.colcon_core.shell:Skip shell extension 'powershell' for command environment: Not usable outside of PowerShell
[3.411s] DEBUG:colcon.colcon_core.shell:Skip shell extension 'dsv' for command environment
[3.414s] DEBUG:colcon.colcon_core.event_handler.log_command:Invoking command in '/ros2_ws/build/tactical_brain': PYTHONPATH=/ros2_ws/build/tactical_brain/prefix_override:/usr/lib/python3/dist-packages/colcon_core/task/python/colcon_distutils_commands:/ros2_ws/install/tactical_brain/lib/python3.10/site-packages:${PYTHONPATH} /usr/bin/python3 -W ignore:setup.py install is deprecated -W ignore:easy_install command is deprecated setup.py develop --editable --build-directory /ros2_ws/build/tactical_brain/build --no-deps symlink_data
[3.434s] DEBUG:colcon.colcon_core.event_handler.log_command:Invoking command in '/ros2_ws/build/telemetry_data': CMAKE_PREFIX_PATH=${CMAKE_PREFIX_PATH}:/ros2_ws/install/tactical_brain:/ros2_ws/install/sensor_fusion_pkg:/ros2_ws/install/icm20948_ros2:/ros2_ws/install/ai_vision:/opt/ros/humble /usr/bin/cmake --build /ros2_ws/build/telemetry_data -- -j4 -l4
[3.482s] Level 1:colcon.colcon_core.shell:create_environment_hook('icm20948_ros2', 'pythonpath_develop')
[3.483s] DEBUG:colcon.colcon_core.event_handler.log_command:Invoked command in '/ros2_ws/build/icm20948_ros2' returned '0': PYTHONPATH=/ros2_ws/build/icm20948_ros2/prefix_override:/usr/lib/python3/dist-packages/colcon_core/task/python/colcon_distutils_commands:/ros2_ws/install/icm20948_ros2/lib/python3.10/site-packages:${PYTHONPATH} /usr/bin/python3 -W ignore:setup.py install is deprecated -W ignore:easy_install command is deprecated setup.py develop --editable --build-directory /ros2_ws/build/icm20948_ros2/build --no-deps symlink_data
[3.483s] INFO:colcon.colcon_core.shell:Creating environment hook '/ros2_ws/build/icm20948_ros2/share/icm20948_ros2/hook/pythonpath_develop.ps1'
[3.485s] INFO:colcon.colcon_core.shell:Creating environment descriptor '/ros2_ws/build/icm20948_ros2/share/icm20948_ros2/hook/pythonpath_develop.dsv'
[3.488s] INFO:colcon.colcon_core.shell:Creating environment hook '/ros2_ws/build/icm20948_ros2/share/icm20948_ros2/hook/pythonpath_develop.sh'
[3.492s] Level 1:colcon.colcon_core.environment:checking '/ros2_ws/install/icm20948_ros2' for CMake module files
[3.493s] Level 1:colcon.colcon_core.environment:checking '/ros2_ws/install/icm20948_ros2' for CMake config files
[3.494s] Level 1:colcon.colcon_core.environment:checking '/ros2_ws/install/icm20948_ros2/lib'
[3.494s] Level 1:colcon.colcon_core.environment:checking '/ros2_ws/install/icm20948_ros2/bin'
[3.494s] Level 1:colcon.colcon_core.environment:checking '/ros2_ws/install/icm20948_ros2/lib/pkgconfig/icm20948_ros2.pc'
[3.495s] Level 1:colcon.colcon_core.environment:checking '/ros2_ws/install/icm20948_ros2/lib/python3.10/site-packages'
[3.496s] Level 1:colcon.colcon_core.shell:create_environment_hook('icm20948_ros2', 'pythonpath')
[3.496s] INFO:colcon.colcon_core.shell:Creating environment hook '/ros2_ws/install/icm20948_ros2/share/icm20948_ros2/hook/pythonpath.ps1'
[3.500s] INFO:colcon.colcon_core.shell:Creating environment descriptor '/ros2_ws/install/icm20948_ros2/share/icm20948_ros2/hook/pythonpath.dsv'
[3.501s] INFO:colcon.colcon_core.shell:Creating environment hook '/ros2_ws/install/icm20948_ros2/share/icm20948_ros2/hook/pythonpath.sh'
[3.504s] Level 1:colcon.colcon_core.environment:checking '/ros2_ws/install/icm20948_ros2/bin'
[3.504s] Level 1:colcon.colcon_core.environment:create_environment_scripts_only(icm20948_ros2)
[3.505s] INFO:colcon.colcon_core.shell:Creating package script '/ros2_ws/install/icm20948_ros2/share/icm20948_ros2/package.ps1'
[3.507s] INFO:colcon.colcon_core.shell:Creating package descriptor '/ros2_ws/install/icm20948_ros2/share/icm20948_ros2/package.dsv'
[3.508s] INFO:colcon.colcon_core.shell:Creating package script '/ros2_ws/install/icm20948_ros2/share/icm20948_ros2/package.sh'
[3.510s] INFO:colcon.colcon_core.shell:Creating package script '/ros2_ws/install/icm20948_ros2/share/icm20948_ros2/package.bash'
[3.510s] INFO:colcon.colcon_core.shell:Creating package script '/ros2_ws/install/icm20948_ros2/share/icm20948_ros2/package.zsh'
[3.513s] Level 1:colcon.colcon_core.environment:create_file_with_runtime_dependencies(/ros2_ws/install/icm20948_ros2/share/colcon-core/packages/icm20948_ros2)
[3.515s] INFO:colcon.colcon_ros.task.ament_cmake.build:Building ROS package in '/ros2_ws/src/robot_bringup' with build type 'ament_cmake'
[3.516s] INFO:colcon.colcon_cmake.task.cmake.build:Building CMake package in '/ros2_ws/src/robot_bringup'
[3.517s] INFO:colcon.colcon_core.shell:Skip shell extension 'powershell' for command environment: Not usable outside of PowerShell
[3.518s] DEBUG:colcon.colcon_core.shell:Skip shell extension 'dsv' for command environment
[3.555s] DEBUG:colcon.colcon_core.event_handler.log_command:Invoking command in '/ros2_ws/build/robot_bringup': CMAKE_PREFIX_PATH=/ros2_ws/install/localization:/ros2_ws/install/ydlidar_ros2_driver:/ros2_ws/install/rf2o_laser_odometry:/ros2_ws/install/navigation:/ros2_ws/install/hardware:/ros2_ws/install/foxglove:/ros2_ws/install/robot_bringup:/ros2_ws/install/telemetry_data:/ros2_ws/install/shooting:/ros2_ws/install/robot_description:/ros2_ws/install/main_brain:/ros2_ws/install/tactical_brain:/ros2_ws/install/sensor_fusion_pkg:/ros2_ws/install/icm20948_ros2:/ros2_ws/install/ai_vision:/opt/ros/humble /usr/bin/cmake --build /ros2_ws/build/robot_bringup -- -j4 -l4
[3.572s] DEBUG:colcon.colcon_core.event_handler.log_command:Invoked command in '/ros2_ws/build/telemetry_data' returned '0': CMAKE_PREFIX_PATH=${CMAKE_PREFIX_PATH}:/ros2_ws/install/tactical_brain:/ros2_ws/install/sensor_fusion_pkg:/ros2_ws/install/icm20948_ros2:/ros2_ws/install/ai_vision:/opt/ros/humble /usr/bin/cmake --build /ros2_ws/build/telemetry_data -- -j4 -l4
[3.580s] DEBUG:colcon.colcon_core.event_handler.log_command:Invoking command in '/ros2_ws/build/telemetry_data': CMAKE_PREFIX_PATH=${CMAKE_PREFIX_PATH}:/ros2_ws/install/tactical_brain:/ros2_ws/install/sensor_fusion_pkg:/ros2_ws/install/icm20948_ros2:/ros2_ws/install/ai_vision:/opt/ros/humble /usr/bin/cmake --install /ros2_ws/build/telemetry_data
[3.622s] DEBUG:colcon.colcon_core.event_handler.log_command:Invoked command in '/ros2_ws/build/robot_bringup' returned '0': CMAKE_PREFIX_PATH=/ros2_ws/install/localization:/ros2_ws/install/ydlidar_ros2_driver:/ros2_ws/install/rf2o_laser_odometry:/ros2_ws/install/navigation:/ros2_ws/install/hardware:/ros2_ws/install/foxglove:/ros2_ws/install/robot_bringup:/ros2_ws/install/telemetry_data:/ros2_ws/install/shooting:/ros2_ws/install/robot_description:/ros2_ws/install/main_brain:/ros2_ws/install/tactical_brain:/ros2_ws/install/sensor_fusion_pkg:/ros2_ws/install/icm20948_ros2:/ros2_ws/install/ai_vision:/opt/ros/humble /usr/bin/cmake --build /ros2_ws/build/robot_bringup -- -j4 -l4
[3.627s] DEBUG:colcon.colcon_core.event_handler.log_command:Invoking command in '/ros2_ws/build/robot_bringup': CMAKE_PREFIX_PATH=/ros2_ws/install/localization:/ros2_ws/install/ydlidar_ros2_driver:/ros2_ws/install/rf2o_laser_odometry:/ros2_ws/install/navigation:/ros2_ws/install/hardware:/ros2_ws/install/foxglove:/ros2_ws/install/robot_bringup:/ros2_ws/install/telemetry_data:/ros2_ws/install/shooting:/ros2_ws/install/robot_description:/ros2_ws/install/main_brain:/ros2_ws/install/tactical_brain:/ros2_ws/install/sensor_fusion_pkg:/ros2_ws/install/icm20948_ros2:/ros2_ws/install/ai_vision:/opt/ros/humble /usr/bin/cmake --install /ros2_ws/build/robot_bringup
[3.630s] Level 1:colcon.colcon_core.environment:create_environment_scripts_only(telemetry_data)
[3.631s] Level 1:colcon.colcon_core.environment:checking '/ros2_ws/install/telemetry_data' for CMake module files
[3.632s] Level 1:colcon.colcon_core.environment:checking '/ros2_ws/install/telemetry_data' for CMake config files
[3.633s] Level 1:colcon.colcon_core.shell:create_environment_hook('telemetry_data', 'cmake_prefix_path')
[3.633s] INFO:colcon.colcon_core.shell:Creating environment hook '/ros2_ws/install/telemetry_data/share/telemetry_data/hook/cmake_prefix_path.ps1'
[3.635s] INFO:colcon.colcon_core.shell:Creating environment descriptor '/ros2_ws/install/telemetry_data/share/telemetry_data/hook/cmake_prefix_path.dsv'
[3.635s] INFO:colcon.colcon_core.shell:Creating environment hook '/ros2_ws/install/telemetry_data/share/telemetry_data/hook/cmake_prefix_path.sh'
[3.637s] Level 1:colcon.colcon_core.environment:checking '/ros2_ws/install/telemetry_data/lib'
[3.637s] Level 1:colcon.colcon_core.environment:checking '/ros2_ws/install/telemetry_data/bin'
[3.638s] Level 1:colcon.colcon_core.environment:checking '/ros2_ws/install/telemetry_data/lib/pkgconfig/telemetry_data.pc'
[3.638s] Level 1:colcon.colcon_core.environment:checking '/ros2_ws/install/telemetry_data/lib/python3.10/site-packages'
[3.639s] Level 1:colcon.colcon_core.environment:checking '/ros2_ws/install/telemetry_data/bin'
[3.639s] INFO:colcon.colcon_core.shell:Creating package script '/ros2_ws/install/telemetry_data/share/telemetry_data/package.ps1'
[3.644s] DEBUG:colcon.colcon_core.event_handler.log_command:Invoked command in '/ros2_ws/build/telemetry_data' returned '0': CMAKE_PREFIX_PATH=${CMAKE_PREFIX_PATH}:/ros2_ws/install/tactical_brain:/ros2_ws/install/sensor_fusion_pkg:/ros2_ws/install/icm20948_ros2:/ros2_ws/install/ai_vision:/opt/ros/humble /usr/bin/cmake --install /ros2_ws/build/telemetry_data
[3.647s] INFO:colcon.colcon_core.shell:Creating package descriptor '/ros2_ws/install/telemetry_data/share/telemetry_data/package.dsv'
[3.648s] INFO:colcon.colcon_core.shell:Creating package script '/ros2_ws/install/telemetry_data/share/telemetry_data/package.sh'
[3.649s] INFO:colcon.colcon_core.shell:Creating package script '/ros2_ws/install/telemetry_data/share/telemetry_data/package.bash'
[3.650s] INFO:colcon.colcon_core.shell:Creating package script '/ros2_ws/install/telemetry_data/share/telemetry_data/package.zsh'
[3.651s] Level 1:colcon.colcon_core.environment:create_file_with_runtime_dependencies(/ros2_ws/install/telemetry_data/share/colcon-core/packages/telemetry_data)
[3.654s] Level 1:colcon.colcon_core.environment:create_environment_scripts_only(telemetry_data)
[3.660s] Level 1:colcon.colcon_core.environment:checking '/ros2_ws/install/telemetry_data' for CMake module files
[3.662s] Level 1:colcon.colcon_core.environment:checking '/ros2_ws/install/telemetry_data' for CMake config files
[3.662s] Level 1:colcon.colcon_core.shell:create_environment_hook('telemetry_data', 'cmake_prefix_path')
[3.663s] INFO:colcon.colcon_core.shell:Creating environment hook '/ros2_ws/install/telemetry_data/share/telemetry_data/hook/cmake_prefix_path.ps1'
[3.667s] INFO:colcon.colcon_core.shell:Creating environment descriptor '/ros2_ws/install/telemetry_data/share/telemetry_data/hook/cmake_prefix_path.dsv'
[3.668s] INFO:colcon.colcon_core.shell:Creating environment hook '/ros2_ws/install/telemetry_data/share/telemetry_data/hook/cmake_prefix_path.sh'
[3.669s] Level 1:colcon.colcon_core.environment:checking '/ros2_ws/install/telemetry_data/lib'
[3.669s] Level 1:colcon.colcon_core.environment:checking '/ros2_ws/install/telemetry_data/bin'
[3.669s] Level 1:colcon.colcon_core.environment:checking '/ros2_ws/install/telemetry_data/lib/pkgconfig/telemetry_data.pc'
[3.669s] Level 1:colcon.colcon_core.environment:checking '/ros2_ws/install/telemetry_data/lib/python3.10/site-packages'
[3.670s] Level 1:colcon.colcon_core.environment:checking '/ros2_ws/install/telemetry_data/bin'
[3.670s] INFO:colcon.colcon_core.shell:Creating package script '/ros2_ws/install/telemetry_data/share/telemetry_data/package.ps1'
[3.673s] INFO:colcon.colcon_core.shell:Creating package descriptor '/ros2_ws/install/telemetry_data/share/telemetry_data/package.dsv'
[3.675s] INFO:colcon.colcon_core.shell:Creating package script '/ros2_ws/install/telemetry_data/share/telemetry_data/package.sh'
[3.676s] INFO:colcon.colcon_core.shell:Creating package script '/ros2_ws/install/telemetry_data/share/telemetry_data/package.bash'
[3.678s] INFO:colcon.colcon_core.shell:Creating package script '/ros2_ws/install/telemetry_data/share/telemetry_data/package.zsh'
[3.679s] Level 1:colcon.colcon_core.environment:create_file_with_runtime_dependencies(/ros2_ws/install/telemetry_data/share/colcon-core/packages/telemetry_data)
[3.687s] Level 1:colcon.colcon_core.environment:create_environment_scripts_only(robot_bringup)
[3.688s] DEBUG:colcon.colcon_core.event_handler.log_command:Invoked command in '/ros2_ws/build/robot_bringup' returned '0': CMAKE_PREFIX_PATH=/ros2_ws/install/localization:/ros2_ws/install/ydlidar_ros2_driver:/ros2_ws/install/rf2o_laser_odometry:/ros2_ws/install/navigation:/ros2_ws/install/hardware:/ros2_ws/install/foxglove:/ros2_ws/install/robot_bringup:/ros2_ws/install/telemetry_data:/ros2_ws/install/shooting:/ros2_ws/install/robot_description:/ros2_ws/install/main_brain:/ros2_ws/install/tactical_brain:/ros2_ws/install/sensor_fusion_pkg:/ros2_ws/install/icm20948_ros2:/ros2_ws/install/ai_vision:/opt/ros/humble /usr/bin/cmake --install /ros2_ws/build/robot_bringup
[3.690s] Level 1:colcon.colcon_core.environment:checking '/ros2_ws/install/robot_bringup' for CMake module files
[3.691s] Level 1:colcon.colcon_core.environment:checking '/ros2_ws/install/robot_bringup' for CMake config files
[3.691s] Level 1:colcon.colcon_core.shell:create_environment_hook('robot_bringup', 'cmake_prefix_path')
[3.692s] INFO:colcon.colcon_core.shell:Creating environment hook '/ros2_ws/install/robot_bringup/share/robot_bringup/hook/cmake_prefix_path.ps1'
[3.693s] INFO:colcon.colcon_core.shell:Creating environment descriptor '/ros2_ws/install/robot_bringup/share/robot_bringup/hook/cmake_prefix_path.dsv'
[3.693s] INFO:colcon.colcon_core.shell:Creating environment hook '/ros2_ws/install/robot_bringup/share/robot_bringup/hook/cmake_prefix_path.sh'
[3.695s] Level 1:colcon.colcon_core.environment:checking '/ros2_ws/install/robot_bringup/bin'
[3.695s] Level 1:colcon.colcon_core.environment:checking '/ros2_ws/install/robot_bringup/lib/pkgconfig/robot_bringup.pc'
[3.696s] Level 1:colcon.colcon_core.environment:checking '/ros2_ws/install/robot_bringup/lib/python3.10/site-packages'
[3.697s] Level 1:colcon.colcon_core.environment:checking '/ros2_ws/install/robot_bringup/bin'
[3.698s] INFO:colcon.colcon_core.shell:Creating package script '/ros2_ws/install/robot_bringup/share/robot_bringup/package.ps1'
[3.700s] INFO:colcon.colcon_core.shell:Creating package descriptor '/ros2_ws/install/robot_bringup/share/robot_bringup/package.dsv'
[3.702s] INFO:colcon.colcon_core.shell:Creating package script '/ros2_ws/install/robot_bringup/share/robot_bringup/package.sh'
[3.704s] INFO:colcon.colcon_core.shell:Creating package script '/ros2_ws/install/robot_bringup/share/robot_bringup/package.bash'
[3.705s] INFO:colcon.colcon_core.shell:Creating package script '/ros2_ws/install/robot_bringup/share/robot_bringup/package.zsh'
[3.707s] Level 1:colcon.colcon_core.environment:create_file_with_runtime_dependencies(/ros2_ws/install/robot_bringup/share/colcon-core/packages/robot_bringup)
[3.709s] Level 1:colcon.colcon_core.environment:create_environment_scripts_only(robot_bringup)
[3.709s] Level 1:colcon.colcon_core.environment:checking '/ros2_ws/install/robot_bringup' for CMake module files
[3.716s] Level 1:colcon.colcon_core.environment:checking '/ros2_ws/install/robot_bringup' for CMake config files
[3.717s] Level 1:colcon.colcon_core.shell:create_environment_hook('robot_bringup', 'cmake_prefix_path')
[3.717s] INFO:colcon.colcon_core.shell:Creating environment hook '/ros2_ws/install/robot_bringup/share/robot_bringup/hook/cmake_prefix_path.ps1'
[3.718s] INFO:colcon.colcon_core.shell:Creating environment descriptor '/ros2_ws/install/robot_bringup/share/robot_bringup/hook/cmake_prefix_path.dsv'
[3.723s] INFO:colcon.colcon_core.shell:Creating environment hook '/ros2_ws/install/robot_bringup/share/robot_bringup/hook/cmake_prefix_path.sh'
[3.725s] Level 1:colcon.colcon_core.environment:checking '/ros2_ws/install/robot_bringup/bin'
[3.725s] Level 1:colcon.colcon_core.environment:checking '/ros2_ws/install/robot_bringup/lib/pkgconfig/robot_bringup.pc'
[3.725s] Level 1:colcon.colcon_core.environment:checking '/ros2_ws/install/robot_bringup/lib/python3.10/site-packages'
[3.726s] Level 1:colcon.colcon_core.environment:checking '/ros2_ws/install/robot_bringup/bin'
[3.726s] INFO:colcon.colcon_core.shell:Creating package script '/ros2_ws/install/robot_bringup/share/robot_bringup/package.ps1'
[3.729s] INFO:colcon.colcon_core.shell:Creating package descriptor '/ros2_ws/install/robot_bringup/share/robot_bringup/package.dsv'
[3.731s] INFO:colcon.colcon_core.shell:Creating package script '/ros2_ws/install/robot_bringup/share/robot_bringup/package.sh'
[3.732s] INFO:colcon.colcon_core.shell:Creating package script '/ros2_ws/install/robot_bringup/share/robot_bringup/package.bash'
[3.734s] INFO:colcon.colcon_core.shell:Creating package script '/ros2_ws/install/robot_bringup/share/robot_bringup/package.zsh'
[3.736s] Level 1:colcon.colcon_core.environment:create_file_with_runtime_dependencies(/ros2_ws/install/robot_bringup/share/colcon-core/packages/robot_bringup)
[4.078s] Level 1:colcon.colcon_core.shell:create_environment_hook('tactical_brain', 'pythonpath_develop')
[4.079s] INFO:colcon.colcon_core.shell:Creating environment hook '/ros2_ws/build/tactical_brain/share/tactical_brain/hook/pythonpath_develop.ps1'
[4.079s] DEBUG:colcon.colcon_core.event_handler.log_command:Invoked command in '/ros2_ws/build/tactical_brain' returned '0': PYTHONPATH=/ros2_ws/build/tactical_brain/prefix_override:/usr/lib/python3/dist-packages/colcon_core/task/python/colcon_distutils_commands:/ros2_ws/install/tactical_brain/lib/python3.10/site-packages:${PYTHONPATH} /usr/bin/python3 -W ignore:setup.py install is deprecated -W ignore:easy_install command is deprecated setup.py develop --editable --build-directory /ros2_ws/build/tactical_brain/build --no-deps symlink_data
[4.082s] INFO:colcon.colcon_core.shell:Creating environment descriptor '/ros2_ws/build/tactical_brain/share/tactical_brain/hook/pythonpath_develop.dsv'
[4.082s] INFO:colcon.colcon_core.shell:Creating environment hook '/ros2_ws/build/tactical_brain/share/tactical_brain/hook/pythonpath_develop.sh'
[4.084s] Level 1:colcon.colcon_core.environment:checking '/ros2_ws/install/tactical_brain' for CMake module files
[4.085s] Level 1:colcon.colcon_core.environment:checking '/ros2_ws/install/tactical_brain' for CMake config files
[4.085s] Level 1:colcon.colcon_core.environment:checking '/ros2_ws/install/tactical_brain/lib'
[4.086s] Level 1:colcon.colcon_core.environment:checking '/ros2_ws/install/tactical_brain/bin'
[4.086s] Level 1:colcon.colcon_core.environment:checking '/ros2_ws/install/tactical_brain/lib/pkgconfig/tactical_brain.pc'
[4.086s] Level 1:colcon.colcon_core.environment:checking '/ros2_ws/install/tactical_brain/lib/python3.10/site-packages'
[4.087s] Level 1:colcon.colcon_core.shell:create_environment_hook('tactical_brain', 'pythonpath')
[4.087s] INFO:colcon.colcon_core.shell:Creating environment hook '/ros2_ws/install/tactical_brain/share/tactical_brain/hook/pythonpath.ps1'
[4.088s] INFO:colcon.colcon_core.shell:Creating environment descriptor '/ros2_ws/install/tactical_brain/share/tactical_brain/hook/pythonpath.dsv'
[4.089s] INFO:colcon.colcon_core.shell:Creating environment hook '/ros2_ws/install/tactical_brain/share/tactical_brain/hook/pythonpath.sh'
[4.090s] Level 1:colcon.colcon_core.environment:checking '/ros2_ws/install/tactical_brain/bin'
[4.091s] Level 1:colcon.colcon_core.environment:create_environment_scripts_only(tactical_brain)
[4.091s] INFO:colcon.colcon_core.shell:Creating package script '/ros2_ws/install/tactical_brain/share/tactical_brain/package.ps1'
[4.093s] INFO:colcon.colcon_core.shell:Creating package descriptor '/ros2_ws/install/tactical_brain/share/tactical_brain/package.dsv'
[4.094s] INFO:colcon.colcon_core.shell:Creating package script '/ros2_ws/install/tactical_brain/share/tactical_brain/package.sh'
[4.095s] INFO:colcon.colcon_core.shell:Creating package script '/ros2_ws/install/tactical_brain/share/tactical_brain/package.bash'
[4.095s] INFO:colcon.colcon_core.shell:Creating package script '/ros2_ws/install/tactical_brain/share/tactical_brain/package.zsh'
[4.096s] Level 1:colcon.colcon_core.environment:create_file_with_runtime_dependencies(/ros2_ws/install/tactical_brain/share/colcon-core/packages/tactical_brain)
[18.792s] DEBUG:colcon.colcon_core.event_handler.log_command:Invoked command in '/ros2_ws/build/shooting' returned '0': CMAKE_PREFIX_PATH=${CMAKE_PREFIX_PATH}:/ros2_ws/install/tactical_brain:/ros2_ws/install/sensor_fusion_pkg:/ros2_ws/install/icm20948_ros2:/ros2_ws/install/ai_vision:/opt/ros/humble /usr/bin/cmake --build /ros2_ws/build/shooting -- -j4 -l4
[18.793s] DEBUG:colcon.colcon_core.event_handler.log_command:Invoking command in '/ros2_ws/build/shooting': CMAKE_PREFIX_PATH=${CMAKE_PREFIX_PATH}:/ros2_ws/install/tactical_brain:/ros2_ws/install/sensor_fusion_pkg:/ros2_ws/install/icm20948_ros2:/ros2_ws/install/ai_vision:/opt/ros/humble /usr/bin/cmake --install /ros2_ws/build/shooting
[18.815s] Level 1:colcon.colcon_core.environment:create_environment_scripts_only(shooting)
[18.815s] DEBUG:colcon.colcon_core.event_handler.log_command:Invoked command in '/ros2_ws/build/shooting' returned '0': CMAKE_PREFIX_PATH=${CMAKE_PREFIX_PATH}:/ros2_ws/install/tactical_brain:/ros2_ws/install/sensor_fusion_pkg:/ros2_ws/install/icm20948_ros2:/ros2_ws/install/ai_vision:/opt/ros/humble /usr/bin/cmake --install /ros2_ws/build/shooting
[18.815s] Level 1:colcon.colcon_core.environment:checking '/ros2_ws/install/shooting' for CMake module files
[18.816s] Level 1:colcon.colcon_core.environment:checking '/ros2_ws/install/shooting' for CMake config files
[18.816s] Level 1:colcon.colcon_core.shell:create_environment_hook('shooting', 'cmake_prefix_path')
[18.817s] INFO:colcon.colcon_core.shell:Creating environment hook '/ros2_ws/install/shooting/share/shooting/hook/cmake_prefix_path.ps1'
[18.817s] INFO:colcon.colcon_core.shell:Creating environment descriptor '/ros2_ws/install/shooting/share/shooting/hook/cmake_prefix_path.dsv'
[18.818s] INFO:colcon.colcon_core.shell:Creating environment hook '/ros2_ws/install/shooting/share/shooting/hook/cmake_prefix_path.sh'
[18.819s] Level 1:colcon.colcon_core.environment:checking '/ros2_ws/install/shooting/lib'
[18.819s] Level 1:colcon.colcon_core.environment:checking '/ros2_ws/install/shooting/bin'
[18.819s] Level 1:colcon.colcon_core.environment:checking '/ros2_ws/install/shooting/lib/pkgconfig/shooting.pc'
[18.820s] Level 1:colcon.colcon_core.environment:checking '/ros2_ws/install/shooting/lib/python3.10/site-packages'
[18.820s] Level 1:colcon.colcon_core.environment:checking '/ros2_ws/install/shooting/bin'
[18.821s] INFO:colcon.colcon_core.shell:Creating package script '/ros2_ws/install/shooting/share/shooting/package.ps1'
[18.822s] INFO:colcon.colcon_core.shell:Creating package descriptor '/ros2_ws/install/shooting/share/shooting/package.dsv'
[18.823s] INFO:colcon.colcon_core.shell:Creating package script '/ros2_ws/install/shooting/share/shooting/package.sh'
[18.824s] INFO:colcon.colcon_core.shell:Creating package script '/ros2_ws/install/shooting/share/shooting/package.bash'
[18.824s] INFO:colcon.colcon_core.shell:Creating package script '/ros2_ws/install/shooting/share/shooting/package.zsh'
[18.825s] Level 1:colcon.colcon_core.environment:create_file_with_runtime_dependencies(/ros2_ws/install/shooting/share/colcon-core/packages/shooting)
[18.826s] Level 1:colcon.colcon_core.environment:create_environment_scripts_only(shooting)
[18.827s] Level 1:colcon.colcon_core.environment:checking '/ros2_ws/install/shooting' for CMake module files
[18.827s] Level 1:colcon.colcon_core.environment:checking '/ros2_ws/install/shooting' for CMake config files
[18.827s] Level 1:colcon.colcon_core.shell:create_environment_hook('shooting', 'cmake_prefix_path')
[18.828s] INFO:colcon.colcon_core.shell:Creating environment hook '/ros2_ws/install/shooting/share/shooting/hook/cmake_prefix_path.ps1'
[18.828s] INFO:colcon.colcon_core.shell:Creating environment descriptor '/ros2_ws/install/shooting/share/shooting/hook/cmake_prefix_path.dsv'
[18.829s] INFO:colcon.colcon_core.shell:Creating environment hook '/ros2_ws/install/shooting/share/shooting/hook/cmake_prefix_path.sh'
[18.830s] Level 1:colcon.colcon_core.environment:checking '/ros2_ws/install/shooting/lib'
[18.830s] Level 1:colcon.colcon_core.environment:checking '/ros2_ws/install/shooting/bin'
[18.830s] Level 1:colcon.colcon_core.environment:checking '/ros2_ws/install/shooting/lib/pkgconfig/shooting.pc'
[18.830s] Level 1:colcon.colcon_core.environment:checking '/ros2_ws/install/shooting/lib/python3.10/site-packages'
[18.831s] Level 1:colcon.colcon_core.environment:checking '/ros2_ws/install/shooting/bin'
[18.831s] INFO:colcon.colcon_core.shell:Creating package script '/ros2_ws/install/shooting/share/shooting/package.ps1'
[18.832s] INFO:colcon.colcon_core.shell:Creating package descriptor '/ros2_ws/install/shooting/share/shooting/package.dsv'
[18.832s] INFO:colcon.colcon_core.shell:Creating package script '/ros2_ws/install/shooting/share/shooting/package.sh'
[18.833s] INFO:colcon.colcon_core.shell:Creating package script '/ros2_ws/install/shooting/share/shooting/package.bash'
[18.834s] INFO:colcon.colcon_core.shell:Creating package script '/ros2_ws/install/shooting/share/shooting/package.zsh'
[18.835s] Level 1:colcon.colcon_core.environment:create_file_with_runtime_dependencies(/ros2_ws/install/shooting/share/colcon-core/packages/shooting)
[18.836s] DEBUG:colcon.colcon_parallel_executor.executor.parallel:closing loop
[18.836s] DEBUG:colcon.colcon_parallel_executor.executor.parallel:loop closed
[18.836s] DEBUG:colcon.colcon_parallel_executor.executor.parallel:run_until_complete finished with '0'
[18.836s] DEBUG:colcon.colcon_core.event_reactor:joining thread
[18.846s] INFO:colcon.colcon_core.plugin_system:Skipping extension 'colcon_notification.desktop_notification.notify_send': Could not find 'notify-send'
[18.847s] INFO:colcon.colcon_core.plugin_system:Skipping extension 'colcon_notification.desktop_notification.terminal_notifier': Not used on non-Darwin systems
[18.847s] INFO:colcon.colcon_core.plugin_system:Skipping extension 'colcon_notification.desktop_notification.win32': Not used on non-Windows systems
[18.847s] INFO:colcon.colcon_notification.desktop_notification:Sending desktop notification using 'notify2'
[18.848s] DEBUG:colcon.colcon_notification.desktop_notification.notify2:Failed to initialize notify2: org.freedesktop.DBus.Error.NotSupported: Unable to autolaunch a dbus-daemon without a $DISPLAY for X11
[18.848s] DEBUG:colcon.colcon_core.event_reactor:joined thread
[18.848s] INFO:colcon.colcon_core.shell:Creating prefix script '/ros2_ws/install/local_setup.ps1'
[18.849s] INFO:colcon.colcon_core.shell:Creating prefix util module '/ros2_ws/install/_local_setup_util_ps1.py'
[18.851s] INFO:colcon.colcon_core.shell:Creating prefix chain script '/ros2_ws/install/setup.ps1'
[18.853s] INFO:colcon.colcon_core.shell:Creating prefix script '/ros2_ws/install/local_setup.sh'
[18.853s] INFO:colcon.colcon_core.shell:Creating prefix util module '/ros2_ws/install/_local_setup_util_sh.py'
[18.855s] INFO:colcon.colcon_core.shell:Creating prefix chain script '/ros2_ws/install/setup.sh'
[18.857s] INFO:colcon.colcon_core.shell:Creating prefix script '/ros2_ws/install/local_setup.bash'
[18.857s] INFO:colcon.colcon_core.shell:Creating prefix chain script '/ros2_ws/install/setup.bash'
[18.859s] INFO:colcon.colcon_core.shell:Creating prefix script '/ros2_ws/install/local_setup.zsh'
[18.860s] INFO:colcon.colcon_core.shell:Creating prefix chain script '/ros2_ws/install/setup.zsh'
