path,label,source_wav,window_index,shape,start_sec,duration_sec
background/background_20260701_183332_842751_0000_00.npy,background,background/background_20260701_183332_842751_0000.wav,0,64x101,0.0,1.0
background/background_20260701_183332_842751_0000_01.npy,background,background/background_20260701_183332_842751_0000.wav,1,64x101,1.0,1.0
background/background_20260701_183332_842751_0000_02.npy,background,background/background_20260701_183332_842751_0000.wav,2,64x101,2.0,1.0
background/background_20260701_183332_842751_0000_03.npy,background,background/background_20260701_183332_842751_0000.wav,3,64x101,3.0,1.0
background/background_20260701_183332_842751_0000_04.npy,background,background/background_20260701_183332_842751_0000.wav,4,64x101,4.0,1.0
background/background_20260701_183337_845701_0001_00.npy,background,background/background_20260701_183337_845701_0001.wav,0,64x101,0.0,1.0
background/background_20260701_183337_845701_0001_01.npy,background,background/background_20260701_183337_845701_0001.wav,1,64x101,1.0,1.0
background/background_20260701_183337_845701_0001_02.npy,background,background/background_20260701_183337_845701_0001.wav,2,64x101,2.0,1.0
background/background_20260701_183337_845701_0001_03.npy,background,background/background_20260701_183337_845701_0001.wav,3,64x101,3.0,1.0
background/background_20260701_183337_845701_0001_04.npy,background,background/background_20260701_183337_845701_0001.wav,4,64x101,4.0,1.0
background/background_20260701_183342_848291_0002_00.npy,background,background/background_20260701_183342_848291_0002.wav,0,64x101,0.0,1.0
background/background_20260701_183342_848291_0002_01.npy,background,background/background_20260701_183342_848291_0002.wav,1,64x101,1.0,1.0
background/background_20260701_183342_848291_0002_02.npy,background,background/background_20260701_183342_848291_0002.wav,2,64x101,2.0,1.0
background/background_20260701_183342_848291_0002_03.npy,background,background/background_20260701_183342_848291_0002.wav,3,64x101,3.0,1.0
background/background_20260701_183342_848291_0002_04.npy,background,background/background_20260701_183342_848291_0002.wav,4,64x101,4.0,1.0
background/background_20260701_183347_851357_0003_00.npy,background,background/background_20260701_183347_851357_0003.wav,0,64x101,0.0,1.0
background/background_20260701_183347_851357_0003_01.npy,background,background/background_20260701_183347_851357_0003.wav,1,64x101,1.0,1.0
background/background_20260701_183347_851357_0003_02.npy,background,background/background_20260701_183347_851357_0003.wav,2,64x101,2.0,1.0
background/background_20260701_183347_851357_0003_03.npy,background,background/background_20260701_183347_851357_0003.wav,3,64x101,3.0,1.0
background/background_20260701_183347_851357_0003_04.npy,background,background/background_20260701_183347_851357_0003.wav,4,64x101,4.0,1.0
background/background_20260701_183352_854278_0004_00.npy,background,background/background_20260701_183352_854278_0004.wav,0,64x101,0.0,1.0
background/background_20260701_183352_854278_0004_01.npy,background,background/background_20260701_183352_854278_0004.wav,1,64x101,1.0,1.0
background/background_20260701_183352_854278_0004_02.npy,background,background/background_20260701_183352_854278_0004.wav,2,64x101,2.0,1.0
background/background_20260701_183352_854278_0004_03.npy,background,background/background_20260701_183352_854278_0004.wav,3,64x101,3.0,1.0
background/background_20260701_183352_854278_0004_04.npy,background,background/background_20260701_183352_854278_0004.wav,4,64x101,4.0,1.0
background/background_20260701_183357_857197_0005_00.npy,background,background/background_20260701_183357_857197_0005.wav,0,64x101,0.0,1.0
background/background_20260701_183357_857197_0005_01.npy,background,background/background_20260701_183357_857197_0005.wav,1,64x101,1.0,1.0
background/background_20260701_183357_857197_0005_02.npy,background,background/background_20260701_183357_857197_0005.wav,2,64x101,2.0,1.0
background/background_20260701_183357_857197_0005_03.npy,background,background/background_20260701_183357_857197_0005.wav,3,64x101,3.0,1.0
background/background_20260701_183357_857197_0005_04.npy,background,background/background_20260701_183357_857197_0005.wav,4,64x101,4.0,1.0
background/background_20260701_183402_860122_0006_00.npy,background,background/background_20260701_183402_860122_0006.wav,0,64x101,0.0,1.0
background/background_20260701_183402_860122_0006_01.npy,background,background/background_20260701_183402_860122_0006.wav,1,64x101,1.0,1.0
background/background_20260701_183402_860122_0006_02.npy,background,background/background_20260701_183402_860122_0006.wav,2,64x101,2.0,1.0
background/background_20260701_183402_860122_0006_03.npy,background,background/background_20260701_183402_860122_0006.wav,3,64x101,3.0,1.0
background/background_20260701_183402_860122_0006_04.npy,background,background/background_20260701_183402_860122_0006.wav,4,64x101,4.0,1.0
background/background_20260701_183407_863025_0007_00.npy,background,background/background_20260701_183407_863025_0007.wav,0,64x101,0.0,1.0
background/background_20260701_183407_863025_0007_01.npy,background,background/background_20260701_183407_863025_0007.wav,1,64x101,1.0,1.0
background/background_20260701_183407_863025_0007_02.npy,background,background/background_20260701_183407_863025_0007.wav,2,64x101,2.0,1.0
background/background_20260701_183407_863025_0007_03.npy,background,background/background_20260701_183407_863025_0007.wav,3,64x101,3.0,1.0
background/background_20260701_183407_863025_0007_04.npy,background,background/background_20260701_183407_863025_0007.wav,4,64x101,4.0,1.0
background/background_20260701_183412_865928_0008_00.npy,background,background/background_20260701_183412_865928_0008.wav,0,64x101,0.0,1.0
background/background_20260701_183412_865928_0008_01.npy,background,background/background_20260701_183412_865928_0008.wav,1,64x101,1.0,1.0
background/background_20260701_183412_865928_0008_02.npy,background,background/background_20260701_183412_865928_0008.wav,2,64x101,2.0,1.0
background/background_20260701_183412_865928_0008_03.npy,background,background/background_20260701_183412_865928_0008.wav,3,64x101,3.0,1.0
background/background_20260701_183412_865928_0008_04.npy,background,background/background_20260701_183412_865928_0008.wav,4,64x101,4.0,1.0
background/background_20260701_183417_868843_0009_00.npy,background,background/background_20260701_183417_868843_0009.wav,0,64x101,0.0,1.0
background/background_20260701_183417_868843_0009_01.npy,background,background/background_20260701_183417_868843_0009.wav,1,64x101,1.0,1.0
background/background_20260701_183417_868843_0009_02.npy,background,background/background_20260701_183417_868843_0009.wav,2,64x101,2.0,1.0
background/background_20260701_183417_868843_0009_03.npy,background,background/background_20260701_183417_868843_0009.wav,3,64x101,3.0,1.0
background/background_20260701_183417_868843_0009_04.npy,background,background/background_20260701_183417_868843_0009.wav,4,64x101,4.0,1.0
background/background_20260701_183422_871762_0010_00.npy,background,background/background_20260701_183422_871762_0010.wav,0,64x101,0.0,1.0
background/background_20260701_183422_871762_0010_01.npy,background,background/background_20260701_183422_871762_0010.wav,1,64x101,1.0,1.0
background/background_20260701_183422_871762_0010_02.npy,background,background/background_20260701_183422_871762_0010.wav,2,64x101,2.0,1.0
background/background_20260701_183422_871762_0010_03.npy,background,background/background_20260701_183422_871762_0010.wav,3,64x101,3.0,1.0
background/background_20260701_183422_871762_0010_04.npy,background,background/background_20260701_183422_871762_0010.wav,4,64x101,4.0,1.0
background/background_20260701_183427_874675_0011_00.npy,background,background/background_20260701_183427_874675_0011.wav,0,64x101,0.0,1.0
background/background_20260701_183427_874675_0011_01.npy,background,background/background_20260701_183427_874675_0011.wav,1,64x101,1.0,1.0
background/background_20260701_183427_874675_0011_02.npy,background,background/background_20260701_183427_874675_0011.wav,2,64x101,2.0,1.0
background/background_20260701_183427_874675_0011_03.npy,background,background/background_20260701_183427_874675_0011.wav,3,64x101,3.0,1.0
background/background_20260701_183427_874675_0011_04.npy,background,background/background_20260701_183427_874675_0011.wav,4,64x101,4.0,1.0
background/background_20260701_183432_877599_0012_00.npy,background,background/background_20260701_183432_877599_0012.wav,0,64x101,0.0,1.0
background/background_20260701_183432_877599_0012_01.npy,background,background/background_20260701_183432_877599_0012.wav,1,64x101,1.0,1.0
background/background_20260701_183432_877599_0012_02.npy,background,background/background_20260701_183432_877599_0012.wav,2,64x101,2.0,1.0
background/background_20260701_183432_877599_0012_03.npy,background,background/background_20260701_183432_877599_0012.wav,3,64x101,3.0,1.0
background/background_20260701_183432_877599_0012_04.npy,background,background/background_20260701_183432_877599_0012.wav,4,64x101,4.0,1.0
background/background_20260701_183437_880509_0013_00.npy,background,background/background_20260701_183437_880509_0013.wav,0,64x101,0.0,1.0
background/background_20260701_183437_880509_0013_01.npy,background,background/background_20260701_183437_880509_0013.wav,1,64x101,1.0,1.0
background/background_20260701_183437_880509_0013_02.npy,background,background/background_20260701_183437_880509_0013.wav,2,64x101,2.0,1.0
background/background_20260701_183437_880509_0013_03.npy,background,background/background_20260701_183437_880509_0013.wav,3,64x101,3.0,1.0
background/background_20260701_183437_880509_0013_04.npy,background,background/background_20260701_183437_880509_0013.wav,4,64x101,4.0,1.0
background/background_20260701_183442_883426_0014_00.npy,background,background/background_20260701_183442_883426_0014.wav,0,64x101,0.0,1.0
background/background_20260701_183442_883426_0014_01.npy,background,background/background_20260701_183442_883426_0014.wav,1,64x101,1.0,1.0
background/background_20260701_183442_883426_0014_02.npy,background,background/background_20260701_183442_883426_0014.wav,2,64x101,2.0,1.0
background/background_20260701_183442_883426_0014_03.npy,background,background/background_20260701_183442_883426_0014.wav,3,64x101,3.0,1.0
background/background_20260701_183442_883426_0014_04.npy,background,background/background_20260701_183442_883426_0014.wav,4,64x101,4.0,1.0
background/background_20260701_183447_886331_0015_00.npy,background,background/background_20260701_183447_886331_0015.wav,0,64x101,0.0,1.0
background/background_20260701_183447_886331_0015_01.npy,background,background/background_20260701_183447_886331_0015.wav,1,64x101,1.0,1.0
background/background_20260701_183447_886331_0015_02.npy,background,background/background_20260701_183447_886331_0015.wav,2,64x101,2.0,1.0
background/background_20260701_183447_886331_0015_03.npy,background,background/background_20260701_183447_886331_0015.wav,3,64x101,3.0,1.0
background/background_20260701_183447_886331_0015_04.npy,background,background/background_20260701_183447_886331_0015.wav,4,64x101,4.0,1.0
background/background_20260701_183452_889269_0016_00.npy,background,background/background_20260701_183452_889269_0016.wav,0,64x101,0.0,1.0
background/background_20260701_183452_889269_0016_01.npy,background,background/background_20260701_183452_889269_0016.wav,1,64x101,1.0,1.0
background/background_20260701_183452_889269_0016_02.npy,background,background/background_20260701_183452_889269_0016.wav,2,64x101,2.0,1.0
background/background_20260701_183452_889269_0016_03.npy,background,background/background_20260701_183452_889269_0016.wav,3,64x101,3.0,1.0
background/background_20260701_183452_889269_0016_04.npy,background,background/background_20260701_183452_889269_0016.wav,4,64x101,4.0,1.0
background/background_20260701_183457_892148_0017_00.npy,background,background/background_20260701_183457_892148_0017.wav,0,64x101,0.0,1.0
background/background_20260701_183457_892148_0017_01.npy,background,background/background_20260701_183457_892148_0017.wav,1,64x101,1.0,1.0
background/background_20260701_183457_892148_0017_02.npy,background,background/background_20260701_183457_892148_0017.wav,2,64x101,2.0,1.0
background/background_20260701_183457_892148_0017_03.npy,background,background/background_20260701_183457_892148_0017.wav,3,64x101,3.0,1.0
background/background_20260701_183457_892148_0017_04.npy,background,background/background_20260701_183457_892148_0017.wav,4,64x101,4.0,1.0
background/background_20260701_183502_895083_0018_00.npy,background,background/background_20260701_183502_895083_0018.wav,0,64x101,0.0,1.0
background/background_20260701_183502_895083_0018_01.npy,background,background/background_20260701_183502_895083_0018.wav,1,64x101,1.0,1.0
background/background_20260701_183502_895083_0018_02.npy,background,background/background_20260701_183502_895083_0018.wav,2,64x101,2.0,1.0
background/background_20260701_183502_895083_0018_03.npy,background,background/background_20260701_183502_895083_0018.wav,3,64x101,3.0,1.0
background/background_20260701_183502_895083_0018_04.npy,background,background/background_20260701_183502_895083_0018.wav,4,64x101,4.0,1.0
background/background_20260701_183507_897991_0019_00.npy,background,background/background_20260701_183507_897991_0019.wav,0,64x101,0.0,1.0
background/background_20260701_183507_897991_0019_01.npy,background,background/background_20260701_183507_897991_0019.wav,1,64x101,1.0,1.0
background/background_20260701_183507_897991_0019_02.npy,background,background/background_20260701_183507_897991_0019.wav,2,64x101,2.0,1.0
background/background_20260701_183507_897991_0019_03.npy,background,background/background_20260701_183507_897991_0019.wav,3,64x101,3.0,1.0
background/background_20260701_183507_897991_0019_04.npy,background,background/background_20260701_183507_897991_0019.wav,4,64x101,4.0,1.0
background/background_20260701_183512_900915_0020_00.npy,background,background/background_20260701_183512_900915_0020.wav,0,64x101,0.0,1.0
background/background_20260701_183512_900915_0020_01.npy,background,background/background_20260701_183512_900915_0020.wav,1,64x101,1.0,1.0
background/background_20260701_183512_900915_0020_02.npy,background,background/background_20260701_183512_900915_0020.wav,2,64x101,2.0,1.0
background/background_20260701_183512_900915_0020_03.npy,background,background/background_20260701_183512_900915_0020.wav,3,64x101,3.0,1.0
background/background_20260701_183512_900915_0020_04.npy,background,background/background_20260701_183512_900915_0020.wav,4,64x101,4.0,1.0
background/background_20260701_183517_903811_0021_00.npy,background,background/background_20260701_183517_903811_0021.wav,0,64x101,0.0,1.0
background/background_20260701_183517_903811_0021_01.npy,background,background/background_20260701_183517_903811_0021.wav,1,64x101,1.0,1.0
background/background_20260701_183517_903811_0021_02.npy,background,background/background_20260701_183517_903811_0021.wav,2,64x101,2.0,1.0
background/background_20260701_183517_903811_0021_03.npy,background,background/background_20260701_183517_903811_0021.wav,3,64x101,3.0,1.0
background/background_20260701_183517_903811_0021_04.npy,background,background/background_20260701_183517_903811_0021.wav,4,64x101,4.0,1.0
background/background_20260701_183522_906738_0022_00.npy,background,background/background_20260701_183522_906738_0022.wav,0,64x101,0.0,1.0
background/background_20260701_183522_906738_0022_01.npy,background,background/background_20260701_183522_906738_0022.wav,1,64x101,1.0,1.0
background/background_20260701_183522_906738_0022_02.npy,background,background/background_20260701_183522_906738_0022.wav,2,64x101,2.0,1.0
background/background_20260701_183522_906738_0022_03.npy,background,background/background_20260701_183522_906738_0022.wav,3,64x101,3.0,1.0
background/background_20260701_183522_906738_0022_04.npy,background,background/background_20260701_183522_906738_0022.wav,4,64x101,4.0,1.0
background/background_20260701_183527_909620_0023_00.npy,background,background/background_20260701_183527_909620_0023.wav,0,64x101,0.0,1.0
background/background_20260701_183527_909620_0023_01.npy,background,background/background_20260701_183527_909620_0023.wav,1,64x101,1.0,1.0
background/background_20260701_183527_909620_0023_02.npy,background,background/background_20260701_183527_909620_0023.wav,2,64x101,2.0,1.0
background/background_20260701_183527_909620_0023_03.npy,background,background/background_20260701_183527_909620_0023.wav,3,64x101,3.0,1.0
background/background_20260701_183527_909620_0023_04.npy,background,background/background_20260701_183527_909620_0023.wav,4,64x101,4.0,1.0
background/background_20260701_183532_912602_0024_00.npy,background,background/background_20260701_183532_912602_0024.wav,0,64x101,0.0,1.0
background/background_20260701_183532_912602_0024_01.npy,background,background/background_20260701_183532_912602_0024.wav,1,64x101,1.0,1.0
background/background_20260701_183532_912602_0024_02.npy,background,background/background_20260701_183532_912602_0024.wav,2,64x101,2.0,1.0
background/background_20260701_183532_912602_0024_03.npy,background,background/background_20260701_183532_912602_0024.wav,3,64x101,3.0,1.0
background/background_20260701_183532_912602_0024_04.npy,background,background/background_20260701_183532_912602_0024.wav,4,64x101,4.0,1.0
background/background_20260701_183537_915478_0025_00.npy,background,background/background_20260701_183537_915478_0025.wav,0,64x101,0.0,1.0
background/background_20260701_183537_915478_0025_01.npy,background,background/background_20260701_183537_915478_0025.wav,1,64x101,1.0,1.0
background/background_20260701_183537_915478_0025_02.npy,background,background/background_20260701_183537_915478_0025.wav,2,64x101,2.0,1.0
background/background_20260701_183537_915478_0025_03.npy,background,background/background_20260701_183537_915478_0025.wav,3,64x101,3.0,1.0
background/background_20260701_183537_915478_0025_04.npy,background,background/background_20260701_183537_915478_0025.wav,4,64x101,4.0,1.0
background/background_20260701_183542_918408_0026_00.npy,background,background/background_20260701_183542_918408_0026.wav,0,64x101,0.0,1.0
background/background_20260701_183542_918408_0026_01.npy,background,background/background_20260701_183542_918408_0026.wav,1,64x101,1.0,1.0
background/background_20260701_183542_918408_0026_02.npy,background,background/background_20260701_183542_918408_0026.wav,2,64x101,2.0,1.0
background/background_20260701_183542_918408_0026_03.npy,background,background/background_20260701_183542_918408_0026.wav,3,64x101,3.0,1.0
background/background_20260701_183542_918408_0026_04.npy,background,background/background_20260701_183542_918408_0026.wav,4,64x101,4.0,1.0
background/background_20260701_183547_921315_0027_00.npy,background,background/background_20260701_183547_921315_0027.wav,0,64x101,0.0,1.0
background/background_20260701_183547_921315_0027_01.npy,background,background/background_20260701_183547_921315_0027.wav,1,64x101,1.0,1.0
background/background_20260701_183547_921315_0027_02.npy,background,background/background_20260701_183547_921315_0027.wav,2,64x101,2.0,1.0
background/background_20260701_183547_921315_0027_03.npy,background,background/background_20260701_183547_921315_0027.wav,3,64x101,3.0,1.0
background/background_20260701_183547_921315_0027_04.npy,background,background/background_20260701_183547_921315_0027.wav,4,64x101,4.0,1.0
background/background_20260701_183552_924221_0028_00.npy,background,background/background_20260701_183552_924221_0028.wav,0,64x101,0.0,1.0
background/background_20260701_183552_924221_0028_01.npy,background,background/background_20260701_183552_924221_0028.wav,1,64x101,1.0,1.0
background/background_20260701_183552_924221_0028_02.npy,background,background/background_20260701_183552_924221_0028.wav,2,64x101,2.0,1.0
background/background_20260701_183552_924221_0028_03.npy,background,background/background_20260701_183552_924221_0028.wav,3,64x101,3.0,1.0
background/background_20260701_183552_924221_0028_04.npy,background,background/background_20260701_183552_924221_0028.wav,4,64x101,4.0,1.0
background/background_20260701_183557_927124_0029_00.npy,background,background/background_20260701_183557_927124_0029.wav,0,64x101,0.0,1.0
background/background_20260701_183557_927124_0029_01.npy,background,background/background_20260701_183557_927124_0029.wav,1,64x101,1.0,1.0
background/background_20260701_183557_927124_0029_02.npy,background,background/background_20260701_183557_927124_0029.wav,2,64x101,2.0,1.0
background/background_20260701_183557_927124_0029_03.npy,background,background/background_20260701_183557_927124_0029.wav,3,64x101,3.0,1.0
background/background_20260701_183557_927124_0029_04.npy,background,background/background_20260701_183557_927124_0029.wav,4,64x101,4.0,1.0
background/background_20260701_183602_930042_0030_00.npy,background,background/background_20260701_183602_930042_0030.wav,0,64x101,0.0,1.0
background/background_20260701_183602_930042_0030_01.npy,background,background/background_20260701_183602_930042_0030.wav,1,64x101,1.0,1.0
background/background_20260701_183602_930042_0030_02.npy,background,background/background_20260701_183602_930042_0030.wav,2,64x101,2.0,1.0
background/background_20260701_183602_930042_0030_03.npy,background,background/background_20260701_183602_930042_0030.wav,3,64x101,3.0,1.0
background/background_20260701_183602_930042_0030_04.npy,background,background/background_20260701_183602_930042_0030.wav,4,64x101,4.0,1.0
background/background_20260701_183607_932943_0031_00.npy,background,background/background_20260701_183607_932943_0031.wav,0,64x101,0.0,1.0
background/background_20260701_183607_932943_0031_01.npy,background,background/background_20260701_183607_932943_0031.wav,1,64x101,1.0,1.0
background/background_20260701_183607_932943_0031_02.npy,background,background/background_20260701_183607_932943_0031.wav,2,64x101,2.0,1.0
background/background_20260701_183607_932943_0031_03.npy,background,background/background_20260701_183607_932943_0031.wav,3,64x101,3.0,1.0
background/background_20260701_183607_932943_0031_04.npy,background,background/background_20260701_183607_932943_0031.wav,4,64x101,4.0,1.0
background/background_20260701_183612_935878_0032_00.npy,background,background/background_20260701_183612_935878_0032.wav,0,64x101,0.0,1.0
background/background_20260701_183612_935878_0032_01.npy,background,background/background_20260701_183612_935878_0032.wav,1,64x101,1.0,1.0
background/background_20260701_183612_935878_0032_02.npy,background,background/background_20260701_183612_935878_0032.wav,2,64x101,2.0,1.0
background/background_20260701_183612_935878_0032_03.npy,background,background/background_20260701_183612_935878_0032.wav,3,64x101,3.0,1.0
background/background_20260701_183612_935878_0032_04.npy,background,background/background_20260701_183612_935878_0032.wav,4,64x101,4.0,1.0
background/background_20260701_183617_938780_0033_00.npy,background,background/background_20260701_183617_938780_0033.wav,0,64x101,0.0,1.0
background/background_20260701_183617_938780_0033_01.npy,background,background/background_20260701_183617_938780_0033.wav,1,64x101,1.0,1.0
background/background_20260701_183617_938780_0033_02.npy,background,background/background_20260701_183617_938780_0033.wav,2,64x101,2.0,1.0
background/background_20260701_183617_938780_0033_03.npy,background,background/background_20260701_183617_938780_0033.wav,3,64x101,3.0,1.0
background/background_20260701_183617_938780_0033_04.npy,background,background/background_20260701_183617_938780_0033.wav,4,64x101,4.0,1.0
background/background_20260701_183622_941697_0034_00.npy,background,background/background_20260701_183622_941697_0034.wav,0,64x101,0.0,1.0
background/background_20260701_183622_941697_0034_01.npy,background,background/background_20260701_183622_941697_0034.wav,1,64x101,1.0,1.0
background/background_20260701_183622_941697_0034_02.npy,background,background/background_20260701_183622_941697_0034.wav,2,64x101,2.0,1.0
background/background_20260701_183622_941697_0034_03.npy,background,background/background_20260701_183622_941697_0034.wav,3,64x101,3.0,1.0
background/background_20260701_183622_941697_0034_04.npy,background,background/background_20260701_183622_941697_0034.wav,4,64x101,4.0,1.0
background/background_20260701_183627_944606_0035_00.npy,background,background/background_20260701_183627_944606_0035.wav,0,64x101,0.0,1.0
background/background_20260701_183627_944606_0035_01.npy,background,background/background_20260701_183627_944606_0035.wav,1,64x101,1.0,1.0
background/background_20260701_183627_944606_0035_02.npy,background,background/background_20260701_183627_944606_0035.wav,2,64x101,2.0,1.0
background/background_20260701_183627_944606_0035_03.npy,background,background/background_20260701_183627_944606_0035.wav,3,64x101,3.0,1.0
background/background_20260701_183627_944606_0035_04.npy,background,background/background_20260701_183627_944606_0035.wav,4,64x101,4.0,1.0
background/background_20260701_183632_947529_0036_00.npy,background,background/background_20260701_183632_947529_0036.wav,0,64x101,0.0,1.0
background/background_20260701_183632_947529_0036_01.npy,background,background/background_20260701_183632_947529_0036.wav,1,64x101,1.0,1.0
background/background_20260701_183632_947529_0036_02.npy,background,background/background_20260701_183632_947529_0036.wav,2,64x101,2.0,1.0
background/background_20260701_183632_947529_0036_03.npy,background,background/background_20260701_183632_947529_0036.wav,3,64x101,3.0,1.0
background/background_20260701_183632_947529_0036_04.npy,background,background/background_20260701_183632_947529_0036.wav,4,64x101,4.0,1.0
background/background_20260701_183637_950422_0037_00.npy,background,background/background_20260701_183637_950422_0037.wav,0,64x101,0.0,1.0
background/background_20260701_183637_950422_0037_01.npy,background,background/background_20260701_183637_950422_0037.wav,1,64x101,1.0,1.0
background/background_20260701_183637_950422_0037_02.npy,background,background/background_20260701_183637_950422_0037.wav,2,64x101,2.0,1.0
background/background_20260701_183637_950422_0037_03.npy,background,background/background_20260701_183637_950422_0037.wav,3,64x101,3.0,1.0
background/background_20260701_183637_950422_0037_04.npy,background,background/background_20260701_183637_950422_0037.wav,4,64x101,4.0,1.0
background/background_20260701_183642_953364_0038_00.npy,background,background/background_20260701_183642_953364_0038.wav,0,64x101,0.0,1.0
background/background_20260701_183642_953364_0038_01.npy,background,background/background_20260701_183642_953364_0038.wav,1,64x101,1.0,1.0
background/background_20260701_183642_953364_0038_02.npy,background,background/background_20260701_183642_953364_0038.wav,2,64x101,2.0,1.0
background/background_20260701_183642_953364_0038_03.npy,background,background/background_20260701_183642_953364_0038.wav,3,64x101,3.0,1.0
background/background_20260701_183642_953364_0038_04.npy,background,background/background_20260701_183642_953364_0038.wav,4,64x101,4.0,1.0
background/background_20260701_183647_956260_0039_00.npy,background,background/background_20260701_183647_956260_0039.wav,0,64x101,0.0,1.0
background/background_20260701_183647_956260_0039_01.npy,background,background/background_20260701_183647_956260_0039.wav,1,64x101,1.0,1.0
background/background_20260701_183647_956260_0039_02.npy,background,background/background_20260701_183647_956260_0039.wav,2,64x101,2.0,1.0
background/background_20260701_183647_956260_0039_03.npy,background,background/background_20260701_183647_956260_0039.wav,3,64x101,3.0,1.0
background/background_20260701_183647_956260_0039_04.npy,background,background/background_20260701_183647_956260_0039.wav,4,64x101,4.0,1.0
background/background_20260701_183652_959169_0040_00.npy,background,background/background_20260701_183652_959169_0040.wav,0,64x101,0.0,1.0
background/background_20260701_183652_959169_0040_01.npy,background,background/background_20260701_183652_959169_0040.wav,1,64x101,1.0,1.0
background/background_20260701_183652_959169_0040_02.npy,background,background/background_20260701_183652_959169_0040.wav,2,64x101,2.0,1.0
background/background_20260701_183652_959169_0040_03.npy,background,background/background_20260701_183652_959169_0040.wav,3,64x101,3.0,1.0
background/background_20260701_183652_959169_0040_04.npy,background,background/background_20260701_183652_959169_0040.wav,4,64x101,4.0,1.0
background/background_20260701_183657_962073_0041_00.npy,background,background/background_20260701_183657_962073_0041.wav,0,64x101,0.0,1.0
background/background_20260701_183657_962073_0041_01.npy,background,background/background_20260701_183657_962073_0041.wav,1,64x101,1.0,1.0
background/background_20260701_183657_962073_0041_02.npy,background,background/background_20260701_183657_962073_0041.wav,2,64x101,2.0,1.0
background/background_20260701_183657_962073_0041_03.npy,background,background/background_20260701_183657_962073_0041.wav,3,64x101,3.0,1.0
background/background_20260701_183657_962073_0041_04.npy,background,background/background_20260701_183657_962073_0041.wav,4,64x101,4.0,1.0
background/background_20260701_183702_965006_0042_00.npy,background,background/background_20260701_183702_965006_0042.wav,0,64x101,0.0,1.0
background/background_20260701_183702_965006_0042_01.npy,background,background/background_20260701_183702_965006_0042.wav,1,64x101,1.0,1.0
background/background_20260701_183702_965006_0042_02.npy,background,background/background_20260701_183702_965006_0042.wav,2,64x101,2.0,1.0
background/background_20260701_183702_965006_0042_03.npy,background,background/background_20260701_183702_965006_0042.wav,3,64x101,3.0,1.0
background/background_20260701_183702_965006_0042_04.npy,background,background/background_20260701_183702_965006_0042.wav,4,64x101,4.0,1.0
background/background_20260701_183707_967907_0043_00.npy,background,background/background_20260701_183707_967907_0043.wav,0,64x101,0.0,1.0
background/background_20260701_183707_967907_0043_01.npy,background,background/background_20260701_183707_967907_0043.wav,1,64x101,1.0,1.0
background/background_20260701_183707_967907_0043_02.npy,background,background/background_20260701_183707_967907_0043.wav,2,64x101,2.0,1.0
background/background_20260701_183707_967907_0043_03.npy,background,background/background_20260701_183707_967907_0043.wav,3,64x101,3.0,1.0
background/background_20260701_183707_967907_0043_04.npy,background,background/background_20260701_183707_967907_0043.wav,4,64x101,4.0,1.0
background/background_20260701_183712_970847_0044_00.npy,background,background/background_20260701_183712_970847_0044.wav,0,64x101,0.0,1.0
background/background_20260701_183712_970847_0044_01.npy,background,background/background_20260701_183712_970847_0044.wav,1,64x101,1.0,1.0
background/background_20260701_183712_970847_0044_02.npy,background,background/background_20260701_183712_970847_0044.wav,2,64x101,2.0,1.0
background/background_20260701_183712_970847_0044_03.npy,background,background/background_20260701_183712_970847_0044.wav,3,64x101,3.0,1.0
background/background_20260701_183712_970847_0044_04.npy,background,background/background_20260701_183712_970847_0044.wav,4,64x101,4.0,1.0
background/background_20260701_183717_973755_0045_00.npy,background,background/background_20260701_183717_973755_0045.wav,0,64x101,0.0,1.0
background/background_20260701_183717_973755_0045_01.npy,background,background/background_20260701_183717_973755_0045.wav,1,64x101,1.0,1.0
background/background_20260701_183717_973755_0045_02.npy,background,background/background_20260701_183717_973755_0045.wav,2,64x101,2.0,1.0
background/background_20260701_183717_973755_0045_03.npy,background,background/background_20260701_183717_973755_0045.wav,3,64x101,3.0,1.0
background/background_20260701_183717_973755_0045_04.npy,background,background/background_20260701_183717_973755_0045.wav,4,64x101,4.0,1.0
background/background_20260701_183722_976661_0046_00.npy,background,background/background_20260701_183722_976661_0046.wav,0,64x101,0.0,1.0
background/background_20260701_183722_976661_0046_01.npy,background,background/background_20260701_183722_976661_0046.wav,1,64x101,1.0,1.0
background/background_20260701_183722_976661_0046_02.npy,background,background/background_20260701_183722_976661_0046.wav,2,64x101,2.0,1.0
background/background_20260701_183722_976661_0046_03.npy,background,background/background_20260701_183722_976661_0046.wav,3,64x101,3.0,1.0
background/background_20260701_183722_976661_0046_04.npy,background,background/background_20260701_183722_976661_0046.wav,4,64x101,4.0,1.0
background/background_20260701_183727_979582_0047_00.npy,background,background/background_20260701_183727_979582_0047.wav,0,64x101,0.0,1.0
background/background_20260701_183727_979582_0047_01.npy,background,background/background_20260701_183727_979582_0047.wav,1,64x101,1.0,1.0
background/background_20260701_183727_979582_0047_02.npy,background,background/background_20260701_183727_979582_0047.wav,2,64x101,2.0,1.0
background/background_20260701_183727_979582_0047_03.npy,background,background/background_20260701_183727_979582_0047.wav,3,64x101,3.0,1.0
background/background_20260701_183727_979582_0047_04.npy,background,background/background_20260701_183727_979582_0047.wav,4,64x101,4.0,1.0
background/background_20260701_183732_982509_0048_00.npy,background,background/background_20260701_183732_982509_0048.wav,0,64x101,0.0,1.0
background/background_20260701_183732_982509_0048_01.npy,background,background/background_20260701_183732_982509_0048.wav,1,64x101,1.0,1.0
background/background_20260701_183732_982509_0048_02.npy,background,background/background_20260701_183732_982509_0048.wav,2,64x101,2.0,1.0
background/background_20260701_183732_982509_0048_03.npy,background,background/background_20260701_183732_982509_0048.wav,3,64x101,3.0,1.0
background/background_20260701_183732_982509_0048_04.npy,background,background/background_20260701_183732_982509_0048.wav,4,64x101,4.0,1.0
background/background_20260701_183737_985423_0049_00.npy,background,background/background_20260701_183737_985423_0049.wav,0,64x101,0.0,1.0
background/background_20260701_183737_985423_0049_01.npy,background,background/background_20260701_183737_985423_0049.wav,1,64x101,1.0,1.0
background/background_20260701_183737_985423_0049_02.npy,background,background/background_20260701_183737_985423_0049.wav,2,64x101,2.0,1.0
background/background_20260701_183737_985423_0049_03.npy,background,background/background_20260701_183737_985423_0049.wav,3,64x101,3.0,1.0
background/background_20260701_183737_985423_0049_04.npy,background,background/background_20260701_183737_985423_0049.wav,4,64x101,4.0,1.0
background/background_20260701_183742_988328_0050_00.npy,background,background/background_20260701_183742_988328_0050.wav,0,64x101,0.0,1.0
background/background_20260701_183742_988328_0050_01.npy,background,background/background_20260701_183742_988328_0050.wav,1,64x101,1.0,1.0
background/background_20260701_183742_988328_0050_02.npy,background,background/background_20260701_183742_988328_0050.wav,2,64x101,2.0,1.0
background/background_20260701_183742_988328_0050_03.npy,background,background/background_20260701_183742_988328_0050.wav,3,64x101,3.0,1.0
background/background_20260701_183742_988328_0050_04.npy,background,background/background_20260701_183742_988328_0050.wav,4,64x101,4.0,1.0
background/background_20260701_183747_991239_0051_00.npy,background,background/background_20260701_183747_991239_0051.wav,0,64x101,0.0,1.0
background/background_20260701_183747_991239_0051_01.npy,background,background/background_20260701_183747_991239_0051.wav,1,64x101,1.0,1.0
background/background_20260701_183747_991239_0051_02.npy,background,background/background_20260701_183747_991239_0051.wav,2,64x101,2.0,1.0
background/background_20260701_183747_991239_0051_03.npy,background,background/background_20260701_183747_991239_0051.wav,3,64x101,3.0,1.0
background/background_20260701_183747_991239_0051_04.npy,background,background/background_20260701_183747_991239_0051.wav,4,64x101,4.0,1.0
background/background_20260706_191208_013257_0000_00.npy,background,background/background_20260706_191208_013257_0000.wav,0,64x101,0.0,1.0
background/background_20260706_191208_013257_0000_01.npy,background,background/background_20260706_191208_013257_0000.wav,1,64x101,1.0,1.0
background/background_20260706_191208_013257_0000_02.npy,background,background/background_20260706_191208_013257_0000.wav,2,64x101,2.0,1.0
background/background_20260706_191208_013257_0000_03.npy,background,background/background_20260706_191208_013257_0000.wav,3,64x101,3.0,1.0
background/background_20260706_191208_013257_0000_04.npy,background,background/background_20260706_191208_013257_0000.wav,4,64x101,4.0,1.0
background/background_20260706_191213_016136_0001_00.npy,background,background/background_20260706_191213_016136_0001.wav,0,64x101,0.0,1.0
background/background_20260706_191213_016136_0001_01.npy,background,background/background_20260706_191213_016136_0001.wav,1,64x101,1.0,1.0
background/background_20260706_191213_016136_0001_02.npy,background,background/background_20260706_191213_016136_0001.wav,2,64x101,2.0,1.0
background/background_20260706_191213_016136_0001_03.npy,background,background/background_20260706_191213_016136_0001.wav,3,64x101,3.0,1.0
background/background_20260706_191213_016136_0001_04.npy,background,background/background_20260706_191213_016136_0001.wav,4,64x101,4.0,1.0
background/background_20260706_191218_019043_0002_00.npy,background,background/background_20260706_191218_019043_0002.wav,0,64x101,0.0,1.0
background/background_20260706_191218_019043_0002_01.npy,background,background/background_20260706_191218_019043_0002.wav,1,64x101,1.0,1.0
background/background_20260706_191218_019043_0002_02.npy,background,background/background_20260706_191218_019043_0002.wav,2,64x101,2.0,1.0
background/background_20260706_191218_019043_0002_03.npy,background,background/background_20260706_191218_019043_0002.wav,3,64x101,3.0,1.0
background/background_20260706_191218_019043_0002_04.npy,background,background/background_20260706_191218_019043_0002.wav,4,64x101,4.0,1.0
background/background_20260706_191223_021905_0003_00.npy,background,background/background_20260706_191223_021905_0003.wav,0,64x101,0.0,1.0
background/background_20260706_191223_021905_0003_01.npy,background,background/background_20260706_191223_021905_0003.wav,1,64x101,1.0,1.0
background/background_20260706_191223_021905_0003_02.npy,background,background/background_20260706_191223_021905_0003.wav,2,64x101,2.0,1.0
background/background_20260706_191223_021905_0003_03.npy,background,background/background_20260706_191223_021905_0003.wav,3,64x101,3.0,1.0
background/background_20260706_191223_021905_0003_04.npy,background,background/background_20260706_191223_021905_0003.wav,4,64x101,4.0,1.0
background/background_20260706_191228_025004_0004_00.npy,background,background/background_20260706_191228_025004_0004.wav,0,64x101,0.0,1.0
background/background_20260706_191228_025004_0004_01.npy,background,background/background_20260706_191228_025004_0004.wav,1,64x101,1.0,1.0
background/background_20260706_191228_025004_0004_02.npy,background,background/background_20260706_191228_025004_0004.wav,2,64x101,2.0,1.0
background/background_20260706_191228_025004_0004_03.npy,background,background/background_20260706_191228_025004_0004.wav,3,64x101,3.0,1.0
background/background_20260706_191228_025004_0004_04.npy,background,background/background_20260706_191228_025004_0004.wav,4,64x101,4.0,1.0
background/background_20260706_191233_027743_0005_00.npy,background,background/background_20260706_191233_027743_0005.wav,0,64x101,0.0,1.0
background/background_20260706_191233_027743_0005_01.npy,background,background/background_20260706_191233_027743_0005.wav,1,64x101,1.0,1.0
background/background_20260706_191233_027743_0005_02.npy,background,background/background_20260706_191233_027743_0005.wav,2,64x101,2.0,1.0
background/background_20260706_191233_027743_0005_03.npy,background,background/background_20260706_191233_027743_0005.wav,3,64x101,3.0,1.0
background/background_20260706_191233_027743_0005_04.npy,background,background/background_20260706_191233_027743_0005.wav,4,64x101,4.0,1.0
background/background_20260706_191238_030836_0006_00.npy,background,background/background_20260706_191238_030836_0006.wav,0,64x101,0.0,1.0
background/background_20260706_191238_030836_0006_01.npy,background,background/background_20260706_191238_030836_0006.wav,1,64x101,1.0,1.0
background/background_20260706_191238_030836_0006_02.npy,background,background/background_20260706_191238_030836_0006.wav,2,64x101,2.0,1.0
background/background_20260706_191238_030836_0006_03.npy,background,background/background_20260706_191238_030836_0006.wav,3,64x101,3.0,1.0
background/background_20260706_191238_030836_0006_04.npy,background,background/background_20260706_191238_030836_0006.wav,4,64x101,4.0,1.0
background/background_20260706_191243_033589_0007_00.npy,background,background/background_20260706_191243_033589_0007.wav,0,64x101,0.0,1.0
background/background_20260706_191243_033589_0007_01.npy,background,background/background_20260706_191243_033589_0007.wav,1,64x101,1.0,1.0
background/background_20260706_191243_033589_0007_02.npy,background,background/background_20260706_191243_033589_0007.wav,2,64x101,2.0,1.0
background/background_20260706_191243_033589_0007_03.npy,background,background/background_20260706_191243_033589_0007.wav,3,64x101,3.0,1.0
background/background_20260706_191243_033589_0007_04.npy,background,background/background_20260706_191243_033589_0007.wav,4,64x101,4.0,1.0
background/background_20260706_191248_036676_0008_00.npy,background,background/background_20260706_191248_036676_0008.wav,0,64x101,0.0,1.0
background/background_20260706_191248_036676_0008_01.npy,background,background/background_20260706_191248_036676_0008.wav,1,64x101,1.0,1.0
background/background_20260706_191248_036676_0008_02.npy,background,background/background_20260706_191248_036676_0008.wav,2,64x101,2.0,1.0
background/background_20260706_191248_036676_0008_03.npy,background,background/background_20260706_191248_036676_0008.wav,3,64x101,3.0,1.0
background/background_20260706_191248_036676_0008_04.npy,background,background/background_20260706_191248_036676_0008.wav,4,64x101,4.0,1.0
background/background_20260706_191253_039448_0009_00.npy,background,background/background_20260706_191253_039448_0009.wav,0,64x101,0.0,1.0
background/background_20260706_191253_039448_0009_01.npy,background,background/background_20260706_191253_039448_0009.wav,1,64x101,1.0,1.0
background/background_20260706_191253_039448_0009_02.npy,background,background/background_20260706_191253_039448_0009.wav,2,64x101,2.0,1.0
background/background_20260706_191253_039448_0009_03.npy,background,background/background_20260706_191253_039448_0009.wav,3,64x101,3.0,1.0
background/background_20260706_191253_039448_0009_04.npy,background,background/background_20260706_191253_039448_0009.wav,4,64x101,4.0,1.0
background/background_20260706_191258_042551_0010_00.npy,background,background/background_20260706_191258_042551_0010.wav,0,64x101,0.0,1.0
background/background_20260706_191258_042551_0010_01.npy,background,background/background_20260706_191258_042551_0010.wav,1,64x101,1.0,1.0
background/background_20260706_191258_042551_0010_02.npy,background,background/background_20260706_191258_042551_0010.wav,2,64x101,2.0,1.0
background/background_20260706_191258_042551_0010_03.npy,background,background/background_20260706_191258_042551_0010.wav,3,64x101,3.0,1.0
background/background_20260706_191258_042551_0010_04.npy,background,background/background_20260706_191258_042551_0010.wav,4,64x101,4.0,1.0
background/background_20260706_191303_045274_0011_00.npy,background,background/background_20260706_191303_045274_0011.wav,0,64x101,0.0,1.0
background/background_20260706_191303_045274_0011_01.npy,background,background/background_20260706_191303_045274_0011.wav,1,64x101,1.0,1.0
background/background_20260706_191303_045274_0011_02.npy,background,background/background_20260706_191303_045274_0011.wav,2,64x101,2.0,1.0
background/background_20260706_191303_045274_0011_03.npy,background,background/background_20260706_191303_045274_0011.wav,3,64x101,3.0,1.0
background/background_20260706_191303_045274_0011_04.npy,background,background/background_20260706_191303_045274_0011.wav,4,64x101,4.0,1.0
background/background_20260706_191308_048203_0012_00.npy,background,background/background_20260706_191308_048203_0012.wav,0,64x101,0.0,1.0
background/background_20260706_191308_048203_0012_01.npy,background,background/background_20260706_191308_048203_0012.wav,1,64x101,1.0,1.0
background/background_20260706_191308_048203_0012_02.npy,background,background/background_20260706_191308_048203_0012.wav,2,64x101,2.0,1.0
background/background_20260706_191308_048203_0012_03.npy,background,background/background_20260706_191308_048203_0012.wav,3,64x101,3.0,1.0
background/background_20260706_191308_048203_0012_04.npy,background,background/background_20260706_191308_048203_0012.wav,4,64x101,4.0,1.0
background/background_20260706_191313_051099_0013_00.npy,background,background/background_20260706_191313_051099_0013.wav,0,64x101,0.0,1.0
background/background_20260706_191313_051099_0013_01.npy,background,background/background_20260706_191313_051099_0013.wav,1,64x101,1.0,1.0
background/background_20260706_191313_051099_0013_02.npy,background,background/background_20260706_191313_051099_0013.wav,2,64x101,2.0,1.0
background/background_20260706_191313_051099_0013_03.npy,background,background/background_20260706_191313_051099_0013.wav,3,64x101,3.0,1.0
background/background_20260706_191313_051099_0013_04.npy,background,background/background_20260706_191313_051099_0013.wav,4,64x101,4.0,1.0
background/background_20260706_191318_054167_0014_00.npy,background,background/background_20260706_191318_054167_0014.wav,0,64x101,0.0,1.0
background/background_20260706_191318_054167_0014_01.npy,background,background/background_20260706_191318_054167_0014.wav,1,64x101,1.0,1.0
background/background_20260706_191318_054167_0014_02.npy,background,background/background_20260706_191318_054167_0014.wav,2,64x101,2.0,1.0
background/background_20260706_191318_054167_0014_03.npy,background,background/background_20260706_191318_054167_0014.wav,3,64x101,3.0,1.0
background/background_20260706_191318_054167_0014_04.npy,background,background/background_20260706_191318_054167_0014.wav,4,64x101,4.0,1.0
background/background_20260706_191323_057088_0015_00.npy,background,background/background_20260706_191323_057088_0015.wav,0,64x101,0.0,1.0
background/background_20260706_191323_057088_0015_01.npy,background,background/background_20260706_191323_057088_0015.wav,1,64x101,1.0,1.0
background/background_20260706_191323_057088_0015_02.npy,background,background/background_20260706_191323_057088_0015.wav,2,64x101,2.0,1.0
background/background_20260706_191323_057088_0015_03.npy,background,background/background_20260706_191323_057088_0015.wav,3,64x101,3.0,1.0
background/background_20260706_191323_057088_0015_04.npy,background,background/background_20260706_191323_057088_0015.wav,4,64x101,4.0,1.0
background/background_20260706_191328_059912_0016_00.npy,background,background/background_20260706_191328_059912_0016.wav,0,64x101,0.0,1.0
background/background_20260706_191328_059912_0016_01.npy,background,background/background_20260706_191328_059912_0016.wav,1,64x101,1.0,1.0
background/background_20260706_191328_059912_0016_02.npy,background,background/background_20260706_191328_059912_0016.wav,2,64x101,2.0,1.0
background/background_20260706_191328_059912_0016_03.npy,background,background/background_20260706_191328_059912_0016.wav,3,64x101,3.0,1.0
background/background_20260706_191328_059912_0016_04.npy,background,background/background_20260706_191328_059912_0016.wav,4,64x101,4.0,1.0
background/background_20260706_191333_062787_0017_00.npy,background,background/background_20260706_191333_062787_0017.wav,0,64x101,0.0,1.0
background/background_20260706_191333_062787_0017_01.npy,background,background/background_20260706_191333_062787_0017.wav,1,64x101,1.0,1.0
background/background_20260706_191333_062787_0017_02.npy,background,background/background_20260706_191333_062787_0017.wav,2,64x101,2.0,1.0
background/background_20260706_191333_062787_0017_03.npy,background,background/background_20260706_191333_062787_0017.wav,3,64x101,3.0,1.0
background/background_20260706_191333_062787_0017_04.npy,background,background/background_20260706_191333_062787_0017.wav,4,64x101,4.0,1.0
background/background_20260706_191338_065858_0018_00.npy,background,background/background_20260706_191338_065858_0018.wav,0,64x101,0.0,1.0
background/background_20260706_191338_065858_0018_01.npy,background,background/background_20260706_191338_065858_0018.wav,1,64x101,1.0,1.0
background/background_20260706_191338_065858_0018_02.npy,background,background/background_20260706_191338_065858_0018.wav,2,64x101,2.0,1.0
background/background_20260706_191338_065858_0018_03.npy,background,background/background_20260706_191338_065858_0018.wav,3,64x101,3.0,1.0
background/background_20260706_191338_065858_0018_04.npy,background,background/background_20260706_191338_065858_0018.wav,4,64x101,4.0,1.0
background/background_20260706_191343_068779_0019_00.npy,background,background/background_20260706_191343_068779_0019.wav,0,64x101,0.0,1.0
background/background_20260706_191343_068779_0019_01.npy,background,background/background_20260706_191343_068779_0019.wav,1,64x101,1.0,1.0
background/background_20260706_191343_068779_0019_02.npy,background,background/background_20260706_191343_068779_0019.wav,2,64x101,2.0,1.0
background/background_20260706_191343_068779_0019_03.npy,background,background/background_20260706_191343_068779_0019.wav,3,64x101,3.0,1.0
background/background_20260706_191343_068779_0019_04.npy,background,background/background_20260706_191343_068779_0019.wav,4,64x101,4.0,1.0
background/background_20260706_191348_071625_0020_00.npy,background,background/background_20260706_191348_071625_0020.wav,0,64x101,0.0,1.0
background/background_20260706_191348_071625_0020_01.npy,background,background/background_20260706_191348_071625_0020.wav,1,64x101,1.0,1.0
background/background_20260706_191348_071625_0020_02.npy,background,background/background_20260706_191348_071625_0020.wav,2,64x101,2.0,1.0
background/background_20260706_191348_071625_0020_03.npy,background,background/background_20260706_191348_071625_0020.wav,3,64x101,3.0,1.0
background/background_20260706_191348_071625_0020_04.npy,background,background/background_20260706_191348_071625_0020.wav,4,64x101,4.0,1.0
background/background_20260706_191353_074625_0021_00.npy,background,background/background_20260706_191353_074625_0021.wav,0,64x101,0.0,1.0
background/background_20260706_191353_074625_0021_01.npy,background,background/background_20260706_191353_074625_0021.wav,1,64x101,1.0,1.0
background/background_20260706_191353_074625_0021_02.npy,background,background/background_20260706_191353_074625_0021.wav,2,64x101,2.0,1.0
background/background_20260706_191353_074625_0021_03.npy,background,background/background_20260706_191353_074625_0021.wav,3,64x101,3.0,1.0
background/background_20260706_191353_074625_0021_04.npy,background,background/background_20260706_191353_074625_0021.wav,4,64x101,4.0,1.0
background/background_20260706_191358_077591_0022_00.npy,background,background/background_20260706_191358_077591_0022.wav,0,64x101,0.0,1.0
background/background_20260706_191358_077591_0022_01.npy,background,background/background_20260706_191358_077591_0022.wav,1,64x101,1.0,1.0
background/background_20260706_191358_077591_0022_02.npy,background,background/background_20260706_191358_077591_0022.wav,2,64x101,2.0,1.0
background/background_20260706_191358_077591_0022_03.npy,background,background/background_20260706_191358_077591_0022.wav,3,64x101,3.0,1.0
background/background_20260706_191358_077591_0022_04.npy,background,background/background_20260706_191358_077591_0022.wav,4,64x101,4.0,1.0
background/background_20260706_191403_080442_0023_00.npy,background,background/background_20260706_191403_080442_0023.wav,0,64x101,0.0,1.0
background/background_20260706_191403_080442_0023_01.npy,background,background/background_20260706_191403_080442_0023.wav,1,64x101,1.0,1.0
background/background_20260706_191403_080442_0023_02.npy,background,background/background_20260706_191403_080442_0023.wav,2,64x101,2.0,1.0
background/background_20260706_191403_080442_0023_03.npy,background,background/background_20260706_191403_080442_0023.wav,3,64x101,3.0,1.0
background/background_20260706_191403_080442_0023_04.npy,background,background/background_20260706_191403_080442_0023.wav,4,64x101,4.0,1.0
background/background_20260706_191408_083250_0024_00.npy,background,background/background_20260706_191408_083250_0024.wav,0,64x101,0.0,1.0
background/background_20260706_191408_083250_0024_01.npy,background,background/background_20260706_191408_083250_0024.wav,1,64x101,1.0,1.0
background/background_20260706_191408_083250_0024_02.npy,background,background/background_20260706_191408_083250_0024.wav,2,64x101,2.0,1.0
background/background_20260706_191408_083250_0024_03.npy,background,background/background_20260706_191408_083250_0024.wav,3,64x101,3.0,1.0
background/background_20260706_191408_083250_0024_04.npy,background,background/background_20260706_191408_083250_0024.wav,4,64x101,4.0,1.0
background/background_20260706_191413_086162_0025_00.npy,background,background/background_20260706_191413_086162_0025.wav,0,64x101,0.0,1.0
background/background_20260706_191413_086162_0025_01.npy,background,background/background_20260706_191413_086162_0025.wav,1,64x101,1.0,1.0
background/background_20260706_191413_086162_0025_02.npy,background,background/background_20260706_191413_086162_0025.wav,2,64x101,2.0,1.0
background/background_20260706_191413_086162_0025_03.npy,background,background/background_20260706_191413_086162_0025.wav,3,64x101,3.0,1.0
background/background_20260706_191413_086162_0025_04.npy,background,background/background_20260706_191413_086162_0025.wav,4,64x101,4.0,1.0
background/background_20260706_191418_089373_0026_00.npy,background,background/background_20260706_191418_089373_0026.wav,0,64x101,0.0,1.0
background/background_20260706_191418_089373_0026_01.npy,background,background/background_20260706_191418_089373_0026.wav,1,64x101,1.0,1.0
background/background_20260706_191418_089373_0026_02.npy,background,background/background_20260706_191418_089373_0026.wav,2,64x101,2.0,1.0
background/background_20260706_191418_089373_0026_03.npy,background,background/background_20260706_191418_089373_0026.wav,3,64x101,3.0,1.0
background/background_20260706_191418_089373_0026_04.npy,background,background/background_20260706_191418_089373_0026.wav,4,64x101,4.0,1.0
background/background_20260706_191423_092416_0027_00.npy,background,background/background_20260706_191423_092416_0027.wav,0,64x101,0.0,1.0
background/background_20260706_191423_092416_0027_01.npy,background,background/background_20260706_191423_092416_0027.wav,1,64x101,1.0,1.0
background/background_20260706_191423_092416_0027_02.npy,background,background/background_20260706_191423_092416_0027.wav,2,64x101,2.0,1.0
background/background_20260706_191423_092416_0027_03.npy,background,background/background_20260706_191423_092416_0027.wav,3,64x101,3.0,1.0
background/background_20260706_191423_092416_0027_04.npy,background,background/background_20260706_191423_092416_0027.wav,4,64x101,4.0,1.0
background/background_20260706_191428_094928_0028_00.npy,background,background/background_20260706_191428_094928_0028.wav,0,64x101,0.0,1.0
background/background_20260706_191428_094928_0028_01.npy,background,background/background_20260706_191428_094928_0028.wav,1,64x101,1.0,1.0
background/background_20260706_191428_094928_0028_02.npy,background,background/background_20260706_191428_094928_0028.wav,2,64x101,2.0,1.0
background/background_20260706_191428_094928_0028_03.npy,background,background/background_20260706_191428_094928_0028.wav,3,64x101,3.0,1.0
background/background_20260706_191428_094928_0028_04.npy,background,background/background_20260706_191428_094928_0028.wav,4,64x101,4.0,1.0
background/background_20260706_191433_098004_0029_00.npy,background,background/background_20260706_191433_098004_0029.wav,0,64x101,0.0,1.0
background/background_20260706_191433_098004_0029_01.npy,background,background/background_20260706_191433_098004_0029.wav,1,64x101,1.0,1.0
background/background_20260706_191433_098004_0029_02.npy,background,background/background_20260706_191433_098004_0029.wav,2,64x101,2.0,1.0
background/background_20260706_191433_098004_0029_03.npy,background,background/background_20260706_191433_098004_0029.wav,3,64x101,3.0,1.0
background/background_20260706_191433_098004_0029_04.npy,background,background/background_20260706_191433_098004_0029.wav,4,64x101,4.0,1.0
background/background_20260706_191438_100758_0030_00.npy,background,background/background_20260706_191438_100758_0030.wav,0,64x101,0.0,1.0
background/background_20260706_191438_100758_0030_01.npy,background,background/background_20260706_191438_100758_0030.wav,1,64x101,1.0,1.0
background/background_20260706_191438_100758_0030_02.npy,background,background/background_20260706_191438_100758_0030.wav,2,64x101,2.0,1.0
background/background_20260706_191438_100758_0030_03.npy,background,background/background_20260706_191438_100758_0030.wav,3,64x101,3.0,1.0
background/background_20260706_191438_100758_0030_04.npy,background,background/background_20260706_191438_100758_0030.wav,4,64x101,4.0,1.0
background/background_20260706_191443_103791_0031_00.npy,background,background/background_20260706_191443_103791_0031.wav,0,64x101,0.0,1.0
background/background_20260706_191443_103791_0031_01.npy,background,background/background_20260706_191443_103791_0031.wav,1,64x101,1.0,1.0
background/background_20260706_191443_103791_0031_02.npy,background,background/background_20260706_191443_103791_0031.wav,2,64x101,2.0,1.0
background/background_20260706_191443_103791_0031_03.npy,background,background/background_20260706_191443_103791_0031.wav,3,64x101,3.0,1.0
background/background_20260706_191443_103791_0031_04.npy,background,background/background_20260706_191443_103791_0031.wav,4,64x101,4.0,1.0
background/background_20260706_191448_106605_0032_00.npy,background,background/background_20260706_191448_106605_0032.wav,0,64x101,0.0,1.0
background/background_20260706_191448_106605_0032_01.npy,background,background/background_20260706_191448_106605_0032.wav,1,64x101,1.0,1.0
background/background_20260706_191448_106605_0032_02.npy,background,background/background_20260706_191448_106605_0032.wav,2,64x101,2.0,1.0
background/background_20260706_191448_106605_0032_03.npy,background,background/background_20260706_191448_106605_0032.wav,3,64x101,3.0,1.0
background/background_20260706_191448_106605_0032_04.npy,background,background/background_20260706_191448_106605_0032.wav,4,64x101,4.0,1.0
background/background_20260706_191453_109686_0033_00.npy,background,background/background_20260706_191453_109686_0033.wav,0,64x101,0.0,1.0
background/background_20260706_191453_109686_0033_01.npy,background,background/background_20260706_191453_109686_0033.wav,1,64x101,1.0,1.0
background/background_20260706_191453_109686_0033_02.npy,background,background/background_20260706_191453_109686_0033.wav,2,64x101,2.0,1.0
background/background_20260706_191453_109686_0033_03.npy,background,background/background_20260706_191453_109686_0033.wav,3,64x101,3.0,1.0
background/background_20260706_191453_109686_0033_04.npy,background,background/background_20260706_191453_109686_0033.wav,4,64x101,4.0,1.0
background/background_20260706_191458_112444_0034_00.npy,background,background/background_20260706_191458_112444_0034.wav,0,64x101,0.0,1.0
background/background_20260706_191458_112444_0034_01.npy,background,background/background_20260706_191458_112444_0034.wav,1,64x101,1.0,1.0
background/background_20260706_191458_112444_0034_02.npy,background,background/background_20260706_191458_112444_0034.wav,2,64x101,2.0,1.0
background/background_20260706_191458_112444_0034_03.npy,background,background/background_20260706_191458_112444_0034.wav,3,64x101,3.0,1.0
background/background_20260706_191458_112444_0034_04.npy,background,background/background_20260706_191458_112444_0034.wav,4,64x101,4.0,1.0
background/background_20260706_191503_115530_0035_00.npy,background,background/background_20260706_191503_115530_0035.wav,0,64x101,0.0,1.0
background/background_20260706_191503_115530_0035_01.npy,background,background/background_20260706_191503_115530_0035.wav,1,64x101,1.0,1.0
background/background_20260706_191503_115530_0035_02.npy,background,background/background_20260706_191503_115530_0035.wav,2,64x101,2.0,1.0
background/background_20260706_191503_115530_0035_03.npy,background,background/background_20260706_191503_115530_0035.wav,3,64x101,3.0,1.0
background/background_20260706_191503_115530_0035_04.npy,background,background/background_20260706_191503_115530_0035.wav,4,64x101,4.0,1.0
background/background_20260706_191508_118299_0036_00.npy,background,background/background_20260706_191508_118299_0036.wav,0,64x101,0.0,1.0
background/background_20260706_191508_118299_0036_01.npy,background,background/background_20260706_191508_118299_0036.wav,1,64x101,1.0,1.0
background/background_20260706_191508_118299_0036_02.npy,background,background/background_20260706_191508_118299_0036.wav,2,64x101,2.0,1.0
background/background_20260706_191508_118299_0036_03.npy,background,background/background_20260706_191508_118299_0036.wav,3,64x101,3.0,1.0
background/background_20260706_191508_118299_0036_04.npy,background,background/background_20260706_191508_118299_0036.wav,4,64x101,4.0,1.0
background/background_20260706_191513_121197_0037_00.npy,background,background/background_20260706_191513_121197_0037.wav,0,64x101,0.0,1.0
background/background_20260706_191513_121197_0037_01.npy,background,background/background_20260706_191513_121197_0037.wav,1,64x101,1.0,1.0
background/background_20260706_191513_121197_0037_02.npy,background,background/background_20260706_191513_121197_0037.wav,2,64x101,2.0,1.0
background/background_20260706_191513_121197_0037_03.npy,background,background/background_20260706_191513_121197_0037.wav,3,64x101,3.0,1.0
background/background_20260706_191513_121197_0037_04.npy,background,background/background_20260706_191513_121197_0037.wav,4,64x101,4.0,1.0
background/background_20260706_191518_124314_0038_00.npy,background,background/background_20260706_191518_124314_0038.wav,0,64x101,0.0,1.0
background/background_20260706_191518_124314_0038_01.npy,background,background/background_20260706_191518_124314_0038.wav,1,64x101,1.0,1.0
background/background_20260706_191518_124314_0038_02.npy,background,background/background_20260706_191518_124314_0038.wav,2,64x101,2.0,1.0
background/background_20260706_191518_124314_0038_03.npy,background,background/background_20260706_191518_124314_0038.wav,3,64x101,3.0,1.0
background/background_20260706_191518_124314_0038_04.npy,background,background/background_20260706_191518_124314_0038.wav,4,64x101,4.0,1.0
background/background_20260706_191523_127036_0039_00.npy,background,background/background_20260706_191523_127036_0039.wav,0,64x101,0.0,1.0
background/background_20260706_191523_127036_0039_01.npy,background,background/background_20260706_191523_127036_0039.wav,1,64x101,1.0,1.0
background/background_20260706_191523_127036_0039_02.npy,background,background/background_20260706_191523_127036_0039.wav,2,64x101,2.0,1.0
background/background_20260706_191523_127036_0039_03.npy,background,background/background_20260706_191523_127036_0039.wav,3,64x101,3.0,1.0
background/background_20260706_191523_127036_0039_04.npy,background,background/background_20260706_191523_127036_0039.wav,4,64x101,4.0,1.0
background/background_20260706_191528_130133_0040_00.npy,background,background/background_20260706_191528_130133_0040.wav,0,64x101,0.0,1.0
background/background_20260706_191528_130133_0040_01.npy,background,background/background_20260706_191528_130133_0040.wav,1,64x101,1.0,1.0
background/background_20260706_191528_130133_0040_02.npy,background,background/background_20260706_191528_130133_0040.wav,2,64x101,2.0,1.0
background/background_20260706_191528_130133_0040_03.npy,background,background/background_20260706_191528_130133_0040.wav,3,64x101,3.0,1.0
background/background_20260706_191528_130133_0040_04.npy,background,background/background_20260706_191528_130133_0040.wav,4,64x101,4.0,1.0
background/background_20260706_191533_132882_0041_00.npy,background,background/background_20260706_191533_132882_0041.wav,0,64x101,0.0,1.0
background/background_20260706_191533_132882_0041_01.npy,background,background/background_20260706_191533_132882_0041.wav,1,64x101,1.0,1.0
background/background_20260706_191533_132882_0041_02.npy,background,background/background_20260706_191533_132882_0041.wav,2,64x101,2.0,1.0
background/background_20260706_191533_132882_0041_03.npy,background,background/background_20260706_191533_132882_0041.wav,3,64x101,3.0,1.0
background/background_20260706_191533_132882_0041_04.npy,background,background/background_20260706_191533_132882_0041.wav,4,64x101,4.0,1.0
background/background_20260706_191538_135995_0042_00.npy,background,background/background_20260706_191538_135995_0042.wav,0,64x101,0.0,1.0
background/background_20260706_191538_135995_0042_01.npy,background,background/background_20260706_191538_135995_0042.wav,1,64x101,1.0,1.0
background/background_20260706_191538_135995_0042_02.npy,background,background/background_20260706_191538_135995_0042.wav,2,64x101,2.0,1.0
background/background_20260706_191538_135995_0042_03.npy,background,background/background_20260706_191538_135995_0042.wav,3,64x101,3.0,1.0
background/background_20260706_191538_135995_0042_04.npy,background,background/background_20260706_191538_135995_0042.wav,4,64x101,4.0,1.0
background/background_20260706_191543_138727_0043_00.npy,background,background/background_20260706_191543_138727_0043.wav,0,64x101,0.0,1.0
background/background_20260706_191543_138727_0043_01.npy,background,background/background_20260706_191543_138727_0043.wav,1,64x101,1.0,1.0
background/background_20260706_191543_138727_0043_02.npy,background,background/background_20260706_191543_138727_0043.wav,2,64x101,2.0,1.0
background/background_20260706_191543_138727_0043_03.npy,background,background/background_20260706_191543_138727_0043.wav,3,64x101,3.0,1.0
background/background_20260706_191543_138727_0043_04.npy,background,background/background_20260706_191543_138727_0043.wav,4,64x101,4.0,1.0
background/background_20260706_191548_141833_0044_00.npy,background,background/background_20260706_191548_141833_0044.wav,0,64x101,0.0,1.0
background/background_20260706_191548_141833_0044_01.npy,background,background/background_20260706_191548_141833_0044.wav,1,64x101,1.0,1.0
background/background_20260706_191548_141833_0044_02.npy,background,background/background_20260706_191548_141833_0044.wav,2,64x101,2.0,1.0
background/background_20260706_191548_141833_0044_03.npy,background,background/background_20260706_191548_141833_0044.wav,3,64x101,3.0,1.0
background/background_20260706_191548_141833_0044_04.npy,background,background/background_20260706_191548_141833_0044.wav,4,64x101,4.0,1.0
background/background_20260706_191553_144737_0045_00.npy,background,background/background_20260706_191553_144737_0045.wav,0,64x101,0.0,1.0
background/background_20260706_191553_144737_0045_01.npy,background,background/background_20260706_191553_144737_0045.wav,1,64x101,1.0,1.0
background/background_20260706_191553_144737_0045_02.npy,background,background/background_20260706_191553_144737_0045.wav,2,64x101,2.0,1.0
background/background_20260706_191553_144737_0045_03.npy,background,background/background_20260706_191553_144737_0045.wav,3,64x101,3.0,1.0
background/background_20260706_191553_144737_0045_04.npy,background,background/background_20260706_191553_144737_0045.wav,4,64x101,4.0,1.0
background/background_20260706_191558_147494_0046_00.npy,background,background/background_20260706_191558_147494_0046.wav,0,64x101,0.0,1.0
background/background_20260706_191558_147494_0046_01.npy,background,background/background_20260706_191558_147494_0046.wav,1,64x101,1.0,1.0
background/background_20260706_191558_147494_0046_02.npy,background,background/background_20260706_191558_147494_0046.wav,2,64x101,2.0,1.0
background/background_20260706_191558_147494_0046_03.npy,background,background/background_20260706_191558_147494_0046.wav,3,64x101,3.0,1.0
background/background_20260706_191558_147494_0046_04.npy,background,background/background_20260706_191558_147494_0046.wav,4,64x101,4.0,1.0
background/background_20260706_191603_150584_0047_00.npy,background,background/background_20260706_191603_150584_0047.wav,0,64x101,0.0,1.0
background/background_20260706_191603_150584_0047_01.npy,background,background/background_20260706_191603_150584_0047.wav,1,64x101,1.0,1.0
background/background_20260706_191603_150584_0047_02.npy,background,background/background_20260706_191603_150584_0047.wav,2,64x101,2.0,1.0
background/background_20260706_191603_150584_0047_03.npy,background,background/background_20260706_191603_150584_0047.wav,3,64x101,3.0,1.0
background/background_20260706_191603_150584_0047_04.npy,background,background/background_20260706_191603_150584_0047.wav,4,64x101,4.0,1.0
background/background_20260706_191608_153338_0048_00.npy,background,background/background_20260706_191608_153338_0048.wav,0,64x101,0.0,1.0
background/background_20260706_191608_153338_0048_01.npy,background,background/background_20260706_191608_153338_0048.wav,1,64x101,1.0,1.0
background/background_20260706_191608_153338_0048_02.npy,background,background/background_20260706_191608_153338_0048.wav,2,64x101,2.0,1.0
background/background_20260706_191608_153338_0048_03.npy,background,background/background_20260706_191608_153338_0048.wav,3,64x101,3.0,1.0
background/background_20260706_191608_153338_0048_04.npy,background,background/background_20260706_191608_153338_0048.wav,4,64x101,4.0,1.0
background/background_20260706_191613_156463_0049_00.npy,background,background/background_20260706_191613_156463_0049.wav,0,64x101,0.0,1.0
background/background_20260706_191613_156463_0049_01.npy,background,background/background_20260706_191613_156463_0049.wav,1,64x101,1.0,1.0
background/background_20260706_191613_156463_0049_02.npy,background,background/background_20260706_191613_156463_0049.wav,2,64x101,2.0,1.0
background/background_20260706_191613_156463_0049_03.npy,background,background/background_20260706_191613_156463_0049.wav,3,64x101,3.0,1.0
background/background_20260706_191613_156463_0049_04.npy,background,background/background_20260706_191613_156463_0049.wav,4,64x101,4.0,1.0
background/background_20260706_191618_159209_0050_00.npy,background,background/background_20260706_191618_159209_0050.wav,0,64x101,0.0,1.0
background/background_20260706_191618_159209_0050_01.npy,background,background/background_20260706_191618_159209_0050.wav,1,64x101,1.0,1.0
background/background_20260706_191618_159209_0050_02.npy,background,background/background_20260706_191618_159209_0050.wav,2,64x101,2.0,1.0
background/background_20260706_191618_159209_0050_03.npy,background,background/background_20260706_191618_159209_0050.wav,3,64x101,3.0,1.0
background/background_20260706_191618_159209_0050_04.npy,background,background/background_20260706_191618_159209_0050.wav,4,64x101,4.0,1.0
background/background_20260706_191623_162290_0051_00.npy,background,background/background_20260706_191623_162290_0051.wav,0,64x101,0.0,1.0
background/background_20260706_191623_162290_0051_01.npy,background,background/background_20260706_191623_162290_0051.wav,1,64x101,1.0,1.0
background/background_20260706_191623_162290_0051_02.npy,background,background/background_20260706_191623_162290_0051.wav,2,64x101,2.0,1.0
background/background_20260706_191623_162290_0051_03.npy,background,background/background_20260706_191623_162290_0051.wav,3,64x101,3.0,1.0
background/background_20260706_191623_162290_0051_04.npy,background,background/background_20260706_191623_162290_0051.wav,4,64x101,4.0,1.0
background/background_20260706_191628_165025_0052_00.npy,background,background/background_20260706_191628_165025_0052.wav,0,64x101,0.0,1.0
background/background_20260706_191628_165025_0052_01.npy,background,background/background_20260706_191628_165025_0052.wav,1,64x101,1.0,1.0
background/background_20260706_191628_165025_0052_02.npy,background,background/background_20260706_191628_165025_0052.wav,2,64x101,2.0,1.0
background/background_20260706_191628_165025_0052_03.npy,background,background/background_20260706_191628_165025_0052.wav,3,64x101,3.0,1.0
background/background_20260706_191628_165025_0052_04.npy,background,background/background_20260706_191628_165025_0052.wav,4,64x101,4.0,1.0
background/background_20260706_191633_167964_0053_00.npy,background,background/background_20260706_191633_167964_0053.wav,0,64x101,0.0,1.0
background/background_20260706_191633_167964_0053_01.npy,background,background/background_20260706_191633_167964_0053.wav,1,64x101,1.0,1.0
background/background_20260706_191633_167964_0053_02.npy,background,background/background_20260706_191633_167964_0053.wav,2,64x101,2.0,1.0
background/background_20260706_191633_167964_0053_03.npy,background,background/background_20260706_191633_167964_0053.wav,3,64x101,3.0,1.0
background/background_20260706_191633_167964_0053_04.npy,background,background/background_20260706_191633_167964_0053.wav,4,64x101,4.0,1.0
background/background_20260706_191638_171029_0054_00.npy,background,background/background_20260706_191638_171029_0054.wav,0,64x101,0.0,1.0
background/background_20260706_191638_171029_0054_01.npy,background,background/background_20260706_191638_171029_0054.wav,1,64x101,1.0,1.0
background/background_20260706_191638_171029_0054_02.npy,background,background/background_20260706_191638_171029_0054.wav,2,64x101,2.0,1.0
background/background_20260706_191638_171029_0054_03.npy,background,background/background_20260706_191638_171029_0054.wav,3,64x101,3.0,1.0
background/background_20260706_191638_171029_0054_04.npy,background,background/background_20260706_191638_171029_0054.wav,4,64x101,4.0,1.0
background/background_20260706_191643_173776_0055_00.npy,background,background/background_20260706_191643_173776_0055.wav,0,64x101,0.0,1.0
background/background_20260706_191643_173776_0055_01.npy,background,background/background_20260706_191643_173776_0055.wav,1,64x101,1.0,1.0
background/background_20260706_191643_173776_0055_02.npy,background,background/background_20260706_191643_173776_0055.wav,2,64x101,2.0,1.0
background/background_20260706_191643_173776_0055_03.npy,background,background/background_20260706_191643_173776_0055.wav,3,64x101,3.0,1.0
background/background_20260706_191643_173776_0055_04.npy,background,background/background_20260706_191643_173776_0055.wav,4,64x101,4.0,1.0
background/background_20260706_191648_176704_0056_00.npy,background,background/background_20260706_191648_176704_0056.wav,0,64x101,0.0,1.0
background/background_20260706_191648_176704_0056_01.npy,background,background/background_20260706_191648_176704_0056.wav,1,64x101,1.0,1.0
background/background_20260706_191648_176704_0056_02.npy,background,background/background_20260706_191648_176704_0056.wav,2,64x101,2.0,1.0
background/background_20260706_191648_176704_0056_03.npy,background,background/background_20260706_191648_176704_0056.wav,3,64x101,3.0,1.0
background/background_20260706_191648_176704_0056_04.npy,background,background/background_20260706_191648_176704_0056.wav,4,64x101,4.0,1.0
background/background_20260706_191653_179785_0057_00.npy,background,background/background_20260706_191653_179785_0057.wav,0,64x101,0.0,1.0
background/background_20260706_191653_179785_0057_01.npy,background,background/background_20260706_191653_179785_0057.wav,1,64x101,1.0,1.0
background/background_20260706_191653_179785_0057_02.npy,background,background/background_20260706_191653_179785_0057.wav,2,64x101,2.0,1.0
background/background_20260706_191653_179785_0057_03.npy,background,background/background_20260706_191653_179785_0057.wav,3,64x101,3.0,1.0
background/background_20260706_191653_179785_0057_04.npy,background,background/background_20260706_191653_179785_0057.wav,4,64x101,4.0,1.0
background/background_20260706_191658_182542_0058_00.npy,background,background/background_20260706_191658_182542_0058.wav,0,64x101,0.0,1.0
background/background_20260706_191658_182542_0058_01.npy,background,background/background_20260706_191658_182542_0058.wav,1,64x101,1.0,1.0
background/background_20260706_191658_182542_0058_02.npy,background,background/background_20260706_191658_182542_0058.wav,2,64x101,2.0,1.0
background/background_20260706_191658_182542_0058_03.npy,background,background/background_20260706_191658_182542_0058.wav,3,64x101,3.0,1.0
background/background_20260706_191658_182542_0058_04.npy,background,background/background_20260706_191658_182542_0058.wav,4,64x101,4.0,1.0
background/background_20260706_191703_185610_0059_00.npy,background,background/background_20260706_191703_185610_0059.wav,0,64x101,0.0,1.0
background/background_20260706_191703_185610_0059_01.npy,background,background/background_20260706_191703_185610_0059.wav,1,64x101,1.0,1.0
background/background_20260706_191703_185610_0059_02.npy,background,background/background_20260706_191703_185610_0059.wav,2,64x101,2.0,1.0
background/background_20260706_191703_185610_0059_03.npy,background,background/background_20260706_191703_185610_0059.wav,3,64x101,3.0,1.0
background/background_20260706_191703_185610_0059_04.npy,background,background/background_20260706_191703_185610_0059.wav,4,64x101,4.0,1.0
background/background_20260706_191708_188640_0060_00.npy,background,background/background_20260706_191708_188640_0060.wav,0,64x101,0.0,1.0
background/background_20260706_191708_188640_0060_01.npy,background,background/background_20260706_191708_188640_0060.wav,1,64x101,1.0,1.0
background/background_20260706_191708_188640_0060_02.npy,background,background/background_20260706_191708_188640_0060.wav,2,64x101,2.0,1.0
background/background_20260706_191708_188640_0060_03.npy,background,background/background_20260706_191708_188640_0060.wav,3,64x101,3.0,1.0
background/background_20260706_191708_188640_0060_04.npy,background,background/background_20260706_191708_188640_0060.wav,4,64x101,4.0,1.0
background/background_20260706_191713_191490_0061_00.npy,background,background/background_20260706_191713_191490_0061.wav,0,64x101,0.0,1.0
background/background_20260706_191713_191490_0061_01.npy,background,background/background_20260706_191713_191490_0061.wav,1,64x101,1.0,1.0
background/background_20260706_191713_191490_0061_02.npy,background,background/background_20260706_191713_191490_0061.wav,2,64x101,2.0,1.0
background/background_20260706_191713_191490_0061_03.npy,background,background/background_20260706_191713_191490_0061.wav,3,64x101,3.0,1.0
background/background_20260706_191713_191490_0061_04.npy,background,background/background_20260706_191713_191490_0061.wav,4,64x101,4.0,1.0
background/background_20260706_192711_590935_0000_00.npy,background,background/background_20260706_192711_590935_0000.wav,0,64x101,0.0,1.0
background/background_20260706_192711_590935_0000_01.npy,background,background/background_20260706_192711_590935_0000.wav,1,64x101,1.0,1.0
background/background_20260706_192711_590935_0000_02.npy,background,background/background_20260706_192711_590935_0000.wav,2,64x101,2.0,1.0
background/background_20260706_192711_590935_0000_03.npy,background,background/background_20260706_192711_590935_0000.wav,3,64x101,3.0,1.0
background/background_20260706_192711_590935_0000_04.npy,background,background/background_20260706_192711_590935_0000.wav,4,64x101,4.0,1.0
background/background_20260706_192716_593729_0001_00.npy,background,background/background_20260706_192716_593729_0001.wav,0,64x101,0.0,1.0
background/background_20260706_192716_593729_0001_01.npy,background,background/background_20260706_192716_593729_0001.wav,1,64x101,1.0,1.0
background/background_20260706_192716_593729_0001_02.npy,background,background/background_20260706_192716_593729_0001.wav,2,64x101,2.0,1.0
background/background_20260706_192716_593729_0001_03.npy,background,background/background_20260706_192716_593729_0001.wav,3,64x101,3.0,1.0
background/background_20260706_192716_593729_0001_04.npy,background,background/background_20260706_192716_593729_0001.wav,4,64x101,4.0,1.0
background/background_20260706_192721_596944_0002_00.npy,background,background/background_20260706_192721_596944_0002.wav,0,64x101,0.0,1.0
background/background_20260706_192721_596944_0002_01.npy,background,background/background_20260706_192721_596944_0002.wav,1,64x101,1.0,1.0
background/background_20260706_192721_596944_0002_02.npy,background,background/background_20260706_192721_596944_0002.wav,2,64x101,2.0,1.0
background/background_20260706_192721_596944_0002_03.npy,background,background/background_20260706_192721_596944_0002.wav,3,64x101,3.0,1.0
background/background_20260706_192721_596944_0002_04.npy,background,background/background_20260706_192721_596944_0002.wav,4,64x101,4.0,1.0
background/background_20260706_192726_599534_0003_00.npy,background,background/background_20260706_192726_599534_0003.wav,0,64x101,0.0,1.0
background/background_20260706_192726_599534_0003_01.npy,background,background/background_20260706_192726_599534_0003.wav,1,64x101,1.0,1.0
background/background_20260706_192726_599534_0003_02.npy,background,background/background_20260706_192726_599534_0003.wav,2,64x101,2.0,1.0
background/background_20260706_192726_599534_0003_03.npy,background,background/background_20260706_192726_599534_0003.wav,3,64x101,3.0,1.0
background/background_20260706_192726_599534_0003_04.npy,background,background/background_20260706_192726_599534_0003.wav,4,64x101,4.0,1.0
background/background_20260706_192731_602499_0004_00.npy,background,background/background_20260706_192731_602499_0004.wav,0,64x101,0.0,1.0
background/background_20260706_192731_602499_0004_01.npy,background,background/background_20260706_192731_602499_0004.wav,1,64x101,1.0,1.0
background/background_20260706_192731_602499_0004_02.npy,background,background/background_20260706_192731_602499_0004.wav,2,64x101,2.0,1.0
background/background_20260706_192731_602499_0004_03.npy,background,background/background_20260706_192731_602499_0004.wav,3,64x101,3.0,1.0
background/background_20260706_192731_602499_0004_04.npy,background,background/background_20260706_192731_602499_0004.wav,4,64x101,4.0,1.0
background/background_20260706_192736_605617_0005_00.npy,background,background/background_20260706_192736_605617_0005.wav,0,64x101,0.0,1.0
background/background_20260706_192736_605617_0005_01.npy,background,background/background_20260706_192736_605617_0005.wav,1,64x101,1.0,1.0
background/background_20260706_192736_605617_0005_02.npy,background,background/background_20260706_192736_605617_0005.wav,2,64x101,2.0,1.0
background/background_20260706_192736_605617_0005_03.npy,background,background/background_20260706_192736_605617_0005.wav,3,64x101,3.0,1.0
background/background_20260706_192736_605617_0005_04.npy,background,background/background_20260706_192736_605617_0005.wav,4,64x101,4.0,1.0
background/background_20260706_192741_608432_0006_00.npy,background,background/background_20260706_192741_608432_0006.wav,0,64x101,0.0,1.0
background/background_20260706_192741_608432_0006_01.npy,background,background/background_20260706_192741_608432_0006.wav,1,64x101,1.0,1.0
background/background_20260706_192741_608432_0006_02.npy,background,background/background_20260706_192741_608432_0006.wav,2,64x101,2.0,1.0
background/background_20260706_192741_608432_0006_03.npy,background,background/background_20260706_192741_608432_0006.wav,3,64x101,3.0,1.0
background/background_20260706_192741_608432_0006_04.npy,background,background/background_20260706_192741_608432_0006.wav,4,64x101,4.0,1.0
background/background_20260706_192746_611197_0007_00.npy,background,background/background_20260706_192746_611197_0007.wav,0,64x101,0.0,1.0
background/background_20260706_192746_611197_0007_01.npy,background,background/background_20260706_192746_611197_0007.wav,1,64x101,1.0,1.0
background/background_20260706_192746_611197_0007_02.npy,background,background/background_20260706_192746_611197_0007.wav,2,64x101,2.0,1.0
background/background_20260706_192746_611197_0007_03.npy,background,background/background_20260706_192746_611197_0007.wav,3,64x101,3.0,1.0
background/background_20260706_192746_611197_0007_04.npy,background,background/background_20260706_192746_611197_0007.wav,4,64x101,4.0,1.0
background/background_20260706_192751_614246_0008_00.npy,background,background/background_20260706_192751_614246_0008.wav,0,64x101,0.0,1.0
background/background_20260706_192751_614246_0008_01.npy,background,background/background_20260706_192751_614246_0008.wav,1,64x101,1.0,1.0
background/background_20260706_192751_614246_0008_02.npy,background,background/background_20260706_192751_614246_0008.wav,2,64x101,2.0,1.0
background/background_20260706_192751_614246_0008_03.npy,background,background/background_20260706_192751_614246_0008.wav,3,64x101,3.0,1.0
background/background_20260706_192751_614246_0008_04.npy,background,background/background_20260706_192751_614246_0008.wav,4,64x101,4.0,1.0
background/background_20260706_192756_617043_0009_00.npy,background,background/background_20260706_192756_617043_0009.wav,0,64x101,0.0,1.0
background/background_20260706_192756_617043_0009_01.npy,background,background/background_20260706_192756_617043_0009.wav,1,64x101,1.0,1.0
background/background_20260706_192756_617043_0009_02.npy,background,background/background_20260706_192756_617043_0009.wav,2,64x101,2.0,1.0
background/background_20260706_192756_617043_0009_03.npy,background,background/background_20260706_192756_617043_0009.wav,3,64x101,3.0,1.0
background/background_20260706_192756_617043_0009_04.npy,background,background/background_20260706_192756_617043_0009.wav,4,64x101,4.0,1.0
background/background_20260706_192801_620115_0010_00.npy,background,background/background_20260706_192801_620115_0010.wav,0,64x101,0.0,1.0
background/background_20260706_192801_620115_0010_01.npy,background,background/background_20260706_192801_620115_0010.wav,1,64x101,1.0,1.0
background/background_20260706_192801_620115_0010_02.npy,background,background/background_20260706_192801_620115_0010.wav,2,64x101,2.0,1.0
background/background_20260706_192801_620115_0010_03.npy,background,background/background_20260706_192801_620115_0010.wav,3,64x101,3.0,1.0
background/background_20260706_192801_620115_0010_04.npy,background,background/background_20260706_192801_620115_0010.wav,4,64x101,4.0,1.0
background/background_20260706_192806_623009_0011_00.npy,background,background/background_20260706_192806_623009_0011.wav,0,64x101,0.0,1.0
background/background_20260706_192806_623009_0011_01.npy,background,background/background_20260706_192806_623009_0011.wav,1,64x101,1.0,1.0
background/background_20260706_192806_623009_0011_02.npy,background,background/background_20260706_192806_623009_0011.wav,2,64x101,2.0,1.0
background/background_20260706_192806_623009_0011_03.npy,background,background/background_20260706_192806_623009_0011.wav,3,64x101,3.0,1.0
background/background_20260706_192806_623009_0011_04.npy,background,background/background_20260706_192806_623009_0011.wav,4,64x101,4.0,1.0
background/background_20260706_192811_626117_0012_00.npy,background,background/background_20260706_192811_626117_0012.wav,0,64x101,0.0,1.0
background/background_20260706_192811_626117_0012_01.npy,background,background/background_20260706_192811_626117_0012.wav,1,64x101,1.0,1.0
background/background_20260706_192811_626117_0012_02.npy,background,background/background_20260706_192811_626117_0012.wav,2,64x101,2.0,1.0
background/background_20260706_192811_626117_0012_03.npy,background,background/background_20260706_192811_626117_0012.wav,3,64x101,3.0,1.0
background/background_20260706_192811_626117_0012_04.npy,background,background/background_20260706_192811_626117_0012.wav,4,64x101,4.0,1.0
background/background_20260706_192816_628884_0013_00.npy,background,background/background_20260706_192816_628884_0013.wav,0,64x101,0.0,1.0
background/background_20260706_192816_628884_0013_01.npy,background,background/background_20260706_192816_628884_0013.wav,1,64x101,1.0,1.0
background/background_20260706_192816_628884_0013_02.npy,background,background/background_20260706_192816_628884_0013.wav,2,64x101,2.0,1.0
background/background_20260706_192816_628884_0013_03.npy,background,background/background_20260706_192816_628884_0013.wav,3,64x101,3.0,1.0
background/background_20260706_192816_628884_0013_04.npy,background,background/background_20260706_192816_628884_0013.wav,4,64x101,4.0,1.0
background/background_20260706_192821_631655_0014_00.npy,background,background/background_20260706_192821_631655_0014.wav,0,64x101,0.0,1.0
background/background_20260706_192821_631655_0014_01.npy,background,background/background_20260706_192821_631655_0014.wav,1,64x101,1.0,1.0
background/background_20260706_192821_631655_0014_02.npy,background,background/background_20260706_192821_631655_0014.wav,2,64x101,2.0,1.0
background/background_20260706_192821_631655_0014_03.npy,background,background/background_20260706_192821_631655_0014.wav,3,64x101,3.0,1.0
background/background_20260706_192821_631655_0014_04.npy,background,background/background_20260706_192821_631655_0014.wav,4,64x101,4.0,1.0
background/background_20260706_192826_634737_0015_00.npy,background,background/background_20260706_192826_634737_0015.wav,0,64x101,0.0,1.0
background/background_20260706_192826_634737_0015_01.npy,background,background/background_20260706_192826_634737_0015.wav,1,64x101,1.0,1.0
background/background_20260706_192826_634737_0015_02.npy,background,background/background_20260706_192826_634737_0015.wav,2,64x101,2.0,1.0
background/background_20260706_192826_634737_0015_03.npy,background,background/background_20260706_192826_634737_0015.wav,3,64x101,3.0,1.0
background/background_20260706_192826_634737_0015_04.npy,background,background/background_20260706_192826_634737_0015.wav,4,64x101,4.0,1.0
background/background_20260706_192831_637489_0016_00.npy,background,background/background_20260706_192831_637489_0016.wav,0,64x101,0.0,1.0
background/background_20260706_192831_637489_0016_01.npy,background,background/background_20260706_192831_637489_0016.wav,1,64x101,1.0,1.0
background/background_20260706_192831_637489_0016_02.npy,background,background/background_20260706_192831_637489_0016.wav,2,64x101,2.0,1.0
background/background_20260706_192831_637489_0016_03.npy,background,background/background_20260706_192831_637489_0016.wav,3,64x101,3.0,1.0
background/background_20260706_192831_637489_0016_04.npy,background,background/background_20260706_192831_637489_0016.wav,4,64x101,4.0,1.0
background/background_20260706_192836_640393_0017_00.npy,background,background/background_20260706_192836_640393_0017.wav,0,64x101,0.0,1.0
background/background_20260706_192836_640393_0017_01.npy,background,background/background_20260706_192836_640393_0017.wav,1,64x101,1.0,1.0
background/background_20260706_192836_640393_0017_02.npy,background,background/background_20260706_192836_640393_0017.wav,2,64x101,2.0,1.0
background/background_20260706_192836_640393_0017_03.npy,background,background/background_20260706_192836_640393_0017.wav,3,64x101,3.0,1.0
background/background_20260706_192836_640393_0017_04.npy,background,background/background_20260706_192836_640393_0017.wav,4,64x101,4.0,1.0
background/background_20260706_192841_643506_0018_00.npy,background,background/background_20260706_192841_643506_0018.wav,0,64x101,0.0,1.0
background/background_20260706_192841_643506_0018_01.npy,background,background/background_20260706_192841_643506_0018.wav,1,64x101,1.0,1.0
background/background_20260706_192841_643506_0018_02.npy,background,background/background_20260706_192841_643506_0018.wav,2,64x101,2.0,1.0
background/background_20260706_192841_643506_0018_03.npy,background,background/background_20260706_192841_643506_0018.wav,3,64x101,3.0,1.0
background/background_20260706_192841_643506_0018_04.npy,background,background/background_20260706_192841_643506_0018.wav,4,64x101,4.0,1.0
background/background_20260706_192846_646252_0019_00.npy,background,background/background_20260706_192846_646252_0019.wav,0,64x101,0.0,1.0
background/background_20260706_192846_646252_0019_01.npy,background,background/background_20260706_192846_646252_0019.wav,1,64x101,1.0,1.0
background/background_20260706_192846_646252_0019_02.npy,background,background/background_20260706_192846_646252_0019.wav,2,64x101,2.0,1.0
background/background_20260706_192846_646252_0019_03.npy,background,background/background_20260706_192846_646252_0019.wav,3,64x101,3.0,1.0
background/background_20260706_192846_646252_0019_04.npy,background,background/background_20260706_192846_646252_0019.wav,4,64x101,4.0,1.0
background/background_20260706_192851_649174_0020_00.npy,background,background/background_20260706_192851_649174_0020.wav,0,64x101,0.0,1.0
background/background_20260706_192851_649174_0020_01.npy,background,background/background_20260706_192851_649174_0020.wav,1,64x101,1.0,1.0
background/background_20260706_192851_649174_0020_02.npy,background,background/background_20260706_192851_649174_0020.wav,2,64x101,2.0,1.0
background/background_20260706_192851_649174_0020_03.npy,background,background/background_20260706_192851_649174_0020.wav,3,64x101,3.0,1.0
background/background_20260706_192851_649174_0020_04.npy,background,background/background_20260706_192851_649174_0020.wav,4,64x101,4.0,1.0
background/background_20260706_192856_652357_0021_00.npy,background,background/background_20260706_192856_652357_0021.wav,0,64x101,0.0,1.0
background/background_20260706_192856_652357_0021_01.npy,background,background/background_20260706_192856_652357_0021.wav,1,64x101,1.0,1.0
background/background_20260706_192856_652357_0021_02.npy,background,background/background_20260706_192856_652357_0021.wav,2,64x101,2.0,1.0
background/background_20260706_192856_652357_0021_03.npy,background,background/background_20260706_192856_652357_0021.wav,3,64x101,3.0,1.0
background/background_20260706_192856_652357_0021_04.npy,background,background/background_20260706_192856_652357_0021.wav,4,64x101,4.0,1.0
background/background_20260706_192901_655022_0022_00.npy,background,background/background_20260706_192901_655022_0022.wav,0,64x101,0.0,1.0
background/background_20260706_192901_655022_0022_01.npy,background,background/background_20260706_192901_655022_0022.wav,1,64x101,1.0,1.0
background/background_20260706_192901_655022_0022_02.npy,background,background/background_20260706_192901_655022_0022.wav,2,64x101,2.0,1.0
background/background_20260706_192901_655022_0022_03.npy,background,background/background_20260706_192901_655022_0022.wav,3,64x101,3.0,1.0
background/background_20260706_192901_655022_0022_04.npy,background,background/background_20260706_192901_655022_0022.wav,4,64x101,4.0,1.0
background/background_20260706_192906_658082_0023_00.npy,background,background/background_20260706_192906_658082_0023.wav,0,64x101,0.0,1.0
background/background_20260706_192906_658082_0023_01.npy,background,background/background_20260706_192906_658082_0023.wav,1,64x101,1.0,1.0
background/background_20260706_192906_658082_0023_02.npy,background,background/background_20260706_192906_658082_0023.wav,2,64x101,2.0,1.0
background/background_20260706_192906_658082_0023_03.npy,background,background/background_20260706_192906_658082_0023.wav,3,64x101,3.0,1.0
background/background_20260706_192906_658082_0023_04.npy,background,background/background_20260706_192906_658082_0023.wav,4,64x101,4.0,1.0
background/background_20260706_192911_660842_0024_00.npy,background,background/background_20260706_192911_660842_0024.wav,0,64x101,0.0,1.0
background/background_20260706_192911_660842_0024_01.npy,background,background/background_20260706_192911_660842_0024.wav,1,64x101,1.0,1.0
background/background_20260706_192911_660842_0024_02.npy,background,background/background_20260706_192911_660842_0024.wav,2,64x101,2.0,1.0
background/background_20260706_192911_660842_0024_03.npy,background,background/background_20260706_192911_660842_0024.wav,3,64x101,3.0,1.0
background/background_20260706_192911_660842_0024_04.npy,background,background/background_20260706_192911_660842_0024.wav,4,64x101,4.0,1.0
background/background_20260706_192916_663946_0025_00.npy,background,background/background_20260706_192916_663946_0025.wav,0,64x101,0.0,1.0
background/background_20260706_192916_663946_0025_01.npy,background,background/background_20260706_192916_663946_0025.wav,1,64x101,1.0,1.0
background/background_20260706_192916_663946_0025_02.npy,background,background/background_20260706_192916_663946_0025.wav,2,64x101,2.0,1.0
background/background_20260706_192916_663946_0025_03.npy,background,background/background_20260706_192916_663946_0025.wav,3,64x101,3.0,1.0
background/background_20260706_192916_663946_0025_04.npy,background,background/background_20260706_192916_663946_0025.wav,4,64x101,4.0,1.0
background/background_20260706_192921_666867_0026_00.npy,background,background/background_20260706_192921_666867_0026.wav,0,64x101,0.0,1.0
background/background_20260706_192921_666867_0026_01.npy,background,background/background_20260706_192921_666867_0026.wav,1,64x101,1.0,1.0
background/background_20260706_192921_666867_0026_02.npy,background,background/background_20260706_192921_666867_0026.wav,2,64x101,2.0,1.0
background/background_20260706_192921_666867_0026_03.npy,background,background/background_20260706_192921_666867_0026.wav,3,64x101,3.0,1.0
background/background_20260706_192921_666867_0026_04.npy,background,background/background_20260706_192921_666867_0026.wav,4,64x101,4.0,1.0
background/background_20260706_192926_669620_0027_00.npy,background,background/background_20260706_192926_669620_0027.wav,0,64x101,0.0,1.0
background/background_20260706_192926_669620_0027_01.npy,background,background/background_20260706_192926_669620_0027.wav,1,64x101,1.0,1.0
background/background_20260706_192926_669620_0027_02.npy,background,background/background_20260706_192926_669620_0027.wav,2,64x101,2.0,1.0
background/background_20260706_192926_669620_0027_03.npy,background,background/background_20260706_192926_669620_0027.wav,3,64x101,3.0,1.0
background/background_20260706_192926_669620_0027_04.npy,background,background/background_20260706_192926_669620_0027.wav,4,64x101,4.0,1.0
background/background_20260706_192931_672698_0028_00.npy,background,background/background_20260706_192931_672698_0028.wav,0,64x101,0.0,1.0
background/background_20260706_192931_672698_0028_01.npy,background,background/background_20260706_192931_672698_0028.wav,1,64x101,1.0,1.0
background/background_20260706_192931_672698_0028_02.npy,background,background/background_20260706_192931_672698_0028.wav,2,64x101,2.0,1.0
background/background_20260706_192931_672698_0028_03.npy,background,background/background_20260706_192931_672698_0028.wav,3,64x101,3.0,1.0
background/background_20260706_192931_672698_0028_04.npy,background,background/background_20260706_192931_672698_0028.wav,4,64x101,4.0,1.0
background/background_20260706_192936_675453_0029_00.npy,background,background/background_20260706_192936_675453_0029.wav,0,64x101,0.0,1.0
background/background_20260706_192936_675453_0029_01.npy,background,background/background_20260706_192936_675453_0029.wav,1,64x101,1.0,1.0
background/background_20260706_192936_675453_0029_02.npy,background,background/background_20260706_192936_675453_0029.wav,2,64x101,2.0,1.0
background/background_20260706_192936_675453_0029_03.npy,background,background/background_20260706_192936_675453_0029.wav,3,64x101,3.0,1.0
background/background_20260706_192936_675453_0029_04.npy,background,background/background_20260706_192936_675453_0029.wav,4,64x101,4.0,1.0
background/background_20260706_192941_678552_0030_00.npy,background,background/background_20260706_192941_678552_0030.wav,0,64x101,0.0,1.0
background/background_20260706_192941_678552_0030_01.npy,background,background/background_20260706_192941_678552_0030.wav,1,64x101,1.0,1.0
background/background_20260706_192941_678552_0030_02.npy,background,background/background_20260706_192941_678552_0030.wav,2,64x101,2.0,1.0
background/background_20260706_192941_678552_0030_03.npy,background,background/background_20260706_192941_678552_0030.wav,3,64x101,3.0,1.0
background/background_20260706_192941_678552_0030_04.npy,background,background/background_20260706_192941_678552_0030.wav,4,64x101,4.0,1.0
background/background_20260706_192946_681299_0031_00.npy,background,background/background_20260706_192946_681299_0031.wav,0,64x101,0.0,1.0
background/background_20260706_192946_681299_0031_01.npy,background,background/background_20260706_192946_681299_0031.wav,1,64x101,1.0,1.0
background/background_20260706_192946_681299_0031_02.npy,background,background/background_20260706_192946_681299_0031.wav,2,64x101,2.0,1.0
background/background_20260706_192946_681299_0031_03.npy,background,background/background_20260706_192946_681299_0031.wav,3,64x101,3.0,1.0
background/background_20260706_192946_681299_0031_04.npy,background,background/background_20260706_192946_681299_0031.wav,4,64x101,4.0,1.0
background/background_20260706_192951_684410_0032_00.npy,background,background/background_20260706_192951_684410_0032.wav,0,64x101,0.0,1.0
background/background_20260706_192951_684410_0032_01.npy,background,background/background_20260706_192951_684410_0032.wav,1,64x101,1.0,1.0
background/background_20260706_192951_684410_0032_02.npy,background,background/background_20260706_192951_684410_0032.wav,2,64x101,2.0,1.0
background/background_20260706_192951_684410_0032_03.npy,background,background/background_20260706_192951_684410_0032.wav,3,64x101,3.0,1.0
background/background_20260706_192951_684410_0032_04.npy,background,background/background_20260706_192951_684410_0032.wav,4,64x101,4.0,1.0
background/background_20260706_192956_687292_0033_00.npy,background,background/background_20260706_192956_687292_0033.wav,0,64x101,0.0,1.0
background/background_20260706_192956_687292_0033_01.npy,background,background/background_20260706_192956_687292_0033.wav,1,64x101,1.0,1.0
background/background_20260706_192956_687292_0033_02.npy,background,background/background_20260706_192956_687292_0033.wav,2,64x101,2.0,1.0
background/background_20260706_192956_687292_0033_03.npy,background,background/background_20260706_192956_687292_0033.wav,3,64x101,3.0,1.0
background/background_20260706_192956_687292_0033_04.npy,background,background/background_20260706_192956_687292_0033.wav,4,64x101,4.0,1.0
background/background_20260706_193001_690070_0034_00.npy,background,background/background_20260706_193001_690070_0034.wav,0,64x101,0.0,1.0
background/background_20260706_193001_690070_0034_01.npy,background,background/background_20260706_193001_690070_0034.wav,1,64x101,1.0,1.0
background/background_20260706_193001_690070_0034_02.npy,background,background/background_20260706_193001_690070_0034.wav,2,64x101,2.0,1.0
background/background_20260706_193001_690070_0034_03.npy,background,background/background_20260706_193001_690070_0034.wav,3,64x101,3.0,1.0
background/background_20260706_193001_690070_0034_04.npy,background,background/background_20260706_193001_690070_0034.wav,4,64x101,4.0,1.0
background/background_20260706_193006_693160_0035_00.npy,background,background/background_20260706_193006_693160_0035.wav,0,64x101,0.0,1.0
background/background_20260706_193006_693160_0035_01.npy,background,background/background_20260706_193006_693160_0035.wav,1,64x101,1.0,1.0
background/background_20260706_193006_693160_0035_02.npy,background,background/background_20260706_193006_693160_0035.wav,2,64x101,2.0,1.0
background/background_20260706_193006_693160_0035_03.npy,background,background/background_20260706_193006_693160_0035.wav,3,64x101,3.0,1.0
background/background_20260706_193006_693160_0035_04.npy,background,background/background_20260706_193006_693160_0035.wav,4,64x101,4.0,1.0
background/background_20260706_193011_695921_0036_00.npy,background,background/background_20260706_193011_695921_0036.wav,0,64x101,0.0,1.0
background/background_20260706_193011_695921_0036_01.npy,background,background/background_20260706_193011_695921_0036.wav,1,64x101,1.0,1.0
background/background_20260706_193011_695921_0036_02.npy,background,background/background_20260706_193011_695921_0036.wav,2,64x101,2.0,1.0
background/background_20260706_193011_695921_0036_03.npy,background,background/background_20260706_193011_695921_0036.wav,3,64x101,3.0,1.0
background/background_20260706_193011_695921_0036_04.npy,background,background/background_20260706_193011_695921_0036.wav,4,64x101,4.0,1.0
background/background_20260706_193016_698979_0037_00.npy,background,background/background_20260706_193016_698979_0037.wav,0,64x101,0.0,1.0
background/background_20260706_193016_698979_0037_01.npy,background,background/background_20260706_193016_698979_0037.wav,1,64x101,1.0,1.0
background/background_20260706_193016_698979_0037_02.npy,background,background/background_20260706_193016_698979_0037.wav,2,64x101,2.0,1.0
background/background_20260706_193016_698979_0037_03.npy,background,background/background_20260706_193016_698979_0037.wav,3,64x101,3.0,1.0
background/background_20260706_193016_698979_0037_04.npy,background,background/background_20260706_193016_698979_0037.wav,4,64x101,4.0,1.0
background/background_20260706_193021_701875_0038_00.npy,background,background/background_20260706_193021_701875_0038.wav,0,64x101,0.0,1.0
background/background_20260706_193021_701875_0038_01.npy,background,background/background_20260706_193021_701875_0038.wav,1,64x101,1.0,1.0
background/background_20260706_193021_701875_0038_02.npy,background,background/background_20260706_193021_701875_0038.wav,2,64x101,2.0,1.0
background/background_20260706_193021_701875_0038_03.npy,background,background/background_20260706_193021_701875_0038.wav,3,64x101,3.0,1.0
background/background_20260706_193021_701875_0038_04.npy,background,background/background_20260706_193021_701875_0038.wav,4,64x101,4.0,1.0
background/background_20260706_193026_704831_0039_00.npy,background,background/background_20260706_193026_704831_0039.wav,0,64x101,0.0,1.0
background/background_20260706_193026_704831_0039_01.npy,background,background/background_20260706_193026_704831_0039.wav,1,64x101,1.0,1.0
background/background_20260706_193026_704831_0039_02.npy,background,background/background_20260706_193026_704831_0039.wav,2,64x101,2.0,1.0
background/background_20260706_193026_704831_0039_03.npy,background,background/background_20260706_193026_704831_0039.wav,3,64x101,3.0,1.0
background/background_20260706_193026_704831_0039_04.npy,background,background/background_20260706_193026_704831_0039.wav,4,64x101,4.0,1.0
background/background_20260706_193031_707774_0040_00.npy,background,background/background_20260706_193031_707774_0040.wav,0,64x101,0.0,1.0
background/background_20260706_193031_707774_0040_01.npy,background,background/background_20260706_193031_707774_0040.wav,1,64x101,1.0,1.0
background/background_20260706_193031_707774_0040_02.npy,background,background/background_20260706_193031_707774_0040.wav,2,64x101,2.0,1.0
background/background_20260706_193031_707774_0040_03.npy,background,background/background_20260706_193031_707774_0040.wav,3,64x101,3.0,1.0
background/background_20260706_193031_707774_0040_04.npy,background,background/background_20260706_193031_707774_0040.wav,4,64x101,4.0,1.0
background/background_20260706_193036_710494_0041_00.npy,background,background/background_20260706_193036_710494_0041.wav,0,64x101,0.0,1.0
background/background_20260706_193036_710494_0041_01.npy,background,background/background_20260706_193036_710494_0041.wav,1,64x101,1.0,1.0
background/background_20260706_193036_710494_0041_02.npy,background,background/background_20260706_193036_710494_0041.wav,2,64x101,2.0,1.0
background/background_20260706_193036_710494_0041_03.npy,background,background/background_20260706_193036_710494_0041.wav,3,64x101,3.0,1.0
background/background_20260706_193036_710494_0041_04.npy,background,background/background_20260706_193036_710494_0041.wav,4,64x101,4.0,1.0
background/background_20260706_193041_713592_0042_00.npy,background,background/background_20260706_193041_713592_0042.wav,0,64x101,0.0,1.0
background/background_20260706_193041_713592_0042_01.npy,background,background/background_20260706_193041_713592_0042.wav,1,64x101,1.0,1.0
background/background_20260706_193041_713592_0042_02.npy,background,background/background_20260706_193041_713592_0042.wav,2,64x101,2.0,1.0
background/background_20260706_193041_713592_0042_03.npy,background,background/background_20260706_193041_713592_0042.wav,3,64x101,3.0,1.0
background/background_20260706_193041_713592_0042_04.npy,background,background/background_20260706_193041_713592_0042.wav,4,64x101,4.0,1.0
background/background_20260706_193046_716361_0043_00.npy,background,background/background_20260706_193046_716361_0043.wav,0,64x101,0.0,1.0
background/background_20260706_193046_716361_0043_01.npy,background,background/background_20260706_193046_716361_0043.wav,1,64x101,1.0,1.0
background/background_20260706_193046_716361_0043_02.npy,background,background/background_20260706_193046_716361_0043.wav,2,64x101,2.0,1.0
background/background_20260706_193046_716361_0043_03.npy,background,background/background_20260706_193046_716361_0043.wav,3,64x101,3.0,1.0
background/background_20260706_193046_716361_0043_04.npy,background,background/background_20260706_193046_716361_0043.wav,4,64x101,4.0,1.0
background/background_20260706_193051_719286_0044_00.npy,background,background/background_20260706_193051_719286_0044.wav,0,64x101,0.0,1.0
background/background_20260706_193051_719286_0044_01.npy,background,background/background_20260706_193051_719286_0044.wav,1,64x101,1.0,1.0
background/background_20260706_193051_719286_0044_02.npy,background,background/background_20260706_193051_719286_0044.wav,2,64x101,2.0,1.0
background/background_20260706_193051_719286_0044_03.npy,background,background/background_20260706_193051_719286_0044.wav,3,64x101,3.0,1.0
background/background_20260706_193051_719286_0044_04.npy,background,background/background_20260706_193051_719286_0044.wav,4,64x101,4.0,1.0
background/background_20260706_193056_722193_0045_00.npy,background,background/background_20260706_193056_722193_0045.wav,0,64x101,0.0,1.0
background/background_20260706_193056_722193_0045_01.npy,background,background/background_20260706_193056_722193_0045.wav,1,64x101,1.0,1.0
background/background_20260706_193056_722193_0045_02.npy,background,background/background_20260706_193056_722193_0045.wav,2,64x101,2.0,1.0
background/background_20260706_193056_722193_0045_03.npy,background,background/background_20260706_193056_722193_0045.wav,3,64x101,3.0,1.0
background/background_20260706_193056_722193_0045_04.npy,background,background/background_20260706_193056_722193_0045.wav,4,64x101,4.0,1.0
background/background_20260706_193101_725288_0046_00.npy,background,background/background_20260706_193101_725288_0046.wav,0,64x101,0.0,1.0
background/background_20260706_193101_725288_0046_01.npy,background,background/background_20260706_193101_725288_0046.wav,1,64x101,1.0,1.0
background/background_20260706_193101_725288_0046_02.npy,background,background/background_20260706_193101_725288_0046.wav,2,64x101,2.0,1.0
background/background_20260706_193101_725288_0046_03.npy,background,background/background_20260706_193101_725288_0046.wav,3,64x101,3.0,1.0
background/background_20260706_193101_725288_0046_04.npy,background,background/background_20260706_193101_725288_0046.wav,4,64x101,4.0,1.0
background/background_20260706_193106_728036_0047_00.npy,background,background/background_20260706_193106_728036_0047.wav,0,64x101,0.0,1.0
background/background_20260706_193106_728036_0047_01.npy,background,background/background_20260706_193106_728036_0047.wav,1,64x101,1.0,1.0
background/background_20260706_193106_728036_0047_02.npy,background,background/background_20260706_193106_728036_0047.wav,2,64x101,2.0,1.0
background/background_20260706_193106_728036_0047_03.npy,background,background/background_20260706_193106_728036_0047.wav,3,64x101,3.0,1.0
background/background_20260706_193106_728036_0047_04.npy,background,background/background_20260706_193106_728036_0047.wav,4,64x101,4.0,1.0
background/background_20260706_193111_730965_0048_00.npy,background,background/background_20260706_193111_730965_0048.wav,0,64x101,0.0,1.0
background/background_20260706_193111_730965_0048_01.npy,background,background/background_20260706_193111_730965_0048.wav,1,64x101,1.0,1.0
background/background_20260706_193111_730965_0048_02.npy,background,background/background_20260706_193111_730965_0048.wav,2,64x101,2.0,1.0
background/background_20260706_193111_730965_0048_03.npy,background,background/background_20260706_193111_730965_0048.wav,3,64x101,3.0,1.0
background/background_20260706_193111_730965_0048_04.npy,background,background/background_20260706_193111_730965_0048.wav,4,64x101,4.0,1.0
background/background_20260706_193116_734049_0049_00.npy,background,background/background_20260706_193116_734049_0049.wav,0,64x101,0.0,1.0
background/background_20260706_193116_734049_0049_01.npy,background,background/background_20260706_193116_734049_0049.wav,1,64x101,1.0,1.0
background/background_20260706_193116_734049_0049_02.npy,background,background/background_20260706_193116_734049_0049.wav,2,64x101,2.0,1.0
background/background_20260706_193116_734049_0049_03.npy,background,background/background_20260706_193116_734049_0049.wav,3,64x101,3.0,1.0
background/background_20260706_193116_734049_0049_04.npy,background,background/background_20260706_193116_734049_0049.wav,4,64x101,4.0,1.0
background/background_20260706_193121_736934_0050_00.npy,background,background/background_20260706_193121_736934_0050.wav,0,64x101,0.0,1.0
background/background_20260706_193121_736934_0050_01.npy,background,background/background_20260706_193121_736934_0050.wav,1,64x101,1.0,1.0
background/background_20260706_193121_736934_0050_02.npy,background,background/background_20260706_193121_736934_0050.wav,2,64x101,2.0,1.0
background/background_20260706_193121_736934_0050_03.npy,background,background/background_20260706_193121_736934_0050.wav,3,64x101,3.0,1.0
background/background_20260706_193121_736934_0050_04.npy,background,background/background_20260706_193121_736934_0050.wav,4,64x101,4.0,1.0
background/background_20260706_193126_739887_0051_00.npy,background,background/background_20260706_193126_739887_0051.wav,0,64x101,0.0,1.0
background/background_20260706_193126_739887_0051_01.npy,background,background/background_20260706_193126_739887_0051.wav,1,64x101,1.0,1.0
background/background_20260706_193126_739887_0051_02.npy,background,background/background_20260706_193126_739887_0051.wav,2,64x101,2.0,1.0
background/background_20260706_193126_739887_0051_03.npy,background,background/background_20260706_193126_739887_0051.wav,3,64x101,3.0,1.0
background/background_20260706_193126_739887_0051_04.npy,background,background/background_20260706_193126_739887_0051.wav,4,64x101,4.0,1.0
background/background_20260706_193131_742632_0052_00.npy,background,background/background_20260706_193131_742632_0052.wav,0,64x101,0.0,1.0
background/background_20260706_193131_742632_0052_01.npy,background,background/background_20260706_193131_742632_0052.wav,1,64x101,1.0,1.0
background/background_20260706_193131_742632_0052_02.npy,background,background/background_20260706_193131_742632_0052.wav,2,64x101,2.0,1.0
background/background_20260706_193131_742632_0052_03.npy,background,background/background_20260706_193131_742632_0052.wav,3,64x101,3.0,1.0
background/background_20260706_193131_742632_0052_04.npy,background,background/background_20260706_193131_742632_0052.wav,4,64x101,4.0,1.0
background/background_20260706_193136_745569_0053_00.npy,background,background/background_20260706_193136_745569_0053.wav,0,64x101,0.0,1.0
background/background_20260706_193136_745569_0053_01.npy,background,background/background_20260706_193136_745569_0053.wav,1,64x101,1.0,1.0
background/background_20260706_193136_745569_0053_02.npy,background,background/background_20260706_193136_745569_0053.wav,2,64x101,2.0,1.0
background/background_20260706_193136_745569_0053_03.npy,background,background/background_20260706_193136_745569_0053.wav,3,64x101,3.0,1.0
background/background_20260706_193136_745569_0053_04.npy,background,background/background_20260706_193136_745569_0053.wav,4,64x101,4.0,1.0
background/background_20260706_193141_748654_0054_00.npy,background,background/background_20260706_193141_748654_0054.wav,0,64x101,0.0,1.0
background/background_20260706_193141_748654_0054_01.npy,background,background/background_20260706_193141_748654_0054.wav,1,64x101,1.0,1.0
background/background_20260706_193141_748654_0054_02.npy,background,background/background_20260706_193141_748654_0054.wav,2,64x101,2.0,1.0
background/background_20260706_193141_748654_0054_03.npy,background,background/background_20260706_193141_748654_0054.wav,3,64x101,3.0,1.0
background/background_20260706_193141_748654_0054_04.npy,background,background/background_20260706_193141_748654_0054.wav,4,64x101,4.0,1.0
background/background_20260706_193146_751397_0055_00.npy,background,background/background_20260706_193146_751397_0055.wav,0,64x101,0.0,1.0
background/background_20260706_193146_751397_0055_01.npy,background,background/background_20260706_193146_751397_0055.wav,1,64x101,1.0,1.0
background/background_20260706_193146_751397_0055_02.npy,background,background/background_20260706_193146_751397_0055.wav,2,64x101,2.0,1.0
background/background_20260706_193146_751397_0055_03.npy,background,background/background_20260706_193146_751397_0055.wav,3,64x101,3.0,1.0
background/background_20260706_193146_751397_0055_04.npy,background,background/background_20260706_193146_751397_0055.wav,4,64x101,4.0,1.0
background/background_20260706_193930_975772_0000_00.npy,background,background/background_20260706_193930_975772_0000.wav,0,64x101,0.0,1.0
background/background_20260706_193930_975772_0000_01.npy,background,background/background_20260706_193930_975772_0000.wav,1,64x101,1.0,1.0
background/background_20260706_193930_975772_0000_02.npy,background,background/background_20260706_193930_975772_0000.wav,2,64x101,2.0,1.0
background/background_20260706_193930_975772_0000_03.npy,background,background/background_20260706_193930_975772_0000.wav,3,64x101,3.0,1.0
background/background_20260706_193930_975772_0000_04.npy,background,background/background_20260706_193930_975772_0000.wav,4,64x101,4.0,1.0
background/background_20260706_193935_978662_0001_00.npy,background,background/background_20260706_193935_978662_0001.wav,0,64x101,0.0,1.0
background/background_20260706_193935_978662_0001_01.npy,background,background/background_20260706_193935_978662_0001.wav,1,64x101,1.0,1.0
background/background_20260706_193935_978662_0001_02.npy,background,background/background_20260706_193935_978662_0001.wav,2,64x101,2.0,1.0
background/background_20260706_193935_978662_0001_03.npy,background,background/background_20260706_193935_978662_0001.wav,3,64x101,3.0,1.0
background/background_20260706_193935_978662_0001_04.npy,background,background/background_20260706_193935_978662_0001.wav,4,64x101,4.0,1.0
background/background_20260706_193940_981732_0002_00.npy,background,background/background_20260706_193940_981732_0002.wav,0,64x101,0.0,1.0
background/background_20260706_193940_981732_0002_01.npy,background,background/background_20260706_193940_981732_0002.wav,1,64x101,1.0,1.0
background/background_20260706_193940_981732_0002_02.npy,background,background/background_20260706_193940_981732_0002.wav,2,64x101,2.0,1.0
background/background_20260706_193940_981732_0002_03.npy,background,background/background_20260706_193940_981732_0002.wav,3,64x101,3.0,1.0
background/background_20260706_193940_981732_0002_04.npy,background,background/background_20260706_193940_981732_0002.wav,4,64x101,4.0,1.0
background/background_20260706_193945_984815_0003_00.npy,background,background/background_20260706_193945_984815_0003.wav,0,64x101,0.0,1.0
background/background_20260706_193945_984815_0003_01.npy,background,background/background_20260706_193945_984815_0003.wav,1,64x101,1.0,1.0
background/background_20260706_193945_984815_0003_02.npy,background,background/background_20260706_193945_984815_0003.wav,2,64x101,2.0,1.0
background/background_20260706_193945_984815_0003_03.npy,background,background/background_20260706_193945_984815_0003.wav,3,64x101,3.0,1.0
background/background_20260706_193945_984815_0003_04.npy,background,background/background_20260706_193945_984815_0003.wav,4,64x101,4.0,1.0
background/background_20260706_193950_987800_0004_00.npy,background,background/background_20260706_193950_987800_0004.wav,0,64x101,0.0,1.0
background/background_20260706_193950_987800_0004_01.npy,background,background/background_20260706_193950_987800_0004.wav,1,64x101,1.0,1.0
background/background_20260706_193950_987800_0004_02.npy,background,background/background_20260706_193950_987800_0004.wav,2,64x101,2.0,1.0
background/background_20260706_193950_987800_0004_03.npy,background,background/background_20260706_193950_987800_0004.wav,3,64x101,3.0,1.0
background/background_20260706_193950_987800_0004_04.npy,background,background/background_20260706_193950_987800_0004.wav,4,64x101,4.0,1.0
background/background_20260706_193955_990859_0005_00.npy,background,background/background_20260706_193955_990859_0005.wav,0,64x101,0.0,1.0
background/background_20260706_193955_990859_0005_01.npy,background,background/background_20260706_193955_990859_0005.wav,1,64x101,1.0,1.0
background/background_20260706_193955_990859_0005_02.npy,background,background/background_20260706_193955_990859_0005.wav,2,64x101,2.0,1.0
background/background_20260706_193955_990859_0005_03.npy,background,background/background_20260706_193955_990859_0005.wav,3,64x101,3.0,1.0
background/background_20260706_193955_990859_0005_04.npy,background,background/background_20260706_193955_990859_0005.wav,4,64x101,4.0,1.0
background/background_20260706_194000_993933_0006_00.npy,background,background/background_20260706_194000_993933_0006.wav,0,64x101,0.0,1.0
background/background_20260706_194000_993933_0006_01.npy,background,background/background_20260706_194000_993933_0006.wav,1,64x101,1.0,1.0
background/background_20260706_194000_993933_0006_02.npy,background,background/background_20260706_194000_993933_0006.wav,2,64x101,2.0,1.0
background/background_20260706_194000_993933_0006_03.npy,background,background/background_20260706_194000_993933_0006.wav,3,64x101,3.0,1.0
background/background_20260706_194000_993933_0006_04.npy,background,background/background_20260706_194000_993933_0006.wav,4,64x101,4.0,1.0
background/background_20260706_194005_997119_0007_00.npy,background,background/background_20260706_194005_997119_0007.wav,0,64x101,0.0,1.0
background/background_20260706_194005_997119_0007_01.npy,background,background/background_20260706_194005_997119_0007.wav,1,64x101,1.0,1.0
background/background_20260706_194005_997119_0007_02.npy,background,background/background_20260706_194005_997119_0007.wav,2,64x101,2.0,1.0
background/background_20260706_194005_997119_0007_03.npy,background,background/background_20260706_194005_997119_0007.wav,3,64x101,3.0,1.0
background/background_20260706_194005_997119_0007_04.npy,background,background/background_20260706_194005_997119_0007.wav,4,64x101,4.0,1.0
background/background_20260706_194011_000035_0008_00.npy,background,background/background_20260706_194011_000035_0008.wav,0,64x101,0.0,1.0
background/background_20260706_194011_000035_0008_01.npy,background,background/background_20260706_194011_000035_0008.wav,1,64x101,1.0,1.0
background/background_20260706_194011_000035_0008_02.npy,background,background/background_20260706_194011_000035_0008.wav,2,64x101,2.0,1.0
background/background_20260706_194011_000035_0008_03.npy,background,background/background_20260706_194011_000035_0008.wav,3,64x101,3.0,1.0
background/background_20260706_194011_000035_0008_04.npy,background,background/background_20260706_194011_000035_0008.wav,4,64x101,4.0,1.0
background/background_20260706_194016_003000_0009_00.npy,background,background/background_20260706_194016_003000_0009.wav,0,64x101,0.0,1.0
background/background_20260706_194016_003000_0009_01.npy,background,background/background_20260706_194016_003000_0009.wav,1,64x101,1.0,1.0
background/background_20260706_194016_003000_0009_02.npy,background,background/background_20260706_194016_003000_0009.wav,2,64x101,2.0,1.0
background/background_20260706_194016_003000_0009_03.npy,background,background/background_20260706_194016_003000_0009.wav,3,64x101,3.0,1.0
background/background_20260706_194016_003000_0009_04.npy,background,background/background_20260706_194016_003000_0009.wav,4,64x101,4.0,1.0
background/background_20260706_194021_006215_0010_00.npy,background,background/background_20260706_194021_006215_0010.wav,0,64x101,0.0,1.0
background/background_20260706_194021_006215_0010_01.npy,background,background/background_20260706_194021_006215_0010.wav,1,64x101,1.0,1.0
background/background_20260706_194021_006215_0010_02.npy,background,background/background_20260706_194021_006215_0010.wav,2,64x101,2.0,1.0
background/background_20260706_194021_006215_0010_03.npy,background,background/background_20260706_194021_006215_0010.wav,3,64x101,3.0,1.0
background/background_20260706_194021_006215_0010_04.npy,background,background/background_20260706_194021_006215_0010.wav,4,64x101,4.0,1.0
background/background_20260706_194026_009058_0011_00.npy,background,background/background_20260706_194026_009058_0011.wav,0,64x101,0.0,1.0
background/background_20260706_194026_009058_0011_01.npy,background,background/background_20260706_194026_009058_0011.wav,1,64x101,1.0,1.0
background/background_20260706_194026_009058_0011_02.npy,background,background/background_20260706_194026_009058_0011.wav,2,64x101,2.0,1.0
background/background_20260706_194026_009058_0011_03.npy,background,background/background_20260706_194026_009058_0011.wav,3,64x101,3.0,1.0
background/background_20260706_194026_009058_0011_04.npy,background,background/background_20260706_194026_009058_0011.wav,4,64x101,4.0,1.0
background/background_20260706_194031_012117_0012_00.npy,background,background/background_20260706_194031_012117_0012.wav,0,64x101,0.0,1.0
background/background_20260706_194031_012117_0012_01.npy,background,background/background_20260706_194031_012117_0012.wav,1,64x101,1.0,1.0
background/background_20260706_194031_012117_0012_02.npy,background,background/background_20260706_194031_012117_0012.wav,2,64x101,2.0,1.0
background/background_20260706_194031_012117_0012_03.npy,background,background/background_20260706_194031_012117_0012.wav,3,64x101,3.0,1.0
background/background_20260706_194031_012117_0012_04.npy,background,background/background_20260706_194031_012117_0012.wav,4,64x101,4.0,1.0
background/background_20260706_194036_015135_0013_00.npy,background,background/background_20260706_194036_015135_0013.wav,0,64x101,0.0,1.0
background/background_20260706_194036_015135_0013_01.npy,background,background/background_20260706_194036_015135_0013.wav,1,64x101,1.0,1.0
background/background_20260706_194036_015135_0013_02.npy,background,background/background_20260706_194036_015135_0013.wav,2,64x101,2.0,1.0
background/background_20260706_194036_015135_0013_03.npy,background,background/background_20260706_194036_015135_0013.wav,3,64x101,3.0,1.0
background/background_20260706_194036_015135_0013_04.npy,background,background/background_20260706_194036_015135_0013.wav,4,64x101,4.0,1.0
background/background_20260706_194041_018375_0014_00.npy,background,background/background_20260706_194041_018375_0014.wav,0,64x101,0.0,1.0
background/background_20260706_194041_018375_0014_01.npy,background,background/background_20260706_194041_018375_0014.wav,1,64x101,1.0,1.0
background/background_20260706_194041_018375_0014_02.npy,background,background/background_20260706_194041_018375_0014.wav,2,64x101,2.0,1.0
background/background_20260706_194041_018375_0014_03.npy,background,background/background_20260706_194041_018375_0014.wav,3,64x101,3.0,1.0
background/background_20260706_194041_018375_0014_04.npy,background,background/background_20260706_194041_018375_0014.wav,4,64x101,4.0,1.0
background/background_20260706_194046_021299_0015_00.npy,background,background/background_20260706_194046_021299_0015.wav,0,64x101,0.0,1.0
background/background_20260706_194046_021299_0015_01.npy,background,background/background_20260706_194046_021299_0015.wav,1,64x101,1.0,1.0
background/background_20260706_194046_021299_0015_02.npy,background,background/background_20260706_194046_021299_0015.wav,2,64x101,2.0,1.0
background/background_20260706_194046_021299_0015_03.npy,background,background/background_20260706_194046_021299_0015.wav,3,64x101,3.0,1.0
background/background_20260706_194046_021299_0015_04.npy,background,background/background_20260706_194046_021299_0015.wav,4,64x101,4.0,1.0
background/background_20260706_194051_024531_0016_00.npy,background,background/background_20260706_194051_024531_0016.wav,0,64x101,0.0,1.0
background/background_20260706_194051_024531_0016_01.npy,background,background/background_20260706_194051_024531_0016.wav,1,64x101,1.0,1.0
background/background_20260706_194051_024531_0016_02.npy,background,background/background_20260706_194051_024531_0016.wav,2,64x101,2.0,1.0
background/background_20260706_194051_024531_0016_03.npy,background,background/background_20260706_194051_024531_0016.wav,3,64x101,3.0,1.0
background/background_20260706_194051_024531_0016_04.npy,background,background/background_20260706_194051_024531_0016.wav,4,64x101,4.0,1.0
background/background_20260706_194056_027392_0017_00.npy,background,background/background_20260706_194056_027392_0017.wav,0,64x101,0.0,1.0
background/background_20260706_194056_027392_0017_01.npy,background,background/background_20260706_194056_027392_0017.wav,1,64x101,1.0,1.0
background/background_20260706_194056_027392_0017_02.npy,background,background/background_20260706_194056_027392_0017.wav,2,64x101,2.0,1.0
background/background_20260706_194056_027392_0017_03.npy,background,background/background_20260706_194056_027392_0017.wav,3,64x101,3.0,1.0
background/background_20260706_194056_027392_0017_04.npy,background,background/background_20260706_194056_027392_0017.wav,4,64x101,4.0,1.0
background/background_20260706_194101_030527_0018_00.npy,background,background/background_20260706_194101_030527_0018.wav,0,64x101,0.0,1.0
background/background_20260706_194101_030527_0018_01.npy,background,background/background_20260706_194101_030527_0018.wav,1,64x101,1.0,1.0
background/background_20260706_194101_030527_0018_02.npy,background,background/background_20260706_194101_030527_0018.wav,2,64x101,2.0,1.0
background/background_20260706_194101_030527_0018_03.npy,background,background/background_20260706_194101_030527_0018.wav,3,64x101,3.0,1.0
background/background_20260706_194101_030527_0018_04.npy,background,background/background_20260706_194101_030527_0018.wav,4,64x101,4.0,1.0
background/background_20260706_194106_033313_0019_00.npy,background,background/background_20260706_194106_033313_0019.wav,0,64x101,0.0,1.0
background/background_20260706_194106_033313_0019_01.npy,background,background/background_20260706_194106_033313_0019.wav,1,64x101,1.0,1.0
background/background_20260706_194106_033313_0019_02.npy,background,background/background_20260706_194106_033313_0019.wav,2,64x101,2.0,1.0
background/background_20260706_194106_033313_0019_03.npy,background,background/background_20260706_194106_033313_0019.wav,3,64x101,3.0,1.0
background/background_20260706_194106_033313_0019_04.npy,background,background/background_20260706_194106_033313_0019.wav,4,64x101,4.0,1.0
background/background_20260706_194111_036734_0020_00.npy,background,background/background_20260706_194111_036734_0020.wav,0,64x101,0.0,1.0
background/background_20260706_194111_036734_0020_01.npy,background,background/background_20260706_194111_036734_0020.wav,1,64x101,1.0,1.0
background/background_20260706_194111_036734_0020_02.npy,background,background/background_20260706_194111_036734_0020.wav,2,64x101,2.0,1.0
background/background_20260706_194111_036734_0020_03.npy,background,background/background_20260706_194111_036734_0020.wav,3,64x101,3.0,1.0
background/background_20260706_194111_036734_0020_04.npy,background,background/background_20260706_194111_036734_0020.wav,4,64x101,4.0,1.0
background/background_20260706_194116_039357_0021_00.npy,background,background/background_20260706_194116_039357_0021.wav,0,64x101,0.0,1.0
background/background_20260706_194116_039357_0021_01.npy,background,background/background_20260706_194116_039357_0021.wav,1,64x101,1.0,1.0
background/background_20260706_194116_039357_0021_02.npy,background,background/background_20260706_194116_039357_0021.wav,2,64x101,2.0,1.0
background/background_20260706_194116_039357_0021_03.npy,background,background/background_20260706_194116_039357_0021.wav,3,64x101,3.0,1.0
background/background_20260706_194116_039357_0021_04.npy,background,background/background_20260706_194116_039357_0021.wav,4,64x101,4.0,1.0
background/background_20260706_194121_042483_0022_00.npy,background,background/background_20260706_194121_042483_0022.wav,0,64x101,0.0,1.0
background/background_20260706_194121_042483_0022_01.npy,background,background/background_20260706_194121_042483_0022.wav,1,64x101,1.0,1.0
background/background_20260706_194121_042483_0022_02.npy,background,background/background_20260706_194121_042483_0022.wav,2,64x101,2.0,1.0
background/background_20260706_194121_042483_0022_03.npy,background,background/background_20260706_194121_042483_0022.wav,3,64x101,3.0,1.0
background/background_20260706_194121_042483_0022_04.npy,background,background/background_20260706_194121_042483_0022.wav,4,64x101,4.0,1.0
background/background_20260706_194126_045465_0023_00.npy,background,background/background_20260706_194126_045465_0023.wav,0,64x101,0.0,1.0
background/background_20260706_194126_045465_0023_01.npy,background,background/background_20260706_194126_045465_0023.wav,1,64x101,1.0,1.0
background/background_20260706_194126_045465_0023_02.npy,background,background/background_20260706_194126_045465_0023.wav,2,64x101,2.0,1.0
background/background_20260706_194126_045465_0023_03.npy,background,background/background_20260706_194126_045465_0023.wav,3,64x101,3.0,1.0
background/background_20260706_194126_045465_0023_04.npy,background,background/background_20260706_194126_045465_0023.wav,4,64x101,4.0,1.0
background/background_20260706_194131_048777_0024_00.npy,background,background/background_20260706_194131_048777_0024.wav,0,64x101,0.0,1.0
background/background_20260706_194131_048777_0024_01.npy,background,background/background_20260706_194131_048777_0024.wav,1,64x101,1.0,1.0
background/background_20260706_194131_048777_0024_02.npy,background,background/background_20260706_194131_048777_0024.wav,2,64x101,2.0,1.0
background/background_20260706_194131_048777_0024_03.npy,background,background/background_20260706_194131_048777_0024.wav,3,64x101,3.0,1.0
background/background_20260706_194131_048777_0024_04.npy,background,background/background_20260706_194131_048777_0024.wav,4,64x101,4.0,1.0
background/background_20260706_194136_051527_0025_00.npy,background,background/background_20260706_194136_051527_0025.wav,0,64x101,0.0,1.0
background/background_20260706_194136_051527_0025_01.npy,background,background/background_20260706_194136_051527_0025.wav,1,64x101,1.0,1.0
background/background_20260706_194136_051527_0025_02.npy,background,background/background_20260706_194136_051527_0025.wav,2,64x101,2.0,1.0
background/background_20260706_194136_051527_0025_03.npy,background,background/background_20260706_194136_051527_0025.wav,3,64x101,3.0,1.0
background/background_20260706_194136_051527_0025_04.npy,background,background/background_20260706_194136_051527_0025.wav,4,64x101,4.0,1.0
background/background_20260706_194141_054419_0026_00.npy,background,background/background_20260706_194141_054419_0026.wav,0,64x101,0.0,1.0
background/background_20260706_194141_054419_0026_01.npy,background,background/background_20260706_194141_054419_0026.wav,1,64x101,1.0,1.0
background/background_20260706_194141_054419_0026_02.npy,background,background/background_20260706_194141_054419_0026.wav,2,64x101,2.0,1.0
background/background_20260706_194141_054419_0026_03.npy,background,background/background_20260706_194141_054419_0026.wav,3,64x101,3.0,1.0
background/background_20260706_194141_054419_0026_04.npy,background,background/background_20260706_194141_054419_0026.wav,4,64x101,4.0,1.0
background/background_20260706_194146_057424_0027_00.npy,background,background/background_20260706_194146_057424_0027.wav,0,64x101,0.0,1.0
background/background_20260706_194146_057424_0027_01.npy,background,background/background_20260706_194146_057424_0027.wav,1,64x101,1.0,1.0
background/background_20260706_194146_057424_0027_02.npy,background,background/background_20260706_194146_057424_0027.wav,2,64x101,2.0,1.0
background/background_20260706_194146_057424_0027_03.npy,background,background/background_20260706_194146_057424_0027.wav,3,64x101,3.0,1.0
background/background_20260706_194146_057424_0027_04.npy,background,background/background_20260706_194146_057424_0027.wav,4,64x101,4.0,1.0
background/background_20260706_194151_060609_0028_00.npy,background,background/background_20260706_194151_060609_0028.wav,0,64x101,0.0,1.0
background/background_20260706_194151_060609_0028_01.npy,background,background/background_20260706_194151_060609_0028.wav,1,64x101,1.0,1.0
background/background_20260706_194151_060609_0028_02.npy,background,background/background_20260706_194151_060609_0028.wav,2,64x101,2.0,1.0
background/background_20260706_194151_060609_0028_03.npy,background,background/background_20260706_194151_060609_0028.wav,3,64x101,3.0,1.0
background/background_20260706_194151_060609_0028_04.npy,background,background/background_20260706_194151_060609_0028.wav,4,64x101,4.0,1.0
background/background_20260706_194156_063464_0029_00.npy,background,background/background_20260706_194156_063464_0029.wav,0,64x101,0.0,1.0
background/background_20260706_194156_063464_0029_01.npy,background,background/background_20260706_194156_063464_0029.wav,1,64x101,1.0,1.0
background/background_20260706_194156_063464_0029_02.npy,background,background/background_20260706_194156_063464_0029.wav,2,64x101,2.0,1.0
background/background_20260706_194156_063464_0029_03.npy,background,background/background_20260706_194156_063464_0029.wav,3,64x101,3.0,1.0
background/background_20260706_194156_063464_0029_04.npy,background,background/background_20260706_194156_063464_0029.wav,4,64x101,4.0,1.0
background/background_20260706_194201_066516_0030_00.npy,background,background/background_20260706_194201_066516_0030.wav,0,64x101,0.0,1.0
background/background_20260706_194201_066516_0030_01.npy,background,background/background_20260706_194201_066516_0030.wav,1,64x101,1.0,1.0
background/background_20260706_194201_066516_0030_02.npy,background,background/background_20260706_194201_066516_0030.wav,2,64x101,2.0,1.0
background/background_20260706_194201_066516_0030_03.npy,background,background/background_20260706_194201_066516_0030.wav,3,64x101,3.0,1.0
background/background_20260706_194201_066516_0030_04.npy,background,background/background_20260706_194201_066516_0030.wav,4,64x101,4.0,1.0
background/background_20260706_194206_069524_0031_00.npy,background,background/background_20260706_194206_069524_0031.wav,0,64x101,0.0,1.0
background/background_20260706_194206_069524_0031_01.npy,background,background/background_20260706_194206_069524_0031.wav,1,64x101,1.0,1.0
background/background_20260706_194206_069524_0031_02.npy,background,background/background_20260706_194206_069524_0031.wav,2,64x101,2.0,1.0
background/background_20260706_194206_069524_0031_03.npy,background,background/background_20260706_194206_069524_0031.wav,3,64x101,3.0,1.0
background/background_20260706_194206_069524_0031_04.npy,background,background/background_20260706_194206_069524_0031.wav,4,64x101,4.0,1.0
background/background_20260706_194211_072712_0032_00.npy,background,background/background_20260706_194211_072712_0032.wav,0,64x101,0.0,1.0
background/background_20260706_194211_072712_0032_01.npy,background,background/background_20260706_194211_072712_0032.wav,1,64x101,1.0,1.0
background/background_20260706_194211_072712_0032_02.npy,background,background/background_20260706_194211_072712_0032.wav,2,64x101,2.0,1.0
background/background_20260706_194211_072712_0032_03.npy,background,background/background_20260706_194211_072712_0032.wav,3,64x101,3.0,1.0
background/background_20260706_194211_072712_0032_04.npy,background,background/background_20260706_194211_072712_0032.wav,4,64x101,4.0,1.0
background/background_20260706_194216_075533_0033_00.npy,background,background/background_20260706_194216_075533_0033.wav,0,64x101,0.0,1.0
background/background_20260706_194216_075533_0033_01.npy,background,background/background_20260706_194216_075533_0033.wav,1,64x101,1.0,1.0
background/background_20260706_194216_075533_0033_02.npy,background,background/background_20260706_194216_075533_0033.wav,2,64x101,2.0,1.0
background/background_20260706_194216_075533_0033_03.npy,background,background/background_20260706_194216_075533_0033.wav,3,64x101,3.0,1.0
background/background_20260706_194216_075533_0033_04.npy,background,background/background_20260706_194216_075533_0033.wav,4,64x101,4.0,1.0
background/background_20260706_194221_078555_0034_00.npy,background,background/background_20260706_194221_078555_0034.wav,0,64x101,0.0,1.0
background/background_20260706_194221_078555_0034_01.npy,background,background/background_20260706_194221_078555_0034.wav,1,64x101,1.0,1.0
background/background_20260706_194221_078555_0034_02.npy,background,background/background_20260706_194221_078555_0034.wav,2,64x101,2.0,1.0
background/background_20260706_194221_078555_0034_03.npy,background,background/background_20260706_194221_078555_0034.wav,3,64x101,3.0,1.0
background/background_20260706_194221_078555_0034_04.npy,background,background/background_20260706_194221_078555_0034.wav,4,64x101,4.0,1.0
background/background_20260706_194226_081658_0035_00.npy,background,background/background_20260706_194226_081658_0035.wav,0,64x101,0.0,1.0
background/background_20260706_194226_081658_0035_01.npy,background,background/background_20260706_194226_081658_0035.wav,1,64x101,1.0,1.0
background/background_20260706_194226_081658_0035_02.npy,background,background/background_20260706_194226_081658_0035.wav,2,64x101,2.0,1.0
background/background_20260706_194226_081658_0035_03.npy,background,background/background_20260706_194226_081658_0035.wav,3,64x101,3.0,1.0
background/background_20260706_194226_081658_0035_04.npy,background,background/background_20260706_194226_081658_0035.wav,4,64x101,4.0,1.0
background/background_20260706_194231_084585_0036_00.npy,background,background/background_20260706_194231_084585_0036.wav,0,64x101,0.0,1.0
background/background_20260706_194231_084585_0036_01.npy,background,background/background_20260706_194231_084585_0036.wav,1,64x101,1.0,1.0
background/background_20260706_194231_084585_0036_02.npy,background,background/background_20260706_194231_084585_0036.wav,2,64x101,2.0,1.0
background/background_20260706_194231_084585_0036_03.npy,background,background/background_20260706_194231_084585_0036.wav,3,64x101,3.0,1.0
background/background_20260706_194231_084585_0036_04.npy,background,background/background_20260706_194231_084585_0036.wav,4,64x101,4.0,1.0
background/background_20260706_194236_087594_0037_00.npy,background,background/background_20260706_194236_087594_0037.wav,0,64x101,0.0,1.0
background/background_20260706_194236_087594_0037_01.npy,background,background/background_20260706_194236_087594_0037.wav,1,64x101,1.0,1.0
background/background_20260706_194236_087594_0037_02.npy,background,background/background_20260706_194236_087594_0037.wav,2,64x101,2.0,1.0
background/background_20260706_194236_087594_0037_03.npy,background,background/background_20260706_194236_087594_0037.wav,3,64x101,3.0,1.0
background/background_20260706_194236_087594_0037_04.npy,background,background/background_20260706_194236_087594_0037.wav,4,64x101,4.0,1.0
background/background_20260706_194241_090774_0038_00.npy,background,background/background_20260706_194241_090774_0038.wav,0,64x101,0.0,1.0
background/background_20260706_194241_090774_0038_01.npy,background,background/background_20260706_194241_090774_0038.wav,1,64x101,1.0,1.0
background/background_20260706_194241_090774_0038_02.npy,background,background/background_20260706_194241_090774_0038.wav,2,64x101,2.0,1.0
background/background_20260706_194241_090774_0038_03.npy,background,background/background_20260706_194241_090774_0038.wav,3,64x101,3.0,1.0
background/background_20260706_194241_090774_0038_04.npy,background,background/background_20260706_194241_090774_0038.wav,4,64x101,4.0,1.0
background/background_20260706_194246_093614_0039_00.npy,background,background/background_20260706_194246_093614_0039.wav,0,64x101,0.0,1.0
background/background_20260706_194246_093614_0039_01.npy,background,background/background_20260706_194246_093614_0039.wav,1,64x101,1.0,1.0
background/background_20260706_194246_093614_0039_02.npy,background,background/background_20260706_194246_093614_0039.wav,2,64x101,2.0,1.0
background/background_20260706_194246_093614_0039_03.npy,background,background/background_20260706_194246_093614_0039.wav,3,64x101,3.0,1.0
background/background_20260706_194246_093614_0039_04.npy,background,background/background_20260706_194246_093614_0039.wav,4,64x101,4.0,1.0
background/background_20260706_194251_096769_0040_00.npy,background,background/background_20260706_194251_096769_0040.wav,0,64x101,0.0,1.0
background/background_20260706_194251_096769_0040_01.npy,background,background/background_20260706_194251_096769_0040.wav,1,64x101,1.0,1.0
background/background_20260706_194251_096769_0040_02.npy,background,background/background_20260706_194251_096769_0040.wav,2,64x101,2.0,1.0
background/background_20260706_194251_096769_0040_03.npy,background,background/background_20260706_194251_096769_0040.wav,3,64x101,3.0,1.0
background/background_20260706_194251_096769_0040_04.npy,background,background/background_20260706_194251_096769_0040.wav,4,64x101,4.0,1.0
background/background_20260706_194256_099796_0041_00.npy,background,background/background_20260706_194256_099796_0041.wav,0,64x101,0.0,1.0
background/background_20260706_194256_099796_0041_01.npy,background,background/background_20260706_194256_099796_0041.wav,1,64x101,1.0,1.0
background/background_20260706_194256_099796_0041_02.npy,background,background/background_20260706_194256_099796_0041.wav,2,64x101,2.0,1.0
background/background_20260706_194256_099796_0041_03.npy,background,background/background_20260706_194256_099796_0041.wav,3,64x101,3.0,1.0
background/background_20260706_194256_099796_0041_04.npy,background,background/background_20260706_194256_099796_0041.wav,4,64x101,4.0,1.0
background/background_20260706_194301_102657_0042_00.npy,background,background/background_20260706_194301_102657_0042.wav,0,64x101,0.0,1.0
background/background_20260706_194301_102657_0042_01.npy,background,background/background_20260706_194301_102657_0042.wav,1,64x101,1.0,1.0
background/background_20260706_194301_102657_0042_02.npy,background,background/background_20260706_194301_102657_0042.wav,2,64x101,2.0,1.0
background/background_20260706_194301_102657_0042_03.npy,background,background/background_20260706_194301_102657_0042.wav,3,64x101,3.0,1.0
background/background_20260706_194301_102657_0042_04.npy,background,background/background_20260706_194301_102657_0042.wav,4,64x101,4.0,1.0
background/background_20260706_194306_105854_0043_00.npy,background,background/background_20260706_194306_105854_0043.wav,0,64x101,0.0,1.0
background/background_20260706_194306_105854_0043_01.npy,background,background/background_20260706_194306_105854_0043.wav,1,64x101,1.0,1.0
background/background_20260706_194306_105854_0043_02.npy,background,background/background_20260706_194306_105854_0043.wav,2,64x101,2.0,1.0
background/background_20260706_194306_105854_0043_03.npy,background,background/background_20260706_194306_105854_0043.wav,3,64x101,3.0,1.0
background/background_20260706_194306_105854_0043_04.npy,background,background/background_20260706_194306_105854_0043.wav,4,64x101,4.0,1.0
background/background_20260706_194311_108664_0044_00.npy,background,background/background_20260706_194311_108664_0044.wav,0,64x101,0.0,1.0
background/background_20260706_194311_108664_0044_01.npy,background,background/background_20260706_194311_108664_0044.wav,1,64x101,1.0,1.0
background/background_20260706_194311_108664_0044_02.npy,background,background/background_20260706_194311_108664_0044.wav,2,64x101,2.0,1.0
background/background_20260706_194311_108664_0044_03.npy,background,background/background_20260706_194311_108664_0044.wav,3,64x101,3.0,1.0
background/background_20260706_194311_108664_0044_04.npy,background,background/background_20260706_194311_108664_0044.wav,4,64x101,4.0,1.0
background/background_20260706_194316_111678_0045_00.npy,background,background/background_20260706_194316_111678_0045.wav,0,64x101,0.0,1.0
background/background_20260706_194316_111678_0045_01.npy,background,background/background_20260706_194316_111678_0045.wav,1,64x101,1.0,1.0
background/background_20260706_194316_111678_0045_02.npy,background,background/background_20260706_194316_111678_0045.wav,2,64x101,2.0,1.0
background/background_20260706_194316_111678_0045_03.npy,background,background/background_20260706_194316_111678_0045.wav,3,64x101,3.0,1.0
background/background_20260706_194316_111678_0045_04.npy,background,background/background_20260706_194316_111678_0045.wav,4,64x101,4.0,1.0
background/background_20260706_194321_114868_0046_00.npy,background,background/background_20260706_194321_114868_0046.wav,0,64x101,0.0,1.0
background/background_20260706_194321_114868_0046_01.npy,background,background/background_20260706_194321_114868_0046.wav,1,64x101,1.0,1.0
background/background_20260706_194321_114868_0046_02.npy,background,background/background_20260706_194321_114868_0046.wav,2,64x101,2.0,1.0
background/background_20260706_194321_114868_0046_03.npy,background,background/background_20260706_194321_114868_0046.wav,3,64x101,3.0,1.0
background/background_20260706_194321_114868_0046_04.npy,background,background/background_20260706_194321_114868_0046.wav,4,64x101,4.0,1.0
background/background_20260706_194326_117691_0047_00.npy,background,background/background_20260706_194326_117691_0047.wav,0,64x101,0.0,1.0
background/background_20260706_194326_117691_0047_01.npy,background,background/background_20260706_194326_117691_0047.wav,1,64x101,1.0,1.0
background/background_20260706_194326_117691_0047_02.npy,background,background/background_20260706_194326_117691_0047.wav,2,64x101,2.0,1.0
background/background_20260706_194326_117691_0047_03.npy,background,background/background_20260706_194326_117691_0047.wav,3,64x101,3.0,1.0
background/background_20260706_194326_117691_0047_04.npy,background,background/background_20260706_194326_117691_0047.wav,4,64x101,4.0,1.0
background/background_20260706_194331_120882_0048_00.npy,background,background/background_20260706_194331_120882_0048.wav,0,64x101,0.0,1.0
background/background_20260706_194331_120882_0048_01.npy,background,background/background_20260706_194331_120882_0048.wav,1,64x101,1.0,1.0
background/background_20260706_194331_120882_0048_02.npy,background,background/background_20260706_194331_120882_0048.wav,2,64x101,2.0,1.0
background/background_20260706_194331_120882_0048_03.npy,background,background/background_20260706_194331_120882_0048.wav,3,64x101,3.0,1.0
background/background_20260706_194331_120882_0048_04.npy,background,background/background_20260706_194331_120882_0048.wav,4,64x101,4.0,1.0
background/background_20260706_194336_123712_0049_00.npy,background,background/background_20260706_194336_123712_0049.wav,0,64x101,0.0,1.0
background/background_20260706_194336_123712_0049_01.npy,background,background/background_20260706_194336_123712_0049.wav,1,64x101,1.0,1.0
background/background_20260706_194336_123712_0049_02.npy,background,background/background_20260706_194336_123712_0049.wav,2,64x101,2.0,1.0
background/background_20260706_194336_123712_0049_03.npy,background,background/background_20260706_194336_123712_0049.wav,3,64x101,3.0,1.0
background/background_20260706_194336_123712_0049_04.npy,background,background/background_20260706_194336_123712_0049.wav,4,64x101,4.0,1.0
background/background_20260706_194341_126868_0050_00.npy,background,background/background_20260706_194341_126868_0050.wav,0,64x101,0.0,1.0
background/background_20260706_194341_126868_0050_01.npy,background,background/background_20260706_194341_126868_0050.wav,1,64x101,1.0,1.0
background/background_20260706_194341_126868_0050_02.npy,background,background/background_20260706_194341_126868_0050.wav,2,64x101,2.0,1.0
background/background_20260706_194341_126868_0050_03.npy,background,background/background_20260706_194341_126868_0050.wav,3,64x101,3.0,1.0
background/background_20260706_194341_126868_0050_04.npy,background,background/background_20260706_194341_126868_0050.wav,4,64x101,4.0,1.0
background_self_fire/background_self_fire_20260706_193409_078035_0000_00.npy,background_self_fire,background_self_fire/background_self_fire_20260706_193409_078035_0000.wav,0,64x101,0.0,1.0
background_self_fire/background_self_fire_20260706_193411_864771_0001_00.npy,background_self_fire,background_self_fire/background_self_fire_20260706_193411_864771_0001.wav,0,64x101,0.0,1.0
background_self_fire/background_self_fire_20260706_193415_470159_0002_00.npy,background_self_fire,background_self_fire/background_self_fire_20260706_193415_470159_0002.wav,0,64x101,0.0,1.0
background_self_fire/background_self_fire_20260706_193417_582213_0003_00.npy,background_self_fire,background_self_fire/background_self_fire_20260706_193417_582213_0003.wav,0,64x101,0.0,1.0
background_self_fire/background_self_fire_20260706_193419_585622_0004_00.npy,background_self_fire,background_self_fire/background_self_fire_20260706_193419_585622_0004.wav,0,64x101,0.0,1.0
background_self_fire/background_self_fire_20260706_193421_592912_0005_00.npy,background_self_fire,background_self_fire/background_self_fire_20260706_193421_592912_0005.wav,0,64x101,0.0,1.0
background_self_fire/background_self_fire_20260706_193423_596110_0006_00.npy,background_self_fire,background_self_fire/background_self_fire_20260706_193423_596110_0006.wav,0,64x101,0.0,1.0
background_self_fire/background_self_fire_20260706_193425_604927_0007_00.npy,background_self_fire,background_self_fire/background_self_fire_20260706_193425_604927_0007.wav,0,64x101,0.0,1.0
background_self_fire/background_self_fire_20260706_193428_592830_0008_00.npy,background_self_fire,background_self_fire/background_self_fire_20260706_193428_592830_0008.wav,0,64x101,0.0,1.0
background_self_fire/background_self_fire_20260706_193430_593929_0009_00.npy,background_self_fire,background_self_fire/background_self_fire_20260706_193430_593929_0009.wav,0,64x101,0.0,1.0
background_self_fire/background_self_fire_20260706_193432_599308_0010_00.npy,background_self_fire,background_self_fire/background_self_fire_20260706_193432_599308_0010.wav,0,64x101,0.0,1.0
background_self_fire/background_self_fire_20260706_193434_606506_0011_00.npy,background_self_fire,background_self_fire/background_self_fire_20260706_193434_606506_0011.wav,0,64x101,0.0,1.0
background_self_fire/background_self_fire_20260706_193436_868569_0012_00.npy,background_self_fire,background_self_fire/background_self_fire_20260706_193436_868569_0012.wav,0,64x101,0.0,1.0
background_self_fire/background_self_fire_20260706_193438_906098_0013_00.npy,background_self_fire,background_self_fire/background_self_fire_20260706_193438_906098_0013.wav,0,64x101,0.0,1.0
background_self_fire/background_self_fire_20260706_193442_502556_0014_00.npy,background_self_fire,background_self_fire/background_self_fire_20260706_193442_502556_0014.wav,0,64x101,0.0,1.0
background_self_fire/background_self_fire_20260706_193444_503983_0015_00.npy,background_self_fire,background_self_fire/background_self_fire_20260706_193444_503983_0015.wav,0,64x101,0.0,1.0
background_self_fire/background_self_fire_20260706_193446_510459_0016_00.npy,background_self_fire,background_self_fire/background_self_fire_20260706_193446_510459_0016.wav,0,64x101,0.0,1.0
background_self_fire/background_self_fire_20260706_193448_515238_0017_00.npy,background_self_fire,background_self_fire/background_self_fire_20260706_193448_515238_0017.wav,0,64x101,0.0,1.0
background_self_fire/background_self_fire_20260706_193450_575987_0018_00.npy,background_self_fire,background_self_fire/background_self_fire_20260706_193450_575987_0018.wav,0,64x101,0.0,1.0
background_self_fire/background_self_fire_20260706_193452_578904_0019_00.npy,background_self_fire,background_self_fire/background_self_fire_20260706_193452_578904_0019.wav,0,64x101,0.0,1.0
background_self_fire/background_self_fire_20260706_193457_061872_0020_00.npy,background_self_fire,background_self_fire/background_self_fire_20260706_193457_061872_0020.wav,0,64x101,0.0,1.0
background_self_fire/background_self_fire_20260706_193500_572417_0021_00.npy,background_self_fire,background_self_fire/background_self_fire_20260706_193500_572417_0021.wav,0,64x101,0.0,1.0
background_self_fire/background_self_fire_20260706_193502_919413_0022_00.npy,background_self_fire,background_self_fire/background_self_fire_20260706_193502_919413_0022.wav,0,64x101,0.0,1.0
background_self_fire/background_self_fire_20260706_193504_922121_0023_00.npy,background_self_fire,background_self_fire/background_self_fire_20260706_193504_922121_0023.wav,0,64x101,0.0,1.0
background_self_fire/background_self_fire_20260706_193506_926601_0024_00.npy,background_self_fire,background_self_fire/background_self_fire_20260706_193506_926601_0024.wav,0,64x101,0.0,1.0
background_self_fire/background_self_fire_20260706_193508_933806_0025_00.npy,background_self_fire,background_self_fire/background_self_fire_20260706_193508_933806_0025.wav,0,64x101,0.0,1.0
background_self_fire/background_self_fire_20260706_193510_937099_0026_00.npy,background_self_fire,background_self_fire/background_self_fire_20260706_193510_937099_0026.wav,0,64x101,0.0,1.0
background_self_fire/background_self_fire_20260706_193512_942581_0027_00.npy,background_self_fire,background_self_fire/background_self_fire_20260706_193512_942581_0027.wav,0,64x101,0.0,1.0
background_self_fire/background_self_fire_20260706_193514_949885_0028_00.npy,background_self_fire,background_self_fire/background_self_fire_20260706_193514_949885_0028.wav,0,64x101,0.0,1.0
background_self_fire/background_self_fire_20260706_193516_956298_0029_00.npy,background_self_fire,background_self_fire/background_self_fire_20260706_193516_956298_0029.wav,0,64x101,0.0,1.0
background_self_fire/background_self_fire_20260706_193518_959013_0030_00.npy,background_self_fire,background_self_fire/background_self_fire_20260706_193518_959013_0030.wav,0,64x101,0.0,1.0
background_self_fire/background_self_fire_20260706_193520_965551_0031_00.npy,background_self_fire,background_self_fire/background_self_fire_20260706_193520_965551_0031.wav,0,64x101,0.0,1.0
background_self_fire/background_self_fire_20260706_193522_970017_0032_00.npy,background_self_fire,background_self_fire/background_self_fire_20260706_193522_970017_0032.wav,0,64x101,0.0,1.0
background_self_fire/background_self_fire_20260706_193525_265918_0033_00.npy,background_self_fire,background_self_fire/background_self_fire_20260706_193525_265918_0033.wav,0,64x101,0.0,1.0
background_self_fire/background_self_fire_20260706_193527_268749_0034_00.npy,background_self_fire,background_self_fire/background_self_fire_20260706_193527_268749_0034.wav,0,64x101,0.0,1.0
background_self_fire/background_self_fire_20260706_193529_274856_0035_00.npy,background_self_fire,background_self_fire/background_self_fire_20260706_193529_274856_0035.wav,0,64x101,0.0,1.0
background_self_fire/background_self_fire_20260706_193531_280999_0036_00.npy,background_self_fire,background_self_fire/background_self_fire_20260706_193531_280999_0036.wav,0,64x101,0.0,1.0
background_self_fire/background_self_fire_20260706_193533_284998_0037_00.npy,background_self_fire,background_self_fire/background_self_fire_20260706_193533_284998_0037.wav,0,64x101,0.0,1.0
background_self_fire/background_self_fire_20260706_193535_367761_0038_00.npy,background_self_fire,background_self_fire/background_self_fire_20260706_193535_367761_0038.wav,0,64x101,0.0,1.0
background_self_fire/background_self_fire_20260706_193547_634870_0039_00.npy,background_self_fire,background_self_fire/background_self_fire_20260706_193547_634870_0039.wav,0,64x101,0.0,1.0
background_self_fire/background_self_fire_20260706_193549_640301_0040_00.npy,background_self_fire,background_self_fire/background_self_fire_20260706_193549_640301_0040.wav,0,64x101,0.0,1.0
background_self_fire/background_self_fire_20260706_193551_644983_0041_00.npy,background_self_fire,background_self_fire/background_self_fire_20260706_193551_644983_0041.wav,0,64x101,0.0,1.0
background_self_fire/background_self_fire_20260706_193553_648677_0042_00.npy,background_self_fire,background_self_fire/background_self_fire_20260706_193553_648677_0042.wav,0,64x101,0.0,1.0
background_self_fire/background_self_fire_20260706_193555_655095_0043_00.npy,background_self_fire,background_self_fire/background_self_fire_20260706_193555_655095_0043.wav,0,64x101,0.0,1.0
background_self_fire/background_self_fire_20260706_193557_661727_0044_00.npy,background_self_fire,background_self_fire/background_self_fire_20260706_193557_661727_0044.wav,0,64x101,0.0,1.0
background_self_fire/background_self_fire_20260706_193559_665398_0045_00.npy,background_self_fire,background_self_fire/background_self_fire_20260706_193559_665398_0045.wav,0,64x101,0.0,1.0
background_self_fire/background_self_fire_20260706_193601_672874_0046_00.npy,background_self_fire,background_self_fire/background_self_fire_20260706_193601_672874_0046.wav,0,64x101,0.0,1.0
background_self_fire/background_self_fire_20260706_193606_420193_0047_00.npy,background_self_fire,background_self_fire/background_self_fire_20260706_193606_420193_0047.wav,0,64x101,0.0,1.0
background_self_fire/background_self_fire_20260706_193608_424792_0048_00.npy,background_self_fire,background_self_fire/background_self_fire_20260706_193608_424792_0048.wav,0,64x101,0.0,1.0
background_self_fire/background_self_fire_20260706_193610_428649_0049_00.npy,background_self_fire,background_self_fire/background_self_fire_20260706_193610_428649_0049.wav,0,64x101,0.0,1.0
background_self_fire/background_self_fire_20260706_193612_434738_0050_00.npy,background_self_fire,background_self_fire/background_self_fire_20260706_193612_434738_0050.wav,0,64x101,0.0,1.0
background_self_fire/background_self_fire_20260706_193614_441116_0051_00.npy,background_self_fire,background_self_fire/background_self_fire_20260706_193614_441116_0051.wav,0,64x101,0.0,1.0
background_self_fire/background_self_fire_20260706_193616_444458_0052_00.npy,background_self_fire,background_self_fire/background_self_fire_20260706_193616_444458_0052.wav,0,64x101,0.0,1.0
background_self_fire/background_self_fire_20260706_193618_450331_0053_00.npy,background_self_fire,background_self_fire/background_self_fire_20260706_193618_450331_0053.wav,0,64x101,0.0,1.0
background_self_fire/background_self_fire_20260706_193620_455623_0054_00.npy,background_self_fire,background_self_fire/background_self_fire_20260706_193620_455623_0054.wav,0,64x101,0.0,1.0
background_self_fire/background_self_fire_20260706_193626_516983_0055_00.npy,background_self_fire,background_self_fire/background_self_fire_20260706_193626_516983_0055.wav,0,64x101,0.0,1.0
background_self_fire/background_self_fire_20260706_193628_520644_0056_00.npy,background_self_fire,background_self_fire/background_self_fire_20260706_193628_520644_0056.wav,0,64x101,0.0,1.0
background_self_fire/background_self_fire_20260706_193630_527095_0057_00.npy,background_self_fire,background_self_fire/background_self_fire_20260706_193630_527095_0057.wav,0,64x101,0.0,1.0
background_self_fire/background_self_fire_20260706_193632_534011_0058_00.npy,background_self_fire,background_self_fire/background_self_fire_20260706_193632_534011_0058.wav,0,64x101,0.0,1.0
background_self_fire/background_self_fire_20260706_193634_536167_0059_00.npy,background_self_fire,background_self_fire/background_self_fire_20260706_193634_536167_0059.wav,0,64x101,0.0,1.0
background_self_fire/background_self_fire_20260706_193636_541365_0060_00.npy,background_self_fire,background_self_fire/background_self_fire_20260706_193636_541365_0060.wav,0,64x101,0.0,1.0
background_self_fire/background_self_fire_20260706_193638_547474_0061_00.npy,background_self_fire,background_self_fire/background_self_fire_20260706_193638_547474_0061.wav,0,64x101,0.0,1.0
background_self_fire/background_self_fire_20260706_193640_553765_0062_00.npy,background_self_fire,background_self_fire/background_self_fire_20260706_193640_553765_0062.wav,0,64x101,0.0,1.0
background_self_fire/background_self_fire_20260706_193642_558710_0063_00.npy,background_self_fire,background_self_fire/background_self_fire_20260706_193642_558710_0063.wav,0,64x101,0.0,1.0
background_self_fire/background_self_fire_20260706_193644_565015_0064_00.npy,background_self_fire,background_self_fire/background_self_fire_20260706_193644_565015_0064.wav,0,64x101,0.0,1.0
background_self_fire/background_self_fire_20260706_193646_569653_0065_00.npy,background_self_fire,background_self_fire/background_self_fire_20260706_193646_569653_0065.wav,0,64x101,0.0,1.0
background_self_fire/background_self_fire_20260706_193648_575524_0066_00.npy,background_self_fire,background_self_fire/background_self_fire_20260706_193648_575524_0066.wav,0,64x101,0.0,1.0
background_self_fire/background_self_fire_20260706_193657_046614_0067_00.npy,background_self_fire,background_self_fire/background_self_fire_20260706_193657_046614_0067.wav,0,64x101,0.0,1.0
background_self_fire/background_self_fire_20260706_193659_049732_0068_00.npy,background_self_fire,background_self_fire/background_self_fire_20260706_193659_049732_0068.wav,0,64x101,0.0,1.0
background_self_fire/background_self_fire_20260706_193701_055735_0069_00.npy,background_self_fire,background_self_fire/background_self_fire_20260706_193701_055735_0069.wav,0,64x101,0.0,1.0
background_self_fire/background_self_fire_20260706_193703_061015_0070_00.npy,background_self_fire,background_self_fire/background_self_fire_20260706_193703_061015_0070.wav,0,64x101,0.0,1.0
background_self_fire/background_self_fire_20260706_193705_421861_0071_00.npy,background_self_fire,background_self_fire/background_self_fire_20260706_193705_421861_0071.wav,0,64x101,0.0,1.0
background_self_fire/background_self_fire_20260706_193707_423242_0072_00.npy,background_self_fire,background_self_fire/background_self_fire_20260706_193707_423242_0072.wav,0,64x101,0.0,1.0
background_self_fire/background_self_fire_20260706_193713_495402_0073_00.npy,background_self_fire,background_self_fire/background_self_fire_20260706_193713_495402_0073.wav,0,64x101,0.0,1.0
background_self_fire/background_self_fire_20260706_193715_500776_0074_00.npy,background_self_fire,background_self_fire/background_self_fire_20260706_193715_500776_0074.wav,0,64x101,0.0,1.0
background_self_fire/background_self_fire_20260706_193717_527713_0075_00.npy,background_self_fire,background_self_fire/background_self_fire_20260706_193717_527713_0075.wav,0,64x101,0.0,1.0
background_self_fire/background_self_fire_20260706_193720_077018_0076_00.npy,background_self_fire,background_self_fire/background_self_fire_20260706_193720_077018_0076.wav,0,64x101,0.0,1.0
background_self_fire/background_self_fire_20260706_193722_083607_0077_00.npy,background_self_fire,background_self_fire/background_self_fire_20260706_193722_083607_0077.wav,0,64x101,0.0,1.0
background_self_fire/background_self_fire_20260706_193724_085443_0078_00.npy,background_self_fire,background_self_fire/background_self_fire_20260706_193724_085443_0078.wav,0,64x101,0.0,1.0
background_self_fire/background_self_fire_20260706_193753_787360_0079_00.npy,background_self_fire,background_self_fire/background_self_fire_20260706_193753_787360_0079.wav,0,64x101,0.0,1.0
background_self_fire/background_self_fire_20260706_193755_790541_0080_00.npy,background_self_fire,background_self_fire/background_self_fire_20260706_193755_790541_0080.wav,0,64x101,0.0,1.0
background_self_fire/background_self_fire_20260706_193803_098218_0081_00.npy,background_self_fire,background_self_fire/background_self_fire_20260706_193803_098218_0081.wav,0,64x101,0.0,1.0
background_self_fire/background_self_fire_20260706_193805_104243_0082_00.npy,background_self_fire,background_self_fire/background_self_fire_20260706_193805_104243_0082.wav,0,64x101,0.0,1.0
background_self_fire/background_self_fire_20260706_193807_107434_0083_00.npy,background_self_fire,background_self_fire/background_self_fire_20260706_193807_107434_0083.wav,0,64x101,0.0,1.0
background_self_fire/background_self_fire_20260706_193809_111567_0084_00.npy,background_self_fire,background_self_fire/background_self_fire_20260706_193809_111567_0084.wav,0,64x101,0.0,1.0
background_self_fire/background_self_fire_20260706_193811_118009_0085_00.npy,background_self_fire,background_self_fire/background_self_fire_20260706_193811_118009_0085.wav,0,64x101,0.0,1.0
background_self_fire/background_self_fire_20260706_193813_122690_0086_00.npy,background_self_fire,background_self_fire/background_self_fire_20260706_193813_122690_0086.wav,0,64x101,0.0,1.0
background_self_fire/background_self_fire_20260706_193815_127847_0087_00.npy,background_self_fire,background_self_fire/background_self_fire_20260706_193815_127847_0087.wav,0,64x101,0.0,1.0
background_self_fire/background_self_fire_20260706_193817_133251_0088_00.npy,background_self_fire,background_self_fire/background_self_fire_20260706_193817_133251_0088.wav,0,64x101,0.0,1.0
background_self_fire/background_self_fire_20260706_193819_139089_0089_00.npy,background_self_fire,background_self_fire/background_self_fire_20260706_193819_139089_0089.wav,0,64x101,0.0,1.0
background_self_fire/background_self_fire_20260706_193821_144032_0090_00.npy,background_self_fire,background_self_fire/background_self_fire_20260706_193821_144032_0090.wav,0,64x101,0.0,1.0
background_self_fire/background_self_fire_20260706_193823_408455_0091_00.npy,background_self_fire,background_self_fire/background_self_fire_20260706_193823_408455_0091.wav,0,64x101,0.0,1.0
background_self_fire/background_self_fire_20260706_193825_410964_0092_00.npy,background_self_fire,background_self_fire/background_self_fire_20260706_193825_410964_0092.wav,0,64x101,0.0,1.0
background_self_fire/background_self_fire_20260706_193827_416516_0093_00.npy,background_self_fire,background_self_fire/background_self_fire_20260706_193827_416516_0093.wav,0,64x101,0.0,1.0
background_self_fire/background_self_fire_20260706_193829_422428_0094_00.npy,background_self_fire,background_self_fire/background_self_fire_20260706_193829_422428_0094.wav,0,64x101,0.0,1.0
background_self_fire/background_self_fire_20260706_193831_428742_0095_00.npy,background_self_fire,background_self_fire/background_self_fire_20260706_193831_428742_0095.wav,0,64x101,0.0,1.0
background_self_fire/background_self_fire_20260706_193833_436207_0096_00.npy,background_self_fire,background_self_fire/background_self_fire_20260706_193833_436207_0096.wav,0,64x101,0.0,1.0
background_self_fire/background_self_fire_20260706_193835_438728_0097_00.npy,background_self_fire,background_self_fire/background_self_fire_20260706_193835_438728_0097.wav,0,64x101,0.0,1.0
background_self_fire/background_self_fire_20260706_193837_444097_0098_00.npy,background_self_fire,background_self_fire/background_self_fire_20260706_193837_444097_0098.wav,0,64x101,0.0,1.0
background_self_fire/background_self_fire_20260706_193839_450628_0099_00.npy,background_self_fire,background_self_fire/background_self_fire_20260706_193839_450628_0099.wav,0,64x101,0.0,1.0
background_self_fire/background_self_fire_20260706_193841_455090_0100_00.npy,background_self_fire,background_self_fire/background_self_fire_20260706_193841_455090_0100.wav,0,64x101,0.0,1.0
background_self_fire/background_self_fire_20260706_193857_139221_0101_00.npy,background_self_fire,background_self_fire/background_self_fire_20260706_193857_139221_0101.wav,0,64x101,0.0,1.0
background_self_fire/background_self_fire_20260706_193859_143606_0102_00.npy,background_self_fire,background_self_fire/background_self_fire_20260706_193859_143606_0102.wav,0,64x101,0.0,1.0
background_self_fire/background_self_fire_20260706_193901_147113_0103_00.npy,background_self_fire,background_self_fire/background_self_fire_20260706_193901_147113_0103.wav,0,64x101,0.0,1.0
hit/hit_20260701_162821_198016_0000_00.npy,hit,hit/hit_20260701_162821_198016_0000.wav,0,64x101,0.0,1.0
hit/hit_20260701_162828_103695_0001_00.npy,hit,hit/hit_20260701_162828_103695_0001.wav,0,64x101,0.0,1.0
hit/hit_20260701_162834_301357_0002_00.npy,hit,hit/hit_20260701_162834_301357_0002.wav,0,64x101,0.0,1.0
hit/hit_20260701_162844_648634_0003_00.npy,hit,hit/hit_20260701_162844_648634_0003.wav,0,64x101,0.0,1.0
hit/hit_20260701_162850_377055_0004_00.npy,hit,hit/hit_20260701_162850_377055_0004.wav,0,64x101,0.0,1.0
hit/hit_20260701_162856_307997_0005_00.npy,hit,hit/hit_20260701_162856_307997_0005.wav,0,64x101,0.0,1.0
hit/hit_20260701_163012_985669_0000_00.npy,hit,hit/hit_20260701_163012_985669_0000.wav,0,64x101,0.0,1.0
hit/hit_20260701_163018_696658_0001_00.npy,hit,hit/hit_20260701_163018_696658_0001.wav,0,64x101,0.0,1.0
hit/hit_20260701_163026_121366_0002_00.npy,hit,hit/hit_20260701_163026_121366_0002.wav,0,64x101,0.0,1.0
hit/hit_20260701_163028_425139_0003_00.npy,hit,hit/hit_20260701_163028_425139_0003.wav,0,64x101,0.0,1.0
hit/hit_20260701_163036_649703_0004_00.npy,hit,hit/hit_20260701_163036_649703_0004.wav,0,64x101,0.0,1.0
hit/hit_20260701_163044_212747_0005_00.npy,hit,hit/hit_20260701_163044_212747_0005.wav,0,64x101,0.0,1.0
hit/hit_20260701_163047_839609_0006_00.npy,hit,hit/hit_20260701_163047_839609_0006.wav,0,64x101,0.0,1.0
hit/hit_20260701_165051_051088_0000_00.npy,hit,hit/hit_20260701_165051_051088_0000.wav,0,64x101,0.0,1.0
hit/hit_20260701_165056_537209_0001_00.npy,hit,hit/hit_20260701_165056_537209_0001.wav,0,64x101,0.0,1.0
hit/hit_20260701_165111_375449_0002_00.npy,hit,hit/hit_20260701_165111_375449_0002.wav,0,64x101,0.0,1.0
hit/hit_20260701_165115_354348_0003_00.npy,hit,hit/hit_20260701_165115_354348_0003.wav,0,64x101,0.0,1.0
hit/hit_20260701_165119_226634_0004_00.npy,hit,hit/hit_20260701_165119_226634_0004.wav,0,64x101,0.0,1.0
hit/hit_20260701_165122_469445_0005_00.npy,hit,hit/hit_20260701_165122_469445_0005.wav,0,64x101,0.0,1.0
hit/hit_20260701_165124_912326_0006_00.npy,hit,hit/hit_20260701_165124_912326_0006.wav,0,64x101,0.0,1.0
hit/hit_20260701_165131_750057_0007_00.npy,hit,hit/hit_20260701_165131_750057_0007.wav,0,64x101,0.0,1.0
hit/hit_20260701_165137_841177_0008_00.npy,hit,hit/hit_20260701_165137_841177_0008.wav,0,64x101,0.0,1.0
hit/hit_20260701_165140_529270_0009_00.npy,hit,hit/hit_20260701_165140_529270_0009.wav,0,64x101,0.0,1.0
hit/hit_20260701_165145_446902_0010_00.npy,hit,hit/hit_20260701_165145_446902_0010.wav,0,64x101,0.0,1.0
hit/hit_20260701_165147_708323_0011_00.npy,hit,hit/hit_20260701_165147_708323_0011.wav,0,64x101,0.0,1.0
hit/hit_20260701_165151_921914_0012_00.npy,hit,hit/hit_20260701_165151_921914_0012.wav,0,64x101,0.0,1.0
hit/hit_20260701_165159_335722_0013_00.npy,hit,hit/hit_20260701_165159_335722_0013.wav,0,64x101,0.0,1.0
hit/hit_20260701_165203_709325_0014_00.npy,hit,hit/hit_20260701_165203_709325_0014.wav,0,64x101,0.0,1.0
hit/hit_20260701_165207_346804_0015_00.npy,hit,hit/hit_20260701_165207_346804_0015.wav,0,64x101,0.0,1.0
hit/hit_20260701_165209_348513_0016_00.npy,hit,hit/hit_20260701_165209_348513_0016.wav,0,64x101,0.0,1.0
hit/hit_20260701_165735_619550_0017_00.npy,hit,hit/hit_20260701_165735_619550_0017.wav,0,64x101,0.0,1.0
hit/hit_20260701_171639_639968_0000_00.npy,hit,hit/hit_20260701_171639_639968_0000.wav,0,64x101,0.0,1.0
hit/hit_20260701_171645_852331_0001_00.npy,hit,hit/hit_20260701_171645_852331_0001.wav,0,64x101,0.0,1.0
hit/hit_20260701_171653_702149_0002_00.npy,hit,hit/hit_20260701_171653_702149_0002.wav,0,64x101,0.0,1.0
hit/hit_20260701_171702_439978_0003_00.npy,hit,hit/hit_20260701_171702_439978_0003.wav,0,64x101,0.0,1.0
hit/hit_20260701_171704_443905_0004_00.npy,hit,hit/hit_20260701_171704_443905_0004.wav,0,64x101,0.0,1.0
hit/hit_20260701_171707_485617_0005_00.npy,hit,hit/hit_20260701_171707_485617_0005.wav,0,64x101,0.0,1.0
hit/hit_20260701_194228_553156_0000_00.npy,hit,hit/hit_20260701_194228_553156_0000.wav,0,64x101,0.0,1.0
hit/hit_20260701_194236_024350_0001_00.npy,hit,hit/hit_20260701_194236_024350_0001.wav,0,64x101,0.0,1.0
hit/hit_20260701_194316_411938_0002_00.npy,hit,hit/hit_20260701_194316_411938_0002.wav,0,64x101,0.0,1.0
hit/hit_20260701_194326_769806_0003_00.npy,hit,hit/hit_20260701_194326_769806_0003.wav,0,64x101,0.0,1.0
hit/hit_20260701_194329_649951_0004_00.npy,hit,hit/hit_20260701_194329_649951_0004.wav,0,64x101,0.0,1.0
hit/hit_20260701_194338_898288_0005_00.npy,hit,hit/hit_20260701_194338_898288_0005.wav,0,64x101,0.0,1.0
hit/hit_20260701_194340_935720_0006_00.npy,hit,hit/hit_20260701_194340_935720_0006.wav,0,64x101,0.0,1.0
hit/hit_20260701_194406_206169_0007_00.npy,hit,hit/hit_20260701_194406_206169_0007.wav,0,64x101,0.0,1.0
hit/hit_20260701_194418_740093_0008_00.npy,hit,hit/hit_20260701_194418_740093_0008.wav,0,64x101,0.0,1.0
hit/hit_20260701_194445_226644_0009_00.npy,hit,hit/hit_20260701_194445_226644_0009.wav,0,64x101,0.0,1.0
hit/hit_20260701_194447_227003_0010_00.npy,hit,hit/hit_20260701_194447_227003_0010.wav,0,64x101,0.0,1.0
hit/hit_20260701_194451_498351_0011_00.npy,hit,hit/hit_20260701_194451_498351_0011.wav,0,64x101,0.0,1.0
hit/hit_20260701_194504_053654_0012_00.npy,hit,hit/hit_20260701_194504_053654_0012.wav,0,64x101,0.0,1.0
hit/hit_20260701_194507_467044_0013_00.npy,hit,hit/hit_20260701_194507_467044_0013.wav,0,64x101,0.0,1.0
hit/hit_20260701_194510_593122_0014_00.npy,hit,hit/hit_20260701_194510_593122_0014.wav,0,64x101,0.0,1.0
hit/hit_20260701_194512_598301_0015_00.npy,hit,hit/hit_20260701_194512_598301_0015.wav,0,64x101,0.0,1.0
hit/hit_20260701_194514_602523_0016_00.npy,hit,hit/hit_20260701_194514_602523_0016.wav,0,64x101,0.0,1.0
hit/hit_20260701_194516_854068_0017_00.npy,hit,hit/hit_20260701_194516_854068_0017.wav,0,64x101,0.0,1.0
hit/hit_20260701_194518_855177_0018_00.npy,hit,hit/hit_20260701_194518_855177_0018.wav,0,64x101,0.0,1.0
hit/hit_20260701_194520_860825_0019_00.npy,hit,hit/hit_20260701_194520_860825_0019.wav,0,64x101,0.0,1.0
hit/hit_20260701_194523_990580_0020_00.npy,hit,hit/hit_20260701_194523_990580_0020.wav,0,64x101,0.0,1.0
hit/hit_20260701_194525_994714_0021_00.npy,hit,hit/hit_20260701_194525_994714_0021.wav,0,64x101,0.0,1.0
hit/hit_20260701_194527_997588_0022_00.npy,hit,hit/hit_20260701_194527_997588_0022.wav,0,64x101,0.0,1.0
hit/hit_20260701_194530_003085_0023_00.npy,hit,hit/hit_20260701_194530_003085_0023.wav,0,64x101,0.0,1.0
hit/hit_20260701_194532_011317_0024_00.npy,hit,hit/hit_20260701_194532_011317_0024.wav,0,64x101,0.0,1.0
hit/hit_20260701_194534_013307_0025_00.npy,hit,hit/hit_20260701_194534_013307_0025.wav,0,64x101,0.0,1.0
hit/hit_20260701_194537_814831_0026_00.npy,hit,hit/hit_20260701_194537_814831_0026.wav,0,64x101,0.0,1.0
hit/hit_20260701_194540_534982_0027_00.npy,hit,hit/hit_20260701_194540_534982_0027.wav,0,64x101,0.0,1.0
hit/hit_20260701_194542_539725_0028_00.npy,hit,hit/hit_20260701_194542_539725_0028.wav,0,64x101,0.0,1.0
hit/hit_20260701_194544_541384_0029_00.npy,hit,hit/hit_20260701_194544_541384_0029.wav,0,64x101,0.0,1.0
hit/hit_20260701_194546_546579_0030_00.npy,hit,hit/hit_20260701_194546_546579_0030.wav,0,64x101,0.0,1.0
hit/hit_20260701_194548_551991_0031_00.npy,hit,hit/hit_20260701_194548_551991_0031.wav,0,64x101,0.0,1.0
hit/hit_20260701_194552_407947_0032_00.npy,hit,hit/hit_20260701_194552_407947_0032.wav,0,64x101,0.0,1.0
hit/hit_20260701_194554_409837_0033_00.npy,hit,hit/hit_20260701_194554_409837_0033.wav,0,64x101,0.0,1.0
hit/hit_20260701_194556_414706_0034_00.npy,hit,hit/hit_20260701_194556_414706_0034.wav,0,64x101,0.0,1.0
hit/hit_20260701_194558_423313_0035_00.npy,hit,hit/hit_20260701_194558_423313_0035.wav,0,64x101,0.0,1.0
hit/hit_20260701_194600_426827_0036_00.npy,hit,hit/hit_20260701_194600_426827_0036.wav,0,64x101,0.0,1.0
hit/hit_20260701_194602_430434_0037_00.npy,hit,hit/hit_20260701_194602_430434_0037.wav,0,64x101,0.0,1.0
hit/hit_20260701_194604_436360_0038_00.npy,hit,hit/hit_20260701_194604_436360_0038.wav,0,64x101,0.0,1.0
hit/hit_20260701_194606_442897_0039_00.npy,hit,hit/hit_20260701_194606_442897_0039.wav,0,64x101,0.0,1.0
hit/hit_20260701_194608_446404_0040_00.npy,hit,hit/hit_20260701_194608_446404_0040.wav,0,64x101,0.0,1.0
hit/hit_20260701_194610_455800_0041_00.npy,hit,hit/hit_20260701_194610_455800_0041.wav,0,64x101,0.0,1.0
hit/hit_20260701_194620_611684_0042_00.npy,hit,hit/hit_20260701_194620_611684_0042.wav,0,64x101,0.0,1.0
