[0.522s] DEBUG:colcon:Command line arguments: ['/usr/bin/colcon', 'build']
[0.522s] DEBUG:colcon:Parsed command line arguments: Namespace(log_base=None, log_level=None, verb_name='build', build_base='build', install_base='install', merge_install=False, symlink_install=True, test_result_base=None, continue_on_error=False, executor='parallel', parallel_workers=4, event_handlers=None, ignore_user_meta=False, metas=['./colcon.meta'], base_paths=['.'], packages_ignore=None, packages_ignore_regex=None, paths=None, packages_up_to=None, packages_up_to_regex=None, packages_above=None, packages_above_and_dependencies=None, packages_above_depth=None, packages_select_by_dep=None, packages_skip_by_dep=None, packages_skip_up_to=None, packages_select_build_failed=False, packages_skip_build_finished=False, packages_select_test_failures=False, packages_skip_test_passed=False, packages_select=None, packages_skip=None, packages_select_regex=None, packages_skip_regex=None, packages_start=None, packages_end=None, cmake_args=None, cmake_target=None, cmake_target_skip_unavailable=False, cmake_clean_cache=False, cmake_clean_first=False, cmake_force_configure=False, ament_cmake_args=None, catkin_cmake_args=None, catkin_skip_building_tests=False, mixin_files=None, mixin=None, verb_parser=<colcon_mixin.mixin.mixin_argument.MixinArgumentDecorator object at 0x7fff5f008490>, verb_extension=<colcon_core.verb.build.BuildVerb object at 0x7fff5f1c1720>, main=<bound method BuildVerb.main of <colcon_core.verb.build.BuildVerb object at 0x7fff5f1c1720>>, mixin_verb=('build',))
[0.997s] Level 1:colcon.colcon_core.package_discovery:discover_packages(colcon_meta) check parameters
[1.000s] INFO:colcon.colcon_metadata.package_discovery.colcon_meta:Using configuration from '/root/.colcon/metadata/default/Gazebo.meta'
[1.001s] INFO:colcon.colcon_metadata.package_discovery.colcon_meta:Using configuration from '/root/.colcon/metadata/default/fastdds.meta'
[1.002s] INFO:colcon.colcon_metadata.package_discovery.colcon_meta:Using configuration from '/root/.colcon/metadata/default/fastrtps.meta'
[1.002s] Level 1:colcon.colcon_core.package_discovery:discover_packages(recursive) check parameters
[1.002s] Level 1:colcon.colcon_core.package_discovery:discover_packages(ignore) check parameters
[1.002s] Level 1:colcon.colcon_core.package_discovery:discover_packages(path) check parameters
[1.002s] Level 1:colcon.colcon_core.package_discovery:discover_packages(colcon_meta) discover
[1.002s] Level 1:colcon.colcon_core.package_discovery:discover_packages(recursive) discover
[1.002s] INFO:colcon.colcon_core.package_discovery:Crawling recursively for packages in '/ros2_ws'
[1.002s] Level 1:colcon.colcon_core.package_identification:_identify(.) by extensions ['ignore', 'ignore_ament_install']
[1.002s] Level 1:colcon.colcon_core.package_identification:_identify(.) by extension 'ignore'
[1.002s] Level 1:colcon.colcon_core.package_identification:_identify(.) by extension 'ignore_ament_install'
[1.003s] Level 1:colcon.colcon_core.package_identification:_identify(.) by extensions ['colcon_pkg']
[1.003s] Level 1:colcon.colcon_core.package_identification:_identify(.) by extension 'colcon_pkg'
[1.003s] Level 1:colcon.colcon_core.package_identification:_identify(.) by extensions ['colcon_meta']
[1.003s] Level 1:colcon.colcon_core.package_identification:_identify(.) by extension 'colcon_meta'
[1.003s] Level 1:colcon.colcon_core.package_identification:_identify(.) by extensions ['ros']
[1.003s] Level 1:colcon.colcon_core.package_identification:_identify(.) by extension 'ros'
[1.039s] Level 1:colcon.colcon_core.package_identification:_identify(.) by extensions ['cmake', 'python']
[1.039s] Level 1:colcon.colcon_core.package_identification:_identify(.) by extension 'cmake'
[1.039s] Level 1:colcon.colcon_core.package_identification:_identify(.) by extension 'python'
[1.039s] Level 1:colcon.colcon_core.package_identification:_identify(.) by extensions ['python_setup_py']
[1.039s] Level 1:colcon.colcon_core.package_identification:_identify(.) by extension 'python_setup_py'
[1.039s] Level 1:colcon.colcon_core.package_identification:_identify(build) by extensions ['ignore', 'ignore_ament_install']
[1.039s] Level 1:colcon.colcon_core.package_identification:_identify(build) by extension 'ignore'
[1.039s] Level 1:colcon.colcon_core.package_identification:_identify(build) ignored
[1.040s] Level 1:colcon.colcon_core.package_identification:_identify(install) by extensions ['ignore', 'ignore_ament_install']
[1.040s] Level 1:colcon.colcon_core.package_identification:_identify(install) by extension 'ignore'
[1.040s] Level 1:colcon.colcon_core.package_identification:_identify(install) ignored
[1.040s] Level 1:colcon.colcon_core.package_identification:_identify(log) by extensions ['ignore', 'ignore_ament_install']
[1.040s] Level 1:colcon.colcon_core.package_identification:_identify(log) by extension 'ignore'
[1.040s] Level 1:colcon.colcon_core.package_identification:_identify(log) ignored
[1.040s] Level 1:colcon.colcon_core.package_identification:_identify(src) by extensions ['ignore', 'ignore_ament_install']
[1.040s] Level 1:colcon.colcon_core.package_identification:_identify(src) by extension 'ignore'
[1.040s] Level 1:colcon.colcon_core.package_identification:_identify(src) by extension 'ignore_ament_install'
[1.040s] Level 1:colcon.colcon_core.package_identification:_identify(src) by extensions ['colcon_pkg']
[1.040s] Level 1:colcon.colcon_core.package_identification:_identify(src) by extension 'colcon_pkg'
[1.040s] Level 1:colcon.colcon_core.package_identification:_identify(src) by extensions ['colcon_meta']
[1.040s] Level 1:colcon.colcon_core.package_identification:_identify(src) by extension 'colcon_meta'
[1.040s] Level 1:colcon.colcon_core.package_identification:_identify(src) by extensions ['ros']
[1.040s] Level 1:colcon.colcon_core.package_identification:_identify(src) by extension 'ros'
[1.041s] Level 1:colcon.colcon_core.package_identification:_identify(src) by extensions ['cmake', 'python']
[1.041s] Level 1:colcon.colcon_core.package_identification:_identify(src) by extension 'cmake'
[1.041s] Level 1:colcon.colcon_core.package_identification:_identify(src) by extension 'python'
[1.041s] Level 1:colcon.colcon_core.package_identification:_identify(src) by extensions ['python_setup_py']
[1.041s] Level 1:colcon.colcon_core.package_identification:_identify(src) by extension 'python_setup_py'
[1.041s] Level 1:colcon.colcon_core.package_identification:_identify(src/ai_vision) by extensions ['ignore', 'ignore_ament_install']
[1.041s] Level 1:colcon.colcon_core.package_identification:_identify(src/ai_vision) by extension 'ignore'
[1.041s] Level 1:colcon.colcon_core.package_identification:_identify(src/ai_vision) by extension 'ignore_ament_install'
[1.041s] Level 1:colcon.colcon_core.package_identification:_identify(src/ai_vision) by extensions ['colcon_pkg']
[1.041s] Level 1:colcon.colcon_core.package_identification:_identify(src/ai_vision) by extension 'colcon_pkg'
[1.041s] Level 1:colcon.colcon_core.package_identification:_identify(src/ai_vision) by extensions ['colcon_meta']
[1.041s] Level 1:colcon.colcon_core.package_identification:_identify(src/ai_vision) by extension 'colcon_meta'
[1.041s] Level 1:colcon.colcon_core.package_identification:_identify(src/ai_vision) by extensions ['ros']
[1.041s] Level 1:colcon.colcon_core.package_identification:_identify(src/ai_vision) by extension 'ros'
[1.052s] DEBUG:colcon.colcon_core.package_identification:Package 'src/ai_vision' with type 'ros.ament_python' and name 'ai_vision'
[1.053s] Level 1:colcon.colcon_core.package_identification:_identify(src/foxglove) by extensions ['ignore', 'ignore_ament_install']
[1.053s] Level 1:colcon.colcon_core.package_identification:_identify(src/foxglove) by extension 'ignore'
[1.053s] Level 1:colcon.colcon_core.package_identification:_identify(src/foxglove) by extension 'ignore_ament_install'
[1.053s] Level 1:colcon.colcon_core.package_identification:_identify(src/foxglove) by extensions ['colcon_pkg']
[1.053s] Level 1:colcon.colcon_core.package_identification:_identify(src/foxglove) by extension 'colcon_pkg'
[1.053s] Level 1:colcon.colcon_core.package_identification:_identify(src/foxglove) by extensions ['colcon_meta']
[1.053s] Level 1:colcon.colcon_core.package_identification:_identify(src/foxglove) by extension 'colcon_meta'
[1.053s] Level 1:colcon.colcon_core.package_identification:_identify(src/foxglove) by extensions ['ros']
[1.053s] Level 1:colcon.colcon_core.package_identification:_identify(src/foxglove) by extension 'ros'
[1.054s] DEBUG:colcon.colcon_core.package_identification:Package 'src/foxglove' with type 'ros.ament_cmake' and name 'foxglove'
[1.054s] Level 1:colcon.colcon_core.package_identification:_identify(src/hardware) by extensions ['ignore', 'ignore_ament_install']
[1.054s] Level 1:colcon.colcon_core.package_identification:_identify(src/hardware) by extension 'ignore'
[1.054s] Level 1:colcon.colcon_core.package_identification:_identify(src/hardware) by extension 'ignore_ament_install'
[1.054s] Level 1:colcon.colcon_core.package_identification:_identify(src/hardware) by extensions ['colcon_pkg']
[1.054s] Level 1:colcon.colcon_core.package_identification:_identify(src/hardware) by extension 'colcon_pkg'
[1.054s] Level 1:colcon.colcon_core.package_identification:_identify(src/hardware) by extensions ['colcon_meta']
[1.054s] Level 1:colcon.colcon_core.package_identification:_identify(src/hardware) by extension 'colcon_meta'
[1.054s] Level 1:colcon.colcon_core.package_identification:_identify(src/hardware) by extensions ['ros']
[1.054s] Level 1:colcon.colcon_core.package_identification:_identify(src/hardware) by extension 'ros'
[1.058s] DEBUG:colcon.colcon_core.package_identification:Package 'src/hardware' with type 'ros.ament_cmake' and name 'hardware'
[1.058s] Level 1:colcon.colcon_core.package_identification:_identify(src/icm20948-python) by extensions ['ignore', 'ignore_ament_install']
[1.058s] Level 1:colcon.colcon_core.package_identification:_identify(src/icm20948-python) by extension 'ignore'
[1.059s] Level 1:colcon.colcon_core.package_identification:_identify(src/icm20948-python) by extension 'ignore_ament_install'
[1.059s] Level 1:colcon.colcon_core.package_identification:_identify(src/icm20948-python) by extensions ['colcon_pkg']
[1.059s] Level 1:colcon.colcon_core.package_identification:_identify(src/icm20948-python) by extension 'colcon_pkg'
[1.059s] Level 1:colcon.colcon_core.package_identification:_identify(src/icm20948-python) by extensions ['colcon_meta']
[1.059s] Level 1:colcon.colcon_core.package_identification:_identify(src/icm20948-python) by extension 'colcon_meta'
[1.059s] Level 1:colcon.colcon_core.package_identification:_identify(src/icm20948-python) by extensions ['ros']
[1.059s] Level 1:colcon.colcon_core.package_identification:_identify(src/icm20948-python) by extension 'ros'
[1.059s] Level 1:colcon.colcon_core.package_identification:_identify(src/icm20948-python) by extensions ['cmake', 'python']
[1.059s] Level 1:colcon.colcon_core.package_identification:_identify(src/icm20948-python) by extension 'cmake'
[1.059s] Level 1:colcon.colcon_core.package_identification:_identify(src/icm20948-python) by extension 'python'
[1.059s] Level 1:colcon.colcon_core.package_identification:_identify(src/icm20948-python) by extensions ['python_setup_py']
[1.059s] Level 1:colcon.colcon_core.package_identification:_identify(src/icm20948-python) by extension 'python_setup_py'
[1.059s] Level 1:colcon.colcon_core.package_identification:_identify(src/icm20948-python/examples) by extensions ['ignore', 'ignore_ament_install']
[1.059s] Level 1:colcon.colcon_core.package_identification:_identify(src/icm20948-python/examples) by extension 'ignore'
[1.059s] Level 1:colcon.colcon_core.package_identification:_identify(src/icm20948-python/examples) by extension 'ignore_ament_install'
[1.059s] Level 1:colcon.colcon_core.package_identification:_identify(src/icm20948-python/examples) by extensions ['colcon_pkg']
[1.059s] Level 1:colcon.colcon_core.package_identification:_identify(src/icm20948-python/examples) by extension 'colcon_pkg'
[1.059s] Level 1:colcon.colcon_core.package_identification:_identify(src/icm20948-python/examples) by extensions ['colcon_meta']
[1.059s] Level 1:colcon.colcon_core.package_identification:_identify(src/icm20948-python/examples) by extension 'colcon_meta'
[1.059s] Level 1:colcon.colcon_core.package_identification:_identify(src/icm20948-python/examples) by extensions ['ros']
[1.059s] Level 1:colcon.colcon_core.package_identification:_identify(src/icm20948-python/examples) by extension 'ros'
[1.060s] Level 1:colcon.colcon_core.package_identification:_identify(src/icm20948-python/examples) by extensions ['cmake', 'python']
[1.060s] Level 1:colcon.colcon_core.package_identification:_identify(src/icm20948-python/examples) by extension 'cmake'
[1.060s] Level 1:colcon.colcon_core.package_identification:_identify(src/icm20948-python/examples) by extension 'python'
[1.060s] Level 1:colcon.colcon_core.package_identification:_identify(src/icm20948-python/examples) by extensions ['python_setup_py']
[1.060s] Level 1:colcon.colcon_core.package_identification:_identify(src/icm20948-python/examples) by extension 'python_setup_py'
[1.060s] Level 1:colcon.colcon_core.package_identification:_identify(src/icm20948-python/icm20948) by extensions ['ignore', 'ignore_ament_install']
[1.060s] Level 1:colcon.colcon_core.package_identification:_identify(src/icm20948-python/icm20948) by extension 'ignore'
[1.060s] Level 1:colcon.colcon_core.package_identification:_identify(src/icm20948-python/icm20948) by extension 'ignore_ament_install'
[1.060s] Level 1:colcon.colcon_core.package_identification:_identify(src/icm20948-python/icm20948) by extensions ['colcon_pkg']
[1.060s] Level 1:colcon.colcon_core.package_identification:_identify(src/icm20948-python/icm20948) by extension 'colcon_pkg'
[1.060s] Level 1:colcon.colcon_core.package_identification:_identify(src/icm20948-python/icm20948) by extensions ['colcon_meta']
[1.060s] Level 1:colcon.colcon_core.package_identification:_identify(src/icm20948-python/icm20948) by extension 'colcon_meta'
[1.060s] Level 1:colcon.colcon_core.package_identification:_identify(src/icm20948-python/icm20948) by extensions ['ros']
[1.060s] Level 1:colcon.colcon_core.package_identification:_identify(src/icm20948-python/icm20948) by extension 'ros'
[1.060s] Level 1:colcon.colcon_core.package_identification:_identify(src/icm20948-python/icm20948) by extensions ['cmake', 'python']
[1.060s] Level 1:colcon.colcon_core.package_identification:_identify(src/icm20948-python/icm20948) by extension 'cmake'
[1.060s] Level 1:colcon.colcon_core.package_identification:_identify(src/icm20948-python/icm20948) by extension 'python'
[1.060s] Level 1:colcon.colcon_core.package_identification:_identify(src/icm20948-python/icm20948) by extensions ['python_setup_py']
[1.060s] Level 1:colcon.colcon_core.package_identification:_identify(src/icm20948-python/icm20948) by extension 'python_setup_py'
[1.060s] Level 1:colcon.colcon_core.package_identification:_identify(src/icm20948-python/tests) by extensions ['ignore', 'ignore_ament_install']
[1.061s] Level 1:colcon.colcon_core.package_identification:_identify(src/icm20948-python/tests) by extension 'ignore'
[1.061s] Level 1:colcon.colcon_core.package_identification:_identify(src/icm20948-python/tests) by extension 'ignore_ament_install'
[1.061s] Level 1:colcon.colcon_core.package_identification:_identify(src/icm20948-python/tests) by extensions ['colcon_pkg']
[1.061s] Level 1:colcon.colcon_core.package_identification:_identify(src/icm20948-python/tests) by extension 'colcon_pkg'
[1.061s] Level 1:colcon.colcon_core.package_identification:_identify(src/icm20948-python/tests) by extensions ['colcon_meta']
[1.061s] Level 1:colcon.colcon_core.package_identification:_identify(src/icm20948-python/tests) by extension 'colcon_meta'
[1.061s] Level 1:colcon.colcon_core.package_identification:_identify(src/icm20948-python/tests) by extensions ['ros']
[1.061s] Level 1:colcon.colcon_core.package_identification:_identify(src/icm20948-python/tests) by extension 'ros'
[1.061s] Level 1:colcon.colcon_core.package_identification:_identify(src/icm20948-python/tests) by extensions ['cmake', 'python']
[1.061s] Level 1:colcon.colcon_core.package_identification:_identify(src/icm20948-python/tests) by extension 'cmake'
[1.061s] Level 1:colcon.colcon_core.package_identification:_identify(src/icm20948-python/tests) by extension 'python'
[1.061s] Level 1:colcon.colcon_core.package_identification:_identify(src/icm20948-python/tests) by extensions ['python_setup_py']
[1.061s] Level 1:colcon.colcon_core.package_identification:_identify(src/icm20948-python/tests) by extension 'python_setup_py'
[1.061s] Level 1:colcon.colcon_core.package_identification:_identify(src/icm20948-ros2) by extensions ['ignore', 'ignore_ament_install']
[1.061s] Level 1:colcon.colcon_core.package_identification:_identify(src/icm20948-ros2) by extension 'ignore'
[1.061s] Level 1:colcon.colcon_core.package_identification:_identify(src/icm20948-ros2) by extension 'ignore_ament_install'
[1.061s] Level 1:colcon.colcon_core.package_identification:_identify(src/icm20948-ros2) by extensions ['colcon_pkg']
[1.061s] Level 1:colcon.colcon_core.package_identification:_identify(src/icm20948-ros2) by extension 'colcon_pkg'
[1.061s] Level 1:colcon.colcon_core.package_identification:_identify(src/icm20948-ros2) by extensions ['colcon_meta']
[1.061s] Level 1:colcon.colcon_core.package_identification:_identify(src/icm20948-ros2) by extension 'colcon_meta'
[1.062s] Level 1:colcon.colcon_core.package_identification:_identify(src/icm20948-ros2) by extensions ['ros']
[1.062s] Level 1:colcon.colcon_core.package_identification:_identify(src/icm20948-ros2) by extension 'ros'
[1.063s] DEBUG:colcon.colcon_core.package_identification:Package 'src/icm20948-ros2' with type 'ros.ament_python' and name 'icm20948_ros2'
[1.064s] Level 1:colcon.colcon_core.package_identification:_identify(src/localization) by extensions ['ignore', 'ignore_ament_install']
[1.064s] Level 1:colcon.colcon_core.package_identification:_identify(src/localization) by extension 'ignore'
[1.064s] Level 1:colcon.colcon_core.package_identification:_identify(src/localization) by extension 'ignore_ament_install'
[1.064s] Level 1:colcon.colcon_core.package_identification:_identify(src/localization) by extensions ['colcon_pkg']
[1.064s] Level 1:colcon.colcon_core.package_identification:_identify(src/localization) by extension 'colcon_pkg'
[1.064s] Level 1:colcon.colcon_core.package_identification:_identify(src/localization) by extensions ['colcon_meta']
[1.064s] Level 1:colcon.colcon_core.package_identification:_identify(src/localization) by extension 'colcon_meta'
[1.064s] Level 1:colcon.colcon_core.package_identification:_identify(src/localization) by extensions ['ros']
[1.064s] Level 1:colcon.colcon_core.package_identification:_identify(src/localization) by extension 'ros'
[1.065s] DEBUG:colcon.colcon_core.package_identification:Package 'src/localization' with type 'ros.ament_cmake' and name 'localization'
[1.066s] Level 1:colcon.colcon_core.package_identification:_identify(src/main_brain) by extensions ['ignore', 'ignore_ament_install']
[1.066s] Level 1:colcon.colcon_core.package_identification:_identify(src/main_brain) by extension 'ignore'
[1.066s] Level 1:colcon.colcon_core.package_identification:_identify(src/main_brain) by extension 'ignore_ament_install'
[1.066s] Level 1:colcon.colcon_core.package_identification:_identify(src/main_brain) by extensions ['colcon_pkg']
[1.066s] Level 1:colcon.colcon_core.package_identification:_identify(src/main_brain) by extension 'colcon_pkg'
[1.066s] Level 1:colcon.colcon_core.package_identification:_identify(src/main_brain) by extensions ['colcon_meta']
[1.066s] Level 1:colcon.colcon_core.package_identification:_identify(src/main_brain) by extension 'colcon_meta'
[1.066s] Level 1:colcon.colcon_core.package_identification:_identify(src/main_brain) by extensions ['ros']
[1.066s] Level 1:colcon.colcon_core.package_identification:_identify(src/main_brain) by extension 'ros'
[1.068s] DEBUG:colcon.colcon_core.package_identification:Package 'src/main_brain' with type 'ros.ament_cmake' and name 'main_brain'
[1.069s] Level 1:colcon.colcon_core.package_identification:_identify(src/navigation) by extensions ['ignore', 'ignore_ament_install']
[1.069s] Level 1:colcon.colcon_core.package_identification:_identify(src/navigation) by extension 'ignore'
[1.069s] Level 1:colcon.colcon_core.package_identification:_identify(src/navigation) by extension 'ignore_ament_install'
[1.069s] Level 1:colcon.colcon_core.package_identification:_identify(src/navigation) by extensions ['colcon_pkg']
[1.069s] Level 1:colcon.colcon_core.package_identification:_identify(src/navigation) by extension 'colcon_pkg'
[1.069s] Level 1:colcon.colcon_core.package_identification:_identify(src/navigation) by extensions ['colcon_meta']
[1.069s] Level 1:colcon.colcon_core.package_identification:_identify(src/navigation) by extension 'colcon_meta'
[1.069s] Level 1:colcon.colcon_core.package_identification:_identify(src/navigation) by extensions ['ros']
[1.069s] Level 1:colcon.colcon_core.package_identification:_identify(src/navigation) by extension 'ros'
[1.071s] DEBUG:colcon.colcon_core.package_identification:Package 'src/navigation' with type 'ros.ament_cmake' and name 'navigation'
[1.072s] Level 1:colcon.colcon_core.package_identification:_identify(src/rf2o_laser_odometry) by extensions ['ignore', 'ignore_ament_install']
[1.072s] Level 1:colcon.colcon_core.package_identification:_identify(src/rf2o_laser_odometry) by extension 'ignore'
[1.072s] Level 1:colcon.colcon_core.package_identification:_identify(src/rf2o_laser_odometry) by extension 'ignore_ament_install'
[1.072s] Level 1:colcon.colcon_core.package_identification:_identify(src/rf2o_laser_odometry) by extensions ['colcon_pkg']
[1.072s] Level 1:colcon.colcon_core.package_identification:_identify(src/rf2o_laser_odometry) by extension 'colcon_pkg'
[1.072s] Level 1:colcon.colcon_core.package_identification:_identify(src/rf2o_laser_odometry) by extensions ['colcon_meta']
[1.072s] Level 1:colcon.colcon_core.package_identification:_identify(src/rf2o_laser_odometry) by extension 'colcon_meta'
[1.072s] Level 1:colcon.colcon_core.package_identification:_identify(src/rf2o_laser_odometry) by extensions ['ros']
[1.072s] Level 1:colcon.colcon_core.package_identification:_identify(src/rf2o_laser_odometry) by extension 'ros'
[1.073s] DEBUG:colcon.colcon_core.package_identification:Package 'src/rf2o_laser_odometry' with type 'ros.ament_cmake' and name 'rf2o_laser_odometry'
[1.073s] Level 1:colcon.colcon_core.package_identification:_identify(src/robot_bringup) by extensions ['ignore', 'ignore_ament_install']
[1.073s] Level 1:colcon.colcon_core.package_identification:_identify(src/robot_bringup) by extension 'ignore'
[1.073s] Level 1:colcon.colcon_core.package_identification:_identify(src/robot_bringup) by extension 'ignore_ament_install'
[1.073s] Level 1:colcon.colcon_core.package_identification:_identify(src/robot_bringup) by extensions ['colcon_pkg']
[1.073s] Level 1:colcon.colcon_core.package_identification:_identify(src/robot_bringup) by extension 'colcon_pkg'
[1.074s] Level 1:colcon.colcon_core.package_identification:_identify(src/robot_bringup) by extensions ['colcon_meta']
[1.074s] Level 1:colcon.colcon_core.package_identification:_identify(src/robot_bringup) by extension 'colcon_meta'
[1.074s] Level 1:colcon.colcon_core.package_identification:_identify(src/robot_bringup) by extensions ['ros']
[1.074s] Level 1:colcon.colcon_core.package_identification:_identify(src/robot_bringup) by extension 'ros'
[1.075s] DEBUG:colcon.colcon_core.package_identification:Package 'src/robot_bringup' with type 'ros.ament_cmake' and name 'robot_bringup'
[1.075s] Level 1:colcon.colcon_core.package_identification:_identify(src/robot_description) by extensions ['ignore', 'ignore_ament_install']
[1.075s] Level 1:colcon.colcon_core.package_identification:_identify(src/robot_description) by extension 'ignore'
[1.075s] Level 1:colcon.colcon_core.package_identification:_identify(src/robot_description) by extension 'ignore_ament_install'
[1.075s] Level 1:colcon.colcon_core.package_identification:_identify(src/robot_description) by extensions ['colcon_pkg']
[1.075s] Level 1:colcon.colcon_core.package_identification:_identify(src/robot_description) by extension 'colcon_pkg'
[1.075s] Level 1:colcon.colcon_core.package_identification:_identify(src/robot_description) by extensions ['colcon_meta']
[1.075s] Level 1:colcon.colcon_core.package_identification:_identify(src/robot_description) by extension 'colcon_meta'
[1.076s] Level 1:colcon.colcon_core.package_identification:_identify(src/robot_description) by extensions ['ros']
[1.076s] Level 1:colcon.colcon_core.package_identification:_identify(src/robot_description) by extension 'ros'
[1.076s] DEBUG:colcon.colcon_core.package_identification:Package 'src/robot_description' with type 'ros.ament_cmake' and name 'robot_description'
[1.076s] Level 1:colcon.colcon_core.package_identification:_identify(src/sensor_fusion_pkg) by extensions ['ignore', 'ignore_ament_install']
[1.076s] Level 1:colcon.colcon_core.package_identification:_identify(src/sensor_fusion_pkg) by extension 'ignore'
[1.076s] Level 1:colcon.colcon_core.package_identification:_identify(src/sensor_fusion_pkg) by extension 'ignore_ament_install'
[1.076s] Level 1:colcon.colcon_core.package_identification:_identify(src/sensor_fusion_pkg) by extensions ['colcon_pkg']
[1.076s] Level 1:colcon.colcon_core.package_identification:_identify(src/sensor_fusion_pkg) by extension 'colcon_pkg'
[1.076s] Level 1:colcon.colcon_core.package_identification:_identify(src/sensor_fusion_pkg) by extensions ['colcon_meta']
[1.076s] Level 1:colcon.colcon_core.package_identification:_identify(src/sensor_fusion_pkg) by extension 'colcon_meta'
[1.077s] Level 1:colcon.colcon_core.package_identification:_identify(src/sensor_fusion_pkg) by extensions ['ros']
[1.077s] Level 1:colcon.colcon_core.package_identification:_identify(src/sensor_fusion_pkg) by extension 'ros'
[1.077s] Level 1:colcon.colcon_core.package_identification:_identify(src/sensor_fusion_pkg) by extensions ['cmake', 'python']
[1.077s] Level 1:colcon.colcon_core.package_identification:_identify(src/sensor_fusion_pkg) by extension 'cmake'
[1.077s] Level 1:colcon.colcon_core.package_identification:_identify(src/sensor_fusion_pkg) by extension 'python'
[1.077s] Level 1:colcon.colcon_core.package_identification:_identify(src/sensor_fusion_pkg) by extensions ['python_setup_py']
[1.077s] Level 1:colcon.colcon_core.package_identification:_identify(src/sensor_fusion_pkg) by extension 'python_setup_py'
[1.078s] Level 1:colcon.colcon_core.package_identification:_identify(src/sensor_fusion_pkg/sensor_fusion_pkg) by extensions ['ignore', 'ignore_ament_install']
[1.078s] Level 1:colcon.colcon_core.package_identification:_identify(src/sensor_fusion_pkg/sensor_fusion_pkg) by extension 'ignore'
[1.078s] Level 1:colcon.colcon_core.package_identification:_identify(src/sensor_fusion_pkg/sensor_fusion_pkg) by extension 'ignore_ament_install'
[1.078s] Level 1:colcon.colcon_core.package_identification:_identify(src/sensor_fusion_pkg/sensor_fusion_pkg) by extensions ['colcon_pkg']
[1.078s] Level 1:colcon.colcon_core.package_identification:_identify(src/sensor_fusion_pkg/sensor_fusion_pkg) by extension 'colcon_pkg'
[1.078s] Level 1:colcon.colcon_core.package_identification:_identify(src/sensor_fusion_pkg/sensor_fusion_pkg) by extensions ['colcon_meta']
[1.078s] Level 1:colcon.colcon_core.package_identification:_identify(src/sensor_fusion_pkg/sensor_fusion_pkg) by extension 'colcon_meta'
[1.078s] Level 1:colcon.colcon_core.package_identification:_identify(src/sensor_fusion_pkg/sensor_fusion_pkg) by extensions ['ros']
[1.079s] Level 1:colcon.colcon_core.package_identification:_identify(src/sensor_fusion_pkg/sensor_fusion_pkg) by extension 'ros'
[1.079s] Level 1:colcon.colcon_core.package_identification:_identify(src/sensor_fusion_pkg/sensor_fusion_pkg) by extensions ['cmake', 'python']
[1.079s] Level 1:colcon.colcon_core.package_identification:_identify(src/sensor_fusion_pkg/sensor_fusion_pkg) by extension 'cmake'
[1.079s] Level 1:colcon.colcon_core.package_identification:_identify(src/sensor_fusion_pkg/sensor_fusion_pkg) by extension 'python'
[1.079s] Level 1:colcon.colcon_core.package_identification:_identify(src/sensor_fusion_pkg/sensor_fusion_pkg) by extensions ['python_setup_py']
[1.079s] Level 1:colcon.colcon_core.package_identification:_identify(src/sensor_fusion_pkg/sensor_fusion_pkg) by extension 'python_setup_py'
[1.079s] Level 1:colcon.colcon_core.package_identification:_identify(src/sensor_fusion_pkg/sensor_fusion_pkg/__pycache__) by extensions ['ignore', 'ignore_ament_install']
[1.079s] Level 1:colcon.colcon_core.package_identification:_identify(src/sensor_fusion_pkg/sensor_fusion_pkg/__pycache__) by extension 'ignore'
[1.079s] Level 1:colcon.colcon_core.package_identification:_identify(src/sensor_fusion_pkg/sensor_fusion_pkg/__pycache__) by extension 'ignore_ament_install'
[1.079s] Level 1:colcon.colcon_core.package_identification:_identify(src/sensor_fusion_pkg/sensor_fusion_pkg/__pycache__) by extensions ['colcon_pkg']
[1.079s] Level 1:colcon.colcon_core.package_identification:_identify(src/sensor_fusion_pkg/sensor_fusion_pkg/__pycache__) by extension 'colcon_pkg'
[1.079s] Level 1:colcon.colcon_core.package_identification:_identify(src/sensor_fusion_pkg/sensor_fusion_pkg/__pycache__) by extensions ['colcon_meta']
[1.079s] Level 1:colcon.colcon_core.package_identification:_identify(src/sensor_fusion_pkg/sensor_fusion_pkg/__pycache__) by extension 'colcon_meta'
[1.079s] Level 1:colcon.colcon_core.package_identification:_identify(src/sensor_fusion_pkg/sensor_fusion_pkg/__pycache__) by extensions ['ros']
[1.079s] Level 1:colcon.colcon_core.package_identification:_identify(src/sensor_fusion_pkg/sensor_fusion_pkg/__pycache__) by extension 'ros'
[1.079s] Level 1:colcon.colcon_core.package_identification:_identify(src/sensor_fusion_pkg/sensor_fusion_pkg/__pycache__) by extensions ['cmake', 'python']
[1.079s] Level 1:colcon.colcon_core.package_identification:_identify(src/sensor_fusion_pkg/sensor_fusion_pkg/__pycache__) by extension 'cmake'
[1.079s] Level 1:colcon.colcon_core.package_identification:_identify(src/sensor_fusion_pkg/sensor_fusion_pkg/__pycache__) by extension 'python'
[1.079s] Level 1:colcon.colcon_core.package_identification:_identify(src/sensor_fusion_pkg/sensor_fusion_pkg/__pycache__) by extensions ['python_setup_py']
[1.079s] Level 1:colcon.colcon_core.package_identification:_identify(src/sensor_fusion_pkg/sensor_fusion_pkg/__pycache__) by extension 'python_setup_py'
[1.080s] Level 1:colcon.colcon_core.package_identification:_identify(src/shooting) by extensions ['ignore', 'ignore_ament_install']
[1.080s] Level 1:colcon.colcon_core.package_identification:_identify(src/shooting) by extension 'ignore'
[1.080s] Level 1:colcon.colcon_core.package_identification:_identify(src/shooting) by extension 'ignore_ament_install'
[1.080s] Level 1:colcon.colcon_core.package_identification:_identify(src/shooting) by extensions ['colcon_pkg']
[1.080s] Level 1:colcon.colcon_core.package_identification:_identify(src/shooting) by extension 'colcon_pkg'
[1.080s] Level 1:colcon.colcon_core.package_identification:_identify(src/shooting) by extensions ['colcon_meta']
[1.080s] Level 1:colcon.colcon_core.package_identification:_identify(src/shooting) by extension 'colcon_meta'
[1.080s] Level 1:colcon.colcon_core.package_identification:_identify(src/shooting) by extensions ['ros']
[1.080s] Level 1:colcon.colcon_core.package_identification:_identify(src/shooting) by extension 'ros'
[1.081s] DEBUG:colcon.colcon_core.package_identification:Package 'src/shooting' with type 'ros.ament_cmake' and name 'shooting'
[1.082s] Level 1:colcon.colcon_core.package_identification:_identify(src/tactical_brain) by extensions ['ignore', 'ignore_ament_install']
[1.082s] Level 1:colcon.colcon_core.package_identification:_identify(src/tactical_brain) by extension 'ignore'
[1.082s] Level 1:colcon.colcon_core.package_identification:_identify(src/tactical_brain) by extension 'ignore_ament_install'
[1.082s] Level 1:colcon.colcon_core.package_identification:_identify(src/tactical_brain) by extensions ['colcon_pkg']
[1.082s] Level 1:colcon.colcon_core.package_identification:_identify(src/tactical_brain) by extension 'colcon_pkg'
[1.082s] Level 1:colcon.colcon_core.package_identification:_identify(src/tactical_brain) by extensions ['colcon_meta']
[1.082s] Level 1:colcon.colcon_core.package_identification:_identify(src/tactical_brain) by extension 'colcon_meta'
[1.082s] Level 1:colcon.colcon_core.package_identification:_identify(src/tactical_brain) by extensions ['ros']
[1.082s] Level 1:colcon.colcon_core.package_identification:_identify(src/tactical_brain) by extension 'ros'
[1.083s] DEBUG:colcon.colcon_core.package_identification:Package 'src/tactical_brain' with type 'ros.ament_python' and name 'tactical_brain'
[1.083s] Level 1:colcon.colcon_core.package_identification:_identify(src/telemetry_data) by extensions ['ignore', 'ignore_ament_install']
[1.083s] Level 1:colcon.colcon_core.package_identification:_identify(src/telemetry_data) by extension 'ignore'
[1.083s] Level 1:colcon.colcon_core.package_identification:_identify(src/telemetry_data) by extension 'ignore_ament_install'
[1.083s] Level 1:colcon.colcon_core.package_identification:_identify(src/telemetry_data) by extensions ['colcon_pkg']
[1.084s] Level 1:colcon.colcon_core.package_identification:_identify(src/telemetry_data) by extension 'colcon_pkg'
[1.084s] Level 1:colcon.colcon_core.package_identification:_identify(src/telemetry_data) by extensions ['colcon_meta']
[1.084s] Level 1:colcon.colcon_core.package_identification:_identify(src/telemetry_data) by extension 'colcon_meta'
[1.084s] Level 1:colcon.colcon_core.package_identification:_identify(src/telemetry_data) by extensions ['ros']
[1.084s] Level 1:colcon.colcon_core.package_identification:_identify(src/telemetry_data) by extension 'ros'
[1.084s] DEBUG:colcon.colcon_core.package_identification:Package 'src/telemetry_data' with type 'ros.ament_cmake' and name 'telemetry_data'
[1.085s] Level 1:colcon.colcon_core.package_identification:_identify(src/ydlidar_ros2_driver) by extensions ['ignore', 'ignore_ament_install']
[1.085s] Level 1:colcon.colcon_core.package_identification:_identify(src/ydlidar_ros2_driver) by extension 'ignore'
[1.085s] Level 1:colcon.colcon_core.package_identification:_identify(src/ydlidar_ros2_driver) by extension 'ignore_ament_install'
[1.085s] Level 1:colcon.colcon_core.package_identification:_identify(src/ydlidar_ros2_driver) by extensions ['colcon_pkg']
[1.085s] Level 1:colcon.colcon_core.package_identification:_identify(src/ydlidar_ros2_driver) by extension 'colcon_pkg'
[1.085s] Level 1:colcon.colcon_core.package_identification:_identify(src/ydlidar_ros2_driver) by extensions ['colcon_meta']
[1.085s] Level 1:colcon.colcon_core.package_identification:_identify(src/ydlidar_ros2_driver) by extension 'colcon_meta'
[1.085s] Level 1:colcon.colcon_core.package_identification:_identify(src/ydlidar_ros2_driver) by extensions ['ros']
[1.085s] Level 1:colcon.colcon_core.package_identification:_identify(src/ydlidar_ros2_driver) by extension 'ros'
[1.086s] DEBUG:colcon.colcon_core.package_identification:Package 'src/ydlidar_ros2_driver' with type 'ros.ament_cmake' and name 'ydlidar_ros2_driver'
[1.086s] Level 1:colcon.colcon_core.package_discovery:discover_packages(recursive) using defaults
[1.086s] Level 1:colcon.colcon_core.package_discovery:discover_packages(ignore) discover
[1.086s] Level 1:colcon.colcon_core.package_discovery:discover_packages(ignore) using defaults
[1.086s] Level 1:colcon.colcon_core.package_discovery:discover_packages(path) discover
[1.086s] Level 1:colcon.colcon_core.package_discovery:discover_packages(path) using defaults
[1.152s] Level 5:colcon.colcon_core.verb:set package 'ai_vision' build argument 'cmake_args' from command line to 'None'
[1.152s] Level 5:colcon.colcon_core.verb:set package 'ai_vision' build argument 'cmake_target' from command line to 'None'
[1.152s] Level 5:colcon.colcon_core.verb:set package 'ai_vision' build argument 'cmake_target_skip_unavailable' from command line to 'False'
[1.152s] Level 5:colcon.colcon_core.verb:set package 'ai_vision' build argument 'cmake_clean_cache' from command line to 'False'
[1.152s] Level 5:colcon.colcon_core.verb:set package 'ai_vision' build argument 'cmake_clean_first' from command line to 'False'
[1.152s] Level 5:colcon.colcon_core.verb:set package 'ai_vision' build argument 'cmake_force_configure' from command line to 'False'
[1.152s] Level 5:colcon.colcon_core.verb:set package 'ai_vision' build argument 'ament_cmake_args' from command line to 'None'
[1.152s] Level 5:colcon.colcon_core.verb:set package 'ai_vision' build argument 'catkin_cmake_args' from command line to 'None'
[1.152s] Level 5:colcon.colcon_core.verb:set package 'ai_vision' build argument 'catkin_skip_building_tests' from command line to 'False'
[1.152s] DEBUG:colcon.colcon_core.verb:Building package 'ai_vision' with the following arguments: {'ament_cmake_args': None, 'build_base': '/ros2_ws/build/ai_vision', 'catkin_cmake_args': None, 'catkin_skip_building_tests': False, 'cmake_args': None, 'cmake_clean_cache': False, 'cmake_clean_first': False, 'cmake_force_configure': False, 'cmake_target': None, 'cmake_target_skip_unavailable': False, 'install_base': '/ros2_ws/install/ai_vision', 'merge_install': False, 'path': '/ros2_ws/src/ai_vision', 'symlink_install': True, 'test_result_base': None}
[1.153s] Level 5:colcon.colcon_core.verb:set package 'foxglove' build argument 'cmake_args' from command line to 'None'
[1.153s] Level 5:colcon.colcon_core.verb:set package 'foxglove' build argument 'cmake_target' from command line to 'None'
[1.153s] Level 5:colcon.colcon_core.verb:set package 'foxglove' build argument 'cmake_target_skip_unavailable' from command line to 'False'
[1.153s] Level 5:colcon.colcon_core.verb:set package 'foxglove' build argument 'cmake_clean_cache' from command line to 'False'
[1.153s] Level 5:colcon.colcon_core.verb:set package 'foxglove' build argument 'cmake_clean_first' from command line to 'False'
[1.153s] Level 5:colcon.colcon_core.verb:set package 'foxglove' build argument 'cmake_force_configure' from command line to 'False'
[1.153s] Level 5:colcon.colcon_core.verb:set package 'foxglove' build argument 'ament_cmake_args' from command line to 'None'
[1.153s] Level 5:colcon.colcon_core.verb:set package 'foxglove' build argument 'catkin_cmake_args' from command line to 'None'
[1.153s] Level 5:colcon.colcon_core.verb:set package 'foxglove' build argument 'catkin_skip_building_tests' from command line to 'False'
[1.153s] DEBUG:colcon.colcon_core.verb:Building package 'foxglove' with the following arguments: {'ament_cmake_args': None, 'build_base': '/ros2_ws/build/foxglove', 'catkin_cmake_args': None, 'catkin_skip_building_tests': False, 'cmake_args': None, 'cmake_clean_cache': False, 'cmake_clean_first': False, 'cmake_force_configure': False, 'cmake_target': None, 'cmake_target_skip_unavailable': False, 'install_base': '/ros2_ws/install/foxglove', 'merge_install': False, 'path': '/ros2_ws/src/foxglove', 'symlink_install': True, 'test_result_base': None}
[1.153s] Level 5:colcon.colcon_core.verb:set package 'hardware' build argument 'cmake_args' from command line to 'None'
[1.153s] Level 5:colcon.colcon_core.verb:set package 'hardware' build argument 'cmake_target' from command line to 'None'
[1.153s] Level 5:colcon.colcon_core.verb:set package 'hardware' build argument 'cmake_target_skip_unavailable' from command line to 'False'
[1.153s] Level 5:colcon.colcon_core.verb:set package 'hardware' build argument 'cmake_clean_cache' from command line to 'False'
[1.153s] Level 5:colcon.colcon_core.verb:set package 'hardware' build argument 'cmake_clean_first' from command line to 'False'
[1.153s] Level 5:colcon.colcon_core.verb:set package 'hardware' build argument 'cmake_force_configure' from command line to 'False'
[1.153s] Level 5:colcon.colcon_core.verb:set package 'hardware' build argument 'ament_cmake_args' from command line to 'None'
[1.153s] Level 5:colcon.colcon_core.verb:set package 'hardware' build argument 'catkin_cmake_args' from command line to 'None'
[1.153s] Level 5:colcon.colcon_core.verb:set package 'hardware' build argument 'catkin_skip_building_tests' from command line to 'False'
[1.153s] DEBUG:colcon.colcon_core.verb:Building package 'hardware' with the following arguments: {'ament_cmake_args': None, 'build_base': '/ros2_ws/build/hardware', 'catkin_cmake_args': None, 'catkin_skip_building_tests': False, 'cmake_args': None, 'cmake_clean_cache': False, 'cmake_clean_first': False, 'cmake_force_configure': False, 'cmake_target': None, 'cmake_target_skip_unavailable': False, 'install_base': '/ros2_ws/install/hardware', 'merge_install': False, 'path': '/ros2_ws/src/hardware', 'symlink_install': True, 'test_result_base': None}
[1.154s] Level 5:colcon.colcon_core.verb:set package 'icm20948_ros2' build argument 'cmake_args' from command line to 'None'
[1.154s] Level 5:colcon.colcon_core.verb:set package 'icm20948_ros2' build argument 'cmake_target' from command line to 'None'
[1.154s] Level 5:colcon.colcon_core.verb:set package 'icm20948_ros2' build argument 'cmake_target_skip_unavailable' from command line to 'False'
[1.154s] Level 5:colcon.colcon_core.verb:set package 'icm20948_ros2' build argument 'cmake_clean_cache' from command line to 'False'
[1.154s] Level 5:colcon.colcon_core.verb:set package 'icm20948_ros2' build argument 'cmake_clean_first' from command line to 'False'
[1.154s] Level 5:colcon.colcon_core.verb:set package 'icm20948_ros2' build argument 'cmake_force_configure' from command line to 'False'
[1.154s] Level 5:colcon.colcon_core.verb:set package 'icm20948_ros2' build argument 'ament_cmake_args' from command line to 'None'
[1.154s] Level 5:colcon.colcon_core.verb:set package 'icm20948_ros2' build argument 'catkin_cmake_args' from command line to 'None'
[1.154s] Level 5:colcon.colcon_core.verb:set package 'icm20948_ros2' build argument 'catkin_skip_building_tests' from command line to 'False'
[1.154s] DEBUG:colcon.colcon_core.verb:Building package 'icm20948_ros2' with the following arguments: {'ament_cmake_args': None, 'build_base': '/ros2_ws/build/icm20948_ros2', 'catkin_cmake_args': None, 'catkin_skip_building_tests': False, 'cmake_args': None, 'cmake_clean_cache': False, 'cmake_clean_first': False, 'cmake_force_configure': False, 'cmake_target': None, 'cmake_target_skip_unavailable': False, 'install_base': '/ros2_ws/install/icm20948_ros2', 'merge_install': False, 'path': '/ros2_ws/src/icm20948-ros2', 'symlink_install': True, 'test_result_base': None}
[1.154s] Level 5:colcon.colcon_core.verb:set package 'main_brain' build argument 'cmake_args' from command line to 'None'
[1.154s] Level 5:colcon.colcon_core.verb:set package 'main_brain' build argument 'cmake_target' from command line to 'None'
[1.154s] Level 5:colcon.colcon_core.verb:set package 'main_brain' build argument 'cmake_target_skip_unavailable' from command line to 'False'
[1.154s] Level 5:colcon.colcon_core.verb:set package 'main_brain' build argument 'cmake_clean_cache' from command line to 'False'
[1.154s] Level 5:colcon.colcon_core.verb:set package 'main_brain' build argument 'cmake_clean_first' from command line to 'False'
[1.154s] Level 5:colcon.colcon_core.verb:set package 'main_brain' build argument 'cmake_force_configure' from command line to 'False'
[1.154s] Level 5:colcon.colcon_core.verb:set package 'main_brain' build argument 'ament_cmake_args' from command line to 'None'
[1.154s] Level 5:colcon.colcon_core.verb:set package 'main_brain' build argument 'catkin_cmake_args' from command line to 'None'
[1.155s] Level 5:colcon.colcon_core.verb:set package 'main_brain' build argument 'catkin_skip_building_tests' from command line to 'False'
[1.155s] DEBUG:colcon.colcon_core.verb:Building package 'main_brain' with the following arguments: {'ament_cmake_args': None, 'build_base': '/ros2_ws/build/main_brain', 'catkin_cmake_args': None, 'catkin_skip_building_tests': False, 'cmake_args': None, 'cmake_clean_cache': False, 'cmake_clean_first': False, 'cmake_force_configure': False, 'cmake_target': None, 'cmake_target_skip_unavailable': False, 'install_base': '/ros2_ws/install/main_brain', 'merge_install': False, 'path': '/ros2_ws/src/main_brain', 'symlink_install': True, 'test_result_base': None}
[1.155s] Level 5:colcon.colcon_core.verb:set package 'navigation' build argument 'cmake_args' from command line to 'None'
[1.155s] Level 5:colcon.colcon_core.verb:set package 'navigation' build argument 'cmake_target' from command line to 'None'
[1.155s] Level 5:colcon.colcon_core.verb:set package 'navigation' build argument 'cmake_target_skip_unavailable' from command line to 'False'
[1.155s] Level 5:colcon.colcon_core.verb:set package 'navigation' build argument 'cmake_clean_cache' from command line to 'False'
[1.155s] Level 5:colcon.colcon_core.verb:set package 'navigation' build argument 'cmake_clean_first' from command line to 'False'
[1.155s] Level 5:colcon.colcon_core.verb:set package 'navigation' build argument 'cmake_force_configure' from command line to 'False'
[1.155s] Level 5:colcon.colcon_core.verb:set package 'navigation' build argument 'ament_cmake_args' from command line to 'None'
[1.155s] Level 5:colcon.colcon_core.verb:set package 'navigation' build argument 'catkin_cmake_args' from command line to 'None'
[1.155s] Level 5:colcon.colcon_core.verb:set package 'navigation' build argument 'catkin_skip_building_tests' from command line to 'False'
[1.155s] DEBUG:colcon.colcon_core.verb:Building package 'navigation' with the following arguments: {'ament_cmake_args': None, 'build_base': '/ros2_ws/build/navigation', 'catkin_cmake_args': None, 'catkin_skip_building_tests': False, 'cmake_args': None, 'cmake_clean_cache': False, 'cmake_clean_first': False, 'cmake_force_configure': False, 'cmake_target': None, 'cmake_target_skip_unavailable': False, 'install_base': '/ros2_ws/install/navigation', 'merge_install': False, 'path': '/ros2_ws/src/navigation', 'symlink_install': True, 'test_result_base': None}
[1.155s] Level 5:colcon.colcon_core.verb:set package 'rf2o_laser_odometry' build argument 'cmake_args' from command line to 'None'
[1.155s] Level 5:colcon.colcon_core.verb:set package 'rf2o_laser_odometry' build argument 'cmake_target' from command line to 'None'
[1.156s] Level 5:colcon.colcon_core.verb:set package 'rf2o_laser_odometry' build argument 'cmake_target_skip_unavailable' from command line to 'False'
[1.156s] Level 5:colcon.colcon_core.verb:set package 'rf2o_laser_odometry' build argument 'cmake_clean_cache' from command line to 'False'
[1.156s] Level 5:colcon.colcon_core.verb:set package 'rf2o_laser_odometry' build argument 'cmake_clean_first' from command line to 'False'
[1.156s] Level 5:colcon.colcon_core.verb:set package 'rf2o_laser_odometry' build argument 'cmake_force_configure' from command line to 'False'
[1.156s] Level 5:colcon.colcon_core.verb:set package 'rf2o_laser_odometry' build argument 'ament_cmake_args' from command line to 'None'
[1.156s] Level 5:colcon.colcon_core.verb:set package 'rf2o_laser_odometry' build argument 'catkin_cmake_args' from command line to 'None'
[1.156s] Level 5:colcon.colcon_core.verb:set package 'rf2o_laser_odometry' build argument 'catkin_skip_building_tests' from command line to 'False'
[1.156s] DEBUG:colcon.colcon_core.verb:Building package 'rf2o_laser_odometry' with the following arguments: {'ament_cmake_args': None, 'build_base': '/ros2_ws/build/rf2o_laser_odometry', 'catkin_cmake_args': None, 'catkin_skip_building_tests': False, 'cmake_args': None, 'cmake_clean_cache': False, 'cmake_clean_first': False, 'cmake_force_configure': False, 'cmake_target': None, 'cmake_target_skip_unavailable': False, 'install_base': '/ros2_ws/install/rf2o_laser_odometry', 'merge_install': False, 'path': '/ros2_ws/src/rf2o_laser_odometry', 'symlink_install': True, 'test_result_base': None}
[1.156s] Level 5:colcon.colcon_core.verb:set package 'robot_description' build argument 'cmake_args' from command line to 'None'
[1.156s] Level 5:colcon.colcon_core.verb:set package 'robot_description' build argument 'cmake_target' from command line to 'None'
[1.156s] Level 5:colcon.colcon_core.verb:set package 'robot_description' build argument 'cmake_target_skip_unavailable' from command line to 'False'
[1.156s] Level 5:colcon.colcon_core.verb:set package 'robot_description' build argument 'cmake_clean_cache' from command line to 'False'
[1.156s] Level 5:colcon.colcon_core.verb:set package 'robot_description' build argument 'cmake_clean_first' from command line to 'False'
[1.156s] Level 5:colcon.colcon_core.verb:set package 'robot_description' build argument 'cmake_force_configure' from command line to 'False'
[1.156s] Level 5:colcon.colcon_core.verb:set package 'robot_description' build argument 'ament_cmake_args' from command line to 'None'
[1.156s] Level 5:colcon.colcon_core.verb:set package 'robot_description' build argument 'catkin_cmake_args' from command line to 'None'
[1.156s] Level 5:colcon.colcon_core.verb:set package 'robot_description' build argument 'catkin_skip_building_tests' from command line to 'False'
[1.156s] DEBUG:colcon.colcon_core.verb:Building package 'robot_description' with the following arguments: {'ament_cmake_args': None, 'build_base': '/ros2_ws/build/robot_description', 'catkin_cmake_args': None, 'catkin_skip_building_tests': False, 'cmake_args': None, 'cmake_clean_cache': False, 'cmake_clean_first': False, 'cmake_force_configure': False, 'cmake_target': None, 'cmake_target_skip_unavailable': False, 'install_base': '/ros2_ws/install/robot_description', 'merge_install': False, 'path': '/ros2_ws/src/robot_description', 'symlink_install': True, 'test_result_base': None}
[1.157s] Level 5:colcon.colcon_core.verb:set package 'shooting' build argument 'cmake_args' from command line to 'None'
[1.157s] Level 5:colcon.colcon_core.verb:set package 'shooting' build argument 'cmake_target' from command line to 'None'
[1.157s] Level 5:colcon.colcon_core.verb:set package 'shooting' build argument 'cmake_target_skip_unavailable' from command line to 'False'
[1.157s] Level 5:colcon.colcon_core.verb:set package 'shooting' build argument 'cmake_clean_cache' from command line to 'False'
[1.157s] Level 5:colcon.colcon_core.verb:set package 'shooting' build argument 'cmake_clean_first' from command line to 'False'
[1.157s] Level 5:colcon.colcon_core.verb:set package 'shooting' build argument 'cmake_force_configure' from command line to 'False'
[1.157s] Level 5:colcon.colcon_core.verb:set package 'shooting' build argument 'ament_cmake_args' from command line to 'None'
[1.157s] Level 5:colcon.colcon_core.verb:set package 'shooting' build argument 'catkin_cmake_args' from command line to 'None'
[1.157s] Level 5:colcon.colcon_core.verb:set package 'shooting' build argument 'catkin_skip_building_tests' from command line to 'False'
[1.158s] DEBUG:colcon.colcon_core.verb:Building package 'shooting' with the following arguments: {'ament_cmake_args': None, 'build_base': '/ros2_ws/build/shooting', 'catkin_cmake_args': None, 'catkin_skip_building_tests': False, 'cmake_args': None, 'cmake_clean_cache': False, 'cmake_clean_first': False, 'cmake_force_configure': False, 'cmake_target': None, 'cmake_target_skip_unavailable': False, 'install_base': '/ros2_ws/install/shooting', 'merge_install': False, 'path': '/ros2_ws/src/shooting', 'symlink_install': True, 'test_result_base': None}
[1.160s] Level 5:colcon.colcon_core.verb:set package 'tactical_brain' build argument 'cmake_args' from command line to 'None'
[1.160s] Level 5:colcon.colcon_core.verb:set package 'tactical_brain' build argument 'cmake_target' from command line to 'None'
[1.160s] Level 5:colcon.colcon_core.verb:set package 'tactical_brain' build argument 'cmake_target_skip_unavailable' from command line to 'False'
[1.160s] Level 5:colcon.colcon_core.verb:set package 'tactical_brain' build argument 'cmake_clean_cache' from command line to 'False'
[1.160s] Level 5:colcon.colcon_core.verb:set package 'tactical_brain' build argument 'cmake_clean_first' from command line to 'False'
[1.160s] Level 5:colcon.colcon_core.verb:set package 'tactical_brain' build argument 'cmake_force_configure' from command line to 'False'
[1.160s] Level 5:colcon.colcon_core.verb:set package 'tactical_brain' build argument 'ament_cmake_args' from command line to 'None'
[1.160s] Level 5:colcon.colcon_core.verb:set package 'tactical_brain' build argument 'catkin_cmake_args' from command line to 'None'
[1.160s] Level 5:colcon.colcon_core.verb:set package 'tactical_brain' build argument 'catkin_skip_building_tests' from command line to 'False'
[1.160s] DEBUG:colcon.colcon_core.verb:Building package 'tactical_brain' with the following arguments: {'ament_cmake_args': None, 'build_base': '/ros2_ws/build/tactical_brain', 'catkin_cmake_args': None, 'catkin_skip_building_tests': False, 'cmake_args': None, 'cmake_clean_cache': False, 'cmake_clean_first': False, 'cmake_force_configure': False, 'cmake_target': None, 'cmake_target_skip_unavailable': False, 'install_base': '/ros2_ws/install/tactical_brain', 'merge_install': False, 'path': '/ros2_ws/src/tactical_brain', 'symlink_install': True, 'test_result_base': None}
[1.164s] Level 5:colcon.colcon_core.verb:set package 'telemetry_data' build argument 'cmake_args' from command line to 'None'
[1.165s] Level 5:colcon.colcon_core.verb:set package 'telemetry_data' build argument 'cmake_target' from command line to 'None'
[1.165s] Level 5:colcon.colcon_core.verb:set package 'telemetry_data' build argument 'cmake_target_skip_unavailable' from command line to 'False'
[1.166s] Level 5:colcon.colcon_core.verb:set package 'telemetry_data' build argument 'cmake_clean_cache' from command line to 'False'
[1.167s] Level 5:colcon.colcon_core.verb:set package 'telemetry_data' build argument 'cmake_clean_first' from command line to 'False'
[1.167s] Level 5:colcon.colcon_core.verb:set package 'telemetry_data' build argument 'cmake_force_configure' from command line to 'False'
[1.167s] Level 5:colcon.colcon_core.verb:set package 'telemetry_data' build argument 'ament_cmake_args' from command line to 'None'
[1.167s] Level 5:colcon.colcon_core.verb:set package 'telemetry_data' build argument 'catkin_cmake_args' from command line to 'None'
[1.168s] Level 5:colcon.colcon_core.verb:set package 'telemetry_data' build argument 'catkin_skip_building_tests' from command line to 'False'
[1.168s] DEBUG:colcon.colcon_core.verb:Building package 'telemetry_data' with the following arguments: {'ament_cmake_args': None, 'build_base': '/ros2_ws/build/telemetry_data', 'catkin_cmake_args': None, 'catkin_skip_building_tests': False, 'cmake_args': None, 'cmake_clean_cache': False, 'cmake_clean_first': False, 'cmake_force_configure': False, 'cmake_target': None, 'cmake_target_skip_unavailable': False, 'install_base': '/ros2_ws/install/telemetry_data', 'merge_install': False, 'path': '/ros2_ws/src/telemetry_data', 'symlink_install': True, 'test_result_base': None}
[1.170s] Level 5:colcon.colcon_core.verb:set package 'ydlidar_ros2_driver' build argument 'cmake_args' from command line to 'None'
[1.171s] Level 5:colcon.colcon_core.verb:set package 'ydlidar_ros2_driver' build argument 'cmake_target' from command line to 'None'
[1.171s] Level 5:colcon.colcon_core.verb:set package 'ydlidar_ros2_driver' build argument 'cmake_target_skip_unavailable' from command line to 'False'
[1.171s] Level 5:colcon.colcon_core.verb:set package 'ydlidar_ros2_driver' build argument 'cmake_clean_cache' from command line to 'False'
[1.171s] Level 5:colcon.colcon_core.verb:set package 'ydlidar_ros2_driver' build argument 'cmake_clean_first' from command line to 'False'
[1.171s] Level 5:colcon.colcon_core.verb:set package 'ydlidar_ros2_driver' build argument 'cmake_force_configure' from command line to 'False'
[1.172s] Level 5:colcon.colcon_core.verb:set package 'ydlidar_ros2_driver' build argument 'ament_cmake_args' from command line to 'None'
[1.172s] Level 5:colcon.colcon_core.verb:set package 'ydlidar_ros2_driver' build argument 'catkin_cmake_args' from command line to 'None'
[1.172s] Level 5:colcon.colcon_core.verb:set package 'ydlidar_ros2_driver' build argument 'catkin_skip_building_tests' from command line to 'False'
[1.172s] DEBUG:colcon.colcon_core.verb:Building package 'ydlidar_ros2_driver' with the following arguments: {'ament_cmake_args': None, 'build_base': '/ros2_ws/build/ydlidar_ros2_driver', 'catkin_cmake_args': None, 'catkin_skip_building_tests': False, 'cmake_args': None, 'cmake_clean_cache': False, 'cmake_clean_first': False, 'cmake_force_configure': False, 'cmake_target': None, 'cmake_target_skip_unavailable': False, 'install_base': '/ros2_ws/install/ydlidar_ros2_driver', 'merge_install': False, 'path': '/ros2_ws/src/ydlidar_ros2_driver', 'symlink_install': True, 'test_result_base': None}
[1.175s] Level 5:colcon.colcon_core.verb:set package 'localization' build argument 'cmake_args' from command line to 'None'
[1.176s] Level 5:colcon.colcon_core.verb:set package 'localization' build argument 'cmake_target' from command line to 'None'
[1.177s] Level 5:colcon.colcon_core.verb:set package 'localization' build argument 'cmake_target_skip_unavailable' from command line to 'False'
[1.177s] Level 5:colcon.colcon_core.verb:set package 'localization' build argument 'cmake_clean_cache' from command line to 'False'
[1.177s] Level 5:colcon.colcon_core.verb:set package 'localization' build argument 'cmake_clean_first' from command line to 'False'
[1.177s] Level 5:colcon.colcon_core.verb:set package 'localization' build argument 'cmake_force_configure' from command line to 'False'
[1.178s] Level 5:colcon.colcon_core.verb:set package 'localization' build argument 'ament_cmake_args' from command line to 'None'
[1.178s] Level 5:colcon.colcon_core.verb:set package 'localization' build argument 'catkin_cmake_args' from command line to 'None'
[1.178s] Level 5:colcon.colcon_core.verb:set package 'localization' build argument 'catkin_skip_building_tests' from command line to 'False'
[1.178s] DEBUG:colcon.colcon_core.verb:Building package 'localization' with the following arguments: {'ament_cmake_args': None, 'build_base': '/ros2_ws/build/localization', 'catkin_cmake_args': None, 'catkin_skip_building_tests': False, 'cmake_args': None, 'cmake_clean_cache': False, 'cmake_clean_first': False, 'cmake_force_configure': False, 'cmake_target': None, 'cmake_target_skip_unavailable': False, 'install_base': '/ros2_ws/install/localization', 'merge_install': False, 'path': '/ros2_ws/src/localization', 'symlink_install': True, 'test_result_base': None}
[1.180s] Level 5:colcon.colcon_core.verb:set package 'robot_bringup' build argument 'cmake_args' from command line to 'None'
[1.180s] Level 5:colcon.colcon_core.verb:set package 'robot_bringup' build argument 'cmake_target' from command line to 'None'
[1.180s] Level 5:colcon.colcon_core.verb:set package 'robot_bringup' build argument 'cmake_target_skip_unavailable' from command line to 'False'
[1.181s] Level 5:colcon.colcon_core.verb:set package 'robot_bringup' build argument 'cmake_clean_cache' from command line to 'False'
[1.181s] Level 5:colcon.colcon_core.verb:set package 'robot_bringup' build argument 'cmake_clean_first' from command line to 'False'
[1.181s] Level 5:colcon.colcon_core.verb:set package 'robot_bringup' build argument 'cmake_force_configure' from command line to 'False'
[1.181s] Level 5:colcon.colcon_core.verb:set package 'robot_bringup' build argument 'ament_cmake_args' from command line to 'None'
[1.181s] Level 5:colcon.colcon_core.verb:set package 'robot_bringup' build argument 'catkin_cmake_args' from command line to 'None'
[1.181s] Level 5:colcon.colcon_core.verb:set package 'robot_bringup' build argument 'catkin_skip_building_tests' from command line to 'False'
[1.181s] DEBUG:colcon.colcon_core.verb:Building package 'robot_bringup' with the following arguments: {'ament_cmake_args': None, 'build_base': '/ros2_ws/build/robot_bringup', 'catkin_cmake_args': None, 'catkin_skip_building_tests': False, 'cmake_args': None, 'cmake_clean_cache': False, 'cmake_clean_first': False, 'cmake_force_configure': False, 'cmake_target': None, 'cmake_target_skip_unavailable': False, 'install_base': '/ros2_ws/install/robot_bringup', 'merge_install': False, 'path': '/ros2_ws/src/robot_bringup', 'symlink_install': True, 'test_result_base': None}
[1.182s] INFO:colcon.colcon_core.executor:Executing jobs using 'parallel' executor
[1.191s] DEBUG:colcon.colcon_parallel_executor.executor.parallel:run_until_complete
[1.194s] INFO:colcon.colcon_ros.task.ament_cmake.build:Building ROS package in '/ros2_ws/src/rf2o_laser_odometry' with build type 'ament_cmake'
[1.196s] INFO:colcon.colcon_cmake.task.cmake.build:Building CMake package in '/ros2_ws/src/rf2o_laser_odometry'
[1.270s] INFO:colcon.colcon_core.plugin_system:Skipping extension 'colcon_core.shell.bat': Not used on non-Windows systems
[1.270s] INFO:colcon.colcon_core.shell:Skip shell extension 'powershell' for command environment: Not usable outside of PowerShell
[1.271s] DEBUG:colcon.colcon_core.shell:Skip shell extension 'dsv' for command environment
[1.296s] INFO:colcon.colcon_ros.task.ament_cmake.build:Building ROS package in '/ros2_ws/src/ydlidar_ros2_driver' with build type 'ament_cmake'
[1.297s] INFO:colcon.colcon_cmake.task.cmake.build:Building CMake package in '/ros2_ws/src/ydlidar_ros2_driver'
[1.298s] INFO:colcon.colcon_core.shell:Skip shell extension 'powershell' for command environment: Not usable outside of PowerShell
[1.298s] DEBUG:colcon.colcon_core.shell:Skip shell extension 'dsv' for command environment
[1.304s] INFO:colcon.colcon_ros.task.ament_cmake.build:Building ROS package in '/ros2_ws/src/foxglove' with build type 'ament_cmake'
[1.305s] INFO:colcon.colcon_cmake.task.cmake.build:Building CMake package in '/ros2_ws/src/foxglove'
[1.305s] INFO:colcon.colcon_core.shell:Skip shell extension 'powershell' for command environment: Not usable outside of PowerShell
[1.305s] DEBUG:colcon.colcon_core.shell:Skip shell extension 'dsv' for command environment
[1.312s] INFO:colcon.colcon_ros.task.ament_cmake.build:Building ROS package in '/ros2_ws/src/hardware' with build type 'ament_cmake'
[1.312s] INFO:colcon.colcon_cmake.task.cmake.build:Building CMake package in '/ros2_ws/src/hardware'
[1.313s] INFO:colcon.colcon_core.shell:Skip shell extension 'powershell' for command environment: Not usable outside of PowerShell
[1.313s] DEBUG:colcon.colcon_core.shell:Skip shell extension 'dsv' for command environment
[1.328s] DEBUG:colcon.colcon_core.event_handler.log_command:Invoking command in '/ros2_ws/build/rf2o_laser_odometry': CMAKE_PREFIX_PATH=${CMAKE_PREFIX_PATH}:/ros2_ws/install/tactical_brain:/ros2_ws/install/sensor_fusion_pkg:/ros2_ws/install/icm20948_ros2:/ros2_ws/install/ai_vision:/opt/ros/humble /usr/bin/cmake --build /ros2_ws/build/rf2o_laser_odometry -- -j4 -l4
[1.339s] DEBUG:colcon.colcon_core.event_handler.log_command:Invoking command in '/ros2_ws/build/ydlidar_ros2_driver': CMAKE_PREFIX_PATH=${CMAKE_PREFIX_PATH}:/ros2_ws/install/tactical_brain:/ros2_ws/install/sensor_fusion_pkg:/ros2_ws/install/icm20948_ros2:/ros2_ws/install/ai_vision:/opt/ros/humble /usr/bin/cmake --build /ros2_ws/build/ydlidar_ros2_driver -- -j4 -l4
[1.356s] DEBUG:colcon.colcon_core.event_handler.log_command:Invoking command in '/ros2_ws/build/foxglove': CMAKE_PREFIX_PATH=${CMAKE_PREFIX_PATH}:/ros2_ws/install/tactical_brain:/ros2_ws/install/sensor_fusion_pkg:/ros2_ws/install/icm20948_ros2:/ros2_ws/install/ai_vision:/opt/ros/humble /usr/bin/cmake --build /ros2_ws/build/foxglove -- -j4 -l4
[1.371s] DEBUG:colcon.colcon_core.event_handler.log_command:Invoking command in '/ros2_ws/build/hardware': CMAKE_PREFIX_PATH=${CMAKE_PREFIX_PATH}:/ros2_ws/install/tactical_brain:/ros2_ws/install/sensor_fusion_pkg:/ros2_ws/install/icm20948_ros2:/ros2_ws/install/ai_vision:/opt/ros/humble /usr/bin/cmake --build /ros2_ws/build/hardware -- -j4 -l4
[1.677s] DEBUG:colcon.colcon_core.event_handler.log_command:Invoked command in '/ros2_ws/build/foxglove' returned '0': CMAKE_PREFIX_PATH=${CMAKE_PREFIX_PATH}:/ros2_ws/install/tactical_brain:/ros2_ws/install/sensor_fusion_pkg:/ros2_ws/install/icm20948_ros2:/ros2_ws/install/ai_vision:/opt/ros/humble /usr/bin/cmake --build /ros2_ws/build/foxglove -- -j4 -l4
[1.781s] DEBUG:colcon.colcon_core.event_handler.log_command:Invoking command in '/ros2_ws/build/foxglove': CMAKE_PREFIX_PATH=${CMAKE_PREFIX_PATH}:/ros2_ws/install/tactical_brain:/ros2_ws/install/sensor_fusion_pkg:/ros2_ws/install/icm20948_ros2:/ros2_ws/install/ai_vision:/opt/ros/humble /usr/bin/cmake --install /ros2_ws/build/foxglove
[1.819s] Level 1:colcon.colcon_core.environment:create_environment_scripts_only(foxglove)
[1.825s] DEBUG:colcon.colcon_core.event_handler.log_command:Invoked command in '/ros2_ws/build/foxglove' returned '0': CMAKE_PREFIX_PATH=${CMAKE_PREFIX_PATH}:/ros2_ws/install/tactical_brain:/ros2_ws/install/sensor_fusion_pkg:/ros2_ws/install/icm20948_ros2:/ros2_ws/install/ai_vision:/opt/ros/humble /usr/bin/cmake --install /ros2_ws/build/foxglove
[1.858s] Level 1:colcon.colcon_core.environment:checking '/ros2_ws/install/foxglove' for CMake module files
[1.860s] Level 1:colcon.colcon_core.environment:checking '/ros2_ws/install/foxglove' for CMake config files
[1.861s] Level 1:colcon.colcon_core.shell:create_environment_hook('foxglove', 'cmake_prefix_path')
[1.862s] INFO:colcon.colcon_core.shell:Creating environment hook '/ros2_ws/install/foxglove/share/foxglove/hook/cmake_prefix_path.ps1'
[1.864s] INFO:colcon.colcon_core.shell:Creating environment descriptor '/ros2_ws/install/foxglove/share/foxglove/hook/cmake_prefix_path.dsv'
[1.866s] INFO:colcon.colcon_core.shell:Creating environment hook '/ros2_ws/install/foxglove/share/foxglove/hook/cmake_prefix_path.sh'
[1.870s] Level 1:colcon.colcon_core.environment:checking '/ros2_ws/install/foxglove/bin'
[1.870s] Level 1:colcon.colcon_core.environment:checking '/ros2_ws/install/foxglove/lib/pkgconfig/foxglove.pc'
[1.875s] Level 1:colcon.colcon_core.environment:checking '/ros2_ws/install/foxglove/lib/python3.10/site-packages'
[1.876s] Level 1:colcon.colcon_core.environment:checking '/ros2_ws/install/foxglove/bin'
[1.876s] INFO:colcon.colcon_core.shell:Creating package script '/ros2_ws/install/foxglove/share/foxglove/package.ps1'
[1.878s] INFO:colcon.colcon_core.shell:Creating package descriptor '/ros2_ws/install/foxglove/share/foxglove/package.dsv'
[1.883s] INFO:colcon.colcon_core.shell:Creating package script '/ros2_ws/install/foxglove/share/foxglove/package.sh'
[1.884s] INFO:colcon.colcon_core.shell:Creating package script '/ros2_ws/install/foxglove/share/foxglove/package.bash'
[1.885s] INFO:colcon.colcon_core.shell:Creating package script '/ros2_ws/install/foxglove/share/foxglove/package.zsh'
[1.891s] Level 1:colcon.colcon_core.environment:create_file_with_runtime_dependencies(/ros2_ws/install/foxglove/share/colcon-core/packages/foxglove)
[1.892s] Level 1:colcon.colcon_core.environment:create_environment_scripts_only(foxglove)
[1.892s] Level 1:colcon.colcon_core.environment:checking '/ros2_ws/install/foxglove' for CMake module files
[1.893s] Level 1:colcon.colcon_core.environment:checking '/ros2_ws/install/foxglove' for CMake config files
[1.893s] Level 1:colcon.colcon_core.shell:create_environment_hook('foxglove', 'cmake_prefix_path')
[1.893s] INFO:colcon.colcon_core.shell:Creating environment hook '/ros2_ws/install/foxglove/share/foxglove/hook/cmake_prefix_path.ps1'
[1.894s] INFO:colcon.colcon_core.shell:Creating environment descriptor '/ros2_ws/install/foxglove/share/foxglove/hook/cmake_prefix_path.dsv'
[1.894s] INFO:colcon.colcon_core.shell:Creating environment hook '/ros2_ws/install/foxglove/share/foxglove/hook/cmake_prefix_path.sh'
[1.896s] Level 1:colcon.colcon_core.environment:checking '/ros2_ws/install/foxglove/bin'
[1.896s] Level 1:colcon.colcon_core.environment:checking '/ros2_ws/install/foxglove/lib/pkgconfig/foxglove.pc'
[1.896s] Level 1:colcon.colcon_core.environment:checking '/ros2_ws/install/foxglove/lib/python3.10/site-packages'
[1.897s] Level 1:colcon.colcon_core.environment:checking '/ros2_ws/install/foxglove/bin'
[1.898s] INFO:colcon.colcon_core.shell:Creating package script '/ros2_ws/install/foxglove/share/foxglove/package.ps1'
[1.900s] INFO:colcon.colcon_core.shell:Creating package descriptor '/ros2_ws/install/foxglove/share/foxglove/package.dsv'
[1.901s] INFO:colcon.colcon_core.shell:Creating package script '/ros2_ws/install/foxglove/share/foxglove/package.sh'
[1.903s] INFO:colcon.colcon_core.shell:Creating package script '/ros2_ws/install/foxglove/share/foxglove/package.bash'
[1.904s] INFO:colcon.colcon_core.shell:Creating package script '/ros2_ws/install/foxglove/share/foxglove/package.zsh'
[1.906s] Level 1:colcon.colcon_core.environment:create_file_with_runtime_dependencies(/ros2_ws/install/foxglove/share/colcon-core/packages/foxglove)
[1.907s] INFO:colcon.colcon_ros.task.ament_cmake.build:Building ROS package in '/ros2_ws/src/navigation' with build type 'ament_cmake'
[1.907s] INFO:colcon.colcon_cmake.task.cmake.build:Building CMake package in '/ros2_ws/src/navigation'
[1.908s] INFO:colcon.colcon_core.shell:Skip shell extension 'powershell' for command environment: Not usable outside of PowerShell
[1.908s] DEBUG:colcon.colcon_core.shell:Skip shell extension 'dsv' for command environment
[2.009s] DEBUG:colcon.colcon_core.event_handler.log_command:Invoking command in '/ros2_ws/build/navigation': CMAKE_PREFIX_PATH=${CMAKE_PREFIX_PATH}:/ros2_ws/install/tactical_brain:/ros2_ws/install/sensor_fusion_pkg:/ros2_ws/install/icm20948_ros2:/ros2_ws/install/ai_vision:/opt/ros/humble /usr/bin/cmake --build /ros2_ws/build/navigation -- -j4 -l4
[2.065s] DEBUG:colcon.colcon_core.event_handler.log_command:Invoked command in '/ros2_ws/build/navigation' returned '0': CMAKE_PREFIX_PATH=${CMAKE_PREFIX_PATH}:/ros2_ws/install/tactical_brain:/ros2_ws/install/sensor_fusion_pkg:/ros2_ws/install/icm20948_ros2:/ros2_ws/install/ai_vision:/opt/ros/humble /usr/bin/cmake --build /ros2_ws/build/navigation -- -j4 -l4
[2.071s] DEBUG:colcon.colcon_core.event_handler.log_command:Invoking command in '/ros2_ws/build/navigation': CMAKE_PREFIX_PATH=${CMAKE_PREFIX_PATH}:/ros2_ws/install/tactical_brain:/ros2_ws/install/sensor_fusion_pkg:/ros2_ws/install/icm20948_ros2:/ros2_ws/install/ai_vision:/opt/ros/humble /usr/bin/cmake --install /ros2_ws/build/navigation
[2.112s] Level 1:colcon.colcon_core.environment:create_environment_scripts_only(navigation)
[2.112s] Level 1:colcon.colcon_core.environment:checking '/ros2_ws/install/navigation' for CMake module files
[2.113s] DEBUG:colcon.colcon_core.event_handler.log_command:Invoked command in '/ros2_ws/build/navigation' returned '0': CMAKE_PREFIX_PATH=${CMAKE_PREFIX_PATH}:/ros2_ws/install/tactical_brain:/ros2_ws/install/sensor_fusion_pkg:/ros2_ws/install/icm20948_ros2:/ros2_ws/install/ai_vision:/opt/ros/humble /usr/bin/cmake --install /ros2_ws/build/navigation
[2.114s] Level 1:colcon.colcon_core.environment:checking '/ros2_ws/install/navigation' for CMake config files
[2.115s] Level 1:colcon.colcon_core.shell:create_environment_hook('navigation', 'cmake_prefix_path')
[2.116s] INFO:colcon.colcon_core.shell:Creating environment hook '/ros2_ws/install/navigation/share/navigation/hook/cmake_prefix_path.ps1'
[2.117s] INFO:colcon.colcon_core.shell:Creating environment descriptor '/ros2_ws/install/navigation/share/navigation/hook/cmake_prefix_path.dsv'
[2.118s] INFO:colcon.colcon_core.shell:Creating environment hook '/ros2_ws/install/navigation/share/navigation/hook/cmake_prefix_path.sh'
[2.119s] Level 1:colcon.colcon_core.environment:checking '/ros2_ws/install/navigation/bin'
[2.120s] Level 1:colcon.colcon_core.environment:checking '/ros2_ws/install/navigation/lib/pkgconfig/navigation.pc'
[2.120s] Level 1:colcon.colcon_core.environment:checking '/ros2_ws/install/navigation/lib/python3.10/site-packages'
[2.121s] Level 1:colcon.colcon_core.environment:checking '/ros2_ws/install/navigation/bin'
[2.122s] INFO:colcon.colcon_core.shell:Creating package script '/ros2_ws/install/navigation/share/navigation/package.ps1'
[2.124s] INFO:colcon.colcon_core.shell:Creating package descriptor '/ros2_ws/install/navigation/share/navigation/package.dsv'
[2.126s] INFO:colcon.colcon_core.shell:Creating package script '/ros2_ws/install/navigation/share/navigation/package.sh'
[2.127s] INFO:colcon.colcon_core.shell:Creating package script '/ros2_ws/install/navigation/share/navigation/package.bash'
[2.127s] INFO:colcon.colcon_core.shell:Creating package script '/ros2_ws/install/navigation/share/navigation/package.zsh'
[2.129s] Level 1:colcon.colcon_core.environment:create_file_with_runtime_dependencies(/ros2_ws/install/navigation/share/colcon-core/packages/navigation)
[2.130s] Level 1:colcon.colcon_core.environment:create_environment_scripts_only(navigation)
[2.131s] Level 1:colcon.colcon_core.environment:checking '/ros2_ws/install/navigation' for CMake module files
[2.131s] Level 1:colcon.colcon_core.environment:checking '/ros2_ws/install/navigation' for CMake config files
[2.132s] Level 1:colcon.colcon_core.shell:create_environment_hook('navigation', 'cmake_prefix_path')
[2.132s] INFO:colcon.colcon_core.shell:Creating environment hook '/ros2_ws/install/navigation/share/navigation/hook/cmake_prefix_path.ps1'
[2.134s] INFO:colcon.colcon_core.shell:Creating environment descriptor '/ros2_ws/install/navigation/share/navigation/hook/cmake_prefix_path.dsv'
[2.134s] INFO:colcon.colcon_core.shell:Creating environment hook '/ros2_ws/install/navigation/share/navigation/hook/cmake_prefix_path.sh'
[2.136s] Level 1:colcon.colcon_core.environment:checking '/ros2_ws/install/navigation/bin'
[2.136s] Level 1:colcon.colcon_core.environment:checking '/ros2_ws/install/navigation/lib/pkgconfig/navigation.pc'
[2.136s] Level 1:colcon.colcon_core.environment:checking '/ros2_ws/install/navigation/lib/python3.10/site-packages'
[2.137s] Level 1:colcon.colcon_core.environment:checking '/ros2_ws/install/navigation/bin'
[2.138s] INFO:colcon.colcon_core.shell:Creating package script '/ros2_ws/install/navigation/share/navigation/package.ps1'
[2.140s] INFO:colcon.colcon_core.shell:Creating package descriptor '/ros2_ws/install/navigation/share/navigation/package.dsv'
[2.142s] INFO:colcon.colcon_core.shell:Creating package script '/ros2_ws/install/navigation/share/navigation/package.sh'
[2.143s] INFO:colcon.colcon_core.shell:Creating package script '/ros2_ws/install/navigation/share/navigation/package.bash'
[2.145s] INFO:colcon.colcon_core.shell:Creating package script '/ros2_ws/install/navigation/share/navigation/package.zsh'
[2.147s] Level 1:colcon.colcon_core.environment:create_file_with_runtime_dependencies(/ros2_ws/install/navigation/share/colcon-core/packages/navigation)
[2.149s] INFO:colcon.colcon_ros.task.ament_python.build:Building ROS package in '/ros2_ws/src/ai_vision' with build type 'ament_python'
[2.149s] Level 1:colcon.colcon_core.shell:create_environment_hook('ai_vision', 'ament_prefix_path')
[2.150s] INFO:colcon.colcon_core.shell:Creating environment hook '/ros2_ws/install/ai_vision/share/ai_vision/hook/ament_prefix_path.ps1'
[2.152s] INFO:colcon.colcon_core.shell:Creating environment descriptor '/ros2_ws/install/ai_vision/share/ai_vision/hook/ament_prefix_path.dsv'
[2.154s] INFO:colcon.colcon_core.shell:Creating environment hook '/ros2_ws/install/ai_vision/share/ai_vision/hook/ament_prefix_path.sh'
[2.156s] INFO:colcon.colcon_core.shell:Skip shell extension 'powershell' for command environment: Not usable outside of PowerShell
[2.156s] DEBUG:colcon.colcon_core.shell:Skip shell extension 'dsv' for command environment
[2.480s] INFO:colcon.colcon_core.task.python.build:Building Python package in '/ros2_ws/src/ai_vision'
[2.480s] INFO:colcon.colcon_core.shell:Skip shell extension 'powershell' for command environment: Not usable outside of PowerShell
[2.480s] DEBUG:colcon.colcon_core.shell:Skip shell extension 'dsv' for command environment
[2.507s] DEBUG:colcon.colcon_core.event_handler.log_command:Invoked command in '/ros2_ws/build/ydlidar_ros2_driver' returned '0': CMAKE_PREFIX_PATH=${CMAKE_PREFIX_PATH}:/ros2_ws/install/tactical_brain:/ros2_ws/install/sensor_fusion_pkg:/ros2_ws/install/icm20948_ros2:/ros2_ws/install/ai_vision:/opt/ros/humble /usr/bin/cmake --build /ros2_ws/build/ydlidar_ros2_driver -- -j4 -l4
[2.513s] DEBUG:colcon.colcon_core.event_handler.log_command:Invoking command in '/ros2_ws/build/ydlidar_ros2_driver': CMAKE_PREFIX_PATH=${CMAKE_PREFIX_PATH}:/ros2_ws/install/tactical_brain:/ros2_ws/install/sensor_fusion_pkg:/ros2_ws/install/icm20948_ros2:/ros2_ws/install/ai_vision:/opt/ros/humble /usr/bin/cmake --install /ros2_ws/build/ydlidar_ros2_driver
[2.515s] DEBUG:colcon.colcon_core.event_handler.log_command:Invoked command in '/ros2_ws/build/rf2o_laser_odometry' returned '0': CMAKE_PREFIX_PATH=${CMAKE_PREFIX_PATH}:/ros2_ws/install/tactical_brain:/ros2_ws/install/sensor_fusion_pkg:/ros2_ws/install/icm20948_ros2:/ros2_ws/install/ai_vision:/opt/ros/humble /usr/bin/cmake --build /ros2_ws/build/rf2o_laser_odometry -- -j4 -l4
[2.519s] DEBUG:colcon.colcon_core.event_handler.log_command:Invoking command in '/ros2_ws/build/rf2o_laser_odometry': CMAKE_PREFIX_PATH=${CMAKE_PREFIX_PATH}:/ros2_ws/install/tactical_brain:/ros2_ws/install/sensor_fusion_pkg:/ros2_ws/install/icm20948_ros2:/ros2_ws/install/ai_vision:/opt/ros/humble /usr/bin/cmake --install /ros2_ws/build/rf2o_laser_odometry
[2.520s] DEBUG:colcon.colcon_core.event_handler.log_command:Invoked command in '/ros2_ws/build/hardware' returned '0': CMAKE_PREFIX_PATH=${CMAKE_PREFIX_PATH}:/ros2_ws/install/tactical_brain:/ros2_ws/install/sensor_fusion_pkg:/ros2_ws/install/icm20948_ros2:/ros2_ws/install/ai_vision:/opt/ros/humble /usr/bin/cmake --build /ros2_ws/build/hardware -- -j4 -l4
[2.532s] DEBUG:colcon.colcon_core.event_handler.log_command:Invoking command in '/ros2_ws/build/hardware': CMAKE_PREFIX_PATH=${CMAKE_PREFIX_PATH}:/ros2_ws/install/tactical_brain:/ros2_ws/install/sensor_fusion_pkg:/ros2_ws/install/icm20948_ros2:/ros2_ws/install/ai_vision:/opt/ros/humble /usr/bin/cmake --install /ros2_ws/build/hardware
[2.575s] Level 1:colcon.colcon_core.environment:create_environment_scripts_only(hardware)
[2.576s] Level 1:colcon.colcon_core.environment:checking '/ros2_ws/install/hardware' for CMake module files
[2.577s] Level 1:colcon.colcon_core.environment:checking '/ros2_ws/install/hardware' for CMake config files
[2.582s] DEBUG:colcon.colcon_core.event_handler.log_command:Invoked command in '/ros2_ws/build/hardware' returned '0': CMAKE_PREFIX_PATH=${CMAKE_PREFIX_PATH}:/ros2_ws/install/tactical_brain:/ros2_ws/install/sensor_fusion_pkg:/ros2_ws/install/icm20948_ros2:/ros2_ws/install/ai_vision:/opt/ros/humble /usr/bin/cmake --install /ros2_ws/build/hardware
[2.583s] Level 1:colcon.colcon_core.shell:create_environment_hook('hardware', 'cmake_prefix_path')
[2.583s] INFO:colcon.colcon_core.shell:Creating environment hook '/ros2_ws/install/hardware/share/hardware/hook/cmake_prefix_path.ps1'
[2.584s] INFO:colcon.colcon_core.shell:Creating environment descriptor '/ros2_ws/install/hardware/share/hardware/hook/cmake_prefix_path.dsv'
[2.585s] INFO:colcon.colcon_core.shell:Creating environment hook '/ros2_ws/install/hardware/share/hardware/hook/cmake_prefix_path.sh'
[2.586s] Level 1:colcon.colcon_core.environment:checking '/ros2_ws/install/hardware/lib'
[2.587s] Level 1:colcon.colcon_core.shell:create_environment_hook('hardware', 'ld_library_path_lib')
[2.587s] INFO:colcon.colcon_core.shell:Creating environment hook '/ros2_ws/install/hardware/share/hardware/hook/ld_library_path_lib.ps1'
[2.588s] INFO:colcon.colcon_core.shell:Creating environment descriptor '/ros2_ws/install/hardware/share/hardware/hook/ld_library_path_lib.dsv'
[2.589s] INFO:colcon.colcon_core.shell:Creating environment hook '/ros2_ws/install/hardware/share/hardware/hook/ld_library_path_lib.sh'
[2.590s] Level 1:colcon.colcon_core.environment:checking '/ros2_ws/install/hardware/bin'
[2.591s] Level 1:colcon.colcon_core.environment:checking '/ros2_ws/install/hardware/lib/pkgconfig/hardware.pc'
[2.591s] Level 1:colcon.colcon_core.environment:checking '/ros2_ws/install/hardware/lib/python3.10/site-packages'
[2.592s] Level 1:colcon.colcon_core.environment:checking '/ros2_ws/install/hardware/bin'
[2.593s] INFO:colcon.colcon_core.shell:Creating package script '/ros2_ws/install/hardware/share/hardware/package.ps1'
[2.594s] INFO:colcon.colcon_core.shell:Creating package descriptor '/ros2_ws/install/hardware/share/hardware/package.dsv'
[2.595s] INFO:colcon.colcon_core.shell:Creating package script '/ros2_ws/install/hardware/share/hardware/package.sh'
[2.595s] INFO:colcon.colcon_core.shell:Creating package script '/ros2_ws/install/hardware/share/hardware/package.bash'
[2.596s] INFO:colcon.colcon_core.shell:Creating package script '/ros2_ws/install/hardware/share/hardware/package.zsh'
[2.597s] Level 1:colcon.colcon_core.environment:create_file_with_runtime_dependencies(/ros2_ws/install/hardware/share/colcon-core/packages/hardware)
[2.599s] Level 1:colcon.colcon_core.environment:create_environment_scripts_only(hardware)
[2.600s] Level 1:colcon.colcon_core.environment:checking '/ros2_ws/install/hardware' for CMake module files
[2.601s] Level 1:colcon.colcon_core.environment:checking '/ros2_ws/install/hardware' for CMake config files
[2.601s] Level 1:colcon.colcon_core.shell:create_environment_hook('hardware', 'cmake_prefix_path')
[2.602s] INFO:colcon.colcon_core.shell:Creating environment hook '/ros2_ws/install/hardware/share/hardware/hook/cmake_prefix_path.ps1'
[2.603s] INFO:colcon.colcon_core.shell:Creating environment descriptor '/ros2_ws/install/hardware/share/hardware/hook/cmake_prefix_path.dsv'
[2.603s] INFO:colcon.colcon_core.shell:Creating environment hook '/ros2_ws/install/hardware/share/hardware/hook/cmake_prefix_path.sh'
[2.604s] Level 1:colcon.colcon_core.environment:checking '/ros2_ws/install/hardware/lib'
[2.604s] Level 1:colcon.colcon_core.shell:create_environment_hook('hardware', 'ld_library_path_lib')
[2.605s] INFO:colcon.colcon_core.shell:Creating environment hook '/ros2_ws/install/hardware/share/hardware/hook/ld_library_path_lib.ps1'
[2.606s] INFO:colcon.colcon_core.shell:Creating environment descriptor '/ros2_ws/install/hardware/share/hardware/hook/ld_library_path_lib.dsv'
[2.606s] INFO:colcon.colcon_core.shell:Creating environment hook '/ros2_ws/install/hardware/share/hardware/hook/ld_library_path_lib.sh'
[2.607s] Level 1:colcon.colcon_core.environment:checking '/ros2_ws/install/hardware/bin'
[2.607s] Level 1:colcon.colcon_core.environment:checking '/ros2_ws/install/hardware/lib/pkgconfig/hardware.pc'
[2.607s] Level 1:colcon.colcon_core.environment:checking '/ros2_ws/install/hardware/lib/python3.10/site-packages'
[2.608s] Level 1:colcon.colcon_core.environment:checking '/ros2_ws/install/hardware/bin'
[2.608s] INFO:colcon.colcon_core.shell:Creating package script '/ros2_ws/install/hardware/share/hardware/package.ps1'
[2.609s] INFO:colcon.colcon_core.shell:Creating package descriptor '/ros2_ws/install/hardware/share/hardware/package.dsv'
[2.610s] INFO:colcon.colcon_core.shell:Creating package script '/ros2_ws/install/hardware/share/hardware/package.sh'
[2.611s] INFO:colcon.colcon_core.shell:Creating package script '/ros2_ws/install/hardware/share/hardware/package.bash'
[2.612s] INFO:colcon.colcon_core.shell:Creating package script '/ros2_ws/install/hardware/share/hardware/package.zsh'
[2.612s] Level 1:colcon.colcon_core.environment:create_file_with_runtime_dependencies(/ros2_ws/install/hardware/share/colcon-core/packages/hardware)
[2.614s] INFO:colcon.colcon_ros.task.ament_python.build:Building ROS package in '/ros2_ws/src/icm20948-ros2' with build type 'ament_python'
[2.614s] Level 1:colcon.colcon_core.shell:create_environment_hook('icm20948_ros2', 'ament_prefix_path')
[2.615s] INFO:colcon.colcon_core.shell:Creating environment hook '/ros2_ws/install/icm20948_ros2/share/icm20948_ros2/hook/ament_prefix_path.ps1'
[2.623s] INFO:colcon.colcon_core.shell:Creating environment descriptor '/ros2_ws/install/icm20948_ros2/share/icm20948_ros2/hook/ament_prefix_path.dsv'
[2.624s] INFO:colcon.colcon_core.shell:Creating environment hook '/ros2_ws/install/icm20948_ros2/share/icm20948_ros2/hook/ament_prefix_path.sh'
[2.626s] INFO:colcon.colcon_core.shell:Skip shell extension 'powershell' for command environment: Not usable outside of PowerShell
[2.626s] DEBUG:colcon.colcon_core.shell:Skip shell extension 'dsv' for command environment
[2.634s] Level 1:colcon.colcon_core.environment:create_environment_scripts_only(ydlidar_ros2_driver)
[2.635s] Level 1:colcon.colcon_core.environment:checking '/ros2_ws/install/ydlidar_ros2_driver' for CMake module files
[2.635s] DEBUG:colcon.colcon_core.event_handler.log_command:Invoked command in '/ros2_ws/build/ydlidar_ros2_driver' returned '0': CMAKE_PREFIX_PATH=${CMAKE_PREFIX_PATH}:/ros2_ws/install/tactical_brain:/ros2_ws/install/sensor_fusion_pkg:/ros2_ws/install/icm20948_ros2:/ros2_ws/install/ai_vision:/opt/ros/humble /usr/bin/cmake --install /ros2_ws/build/ydlidar_ros2_driver
[2.636s] Level 1:colcon.colcon_core.environment:checking '/ros2_ws/install/ydlidar_ros2_driver' for CMake config files
[2.638s] Level 1:colcon.colcon_core.shell:create_environment_hook('ydlidar_ros2_driver', 'cmake_prefix_path')
[2.638s] INFO:colcon.colcon_core.shell:Creating environment hook '/ros2_ws/install/ydlidar_ros2_driver/share/ydlidar_ros2_driver/hook/cmake_prefix_path.ps1'
[2.639s] INFO:colcon.colcon_core.shell:Creating environment descriptor '/ros2_ws/install/ydlidar_ros2_driver/share/ydlidar_ros2_driver/hook/cmake_prefix_path.dsv'
[2.639s] INFO:colcon.colcon_core.shell:Creating environment hook '/ros2_ws/install/ydlidar_ros2_driver/share/ydlidar_ros2_driver/hook/cmake_prefix_path.sh'
[2.640s] Level 1:colcon.colcon_core.environment:checking '/ros2_ws/install/ydlidar_ros2_driver/lib'
[2.641s] Level 1:colcon.colcon_core.environment:checking '/ros2_ws/install/ydlidar_ros2_driver/bin'
[2.641s] Level 1:colcon.colcon_core.environment:checking '/ros2_ws/install/ydlidar_ros2_driver/lib/pkgconfig/ydlidar_ros2_driver.pc'
[2.641s] Level 1:colcon.colcon_core.environment:checking '/ros2_ws/install/ydlidar_ros2_driver/lib/python3.10/site-packages'
[2.641s] Level 1:colcon.colcon_core.environment:checking '/ros2_ws/install/ydlidar_ros2_driver/bin'
[2.642s] INFO:colcon.colcon_core.shell:Creating package script '/ros2_ws/install/ydlidar_ros2_driver/share/ydlidar_ros2_driver/package.ps1'
[2.643s] INFO:colcon.colcon_core.shell:Creating package descriptor '/ros2_ws/install/ydlidar_ros2_driver/share/ydlidar_ros2_driver/package.dsv'
[2.644s] INFO:colcon.colcon_core.shell:Creating package script '/ros2_ws/install/ydlidar_ros2_driver/share/ydlidar_ros2_driver/package.sh'
[2.644s] INFO:colcon.colcon_core.shell:Creating package script '/ros2_ws/install/ydlidar_ros2_driver/share/ydlidar_ros2_driver/package.bash'
[2.645s] INFO:colcon.colcon_core.shell:Creating package script '/ros2_ws/install/ydlidar_ros2_driver/share/ydlidar_ros2_driver/package.zsh'
[2.646s] Level 1:colcon.colcon_core.environment:create_file_with_runtime_dependencies(/ros2_ws/install/ydlidar_ros2_driver/share/colcon-core/packages/ydlidar_ros2_driver)
[2.647s] Level 1:colcon.colcon_core.environment:create_environment_scripts_only(ydlidar_ros2_driver)
[2.647s] Level 1:colcon.colcon_core.environment:checking '/ros2_ws/install/ydlidar_ros2_driver' for CMake module files
[2.648s] Level 1:colcon.colcon_core.environment:checking '/ros2_ws/install/ydlidar_ros2_driver' for CMake config files
[2.648s] Level 1:colcon.colcon_core.shell:create_environment_hook('ydlidar_ros2_driver', 'cmake_prefix_path')
[2.649s] INFO:colcon.colcon_core.shell:Creating environment hook '/ros2_ws/install/ydlidar_ros2_driver/share/ydlidar_ros2_driver/hook/cmake_prefix_path.ps1'
[2.649s] INFO:colcon.colcon_core.shell:Creating environment descriptor '/ros2_ws/install/ydlidar_ros2_driver/share/ydlidar_ros2_driver/hook/cmake_prefix_path.dsv'
[2.650s] INFO:colcon.colcon_core.shell:Creating environment hook '/ros2_ws/install/ydlidar_ros2_driver/share/ydlidar_ros2_driver/hook/cmake_prefix_path.sh'
[2.651s] Level 1:colcon.colcon_core.environment:checking '/ros2_ws/install/ydlidar_ros2_driver/lib'
[2.651s] Level 1:colcon.colcon_core.environment:checking '/ros2_ws/install/ydlidar_ros2_driver/bin'
[2.652s] Level 1:colcon.colcon_core.environment:checking '/ros2_ws/install/ydlidar_ros2_driver/lib/pkgconfig/ydlidar_ros2_driver.pc'
[2.652s] Level 1:colcon.colcon_core.environment:checking '/ros2_ws/install/ydlidar_ros2_driver/lib/python3.10/site-packages'
[2.652s] Level 1:colcon.colcon_core.environment:checking '/ros2_ws/install/ydlidar_ros2_driver/bin'
[2.653s] INFO:colcon.colcon_core.shell:Creating package script '/ros2_ws/install/ydlidar_ros2_driver/share/ydlidar_ros2_driver/package.ps1'
[2.654s] INFO:colcon.colcon_core.shell:Creating package descriptor '/ros2_ws/install/ydlidar_ros2_driver/share/ydlidar_ros2_driver/package.dsv'
[2.655s] INFO:colcon.colcon_core.shell:Creating package script '/ros2_ws/install/ydlidar_ros2_driver/share/ydlidar_ros2_driver/package.sh'
[2.656s] INFO:colcon.colcon_core.shell:Creating package script '/ros2_ws/install/ydlidar_ros2_driver/share/ydlidar_ros2_driver/package.bash'
[2.657s] INFO:colcon.colcon_core.shell:Creating package script '/ros2_ws/install/ydlidar_ros2_driver/share/ydlidar_ros2_driver/package.zsh'
[2.658s] Level 1:colcon.colcon_core.environment:create_file_with_runtime_dependencies(/ros2_ws/install/ydlidar_ros2_driver/share/colcon-core/packages/ydlidar_ros2_driver)
[2.658s] Level 1:colcon.colcon_core.environment:create_environment_scripts_only(rf2o_laser_odometry)
[2.659s] Level 1:colcon.colcon_core.environment:checking '/ros2_ws/install/rf2o_laser_odometry' for CMake module files
[2.661s] DEBUG:colcon.colcon_core.event_handler.log_command:Invoked command in '/ros2_ws/build/rf2o_laser_odometry' returned '0': CMAKE_PREFIX_PATH=${CMAKE_PREFIX_PATH}:/ros2_ws/install/tactical_brain:/ros2_ws/install/sensor_fusion_pkg:/ros2_ws/install/icm20948_ros2:/ros2_ws/install/ai_vision:/opt/ros/humble /usr/bin/cmake --install /ros2_ws/build/rf2o_laser_odometry
[2.661s] Level 1:colcon.colcon_core.environment:checking '/ros2_ws/install/rf2o_laser_odometry' for CMake config files
[2.662s] Level 1:colcon.colcon_core.shell:create_environment_hook('rf2o_laser_odometry', 'cmake_prefix_path')
[2.663s] INFO:colcon.colcon_core.shell:Creating environment hook '/ros2_ws/install/rf2o_laser_odometry/share/rf2o_laser_odometry/hook/cmake_prefix_path.ps1'
[2.663s] INFO:colcon.colcon_core.shell:Creating environment descriptor '/ros2_ws/install/rf2o_laser_odometry/share/rf2o_laser_odometry/hook/cmake_prefix_path.dsv'
[2.664s] INFO:colcon.colcon_core.shell:Creating environment hook '/ros2_ws/install/rf2o_laser_odometry/share/rf2o_laser_odometry/hook/cmake_prefix_path.sh'
[2.665s] Level 1:colcon.colcon_core.environment:checking '/ros2_ws/install/rf2o_laser_odometry/lib'
[2.665s] Level 1:colcon.colcon_core.environment:checking '/ros2_ws/install/rf2o_laser_odometry/bin'
[2.666s] Level 1:colcon.colcon_core.environment:checking '/ros2_ws/install/rf2o_laser_odometry/lib/pkgconfig/rf2o_laser_odometry.pc'
[2.666s] Level 1:colcon.colcon_core.environment:checking '/ros2_ws/install/rf2o_laser_odometry/lib/python3.10/site-packages'
[2.667s] Level 1:colcon.colcon_core.environment:checking '/ros2_ws/install/rf2o_laser_odometry/bin'
[2.667s] INFO:colcon.colcon_core.shell:Creating package script '/ros2_ws/install/rf2o_laser_odometry/share/rf2o_laser_odometry/package.ps1'
[2.669s] INFO:colcon.colcon_core.shell:Creating package descriptor '/ros2_ws/install/rf2o_laser_odometry/share/rf2o_laser_odometry/package.dsv'
[2.670s] INFO:colcon.colcon_core.shell:Creating package script '/ros2_ws/install/rf2o_laser_odometry/share/rf2o_laser_odometry/package.sh'
[2.671s] INFO:colcon.colcon_core.shell:Creating package script '/ros2_ws/install/rf2o_laser_odometry/share/rf2o_laser_odometry/package.bash'
[2.672s] INFO:colcon.colcon_core.shell:Creating package script '/ros2_ws/install/rf2o_laser_odometry/share/rf2o_laser_odometry/package.zsh'
[2.673s] Level 1:colcon.colcon_core.environment:create_file_with_runtime_dependencies(/ros2_ws/install/rf2o_laser_odometry/share/colcon-core/packages/rf2o_laser_odometry)
[2.674s] Level 1:colcon.colcon_core.environment:create_environment_scripts_only(rf2o_laser_odometry)
[2.674s] Level 1:colcon.colcon_core.environment:checking '/ros2_ws/install/rf2o_laser_odometry' for CMake module files
[2.675s] Level 1:colcon.colcon_core.environment:checking '/ros2_ws/install/rf2o_laser_odometry' for CMake config files
[2.676s] Level 1:colcon.colcon_core.shell:create_environment_hook('rf2o_laser_odometry', 'cmake_prefix_path')
[2.677s] INFO:colcon.colcon_core.shell:Creating environment hook '/ros2_ws/install/rf2o_laser_odometry/share/rf2o_laser_odometry/hook/cmake_prefix_path.ps1'
[2.678s] INFO:colcon.colcon_core.shell:Creating environment descriptor '/ros2_ws/install/rf2o_laser_odometry/share/rf2o_laser_odometry/hook/cmake_prefix_path.dsv'
[2.678s] INFO:colcon.colcon_core.shell:Creating environment hook '/ros2_ws/install/rf2o_laser_odometry/share/rf2o_laser_odometry/hook/cmake_prefix_path.sh'
[2.680s] Level 1:colcon.colcon_core.environment:checking '/ros2_ws/install/rf2o_laser_odometry/lib'
[2.680s] Level 1:colcon.colcon_core.environment:checking '/ros2_ws/install/rf2o_laser_odometry/bin'
[2.680s] Level 1:colcon.colcon_core.environment:checking '/ros2_ws/install/rf2o_laser_odometry/lib/pkgconfig/rf2o_laser_odometry.pc'
[2.681s] Level 1:colcon.colcon_core.environment:checking '/ros2_ws/install/rf2o_laser_odometry/lib/python3.10/site-packages'
[2.682s] Level 1:colcon.colcon_core.environment:checking '/ros2_ws/install/rf2o_laser_odometry/bin'
[2.682s] INFO:colcon.colcon_core.shell:Creating package script '/ros2_ws/install/rf2o_laser_odometry/share/rf2o_laser_odometry/package.ps1'
[2.683s] INFO:colcon.colcon_core.shell:Creating package descriptor '/ros2_ws/install/rf2o_laser_odometry/share/rf2o_laser_odometry/package.dsv'
[2.684s] INFO:colcon.colcon_core.shell:Creating package script '/ros2_ws/install/rf2o_laser_odometry/share/rf2o_laser_odometry/package.sh'
[2.685s] INFO:colcon.colcon_core.shell:Creating package script '/ros2_ws/install/rf2o_laser_odometry/share/rf2o_laser_odometry/package.bash'
[2.685s] INFO:colcon.colcon_core.shell:Creating package script '/ros2_ws/install/rf2o_laser_odometry/share/rf2o_laser_odometry/package.zsh'
[2.686s] Level 1:colcon.colcon_core.environment:create_file_with_runtime_dependencies(/ros2_ws/install/rf2o_laser_odometry/share/colcon-core/packages/rf2o_laser_odometry)
[2.687s] INFO:colcon.colcon_ros.task.ament_cmake.build:Building ROS package in '/ros2_ws/src/localization' with build type 'ament_cmake'
[2.688s] INFO:colcon.colcon_cmake.task.cmake.build:Building CMake package in '/ros2_ws/src/localization'
[2.688s] INFO:colcon.colcon_core.shell:Skip shell extension 'powershell' for command environment: Not usable outside of PowerShell
[2.688s] DEBUG:colcon.colcon_core.shell:Skip shell extension 'dsv' for command environment
[2.697s] INFO:colcon.colcon_ros.task.ament_cmake.build:Building ROS package in '/ros2_ws/src/main_brain' with build type 'ament_cmake'
[2.697s] INFO:colcon.colcon_cmake.task.cmake.build:Building CMake package in '/ros2_ws/src/main_brain'
[2.698s] INFO:colcon.colcon_core.shell:Skip shell extension 'powershell' for command environment: Not usable outside of PowerShell
[2.698s] DEBUG:colcon.colcon_core.shell:Skip shell extension 'dsv' for command environment
[3.024s] INFO:colcon.colcon_core.task.python.build:Building Python package in '/ros2_ws/src/icm20948-ros2'
[3.025s] INFO:colcon.colcon_core.shell:Skip shell extension 'powershell' for command environment: Not usable outside of PowerShell
[3.025s] DEBUG:colcon.colcon_core.shell:Skip shell extension 'dsv' for command environment
[3.040s] DEBUG:colcon.colcon_core.event_handler.log_command:Invoking command in '/ros2_ws/build/localization': CMAKE_PREFIX_PATH=/ros2_ws/install/ydlidar_ros2_driver:/ros2_ws/install/rf2o_laser_odometry:/ros2_ws/install/robot_bringup:/ros2_ws/install/localization:/ros2_ws/install/telemetry_data:/ros2_ws/install/shooting:/ros2_ws/install/robot_description:/ros2_ws/install/navigation:/ros2_ws/install/main_brain:/ros2_ws/install/hardware:/ros2_ws/install/foxglove:/ros2_ws/install/tactical_brain:/ros2_ws/install/sensor_fusion_pkg:/ros2_ws/install/icm20948_ros2:/ros2_ws/install/ai_vision:/opt/ros/humble /usr/bin/cmake --build /ros2_ws/build/localization -- -j4 -l4
[3.050s] DEBUG:colcon.colcon_core.event_handler.log_command:Invoking command in '/ros2_ws/build/main_brain': CMAKE_PREFIX_PATH=${CMAKE_PREFIX_PATH}:/ros2_ws/install/tactical_brain:/ros2_ws/install/sensor_fusion_pkg:/ros2_ws/install/icm20948_ros2:/ros2_ws/install/ai_vision:/opt/ros/humble /usr/bin/cmake --build /ros2_ws/build/main_brain -- -j4 -l4
[3.205s] DEBUG:colcon.colcon_core.event_handler.log_command:Invoked command in '/ros2_ws/build/main_brain' returned '0': CMAKE_PREFIX_PATH=${CMAKE_PREFIX_PATH}:/ros2_ws/install/tactical_brain:/ros2_ws/install/sensor_fusion_pkg:/ros2_ws/install/icm20948_ros2:/ros2_ws/install/ai_vision:/opt/ros/humble /usr/bin/cmake --build /ros2_ws/build/main_brain -- -j4 -l4
[3.207s] DEBUG:colcon.colcon_core.event_handler.log_command:Invoking command in '/ros2_ws/build/main_brain': CMAKE_PREFIX_PATH=${CMAKE_PREFIX_PATH}:/ros2_ws/install/tactical_brain:/ros2_ws/install/sensor_fusion_pkg:/ros2_ws/install/icm20948_ros2:/ros2_ws/install/ai_vision:/opt/ros/humble /usr/bin/cmake --install /ros2_ws/build/main_brain
[3.211s] DEBUG:colcon.colcon_core.event_handler.log_command:Invoked command in '/ros2_ws/build/localization' returned '0': CMAKE_PREFIX_PATH=/ros2_ws/install/ydlidar_ros2_driver:/ros2_ws/install/rf2o_laser_odometry:/ros2_ws/install/robot_bringup:/ros2_ws/install/localization:/ros2_ws/install/telemetry_data:/ros2_ws/install/shooting:/ros2_ws/install/robot_description:/ros2_ws/install/navigation:/ros2_ws/install/main_brain:/ros2_ws/install/hardware:/ros2_ws/install/foxglove:/ros2_ws/install/tactical_brain:/ros2_ws/install/sensor_fusion_pkg:/ros2_ws/install/icm20948_ros2:/ros2_ws/install/ai_vision:/opt/ros/humble /usr/bin/cmake --build /ros2_ws/build/localization -- -j4 -l4
[3.216s] DEBUG:colcon.colcon_core.event_handler.log_command:Invoking command in '/ros2_ws/build/localization': CMAKE_PREFIX_PATH=/ros2_ws/install/ydlidar_ros2_driver:/ros2_ws/install/rf2o_laser_odometry:/ros2_ws/install/robot_bringup:/ros2_ws/install/localization:/ros2_ws/install/telemetry_data:/ros2_ws/install/shooting:/ros2_ws/install/robot_description:/ros2_ws/install/navigation:/ros2_ws/install/main_brain:/ros2_ws/install/hardware:/ros2_ws/install/foxglove:/ros2_ws/install/tactical_brain:/ros2_ws/install/sensor_fusion_pkg:/ros2_ws/install/icm20948_ros2:/ros2_ws/install/ai_vision:/opt/ros/humble /usr/bin/cmake --install /ros2_ws/build/localization
[3.250s] Level 1:colcon.colcon_core.environment:create_environment_scripts_only(localization)
[3.250s] DEBUG:colcon.colcon_core.event_handler.log_command:Invoked command in '/ros2_ws/build/localization' returned '0': CMAKE_PREFIX_PATH=/ros2_ws/install/ydlidar_ros2_driver:/ros2_ws/install/rf2o_laser_odometry:/ros2_ws/install/robot_bringup:/ros2_ws/install/localization:/ros2_ws/install/telemetry_data:/ros2_ws/install/shooting:/ros2_ws/install/robot_description:/ros2_ws/install/navigation:/ros2_ws/install/main_brain:/ros2_ws/install/hardware:/ros2_ws/install/foxglove:/ros2_ws/install/tactical_brain:/ros2_ws/install/sensor_fusion_pkg:/ros2_ws/install/icm20948_ros2:/ros2_ws/install/ai_vision:/opt/ros/humble /usr/bin/cmake --install /ros2_ws/build/localization
[3.252s] Level 1:colcon.colcon_core.environment:checking '/ros2_ws/install/localization' for CMake module files
[3.256s] Level 1:colcon.colcon_core.environment:checking '/ros2_ws/install/localization' for CMake config files
[3.259s] Level 1:colcon.colcon_core.shell:create_environment_hook('localization', 'cmake_prefix_path')
[3.259s] INFO:colcon.colcon_core.shell:Creating environment hook '/ros2_ws/install/localization/share/localization/hook/cmake_prefix_path.ps1'
[3.263s] INFO:colcon.colcon_core.shell:Creating environment descriptor '/ros2_ws/install/localization/share/localization/hook/cmake_prefix_path.dsv'
[3.266s] INFO:colcon.colcon_core.shell:Creating environment hook '/ros2_ws/install/localization/share/localization/hook/cmake_prefix_path.sh'
[3.268s] Level 1:colcon.colcon_core.environment:checking '/ros2_ws/install/localization/bin'
[3.268s] Level 1:colcon.colcon_core.environment:checking '/ros2_ws/install/localization/lib/pkgconfig/localization.pc'
[3.268s] Level 1:colcon.colcon_core.environment:checking '/ros2_ws/install/localization/lib/python3.10/site-packages'
[3.269s] Level 1:colcon.colcon_core.environment:checking '/ros2_ws/install/localization/bin'
[3.270s] INFO:colcon.colcon_core.shell:Creating package script '/ros2_ws/install/localization/share/localization/package.ps1'
[3.271s] INFO:colcon.colcon_core.shell:Creating package descriptor '/ros2_ws/install/localization/share/localization/package.dsv'
[3.272s] INFO:colcon.colcon_core.shell:Creating package script '/ros2_ws/install/localization/share/localization/package.sh'
[3.273s] INFO:colcon.colcon_core.shell:Creating package script '/ros2_ws/install/localization/share/localization/package.bash'
[3.273s] INFO:colcon.colcon_core.shell:Creating package script '/ros2_ws/install/localization/share/localization/package.zsh'
[3.274s] Level 1:colcon.colcon_core.environment:create_file_with_runtime_dependencies(/ros2_ws/install/localization/share/colcon-core/packages/localization)
[3.275s] Level 1:colcon.colcon_core.environment:create_environment_scripts_only(localization)
[3.275s] Level 1:colcon.colcon_core.environment:checking '/ros2_ws/install/localization' for CMake module files
[3.276s] Level 1:colcon.colcon_core.environment:checking '/ros2_ws/install/localization' for CMake config files
[3.276s] Level 1:colcon.colcon_core.shell:create_environment_hook('localization', 'cmake_prefix_path')
[3.276s] INFO:colcon.colcon_core.shell:Creating environment hook '/ros2_ws/install/localization/share/localization/hook/cmake_prefix_path.ps1'
[3.277s] INFO:colcon.colcon_core.shell:Creating environment descriptor '/ros2_ws/install/localization/share/localization/hook/cmake_prefix_path.dsv'
[3.278s] INFO:colcon.colcon_core.shell:Creating environment hook '/ros2_ws/install/localization/share/localization/hook/cmake_prefix_path.sh'
[3.279s] Level 1:colcon.colcon_core.environment:checking '/ros2_ws/install/localization/bin'
[3.279s] Level 1:colcon.colcon_core.environment:checking '/ros2_ws/install/localization/lib/pkgconfig/localization.pc'
[3.280s] Level 1:colcon.colcon_core.environment:checking '/ros2_ws/install/localization/lib/python3.10/site-packages'
[3.280s] Level 1:colcon.colcon_core.environment:checking '/ros2_ws/install/localization/bin'
[3.281s] INFO:colcon.colcon_core.shell:Creating package script '/ros2_ws/install/localization/share/localization/package.ps1'
[3.281s] INFO:colcon.colcon_core.shell:Creating package descriptor '/ros2_ws/install/localization/share/localization/package.dsv'
[3.282s] INFO:colcon.colcon_core.shell:Creating package script '/ros2_ws/install/localization/share/localization/package.sh'
[3.283s] INFO:colcon.colcon_core.shell:Creating package script '/ros2_ws/install/localization/share/localization/package.bash'
[3.284s] INFO:colcon.colcon_core.shell:Creating package script '/ros2_ws/install/localization/share/localization/package.zsh'
[3.285s] Level 1:colcon.colcon_core.environment:create_file_with_runtime_dependencies(/ros2_ws/install/localization/share/colcon-core/packages/localization)
[3.287s] INFO:colcon.colcon_ros.task.ament_cmake.build:Building ROS package in '/ros2_ws/src/robot_description' with build type 'ament_cmake'
[3.287s] INFO:colcon.colcon_cmake.task.cmake.build:Building CMake package in '/ros2_ws/src/robot_description'
[3.288s] INFO:colcon.colcon_core.shell:Skip shell extension 'powershell' for command environment: Not usable outside of PowerShell
[3.288s] DEBUG:colcon.colcon_core.shell:Skip shell extension 'dsv' for command environment
[3.298s] Level 1:colcon.colcon_core.environment:create_environment_scripts_only(main_brain)
[3.299s] Level 1:colcon.colcon_core.environment:checking '/ros2_ws/install/main_brain' for CMake module files
[3.299s] DEBUG:colcon.colcon_core.event_handler.log_command:Invoked command in '/ros2_ws/build/main_brain' returned '0': CMAKE_PREFIX_PATH=${CMAKE_PREFIX_PATH}:/ros2_ws/install/tactical_brain:/ros2_ws/install/sensor_fusion_pkg:/ros2_ws/install/icm20948_ros2:/ros2_ws/install/ai_vision:/opt/ros/humble /usr/bin/cmake --install /ros2_ws/build/main_brain
[3.300s] Level 1:colcon.colcon_core.environment:checking '/ros2_ws/install/main_brain' for CMake config files
[3.300s] Level 1:colcon.colcon_core.shell:create_environment_hook('main_brain', 'cmake_prefix_path')
[3.301s] INFO:colcon.colcon_core.shell:Creating environment hook '/ros2_ws/install/main_brain/share/main_brain/hook/cmake_prefix_path.ps1'
[3.302s] INFO:colcon.colcon_core.shell:Creating environment descriptor '/ros2_ws/install/main_brain/share/main_brain/hook/cmake_prefix_path.dsv'
[3.302s] INFO:colcon.colcon_core.shell:Creating environment hook '/ros2_ws/install/main_brain/share/main_brain/hook/cmake_prefix_path.sh'
[3.304s] Level 1:colcon.colcon_core.environment:checking '/ros2_ws/install/main_brain/bin'
[3.304s] Level 1:colcon.colcon_core.environment:checking '/ros2_ws/install/main_brain/lib/pkgconfig/main_brain.pc'
[3.305s] Level 1:colcon.colcon_core.environment:checking '/ros2_ws/install/main_brain/lib/python3.10/site-packages'
[3.306s] Level 1:colcon.colcon_core.environment:checking '/ros2_ws/install/main_brain/bin'
[3.307s] INFO:colcon.colcon_core.shell:Creating package script '/ros2_ws/install/main_brain/share/main_brain/package.ps1'
[3.308s] INFO:colcon.colcon_core.shell:Creating package descriptor '/ros2_ws/install/main_brain/share/main_brain/package.dsv'
[3.308s] INFO:colcon.colcon_core.shell:Creating package script '/ros2_ws/install/main_brain/share/main_brain/package.sh'
[3.310s] INFO:colcon.colcon_core.shell:Creating package script '/ros2_ws/install/main_brain/share/main_brain/package.bash'
[3.310s] INFO:colcon.colcon_core.shell:Creating package script '/ros2_ws/install/main_brain/share/main_brain/package.zsh'
[3.311s] Level 1:colcon.colcon_core.environment:create_file_with_runtime_dependencies(/ros2_ws/install/main_brain/share/colcon-core/packages/main_brain)
[3.313s] Level 1:colcon.colcon_core.environment:create_environment_scripts_only(main_brain)
[3.313s] Level 1:colcon.colcon_core.environment:checking '/ros2_ws/install/main_brain' for CMake module files
[3.313s] Level 1:colcon.colcon_core.environment:checking '/ros2_ws/install/main_brain' for CMake config files
[3.314s] Level 1:colcon.colcon_core.shell:create_environment_hook('main_brain', 'cmake_prefix_path')
[3.314s] INFO:colcon.colcon_core.shell:Creating environment hook '/ros2_ws/install/main_brain/share/main_brain/hook/cmake_prefix_path.ps1'
[3.315s] INFO:colcon.colcon_core.shell:Creating environment descriptor '/ros2_ws/install/main_brain/share/main_brain/hook/cmake_prefix_path.dsv'
[3.316s] INFO:colcon.colcon_core.shell:Creating environment hook '/ros2_ws/install/main_brain/share/main_brain/hook/cmake_prefix_path.sh'
[3.316s] Level 1:colcon.colcon_core.environment:checking '/ros2_ws/install/main_brain/bin'
[3.317s] Level 1:colcon.colcon_core.environment:checking '/ros2_ws/install/main_brain/lib/pkgconfig/main_brain.pc'
[3.317s] Level 1:colcon.colcon_core.environment:checking '/ros2_ws/install/main_brain/lib/python3.10/site-packages'
[3.317s] Level 1:colcon.colcon_core.environment:checking '/ros2_ws/install/main_brain/bin'
[3.318s] INFO:colcon.colcon_core.shell:Creating package script '/ros2_ws/install/main_brain/share/main_brain/package.ps1'
[3.319s] INFO:colcon.colcon_core.shell:Creating package descriptor '/ros2_ws/install/main_brain/share/main_brain/package.dsv'
[3.320s] INFO:colcon.colcon_core.shell:Creating package script '/ros2_ws/install/main_brain/share/main_brain/package.sh'
[3.321s] INFO:colcon.colcon_core.shell:Creating package script '/ros2_ws/install/main_brain/share/main_brain/package.bash'
[3.321s] INFO:colcon.colcon_core.shell:Creating package script '/ros2_ws/install/main_brain/share/main_brain/package.zsh'
[3.322s] Level 1:colcon.colcon_core.environment:create_file_with_runtime_dependencies(/ros2_ws/install/main_brain/share/colcon-core/packages/main_brain)
[3.323s] INFO:colcon.colcon_ros.task.ament_cmake.build:Building ROS package in '/ros2_ws/src/shooting' with build type 'ament_cmake'
[3.324s] INFO:colcon.colcon_cmake.task.cmake.build:Building CMake package in '/ros2_ws/src/shooting'
[3.325s] INFO:colcon.colcon_core.shell:Skip shell extension 'powershell' for command environment: Not usable outside of PowerShell
[3.325s] DEBUG:colcon.colcon_core.shell:Skip shell extension 'dsv' for command environment
[3.343s] DEBUG:colcon.colcon_core.event_handler.log_command:Invoking command in '/ros2_ws/build/robot_description': CMAKE_PREFIX_PATH=${CMAKE_PREFIX_PATH}:/ros2_ws/install/tactical_brain:/ros2_ws/install/sensor_fusion_pkg:/ros2_ws/install/icm20948_ros2:/ros2_ws/install/ai_vision:/opt/ros/humble /usr/bin/cmake --build /ros2_ws/build/robot_description -- -j4 -l4
[3.364s] DEBUG:colcon.colcon_core.event_handler.log_command:Invoking command in '/ros2_ws/build/shooting': CMAKE_PREFIX_PATH=${CMAKE_PREFIX_PATH}:/ros2_ws/install/tactical_brain:/ros2_ws/install/sensor_fusion_pkg:/ros2_ws/install/icm20948_ros2:/ros2_ws/install/ai_vision:/opt/ros/humble /usr/bin/cmake --build /ros2_ws/build/shooting -- -j4 -l4
[3.485s] DEBUG:colcon.colcon_core.event_handler.log_command:Invoked command in '/ros2_ws/build/robot_description' returned '0': CMAKE_PREFIX_PATH=${CMAKE_PREFIX_PATH}:/ros2_ws/install/tactical_brain:/ros2_ws/install/sensor_fusion_pkg:/ros2_ws/install/icm20948_ros2:/ros2_ws/install/ai_vision:/opt/ros/humble /usr/bin/cmake --build /ros2_ws/build/robot_description -- -j4 -l4
[3.495s] DEBUG:colcon.colcon_core.event_handler.log_command:Invoking command in '/ros2_ws/build/robot_description': CMAKE_PREFIX_PATH=${CMAKE_PREFIX_PATH}:/ros2_ws/install/tactical_brain:/ros2_ws/install/sensor_fusion_pkg:/ros2_ws/install/icm20948_ros2:/ros2_ws/install/ai_vision:/opt/ros/humble /usr/bin/cmake --install /ros2_ws/build/robot_description
[3.563s] Level 1:colcon.colcon_core.environment:create_environment_scripts_only(robot_description)
[3.563s] Level 1:colcon.colcon_core.environment:checking '/ros2_ws/install/robot_description' for CMake module files
[3.567s] DEBUG:colcon.colcon_core.event_handler.log_command:Invoked command in '/ros2_ws/build/robot_description' returned '0': CMAKE_PREFIX_PATH=${CMAKE_PREFIX_PATH}:/ros2_ws/install/tactical_brain:/ros2_ws/install/sensor_fusion_pkg:/ros2_ws/install/icm20948_ros2:/ros2_ws/install/ai_vision:/opt/ros/humble /usr/bin/cmake --install /ros2_ws/build/robot_description
[3.568s] Level 1:colcon.colcon_core.environment:checking '/ros2_ws/install/robot_description' for CMake config files
[3.570s] Level 1:colcon.colcon_core.shell:create_environment_hook('robot_description', 'cmake_prefix_path')
[3.570s] INFO:colcon.colcon_core.shell:Creating environment hook '/ros2_ws/install/robot_description/share/robot_description/hook/cmake_prefix_path.ps1'
[3.572s] INFO:colcon.colcon_core.shell:Creating environment descriptor '/ros2_ws/install/robot_description/share/robot_description/hook/cmake_prefix_path.dsv'
[3.573s] INFO:colcon.colcon_core.shell:Creating environment hook '/ros2_ws/install/robot_description/share/robot_description/hook/cmake_prefix_path.sh'
[3.576s] Level 1:colcon.colcon_core.environment:checking '/ros2_ws/install/robot_description/bin'
[3.576s] Level 1:colcon.colcon_core.environment:checking '/ros2_ws/install/robot_description/lib/pkgconfig/robot_description.pc'
[3.577s] Level 1:colcon.colcon_core.environment:checking '/ros2_ws/install/robot_description/lib/python3.10/site-packages'
[3.579s] Level 1:colcon.colcon_core.environment:checking '/ros2_ws/install/robot_description/bin'
[3.581s] INFO:colcon.colcon_core.shell:Creating package script '/ros2_ws/install/robot_description/share/robot_description/package.ps1'
[3.584s] INFO:colcon.colcon_core.shell:Creating package descriptor '/ros2_ws/install/robot_description/share/robot_description/package.dsv'
[3.586s] INFO:colcon.colcon_core.shell:Creating package script '/ros2_ws/install/robot_description/share/robot_description/package.sh'
[3.587s] INFO:colcon.colcon_core.shell:Creating package script '/ros2_ws/install/robot_description/share/robot_description/package.bash'
[3.589s] INFO:colcon.colcon_core.shell:Creating package script '/ros2_ws/install/robot_description/share/robot_description/package.zsh'
[3.590s] Level 1:colcon.colcon_core.environment:create_file_with_runtime_dependencies(/ros2_ws/install/robot_description/share/colcon-core/packages/robot_description)
[3.592s] Level 1:colcon.colcon_core.environment:create_environment_scripts_only(robot_description)
[3.593s] Level 1:colcon.colcon_core.environment:checking '/ros2_ws/install/robot_description' for CMake module files
[3.594s] Level 1:colcon.colcon_core.environment:checking '/ros2_ws/install/robot_description' for CMake config files
[3.598s] Level 1:colcon.colcon_core.shell:create_environment_hook('robot_description', 'cmake_prefix_path')
[3.598s] INFO:colcon.colcon_core.shell:Creating environment hook '/ros2_ws/install/robot_description/share/robot_description/hook/cmake_prefix_path.ps1'
[3.600s] INFO:colcon.colcon_core.shell:Creating environment descriptor '/ros2_ws/install/robot_description/share/robot_description/hook/cmake_prefix_path.dsv'
[3.601s] INFO:colcon.colcon_core.shell:Creating environment hook '/ros2_ws/install/robot_description/share/robot_description/hook/cmake_prefix_path.sh'
[3.602s] Level 1:colcon.colcon_core.environment:checking '/ros2_ws/install/robot_description/bin'
[3.603s] Level 1:colcon.colcon_core.environment:checking '/ros2_ws/install/robot_description/lib/pkgconfig/robot_description.pc'
[3.603s] Level 1:colcon.colcon_core.environment:checking '/ros2_ws/install/robot_description/lib/python3.10/site-packages'
[3.604s] Level 1:colcon.colcon_core.environment:checking '/ros2_ws/install/robot_description/bin'
[3.605s] INFO:colcon.colcon_core.shell:Creating package script '/ros2_ws/install/robot_description/share/robot_description/package.ps1'
[3.606s] INFO:colcon.colcon_core.shell:Creating package descriptor '/ros2_ws/install/robot_description/share/robot_description/package.dsv'
[3.608s] INFO:colcon.colcon_core.shell:Creating package script '/ros2_ws/install/robot_description/share/robot_description/package.sh'
[3.609s] INFO:colcon.colcon_core.shell:Creating package script '/ros2_ws/install/robot_description/share/robot_description/package.bash'
[3.611s] INFO:colcon.colcon_core.shell:Creating package script '/ros2_ws/install/robot_description/share/robot_description/package.zsh'
[3.613s] Level 1:colcon.colcon_core.environment:create_file_with_runtime_dependencies(/ros2_ws/install/robot_description/share/colcon-core/packages/robot_description)
[3.614s] INFO:colcon.colcon_ros.task.ament_python.build:Building ROS package in '/ros2_ws/src/tactical_brain' with build type 'ament_python'
[3.615s] Level 1:colcon.colcon_core.shell:create_environment_hook('tactical_brain', 'ament_prefix_path')
[3.616s] INFO:colcon.colcon_core.shell:Creating environment hook '/ros2_ws/install/tactical_brain/share/tactical_brain/hook/ament_prefix_path.ps1'
[3.620s] INFO:colcon.colcon_core.shell:Creating environment descriptor '/ros2_ws/install/tactical_brain/share/tactical_brain/hook/ament_prefix_path.dsv'
[3.623s] INFO:colcon.colcon_core.shell:Creating environment hook '/ros2_ws/install/tactical_brain/share/tactical_brain/hook/ament_prefix_path.sh'
[3.625s] INFO:colcon.colcon_core.shell:Skip shell extension 'powershell' for command environment: Not usable outside of PowerShell
[3.626s] DEBUG:colcon.colcon_core.shell:Skip shell extension 'dsv' for command environment
[3.644s] DEBUG:colcon.colcon_core.event_handler.log_command:Invoked command in '/ros2_ws/build/shooting' returned '0': CMAKE_PREFIX_PATH=${CMAKE_PREFIX_PATH}:/ros2_ws/install/tactical_brain:/ros2_ws/install/sensor_fusion_pkg:/ros2_ws/install/icm20948_ros2:/ros2_ws/install/ai_vision:/opt/ros/humble /usr/bin/cmake --build /ros2_ws/build/shooting -- -j4 -l4
[3.652s] DEBUG:colcon.colcon_core.event_handler.log_command:Invoking command in '/ros2_ws/build/shooting': CMAKE_PREFIX_PATH=${CMAKE_PREFIX_PATH}:/ros2_ws/install/tactical_brain:/ros2_ws/install/sensor_fusion_pkg:/ros2_ws/install/icm20948_ros2:/ros2_ws/install/ai_vision:/opt/ros/humble /usr/bin/cmake --install /ros2_ws/build/shooting
[3.986s] INFO:colcon.colcon_core.task.python.build:Building Python package in '/ros2_ws/src/tactical_brain'
[3.986s] INFO:colcon.colcon_core.shell:Skip shell extension 'powershell' for command environment: Not usable outside of PowerShell
[3.986s] DEBUG:colcon.colcon_core.shell:Skip shell extension 'dsv' for command environment
[3.992s] DEBUG:colcon.colcon_core.task.python.build:Available setuptools commands: upload_docs, symlink_data, develop, install_egg_info, bdist_wheel, test, upload, build_ext, alias, bdist_egg, install, build_scripts, update_catalog, dist_info, build_clib, setopt, rotate, bdist_rpm, install_headers, easy_install, register, install_scripts, egg_info, build, check, bdist, build_py, saveopts, init_catalog, bdist_dumb, clean, install_data, sdist, compile_catalog, extract_messages, install_lib
[3.993s] DEBUG:colcon.colcon_core.task.python.build:Available setuptools commands: upload_docs, symlink_data, develop, install_egg_info, bdist_wheel, test, upload, build_ext, alias, bdist_egg, install, build_scripts, update_catalog, dist_info, build_clib, setopt, rotate, bdist_rpm, install_headers, easy_install, register, install_scripts, egg_info, build, check, bdist, build_py, saveopts, init_catalog, bdist_dumb, clean, install_data, sdist, compile_catalog, extract_messages, install_lib
[3.995s] Level 1:colcon.colcon_core.environment:create_environment_scripts_only(shooting)
[3.997s] Level 1:colcon.colcon_core.environment:checking '/ros2_ws/install/shooting' for CMake module files
[3.998s] DEBUG:colcon.colcon_core.event_handler.log_command:Invoked command in '/ros2_ws/build/shooting' returned '0': CMAKE_PREFIX_PATH=${CMAKE_PREFIX_PATH}:/ros2_ws/install/tactical_brain:/ros2_ws/install/sensor_fusion_pkg:/ros2_ws/install/icm20948_ros2:/ros2_ws/install/ai_vision:/opt/ros/humble /usr/bin/cmake --install /ros2_ws/build/shooting
[3.999s] Level 1:colcon.colcon_core.environment:checking '/ros2_ws/install/shooting' for CMake config files
[4.002s] Level 1:colcon.colcon_core.shell:create_environment_hook('shooting', 'cmake_prefix_path')
[4.002s] INFO:colcon.colcon_core.shell:Creating environment hook '/ros2_ws/install/shooting/share/shooting/hook/cmake_prefix_path.ps1'
[4.004s] INFO:colcon.colcon_core.shell:Creating environment descriptor '/ros2_ws/install/shooting/share/shooting/hook/cmake_prefix_path.dsv'
[4.006s] INFO:colcon.colcon_core.shell:Creating environment hook '/ros2_ws/install/shooting/share/shooting/hook/cmake_prefix_path.sh'
[4.007s] Level 1:colcon.colcon_core.environment:checking '/ros2_ws/install/shooting/lib'
[4.008s] Level 1:colcon.colcon_core.environment:checking '/ros2_ws/install/shooting/bin'
[4.009s] Level 1:colcon.colcon_core.environment:checking '/ros2_ws/install/shooting/lib/pkgconfig/shooting.pc'
[4.009s] Level 1:colcon.colcon_core.environment:checking '/ros2_ws/install/shooting/lib/python3.10/site-packages'
[4.010s] Level 1:colcon.colcon_core.environment:checking '/ros2_ws/install/shooting/bin'
[4.010s] INFO:colcon.colcon_core.shell:Creating package script '/ros2_ws/install/shooting/share/shooting/package.ps1'
[4.012s] INFO:colcon.colcon_core.shell:Creating package descriptor '/ros2_ws/install/shooting/share/shooting/package.dsv'
[4.013s] INFO:colcon.colcon_core.shell:Creating package script '/ros2_ws/install/shooting/share/shooting/package.sh'
[4.014s] INFO:colcon.colcon_core.shell:Creating package script '/ros2_ws/install/shooting/share/shooting/package.bash'
[4.016s] INFO:colcon.colcon_core.shell:Creating package script '/ros2_ws/install/shooting/share/shooting/package.zsh'
[4.018s] Level 1:colcon.colcon_core.environment:create_file_with_runtime_dependencies(/ros2_ws/install/shooting/share/colcon-core/packages/shooting)
[4.020s] Level 1:colcon.colcon_core.environment:create_environment_scripts_only(shooting)
[4.021s] Level 1:colcon.colcon_core.environment:checking '/ros2_ws/install/shooting' for CMake module files
[4.022s] Level 1:colcon.colcon_core.environment:checking '/ros2_ws/install/shooting' for CMake config files
[4.022s] Level 1:colcon.colcon_core.shell:create_environment_hook('shooting', 'cmake_prefix_path')
[4.023s] INFO:colcon.colcon_core.shell:Creating environment hook '/ros2_ws/install/shooting/share/shooting/hook/cmake_prefix_path.ps1'
[4.023s] INFO:colcon.colcon_core.shell:Creating environment descriptor '/ros2_ws/install/shooting/share/shooting/hook/cmake_prefix_path.dsv'
[4.024s] INFO:colcon.colcon_core.shell:Creating environment hook '/ros2_ws/install/shooting/share/shooting/hook/cmake_prefix_path.sh'
[4.025s] Level 1:colcon.colcon_core.environment:checking '/ros2_ws/install/shooting/lib'
[4.025s] Level 1:colcon.colcon_core.environment:checking '/ros2_ws/install/shooting/bin'
[4.025s] Level 1:colcon.colcon_core.environment:checking '/ros2_ws/install/shooting/lib/pkgconfig/shooting.pc'
[4.026s] Level 1:colcon.colcon_core.environment:checking '/ros2_ws/install/shooting/lib/python3.10/site-packages'
[4.026s] Level 1:colcon.colcon_core.environment:checking '/ros2_ws/install/shooting/bin'
[4.027s] INFO:colcon.colcon_core.shell:Creating package script '/ros2_ws/install/shooting/share/shooting/package.ps1'
[4.028s] INFO:colcon.colcon_core.shell:Creating package descriptor '/ros2_ws/install/shooting/share/shooting/package.dsv'
[4.029s] INFO:colcon.colcon_core.shell:Creating package script '/ros2_ws/install/shooting/share/shooting/package.sh'
[4.030s] INFO:colcon.colcon_core.shell:Creating package script '/ros2_ws/install/shooting/share/shooting/package.bash'
[4.030s] INFO:colcon.colcon_core.shell:Creating package script '/ros2_ws/install/shooting/share/shooting/package.zsh'
[4.031s] Level 1:colcon.colcon_core.environment:create_file_with_runtime_dependencies(/ros2_ws/install/shooting/share/colcon-core/packages/shooting)
[4.033s] INFO:colcon.colcon_ros.task.ament_cmake.build:Building ROS package in '/ros2_ws/src/telemetry_data' with build type 'ament_cmake'
[4.034s] INFO:colcon.colcon_cmake.task.cmake.build:Building CMake package in '/ros2_ws/src/telemetry_data'
[4.035s] INFO:colcon.colcon_core.shell:Skip shell extension 'powershell' for command environment: Not usable outside of PowerShell
[4.035s] DEBUG:colcon.colcon_core.shell:Skip shell extension 'dsv' for command environment
[4.066s] DEBUG:colcon.colcon_core.event_handler.log_command:Invoking command in '/ros2_ws/build/telemetry_data': CMAKE_PREFIX_PATH=${CMAKE_PREFIX_PATH}:/ros2_ws/install/tactical_brain:/ros2_ws/install/sensor_fusion_pkg:/ros2_ws/install/icm20948_ros2:/ros2_ws/install/ai_vision:/opt/ros/humble /usr/bin/cmake --build /ros2_ws/build/telemetry_data -- -j4 -l4
[4.407s] DEBUG:colcon.colcon_core.event_handler.log_command:Invoked command in '/ros2_ws/build/telemetry_data' returned '0': CMAKE_PREFIX_PATH=${CMAKE_PREFIX_PATH}:/ros2_ws/install/tactical_brain:/ros2_ws/install/sensor_fusion_pkg:/ros2_ws/install/icm20948_ros2:/ros2_ws/install/ai_vision:/opt/ros/humble /usr/bin/cmake --build /ros2_ws/build/telemetry_data -- -j4 -l4
[4.497s] DEBUG:colcon.colcon_core.event_handler.log_command:Invoking command in '/ros2_ws/build/telemetry_data': CMAKE_PREFIX_PATH=${CMAKE_PREFIX_PATH}:/ros2_ws/install/tactical_brain:/ros2_ws/install/sensor_fusion_pkg:/ros2_ws/install/icm20948_ros2:/ros2_ws/install/ai_vision:/opt/ros/humble /usr/bin/cmake --install /ros2_ws/build/telemetry_data
[4.530s] DEBUG:colcon.colcon_core.task.python.build:Available setuptools 'develop' options: --zip-ok, --dry-run, --install-layout, --always-copy, --record, --optimize, --always-unzip, --build-directory, --allow-hosts, --version, --index-url, --find-links, --site-dirs, --no-deps, --verbose, --script-dir, --local-snapshots-ok, --editable, --help, --uninstall, --force-installation-into-system-dir, --no-user-cfg, --multi-version, --prefix, --no-find-links, --exclude-scripts, --install-dir, --egg-path, --upgrade, --quiet, --user
[4.539s] DEBUG:colcon.colcon_core.event_handler.log_command:Invoking command in '/ros2_ws/build/icm20948_ros2': PYTHONPATH=/ros2_ws/build/icm20948_ros2/prefix_override:/usr/lib/python3/dist-packages/colcon_core/task/python/colcon_distutils_commands:/ros2_ws/install/icm20948_ros2/lib/python3.10/site-packages:${PYTHONPATH} /usr/bin/python3 -W ignore:setup.py install is deprecated -W ignore:easy_install command is deprecated setup.py develop --editable --build-directory /ros2_ws/build/icm20948_ros2/build --no-deps symlink_data
[4.544s] DEBUG:colcon.colcon_core.task.python.build:Available setuptools 'develop' options: --zip-ok, --dry-run, --install-layout, --always-copy, --record, --optimize, --always-unzip, --build-directory, --allow-hosts, --version, --index-url, --find-links, --site-dirs, --no-deps, --verbose, --script-dir, --local-snapshots-ok, --editable, --help, --uninstall, --force-installation-into-system-dir, --no-user-cfg, --multi-version, --prefix, --no-find-links, --exclude-scripts, --install-dir, --egg-path, --upgrade, --quiet, --user
[4.553s] DEBUG:colcon.colcon_core.event_handler.log_command:Invoking command in '/ros2_ws/build/ai_vision': PYTHONPATH=/ros2_ws/build/ai_vision/prefix_override:/usr/lib/python3/dist-packages/colcon_core/task/python/colcon_distutils_commands:/ros2_ws/install/ai_vision/lib/python3.10/site-packages:${PYTHONPATH} /usr/bin/python3 -W ignore:setup.py install is deprecated -W ignore:easy_install command is deprecated setup.py develop --editable --build-directory /ros2_ws/build/ai_vision/build --no-deps symlink_data
[4.561s] Level 1:colcon.colcon_core.environment:create_environment_scripts_only(telemetry_data)
[4.562s] Level 1:colcon.colcon_core.environment:checking '/ros2_ws/install/telemetry_data' for CMake module files
[4.564s] DEBUG:colcon.colcon_core.event_handler.log_command:Invoked command in '/ros2_ws/build/telemetry_data' returned '0': CMAKE_PREFIX_PATH=${CMAKE_PREFIX_PATH}:/ros2_ws/install/tactical_brain:/ros2_ws/install/sensor_fusion_pkg:/ros2_ws/install/icm20948_ros2:/ros2_ws/install/ai_vision:/opt/ros/humble /usr/bin/cmake --install /ros2_ws/build/telemetry_data
[4.567s] Level 1:colcon.colcon_core.environment:checking '/ros2_ws/install/telemetry_data' for CMake config files
[4.570s] Level 1:colcon.colcon_core.shell:create_environment_hook('telemetry_data', 'cmake_prefix_path')
[4.570s] INFO:colcon.colcon_core.shell:Creating environment hook '/ros2_ws/install/telemetry_data/share/telemetry_data/hook/cmake_prefix_path.ps1'
[4.571s] INFO:colcon.colcon_core.shell:Creating environment descriptor '/ros2_ws/install/telemetry_data/share/telemetry_data/hook/cmake_prefix_path.dsv'
[4.574s] INFO:colcon.colcon_core.shell:Creating environment hook '/ros2_ws/install/telemetry_data/share/telemetry_data/hook/cmake_prefix_path.sh'
[4.575s] Level 1:colcon.colcon_core.environment:checking '/ros2_ws/install/telemetry_data/lib'
[4.575s] Level 1:colcon.colcon_core.environment:checking '/ros2_ws/install/telemetry_data/bin'
[4.575s] Level 1:colcon.colcon_core.environment:checking '/ros2_ws/install/telemetry_data/lib/pkgconfig/telemetry_data.pc'
[4.576s] Level 1:colcon.colcon_core.environment:checking '/ros2_ws/install/telemetry_data/lib/python3.10/site-packages'
[4.577s] Level 1:colcon.colcon_core.environment:checking '/ros2_ws/install/telemetry_data/bin'
[4.577s] INFO:colcon.colcon_core.shell:Creating package script '/ros2_ws/install/telemetry_data/share/telemetry_data/package.ps1'
[4.579s] INFO:colcon.colcon_core.shell:Creating package descriptor '/ros2_ws/install/telemetry_data/share/telemetry_data/package.dsv'
[4.580s] INFO:colcon.colcon_core.shell:Creating package script '/ros2_ws/install/telemetry_data/share/telemetry_data/package.sh'
[4.581s] INFO:colcon.colcon_core.shell:Creating package script '/ros2_ws/install/telemetry_data/share/telemetry_data/package.bash'
[4.583s] INFO:colcon.colcon_core.shell:Creating package script '/ros2_ws/install/telemetry_data/share/telemetry_data/package.zsh'
[4.584s] Level 1:colcon.colcon_core.environment:create_file_with_runtime_dependencies(/ros2_ws/install/telemetry_data/share/colcon-core/packages/telemetry_data)
[4.586s] Level 1:colcon.colcon_core.environment:create_environment_scripts_only(telemetry_data)
[4.587s] Level 1:colcon.colcon_core.environment:checking '/ros2_ws/install/telemetry_data' for CMake module files
[4.588s] Level 1:colcon.colcon_core.environment:checking '/ros2_ws/install/telemetry_data' for CMake config files
[4.588s] Level 1:colcon.colcon_core.shell:create_environment_hook('telemetry_data', 'cmake_prefix_path')
[4.589s] INFO:colcon.colcon_core.shell:Creating environment hook '/ros2_ws/install/telemetry_data/share/telemetry_data/hook/cmake_prefix_path.ps1'
[4.590s] INFO:colcon.colcon_core.shell:Creating environment descriptor '/ros2_ws/install/telemetry_data/share/telemetry_data/hook/cmake_prefix_path.dsv'
[4.591s] INFO:colcon.colcon_core.shell:Creating environment hook '/ros2_ws/install/telemetry_data/share/telemetry_data/hook/cmake_prefix_path.sh'
[4.592s] Level 1:colcon.colcon_core.environment:checking '/ros2_ws/install/telemetry_data/lib'
[4.592s] Level 1:colcon.colcon_core.environment:checking '/ros2_ws/install/telemetry_data/bin'
[4.592s] Level 1:colcon.colcon_core.environment:checking '/ros2_ws/install/telemetry_data/lib/pkgconfig/telemetry_data.pc'
[4.593s] Level 1:colcon.colcon_core.environment:checking '/ros2_ws/install/telemetry_data/lib/python3.10/site-packages'
[4.594s] Level 1:colcon.colcon_core.environment:checking '/ros2_ws/install/telemetry_data/bin'
[4.595s] INFO:colcon.colcon_core.shell:Creating package script '/ros2_ws/install/telemetry_data/share/telemetry_data/package.ps1'
[4.596s] INFO:colcon.colcon_core.shell:Creating package descriptor '/ros2_ws/install/telemetry_data/share/telemetry_data/package.dsv'
[4.598s] INFO:colcon.colcon_core.shell:Creating package script '/ros2_ws/install/telemetry_data/share/telemetry_data/package.sh'
[4.599s] INFO:colcon.colcon_core.shell:Creating package script '/ros2_ws/install/telemetry_data/share/telemetry_data/package.bash'
[4.600s] INFO:colcon.colcon_core.shell:Creating package script '/ros2_ws/install/telemetry_data/share/telemetry_data/package.zsh'
[4.601s] Level 1:colcon.colcon_core.environment:create_file_with_runtime_dependencies(/ros2_ws/install/telemetry_data/share/colcon-core/packages/telemetry_data)
[4.602s] INFO:colcon.colcon_ros.task.ament_cmake.build:Building ROS package in '/ros2_ws/src/robot_bringup' with build type 'ament_cmake'
[4.602s] INFO:colcon.colcon_cmake.task.cmake.build:Building CMake package in '/ros2_ws/src/robot_bringup'
[4.603s] INFO:colcon.colcon_core.shell:Skip shell extension 'powershell' for command environment: Not usable outside of PowerShell
[4.604s] DEBUG:colcon.colcon_core.shell:Skip shell extension 'dsv' for command environment
[4.703s] DEBUG:colcon.colcon_core.event_handler.log_command:Invoking command in '/ros2_ws/build/robot_bringup': CMAKE_PREFIX_PATH=/ros2_ws/install/localization:/ros2_ws/install/ydlidar_ros2_driver:/ros2_ws/install/rf2o_laser_odometry:/ros2_ws/install/navigation:/ros2_ws/install/hardware:/ros2_ws/install/foxglove:/ros2_ws/install/robot_bringup:/ros2_ws/install/telemetry_data:/ros2_ws/install/shooting:/ros2_ws/install/robot_description:/ros2_ws/install/main_brain:/ros2_ws/install/tactical_brain:/ros2_ws/install/sensor_fusion_pkg:/ros2_ws/install/icm20948_ros2:/ros2_ws/install/ai_vision:/opt/ros/humble /usr/bin/cmake --build /ros2_ws/build/robot_bringup -- -j4 -l4
[4.836s] DEBUG:colcon.colcon_core.event_handler.log_command:Invoked command in '/ros2_ws/build/robot_bringup' returned '0': CMAKE_PREFIX_PATH=/ros2_ws/install/localization:/ros2_ws/install/ydlidar_ros2_driver:/ros2_ws/install/rf2o_laser_odometry:/ros2_ws/install/navigation:/ros2_ws/install/hardware:/ros2_ws/install/foxglove:/ros2_ws/install/robot_bringup:/ros2_ws/install/telemetry_data:/ros2_ws/install/shooting:/ros2_ws/install/robot_description:/ros2_ws/install/main_brain:/ros2_ws/install/tactical_brain:/ros2_ws/install/sensor_fusion_pkg:/ros2_ws/install/icm20948_ros2:/ros2_ws/install/ai_vision:/opt/ros/humble /usr/bin/cmake --build /ros2_ws/build/robot_bringup -- -j4 -l4
[4.843s] DEBUG:colcon.colcon_core.event_handler.log_command:Invoking command in '/ros2_ws/build/robot_bringup': CMAKE_PREFIX_PATH=/ros2_ws/install/localization:/ros2_ws/install/ydlidar_ros2_driver:/ros2_ws/install/rf2o_laser_odometry:/ros2_ws/install/navigation:/ros2_ws/install/hardware:/ros2_ws/install/foxglove:/ros2_ws/install/robot_bringup:/ros2_ws/install/telemetry_data:/ros2_ws/install/shooting:/ros2_ws/install/robot_description:/ros2_ws/install/main_brain:/ros2_ws/install/tactical_brain:/ros2_ws/install/sensor_fusion_pkg:/ros2_ws/install/icm20948_ros2:/ros2_ws/install/ai_vision:/opt/ros/humble /usr/bin/cmake --install /ros2_ws/build/robot_bringup
[4.844s] DEBUG:colcon.colcon_core.task.python.build:Available setuptools commands: upload_docs, symlink_data, develop, install_egg_info, bdist_wheel, test, upload, build_ext, alias, bdist_egg, install, build_scripts, update_catalog, dist_info, build_clib, setopt, rotate, bdist_rpm, install_headers, easy_install, register, install_scripts, egg_info, build, check, bdist, build_py, saveopts, init_catalog, bdist_dumb, clean, install_data, sdist, compile_catalog, extract_messages, install_lib
[4.885s] Level 1:colcon.colcon_core.environment:create_environment_scripts_only(robot_bringup)
[4.886s] Level 1:colcon.colcon_core.environment:checking '/ros2_ws/install/robot_bringup' for CMake module files
[4.887s] Level 1:colcon.colcon_core.environment:checking '/ros2_ws/install/robot_bringup' for CMake config files
[4.886s] DEBUG:colcon.colcon_core.event_handler.log_command:Invoked command in '/ros2_ws/build/robot_bringup' returned '0': CMAKE_PREFIX_PATH=/ros2_ws/install/localization:/ros2_ws/install/ydlidar_ros2_driver:/ros2_ws/install/rf2o_laser_odometry:/ros2_ws/install/navigation:/ros2_ws/install/hardware:/ros2_ws/install/foxglove:/ros2_ws/install/robot_bringup:/ros2_ws/install/telemetry_data:/ros2_ws/install/shooting:/ros2_ws/install/robot_description:/ros2_ws/install/main_brain:/ros2_ws/install/tactical_brain:/ros2_ws/install/sensor_fusion_pkg:/ros2_ws/install/icm20948_ros2:/ros2_ws/install/ai_vision:/opt/ros/humble /usr/bin/cmake --install /ros2_ws/build/robot_bringup
[4.888s] Level 1:colcon.colcon_core.shell:create_environment_hook('robot_bringup', 'cmake_prefix_path')
[4.888s] INFO:colcon.colcon_core.shell:Creating environment hook '/ros2_ws/install/robot_bringup/share/robot_bringup/hook/cmake_prefix_path.ps1'
[4.889s] INFO:colcon.colcon_core.shell:Creating environment descriptor '/ros2_ws/install/robot_bringup/share/robot_bringup/hook/cmake_prefix_path.dsv'
[4.890s] INFO:colcon.colcon_core.shell:Creating environment hook '/ros2_ws/install/robot_bringup/share/robot_bringup/hook/cmake_prefix_path.sh'
[4.891s] Level 1:colcon.colcon_core.environment:checking '/ros2_ws/install/robot_bringup/bin'
[4.891s] Level 1:colcon.colcon_core.environment:checking '/ros2_ws/install/robot_bringup/lib/pkgconfig/robot_bringup.pc'
[4.892s] Level 1:colcon.colcon_core.environment:checking '/ros2_ws/install/robot_bringup/lib/python3.10/site-packages'
[4.892s] Level 1:colcon.colcon_core.environment:checking '/ros2_ws/install/robot_bringup/bin'
[4.893s] INFO:colcon.colcon_core.shell:Creating package script '/ros2_ws/install/robot_bringup/share/robot_bringup/package.ps1'
[4.895s] INFO:colcon.colcon_core.shell:Creating package descriptor '/ros2_ws/install/robot_bringup/share/robot_bringup/package.dsv'
[4.896s] INFO:colcon.colcon_core.shell:Creating package script '/ros2_ws/install/robot_bringup/share/robot_bringup/package.sh'
[4.897s] INFO:colcon.colcon_core.shell:Creating package script '/ros2_ws/install/robot_bringup/share/robot_bringup/package.bash'
[4.897s] INFO:colcon.colcon_core.shell:Creating package script '/ros2_ws/install/robot_bringup/share/robot_bringup/package.zsh'
[4.898s] Level 1:colcon.colcon_core.environment:create_file_with_runtime_dependencies(/ros2_ws/install/robot_bringup/share/colcon-core/packages/robot_bringup)
[4.900s] Level 1:colcon.colcon_core.environment:create_environment_scripts_only(robot_bringup)
[4.900s] Level 1:colcon.colcon_core.environment:checking '/ros2_ws/install/robot_bringup' for CMake module files
[4.901s] Level 1:colcon.colcon_core.environment:checking '/ros2_ws/install/robot_bringup' for CMake config files
[4.902s] Level 1:colcon.colcon_core.shell:create_environment_hook('robot_bringup', 'cmake_prefix_path')
[4.902s] INFO:colcon.colcon_core.shell:Creating environment hook '/ros2_ws/install/robot_bringup/share/robot_bringup/hook/cmake_prefix_path.ps1'
[4.909s] INFO:colcon.colcon_core.shell:Creating environment descriptor '/ros2_ws/install/robot_bringup/share/robot_bringup/hook/cmake_prefix_path.dsv'
[4.910s] INFO:colcon.colcon_core.shell:Creating environment hook '/ros2_ws/install/robot_bringup/share/robot_bringup/hook/cmake_prefix_path.sh'
[4.912s] Level 1:colcon.colcon_core.environment:checking '/ros2_ws/install/robot_bringup/bin'
[4.912s] Level 1:colcon.colcon_core.environment:checking '/ros2_ws/install/robot_bringup/lib/pkgconfig/robot_bringup.pc'
[4.913s] Level 1:colcon.colcon_core.environment:checking '/ros2_ws/install/robot_bringup/lib/python3.10/site-packages'
[4.915s] Level 1:colcon.colcon_core.environment:checking '/ros2_ws/install/robot_bringup/bin'
[4.916s] INFO:colcon.colcon_core.shell:Creating package script '/ros2_ws/install/robot_bringup/share/robot_bringup/package.ps1'
[4.918s] INFO:colcon.colcon_core.shell:Creating package descriptor '/ros2_ws/install/robot_bringup/share/robot_bringup/package.dsv'
[4.919s] INFO:colcon.colcon_core.shell:Creating package script '/ros2_ws/install/robot_bringup/share/robot_bringup/package.sh'
[4.920s] INFO:colcon.colcon_core.shell:Creating package script '/ros2_ws/install/robot_bringup/share/robot_bringup/package.bash'
[4.921s] INFO:colcon.colcon_core.shell:Creating package script '/ros2_ws/install/robot_bringup/share/robot_bringup/package.zsh'
[4.922s] Level 1:colcon.colcon_core.environment:create_file_with_runtime_dependencies(/ros2_ws/install/robot_bringup/share/colcon-core/packages/robot_bringup)
[5.319s] DEBUG:colcon.colcon_core.task.python.build:Available setuptools 'develop' options: --zip-ok, --dry-run, --install-layout, --always-copy, --record, --optimize, --always-unzip, --build-directory, --allow-hosts, --version, --index-url, --find-links, --site-dirs, --no-deps, --verbose, --script-dir, --local-snapshots-ok, --editable, --help, --uninstall, --force-installation-into-system-dir, --no-user-cfg, --multi-version, --prefix, --no-find-links, --exclude-scripts, --install-dir, --egg-path, --upgrade, --quiet, --user
[5.329s] DEBUG:colcon.colcon_core.event_handler.log_command:Invoking command in '/ros2_ws/build/tactical_brain': PYTHONPATH=/ros2_ws/build/tactical_brain/prefix_override:/usr/lib/python3/dist-packages/colcon_core/task/python/colcon_distutils_commands:/ros2_ws/install/tactical_brain/lib/python3.10/site-packages:${PYTHONPATH} /usr/bin/python3 -W ignore:setup.py install is deprecated -W ignore:easy_install command is deprecated setup.py develop --editable --build-directory /ros2_ws/build/tactical_brain/build --no-deps symlink_data
[5.366s] Level 1:colcon.colcon_core.shell:create_environment_hook('icm20948_ros2', 'pythonpath_develop')
[5.368s] INFO:colcon.colcon_core.shell:Creating environment hook '/ros2_ws/build/icm20948_ros2/share/icm20948_ros2/hook/pythonpath_develop.ps1'
[5.369s] DEBUG:colcon.colcon_core.event_handler.log_command:Invoked command in '/ros2_ws/build/icm20948_ros2' returned '0': PYTHONPATH=/ros2_ws/build/icm20948_ros2/prefix_override:/usr/lib/python3/dist-packages/colcon_core/task/python/colcon_distutils_commands:/ros2_ws/install/icm20948_ros2/lib/python3.10/site-packages:${PYTHONPATH} /usr/bin/python3 -W ignore:setup.py install is deprecated -W ignore:easy_install command is deprecated setup.py develop --editable --build-directory /ros2_ws/build/icm20948_ros2/build --no-deps symlink_data
[5.373s] INFO:colcon.colcon_core.shell:Creating environment descriptor '/ros2_ws/build/icm20948_ros2/share/icm20948_ros2/hook/pythonpath_develop.dsv'
[5.375s] INFO:colcon.colcon_core.shell:Creating environment hook '/ros2_ws/build/icm20948_ros2/share/icm20948_ros2/hook/pythonpath_develop.sh'
[5.377s] Level 1:colcon.colcon_core.environment:checking '/ros2_ws/install/icm20948_ros2' for CMake module files
[5.378s] Level 1:colcon.colcon_core.environment:checking '/ros2_ws/install/icm20948_ros2' for CMake config files
[5.380s] Level 1:colcon.colcon_core.environment:checking '/ros2_ws/install/icm20948_ros2/lib'
[5.380s] Level 1:colcon.colcon_core.environment:checking '/ros2_ws/install/icm20948_ros2/bin'
[5.380s] Level 1:colcon.colcon_core.environment:checking '/ros2_ws/install/icm20948_ros2/lib/pkgconfig/icm20948_ros2.pc'
[5.381s] Level 1:colcon.colcon_core.environment:checking '/ros2_ws/install/icm20948_ros2/lib/python3.10/site-packages'
[5.381s] Level 1:colcon.colcon_core.shell:create_environment_hook('icm20948_ros2', 'pythonpath')
[5.382s] INFO:colcon.colcon_core.shell:Creating environment hook '/ros2_ws/install/icm20948_ros2/share/icm20948_ros2/hook/pythonpath.ps1'
[5.383s] INFO:colcon.colcon_core.shell:Creating environment descriptor '/ros2_ws/install/icm20948_ros2/share/icm20948_ros2/hook/pythonpath.dsv'
[5.383s] INFO:colcon.colcon_core.shell:Creating environment hook '/ros2_ws/install/icm20948_ros2/share/icm20948_ros2/hook/pythonpath.sh'
[5.385s] Level 1:colcon.colcon_core.environment:checking '/ros2_ws/install/icm20948_ros2/bin'
[5.385s] Level 1:colcon.colcon_core.environment:create_environment_scripts_only(icm20948_ros2)
[5.386s] INFO:colcon.colcon_core.shell:Creating package script '/ros2_ws/install/icm20948_ros2/share/icm20948_ros2/package.ps1'
[5.387s] INFO:colcon.colcon_core.shell:Creating package descriptor '/ros2_ws/install/icm20948_ros2/share/icm20948_ros2/package.dsv'
[5.388s] INFO:colcon.colcon_core.shell:Creating package script '/ros2_ws/install/icm20948_ros2/share/icm20948_ros2/package.sh'
[5.389s] INFO:colcon.colcon_core.shell:Creating package script '/ros2_ws/install/icm20948_ros2/share/icm20948_ros2/package.bash'
[5.390s] INFO:colcon.colcon_core.shell:Creating package script '/ros2_ws/install/icm20948_ros2/share/icm20948_ros2/package.zsh'
[5.391s] Level 1:colcon.colcon_core.environment:create_file_with_runtime_dependencies(/ros2_ws/install/icm20948_ros2/share/colcon-core/packages/icm20948_ros2)
[5.394s] Level 1:colcon.colcon_core.shell:create_environment_hook('ai_vision', 'pythonpath_develop')
[5.394s] INFO:colcon.colcon_core.shell:Creating environment hook '/ros2_ws/build/ai_vision/share/ai_vision/hook/pythonpath_develop.ps1'
[5.396s] DEBUG:colcon.colcon_core.event_handler.log_command:Invoked command in '/ros2_ws/build/ai_vision' returned '0': PYTHONPATH=/ros2_ws/build/ai_vision/prefix_override:/usr/lib/python3/dist-packages/colcon_core/task/python/colcon_distutils_commands:/ros2_ws/install/ai_vision/lib/python3.10/site-packages:${PYTHONPATH} /usr/bin/python3 -W ignore:setup.py install is deprecated -W ignore:easy_install command is deprecated setup.py develop --editable --build-directory /ros2_ws/build/ai_vision/build --no-deps symlink_data
[5.397s] INFO:colcon.colcon_core.shell:Creating environment descriptor '/ros2_ws/build/ai_vision/share/ai_vision/hook/pythonpath_develop.dsv'
[5.398s] INFO:colcon.colcon_core.shell:Creating environment hook '/ros2_ws/build/ai_vision/share/ai_vision/hook/pythonpath_develop.sh'
[5.400s] Level 1:colcon.colcon_core.environment:checking '/ros2_ws/install/ai_vision' for CMake module files
[5.401s] Level 1:colcon.colcon_core.environment:checking '/ros2_ws/install/ai_vision' for CMake config files
[5.402s] Level 1:colcon.colcon_core.environment:checking '/ros2_ws/install/ai_vision/lib'
[5.402s] Level 1:colcon.colcon_core.environment:checking '/ros2_ws/install/ai_vision/bin'
[5.402s] Level 1:colcon.colcon_core.environment:checking '/ros2_ws/install/ai_vision/lib/pkgconfig/ai_vision.pc'
[5.402s] Level 1:colcon.colcon_core.environment:checking '/ros2_ws/install/ai_vision/lib/python3.10/site-packages'
[5.402s] Level 1:colcon.colcon_core.shell:create_environment_hook('ai_vision', 'pythonpath')
[5.403s] INFO:colcon.colcon_core.shell:Creating environment hook '/ros2_ws/install/ai_vision/share/ai_vision/hook/pythonpath.ps1'
[5.404s] INFO:colcon.colcon_core.shell:Creating environment descriptor '/ros2_ws/install/ai_vision/share/ai_vision/hook/pythonpath.dsv'
[5.404s] INFO:colcon.colcon_core.shell:Creating environment hook '/ros2_ws/install/ai_vision/share/ai_vision/hook/pythonpath.sh'
[5.406s] Level 1:colcon.colcon_core.environment:checking '/ros2_ws/install/ai_vision/bin'
[5.406s] Level 1:colcon.colcon_core.environment:create_environment_scripts_only(ai_vision)
[5.406s] INFO:colcon.colcon_core.shell:Creating package script '/ros2_ws/install/ai_vision/share/ai_vision/package.ps1'
[5.407s] INFO:colcon.colcon_core.shell:Creating package descriptor '/ros2_ws/install/ai_vision/share/ai_vision/package.dsv'
[5.408s] INFO:colcon.colcon_core.shell:Creating package script '/ros2_ws/install/ai_vision/share/ai_vision/package.sh'
[5.408s] INFO:colcon.colcon_core.shell:Creating package script '/ros2_ws/install/ai_vision/share/ai_vision/package.bash'
[5.409s] INFO:colcon.colcon_core.shell:Creating package script '/ros2_ws/install/ai_vision/share/ai_vision/package.zsh'
[5.410s] Level 1:colcon.colcon_core.environment:create_file_with_runtime_dependencies(/ros2_ws/install/ai_vision/share/colcon-core/packages/ai_vision)
[5.842s] Level 1:colcon.colcon_core.shell:create_environment_hook('tactical_brain', 'pythonpath_develop')
[5.843s] INFO:colcon.colcon_core.shell:Creating environment hook '/ros2_ws/build/tactical_brain/share/tactical_brain/hook/pythonpath_develop.ps1'
[5.843s] DEBUG:colcon.colcon_core.event_handler.log_command:Invoked command in '/ros2_ws/build/tactical_brain' returned '0': PYTHONPATH=/ros2_ws/build/tactical_brain/prefix_override:/usr/lib/python3/dist-packages/colcon_core/task/python/colcon_distutils_commands:/ros2_ws/install/tactical_brain/lib/python3.10/site-packages:${PYTHONPATH} /usr/bin/python3 -W ignore:setup.py install is deprecated -W ignore:easy_install command is deprecated setup.py develop --editable --build-directory /ros2_ws/build/tactical_brain/build --no-deps symlink_data
[5.844s] INFO:colcon.colcon_core.shell:Creating environment descriptor '/ros2_ws/build/tactical_brain/share/tactical_brain/hook/pythonpath_develop.dsv'
[5.844s] INFO:colcon.colcon_core.shell:Creating environment hook '/ros2_ws/build/tactical_brain/share/tactical_brain/hook/pythonpath_develop.sh'
[5.845s] Level 1:colcon.colcon_core.environment:checking '/ros2_ws/install/tactical_brain' for CMake module files
[5.959s] Level 1:colcon.colcon_core.environment:checking '/ros2_ws/install/tactical_brain' for CMake config files
[5.960s] Level 1:colcon.colcon_core.environment:checking '/ros2_ws/install/tactical_brain/lib'
[5.960s] Level 1:colcon.colcon_core.environment:checking '/ros2_ws/install/tactical_brain/bin'
[5.960s] Level 1:colcon.colcon_core.environment:checking '/ros2_ws/install/tactical_brain/lib/pkgconfig/tactical_brain.pc'
[5.960s] Level 1:colcon.colcon_core.environment:checking '/ros2_ws/install/tactical_brain/lib/python3.10/site-packages'
[5.960s] Level 1:colcon.colcon_core.shell:create_environment_hook('tactical_brain', 'pythonpath')
[5.961s] INFO:colcon.colcon_core.shell:Creating environment hook '/ros2_ws/install/tactical_brain/share/tactical_brain/hook/pythonpath.ps1'
[5.961s] INFO:colcon.colcon_core.shell:Creating environment descriptor '/ros2_ws/install/tactical_brain/share/tactical_brain/hook/pythonpath.dsv'
[5.963s] INFO:colcon.colcon_core.shell:Creating environment hook '/ros2_ws/install/tactical_brain/share/tactical_brain/hook/pythonpath.sh'
[5.964s] Level 1:colcon.colcon_core.environment:checking '/ros2_ws/install/tactical_brain/bin'
[5.964s] Level 1:colcon.colcon_core.environment:create_environment_scripts_only(tactical_brain)
[5.965s] INFO:colcon.colcon_core.shell:Creating package script '/ros2_ws/install/tactical_brain/share/tactical_brain/package.ps1'
[5.965s] INFO:colcon.colcon_core.shell:Creating package descriptor '/ros2_ws/install/tactical_brain/share/tactical_brain/package.dsv'
[5.966s] INFO:colcon.colcon_core.shell:Creating package script '/ros2_ws/install/tactical_brain/share/tactical_brain/package.sh'
[5.967s] INFO:colcon.colcon_core.shell:Creating package script '/ros2_ws/install/tactical_brain/share/tactical_brain/package.bash'
[5.967s] INFO:colcon.colcon_core.shell:Creating package script '/ros2_ws/install/tactical_brain/share/tactical_brain/package.zsh'
[5.968s] Level 1:colcon.colcon_core.environment:create_file_with_runtime_dependencies(/ros2_ws/install/tactical_brain/share/colcon-core/packages/tactical_brain)
[5.969s] DEBUG:colcon.colcon_parallel_executor.executor.parallel:closing loop
[5.969s] DEBUG:colcon.colcon_parallel_executor.executor.parallel:loop closed
[5.970s] DEBUG:colcon.colcon_parallel_executor.executor.parallel:run_until_complete finished with '0'
[5.970s] DEBUG:colcon.colcon_core.event_reactor:joining thread
[5.983s] INFO:colcon.colcon_core.plugin_system:Skipping extension 'colcon_notification.desktop_notification.notify_send': Could not find 'notify-send'
[5.983s] INFO:colcon.colcon_core.plugin_system:Skipping extension 'colcon_notification.desktop_notification.terminal_notifier': Not used on non-Darwin systems
[5.983s] INFO:colcon.colcon_core.plugin_system:Skipping extension 'colcon_notification.desktop_notification.win32': Not used on non-Windows systems
[5.983s] INFO:colcon.colcon_notification.desktop_notification:Sending desktop notification using 'notify2'
[5.983s] DEBUG:colcon.colcon_notification.desktop_notification.notify2:Failed to initialize notify2: org.freedesktop.DBus.Error.NotSupported: Unable to autolaunch a dbus-daemon without a $DISPLAY for X11
[5.983s] DEBUG:colcon.colcon_core.event_reactor:joined thread
[5.984s] INFO:colcon.colcon_core.shell:Creating prefix script '/ros2_ws/install/local_setup.ps1'
[5.985s] INFO:colcon.colcon_core.shell:Creating prefix util module '/ros2_ws/install/_local_setup_util_ps1.py'
[5.987s] INFO:colcon.colcon_core.shell:Creating prefix chain script '/ros2_ws/install/setup.ps1'
[5.990s] INFO:colcon.colcon_core.shell:Creating prefix script '/ros2_ws/install/local_setup.sh'
[5.992s] INFO:colcon.colcon_core.shell:Creating prefix util module '/ros2_ws/install/_local_setup_util_sh.py'
[5.994s] INFO:colcon.colcon_core.shell:Creating prefix chain script '/ros2_ws/install/setup.sh'
[5.996s] INFO:colcon.colcon_core.shell:Creating prefix script '/ros2_ws/install/local_setup.bash'
[5.998s] INFO:colcon.colcon_core.shell:Creating prefix chain script '/ros2_ws/install/setup.bash'
[6.000s] INFO:colcon.colcon_core.shell:Creating prefix script '/ros2_ws/install/local_setup.zsh'
[6.002s] INFO:colcon.colcon_core.shell:Creating prefix chain script '/ros2_ws/install/setup.zsh'
