[0.000000] (-) TimerEvent: {}
[0.000874] (foxglove) JobQueued: {'identifier': 'foxglove', 'dependencies': OrderedDict()}
[0.000928] (hardware) JobQueued: {'identifier': 'hardware', 'dependencies': OrderedDict()}
[0.000954] (main_brain) JobQueued: {'identifier': 'main_brain', 'dependencies': OrderedDict()}
[0.000975] (navigation) JobQueued: {'identifier': 'navigation', 'dependencies': OrderedDict()}
[0.000992] (rf2o_laser_odometry) JobQueued: {'identifier': 'rf2o_laser_odometry', 'dependencies': OrderedDict()}
[0.001010] (robot_description) JobQueued: {'identifier': 'robot_description', 'dependencies': OrderedDict()}
[0.001029] (shooting) JobQueued: {'identifier': 'shooting', 'dependencies': OrderedDict()}
[0.001046] (telemetry_data) JobQueued: {'identifier': 'telemetry_data', 'dependencies': OrderedDict()}
[0.001063] (ydlidar_ros2_driver) JobQueued: {'identifier': 'ydlidar_ros2_driver', 'dependencies': OrderedDict()}
[0.001080] (localization) JobQueued: {'identifier': 'localization', 'dependencies': OrderedDict([('rf2o_laser_odometry', '/ros2_ws/install/rf2o_laser_odometry'), ('ydlidar_ros2_driver', '/ros2_ws/install/ydlidar_ros2_driver')])}
[0.001104] (robot_bringup) JobQueued: {'identifier': 'robot_bringup', 'dependencies': OrderedDict([('foxglove', '/ros2_ws/install/foxglove'), ('hardware', '/ros2_ws/install/hardware'), ('navigation', '/ros2_ws/install/navigation'), ('rf2o_laser_odometry', '/ros2_ws/install/rf2o_laser_odometry'), ('ydlidar_ros2_driver', '/ros2_ws/install/ydlidar_ros2_driver'), ('localization', '/ros2_ws/install/localization')])}
[0.001132] (rf2o_laser_odometry) JobStarted: {'identifier': 'rf2o_laser_odometry'}
[0.013719] (ydlidar_ros2_driver) JobStarted: {'identifier': 'ydlidar_ros2_driver'}
[0.018361] (foxglove) JobStarted: {'identifier': 'foxglove'}
[0.022842] (hardware) JobStarted: {'identifier': 'hardware'}
[0.029034] (rf2o_laser_odometry) JobProgress: {'identifier': 'rf2o_laser_odometry', 'progress': 'cmake'}
[0.029625] (rf2o_laser_odometry) Command: {'cmd': ['/usr/bin/cmake', '/ros2_ws/src/rf2o_laser_odometry', '-DAMENT_CMAKE_SYMLINK_INSTALL=1', '-DCMAKE_INSTALL_PREFIX=/ros2_ws/install/rf2o_laser_odometry'], 'cwd': '/ros2_ws/build/rf2o_laser_odometry', 'env': OrderedDict([('HOSTNAME', 'yahav'), ('SHLVL', '1'), ('LD_LIBRARY_PATH', '/ros2_ws/install/hardware/lib:/opt/ros/humble/opt/rviz_ogre_vendor/lib:/opt/ros/humble/lib/aarch64-linux-gnu:/opt/ros/humble/lib'), ('HOME', '/root'), ('PYTHONUNBUFFERED', '1'), ('ROS_PYTHON_VERSION', '3'), ('COLCON_PREFIX_PATH', '/ros2_ws/install'), ('ROS_DISTRO', 'humble'), ('_', '/usr/bin/colcon'), ('ROS_VERSION', '2'), ('TERM', 'xterm'), ('ROS_LOCALHOST_ONLY', '0'), ('PATH', '/opt/ros/humble/bin:/usr/local/sbin:/usr/local/bin:/usr/sbin:/usr/bin:/sbin:/bin'), ('DISPLAY', ''), ('LANG', 'C.UTF-8'), ('LS_COLORS', 'rs=0:di=01;34:ln=01;36:mh=00:pi=40;33:so=01;35:do=01;35:bd=40;33;01:cd=40;33;01:or=40;31;01:mi=00:su=37;41:sg=30;43:ca=30;41:tw=30;42:ow=34;42:st=37;44:ex=01;32:*.tar=01;31:*.tgz=01;31:*.arc=01;31:*.arj=01;31:*.taz=01;31:*.lha=01;31:*.lz4=01;31:*.lzh=01;31:*.lzma=01;31:*.tlz=01;31:*.txz=01;31:*.tzo=01;31:*.t7z=01;31:*.zip=01;31:*.z=01;31:*.dz=01;31:*.gz=01;31:*.lrz=01;31:*.lz=01;31:*.lzo=01;31:*.xz=01;31:*.zst=01;31:*.tzst=01;31:*.bz2=01;31:*.bz=01;31:*.tbz=01;31:*.tbz2=01;31:*.tz=01;31:*.deb=01;31:*.rpm=01;31:*.jar=01;31:*.war=01;31:*.ear=01;31:*.sar=01;31:*.rar=01;31:*.alz=01;31:*.ace=01;31:*.zoo=01;31:*.cpio=01;31:*.7z=01;31:*.rz=01;31:*.cab=01;31:*.wim=01;31:*.swm=01;31:*.dwm=01;31:*.esd=01;31:*.jpg=01;35:*.jpeg=01;35:*.mjpg=01;35:*.mjpeg=01;35:*.gif=01;35:*.bmp=01;35:*.pbm=01;35:*.pgm=01;35:*.ppm=01;35:*.tga=01;35:*.xbm=01;35:*.xpm=01;35:*.tif=01;35:*.tiff=01;35:*.png=01;35:*.svg=01;35:*.svgz=01;35:*.mng=01;35:*.pcx=01;35:*.mov=01;35:*.mpg=01;35:*.mpeg=01;35:*.m2v=01;35:*.mkv=01;35:*.webm=01;35:*.webp=01;35:*.ogm=01;35:*.mp4=01;35:*.m4v=01;35:*.mp4v=01;35:*.vob=01;35:*.qt=01;35:*.nuv=01;35:*.wmv=01;35:*.asf=01;35:*.rm=01;35:*.rmvb=01;35:*.flc=01;35:*.avi=01;35:*.fli=01;35:*.flv=01;35:*.gl=01;35:*.dl=01;35:*.xcf=01;35:*.xwd=01;35:*.yuv=01;35:*.cgm=01;35:*.emf=01;35:*.ogv=01;35:*.ogx=01;35:*.aac=00;36:*.au=00;36:*.flac=00;36:*.m4a=00;36:*.mid=00;36:*.midi=00;36:*.mka=00;36:*.mp3=00;36:*.mpc=00;36:*.ogg=00;36:*.ra=00;36:*.wav=00;36:*.oga=00;36:*.opus=00;36:*.spx=00;36:*.xspf=00;36:'), ('ROS_DOMAIN_ID', '0'), ('AMENT_PREFIX_PATH', '/ros2_ws/install/robot_bringup:/ros2_ws/install/localization:/ros2_ws/install/telemetry_data:/ros2_ws/install/shooting:/ros2_ws/install/rf2o_laser_odometry:/ros2_ws/install/hardware:/ros2_ws/install/ydlidar_ros2_driver:/ros2_ws/install/robot_description:/ros2_ws/install/navigation:/ros2_ws/install/main_brain:/ros2_ws/install/foxglove:/opt/ros/humble'), ('PWD', '/ros2_ws/build/rf2o_laser_odometry'), ('LC_ALL', 'C.UTF-8'), ('PYTHONPATH', '/opt/ros/humble/lib/python3.10/site-packages:/opt/ros/humble/local/lib/python3.10/dist-packages'), ('COLCON', '1'), ('CMAKE_PREFIX_PATH', '/ros2_ws/install/robot_bringup:/ros2_ws/install/localization:/ros2_ws/install/telemetry_data:/ros2_ws/install/shooting:/ros2_ws/install/rf2o_laser_odometry:/ros2_ws/install/hardware:/ros2_ws/install/ydlidar_ros2_driver:/ros2_ws/install/robot_description:/ros2_ws/install/navigation:/ros2_ws/install/main_brain:/ros2_ws/install/foxglove:/opt/ros/humble')]), 'shell': False}
[0.032211] (ydlidar_ros2_driver) JobProgress: {'identifier': 'ydlidar_ros2_driver', 'progress': 'cmake'}
[0.032978] (ydlidar_ros2_driver) Command: {'cmd': ['/usr/bin/cmake', '/ros2_ws/src/ydlidar_ros2_driver', '-DAMENT_CMAKE_SYMLINK_INSTALL=1', '-DCMAKE_INSTALL_PREFIX=/ros2_ws/install/ydlidar_ros2_driver'], 'cwd': '/ros2_ws/build/ydlidar_ros2_driver', 'env': OrderedDict([('HOSTNAME', 'yahav'), ('SHLVL', '1'), ('LD_LIBRARY_PATH', '/ros2_ws/install/hardware/lib:/opt/ros/humble/opt/rviz_ogre_vendor/lib:/opt/ros/humble/lib/aarch64-linux-gnu:/opt/ros/humble/lib'), ('HOME', '/root'), ('PYTHONUNBUFFERED', '1'), ('ROS_PYTHON_VERSION', '3'), ('COLCON_PREFIX_PATH', '/ros2_ws/install'), ('ROS_DISTRO', 'humble'), ('_', '/usr/bin/colcon'), ('ROS_VERSION', '2'), ('TERM', 'xterm'), ('ROS_LOCALHOST_ONLY', '0'), ('PATH', '/opt/ros/humble/bin:/usr/local/sbin:/usr/local/bin:/usr/sbin:/usr/bin:/sbin:/bin'), ('DISPLAY', ''), ('LANG', 'C.UTF-8'), ('LS_COLORS', 'rs=0:di=01;34:ln=01;36:mh=00:pi=40;33:so=01;35:do=01;35:bd=40;33;01:cd=40;33;01:or=40;31;01:mi=00:su=37;41:sg=30;43:ca=30;41:tw=30;42:ow=34;42:st=37;44:ex=01;32:*.tar=01;31:*.tgz=01;31:*.arc=01;31:*.arj=01;31:*.taz=01;31:*.lha=01;31:*.lz4=01;31:*.lzh=01;31:*.lzma=01;31:*.tlz=01;31:*.txz=01;31:*.tzo=01;31:*.t7z=01;31:*.zip=01;31:*.z=01;31:*.dz=01;31:*.gz=01;31:*.lrz=01;31:*.lz=01;31:*.lzo=01;31:*.xz=01;31:*.zst=01;31:*.tzst=01;31:*.bz2=01;31:*.bz=01;31:*.tbz=01;31:*.tbz2=01;31:*.tz=01;31:*.deb=01;31:*.rpm=01;31:*.jar=01;31:*.war=01;31:*.ear=01;31:*.sar=01;31:*.rar=01;31:*.alz=01;31:*.ace=01;31:*.zoo=01;31:*.cpio=01;31:*.7z=01;31:*.rz=01;31:*.cab=01;31:*.wim=01;31:*.swm=01;31:*.dwm=01;31:*.esd=01;31:*.jpg=01;35:*.jpeg=01;35:*.mjpg=01;35:*.mjpeg=01;35:*.gif=01;35:*.bmp=01;35:*.pbm=01;35:*.pgm=01;35:*.ppm=01;35:*.tga=01;35:*.xbm=01;35:*.xpm=01;35:*.tif=01;35:*.tiff=01;35:*.png=01;35:*.svg=01;35:*.svgz=01;35:*.mng=01;35:*.pcx=01;35:*.mov=01;35:*.mpg=01;35:*.mpeg=01;35:*.m2v=01;35:*.mkv=01;35:*.webm=01;35:*.webp=01;35:*.ogm=01;35:*.mp4=01;35:*.m4v=01;35:*.mp4v=01;35:*.vob=01;35:*.qt=01;35:*.nuv=01;35:*.wmv=01;35:*.asf=01;35:*.rm=01;35:*.rmvb=01;35:*.flc=01;35:*.avi=01;35:*.fli=01;35:*.flv=01;35:*.gl=01;35:*.dl=01;35:*.xcf=01;35:*.xwd=01;35:*.yuv=01;35:*.cgm=01;35:*.emf=01;35:*.ogv=01;35:*.ogx=01;35:*.aac=00;36:*.au=00;36:*.flac=00;36:*.m4a=00;36:*.mid=00;36:*.midi=00;36:*.mka=00;36:*.mp3=00;36:*.mpc=00;36:*.ogg=00;36:*.ra=00;36:*.wav=00;36:*.oga=00;36:*.opus=00;36:*.spx=00;36:*.xspf=00;36:'), ('ROS_DOMAIN_ID', '0'), ('AMENT_PREFIX_PATH', '/ros2_ws/install/robot_bringup:/ros2_ws/install/localization:/ros2_ws/install/telemetry_data:/ros2_ws/install/shooting:/ros2_ws/install/rf2o_laser_odometry:/ros2_ws/install/hardware:/ros2_ws/install/ydlidar_ros2_driver:/ros2_ws/install/robot_description:/ros2_ws/install/navigation:/ros2_ws/install/main_brain:/ros2_ws/install/foxglove:/opt/ros/humble'), ('PWD', '/ros2_ws/build/ydlidar_ros2_driver'), ('LC_ALL', 'C.UTF-8'), ('PYTHONPATH', '/opt/ros/humble/lib/python3.10/site-packages:/opt/ros/humble/local/lib/python3.10/dist-packages'), ('COLCON', '1'), ('CMAKE_PREFIX_PATH', '/ros2_ws/install/robot_bringup:/ros2_ws/install/localization:/ros2_ws/install/telemetry_data:/ros2_ws/install/shooting:/ros2_ws/install/rf2o_laser_odometry:/ros2_ws/install/hardware:/ros2_ws/install/ydlidar_ros2_driver:/ros2_ws/install/robot_description:/ros2_ws/install/navigation:/ros2_ws/install/main_brain:/ros2_ws/install/foxglove:/opt/ros/humble')]), 'shell': False}
[0.037284] (foxglove) JobProgress: {'identifier': 'foxglove', 'progress': 'cmake'}
[0.037364] (foxglove) Command: {'cmd': ['/usr/bin/cmake', '/ros2_ws/src/foxglove', '-DAMENT_CMAKE_SYMLINK_INSTALL=1', '-DCMAKE_INSTALL_PREFIX=/ros2_ws/install/foxglove'], 'cwd': '/ros2_ws/build/foxglove', 'env': OrderedDict([('HOSTNAME', 'yahav'), ('SHLVL', '1'), ('LD_LIBRARY_PATH', '/ros2_ws/install/hardware/lib:/opt/ros/humble/opt/rviz_ogre_vendor/lib:/opt/ros/humble/lib/aarch64-linux-gnu:/opt/ros/humble/lib'), ('HOME', '/root'), ('PYTHONUNBUFFERED', '1'), ('ROS_PYTHON_VERSION', '3'), ('COLCON_PREFIX_PATH', '/ros2_ws/install'), ('ROS_DISTRO', 'humble'), ('_', '/usr/bin/colcon'), ('ROS_VERSION', '2'), ('TERM', 'xterm'), ('ROS_LOCALHOST_ONLY', '0'), ('PATH', '/opt/ros/humble/bin:/usr/local/sbin:/usr/local/bin:/usr/sbin:/usr/bin:/sbin:/bin'), ('DISPLAY', ''), ('LANG', 'C.UTF-8'), ('LS_COLORS', 'rs=0:di=01;34:ln=01;36:mh=00:pi=40;33:so=01;35:do=01;35:bd=40;33;01:cd=40;33;01:or=40;31;01:mi=00:su=37;41:sg=30;43:ca=30;41:tw=30;42:ow=34;42:st=37;44:ex=01;32:*.tar=01;31:*.tgz=01;31:*.arc=01;31:*.arj=01;31:*.taz=01;31:*.lha=01;31:*.lz4=01;31:*.lzh=01;31:*.lzma=01;31:*.tlz=01;31:*.txz=01;31:*.tzo=01;31:*.t7z=01;31:*.zip=01;31:*.z=01;31:*.dz=01;31:*.gz=01;31:*.lrz=01;31:*.lz=01;31:*.lzo=01;31:*.xz=01;31:*.zst=01;31:*.tzst=01;31:*.bz2=01;31:*.bz=01;31:*.tbz=01;31:*.tbz2=01;31:*.tz=01;31:*.deb=01;31:*.rpm=01;31:*.jar=01;31:*.war=01;31:*.ear=01;31:*.sar=01;31:*.rar=01;31:*.alz=01;31:*.ace=01;31:*.zoo=01;31:*.cpio=01;31:*.7z=01;31:*.rz=01;31:*.cab=01;31:*.wim=01;31:*.swm=01;31:*.dwm=01;31:*.esd=01;31:*.jpg=01;35:*.jpeg=01;35:*.mjpg=01;35:*.mjpeg=01;35:*.gif=01;35:*.bmp=01;35:*.pbm=01;35:*.pgm=01;35:*.ppm=01;35:*.tga=01;35:*.xbm=01;35:*.xpm=01;35:*.tif=01;35:*.tiff=01;35:*.png=01;35:*.svg=01;35:*.svgz=01;35:*.mng=01;35:*.pcx=01;35:*.mov=01;35:*.mpg=01;35:*.mpeg=01;35:*.m2v=01;35:*.mkv=01;35:*.webm=01;35:*.webp=01;35:*.ogm=01;35:*.mp4=01;35:*.m4v=01;35:*.mp4v=01;35:*.vob=01;35:*.qt=01;35:*.nuv=01;35:*.wmv=01;35:*.asf=01;35:*.rm=01;35:*.rmvb=01;35:*.flc=01;35:*.avi=01;35:*.fli=01;35:*.flv=01;35:*.gl=01;35:*.dl=01;35:*.xcf=01;35:*.xwd=01;35:*.yuv=01;35:*.cgm=01;35:*.emf=01;35:*.ogv=01;35:*.ogx=01;35:*.aac=00;36:*.au=00;36:*.flac=00;36:*.m4a=00;36:*.mid=00;36:*.midi=00;36:*.mka=00;36:*.mp3=00;36:*.mpc=00;36:*.ogg=00;36:*.ra=00;36:*.wav=00;36:*.oga=00;36:*.opus=00;36:*.spx=00;36:*.xspf=00;36:'), ('ROS_DOMAIN_ID', '0'), ('AMENT_PREFIX_PATH', '/ros2_ws/install/robot_bringup:/ros2_ws/install/localization:/ros2_ws/install/telemetry_data:/ros2_ws/install/shooting:/ros2_ws/install/rf2o_laser_odometry:/ros2_ws/install/hardware:/ros2_ws/install/ydlidar_ros2_driver:/ros2_ws/install/robot_description:/ros2_ws/install/navigation:/ros2_ws/install/main_brain:/ros2_ws/install/foxglove:/opt/ros/humble'), ('PWD', '/ros2_ws/build/foxglove'), ('LC_ALL', 'C.UTF-8'), ('PYTHONPATH', '/opt/ros/humble/lib/python3.10/site-packages:/opt/ros/humble/local/lib/python3.10/dist-packages'), ('COLCON', '1'), ('CMAKE_PREFIX_PATH', '/ros2_ws/install/robot_bringup:/ros2_ws/install/localization:/ros2_ws/install/telemetry_data:/ros2_ws/install/shooting:/ros2_ws/install/rf2o_laser_odometry:/ros2_ws/install/hardware:/ros2_ws/install/ydlidar_ros2_driver:/ros2_ws/install/robot_description:/ros2_ws/install/navigation:/ros2_ws/install/main_brain:/ros2_ws/install/foxglove:/opt/ros/humble')]), 'shell': False}
[0.049235] (hardware) JobProgress: {'identifier': 'hardware', 'progress': 'cmake'}
[0.049387] (hardware) Command: {'cmd': ['/usr/bin/cmake', '/ros2_ws/src/hardware', '-DAMENT_CMAKE_SYMLINK_INSTALL=1', '-DCMAKE_INSTALL_PREFIX=/ros2_ws/install/hardware'], 'cwd': '/ros2_ws/build/hardware', 'env': OrderedDict([('HOSTNAME', 'yahav'), ('SHLVL', '1'), ('LD_LIBRARY_PATH', '/ros2_ws/install/hardware/lib:/opt/ros/humble/opt/rviz_ogre_vendor/lib:/opt/ros/humble/lib/aarch64-linux-gnu:/opt/ros/humble/lib'), ('HOME', '/root'), ('PYTHONUNBUFFERED', '1'), ('ROS_PYTHON_VERSION', '3'), ('COLCON_PREFIX_PATH', '/ros2_ws/install'), ('ROS_DISTRO', 'humble'), ('_', '/usr/bin/colcon'), ('ROS_VERSION', '2'), ('TERM', 'xterm'), ('ROS_LOCALHOST_ONLY', '0'), ('PATH', '/opt/ros/humble/bin:/usr/local/sbin:/usr/local/bin:/usr/sbin:/usr/bin:/sbin:/bin'), ('DISPLAY', ''), ('LANG', 'C.UTF-8'), ('LS_COLORS', 'rs=0:di=01;34:ln=01;36:mh=00:pi=40;33:so=01;35:do=01;35:bd=40;33;01:cd=40;33;01:or=40;31;01:mi=00:su=37;41:sg=30;43:ca=30;41:tw=30;42:ow=34;42:st=37;44:ex=01;32:*.tar=01;31:*.tgz=01;31:*.arc=01;31:*.arj=01;31:*.taz=01;31:*.lha=01;31:*.lz4=01;31:*.lzh=01;31:*.lzma=01;31:*.tlz=01;31:*.txz=01;31:*.tzo=01;31:*.t7z=01;31:*.zip=01;31:*.z=01;31:*.dz=01;31:*.gz=01;31:*.lrz=01;31:*.lz=01;31:*.lzo=01;31:*.xz=01;31:*.zst=01;31:*.tzst=01;31:*.bz2=01;31:*.bz=01;31:*.tbz=01;31:*.tbz2=01;31:*.tz=01;31:*.deb=01;31:*.rpm=01;31:*.jar=01;31:*.war=01;31:*.ear=01;31:*.sar=01;31:*.rar=01;31:*.alz=01;31:*.ace=01;31:*.zoo=01;31:*.cpio=01;31:*.7z=01;31:*.rz=01;31:*.cab=01;31:*.wim=01;31:*.swm=01;31:*.dwm=01;31:*.esd=01;31:*.jpg=01;35:*.jpeg=01;35:*.mjpg=01;35:*.mjpeg=01;35:*.gif=01;35:*.bmp=01;35:*.pbm=01;35:*.pgm=01;35:*.ppm=01;35:*.tga=01;35:*.xbm=01;35:*.xpm=01;35:*.tif=01;35:*.tiff=01;35:*.png=01;35:*.svg=01;35:*.svgz=01;35:*.mng=01;35:*.pcx=01;35:*.mov=01;35:*.mpg=01;35:*.mpeg=01;35:*.m2v=01;35:*.mkv=01;35:*.webm=01;35:*.webp=01;35:*.ogm=01;35:*.mp4=01;35:*.m4v=01;35:*.mp4v=01;35:*.vob=01;35:*.qt=01;35:*.nuv=01;35:*.wmv=01;35:*.asf=01;35:*.rm=01;35:*.rmvb=01;35:*.flc=01;35:*.avi=01;35:*.fli=01;35:*.flv=01;35:*.gl=01;35:*.dl=01;35:*.xcf=01;35:*.xwd=01;35:*.yuv=01;35:*.cgm=01;35:*.emf=01;35:*.ogv=01;35:*.ogx=01;35:*.aac=00;36:*.au=00;36:*.flac=00;36:*.m4a=00;36:*.mid=00;36:*.midi=00;36:*.mka=00;36:*.mp3=00;36:*.mpc=00;36:*.ogg=00;36:*.ra=00;36:*.wav=00;36:*.oga=00;36:*.opus=00;36:*.spx=00;36:*.xspf=00;36:'), ('ROS_DOMAIN_ID', '0'), ('AMENT_PREFIX_PATH', '/ros2_ws/install/robot_bringup:/ros2_ws/install/localization:/ros2_ws/install/telemetry_data:/ros2_ws/install/shooting:/ros2_ws/install/rf2o_laser_odometry:/ros2_ws/install/hardware:/ros2_ws/install/ydlidar_ros2_driver:/ros2_ws/install/robot_description:/ros2_ws/install/navigation:/ros2_ws/install/main_brain:/ros2_ws/install/foxglove:/opt/ros/humble'), ('PWD', '/ros2_ws/build/hardware'), ('LC_ALL', 'C.UTF-8'), ('PYTHONPATH', '/opt/ros/humble/lib/python3.10/site-packages:/opt/ros/humble/local/lib/python3.10/dist-packages'), ('COLCON', '1'), ('CMAKE_PREFIX_PATH', '/ros2_ws/install/robot_bringup:/ros2_ws/install/localization:/ros2_ws/install/telemetry_data:/ros2_ws/install/shooting:/ros2_ws/install/rf2o_laser_odometry:/ros2_ws/install/hardware:/ros2_ws/install/ydlidar_ros2_driver:/ros2_ws/install/robot_description:/ros2_ws/install/navigation:/ros2_ws/install/main_brain:/ros2_ws/install/foxglove:/opt/ros/humble')]), 'shell': False}
[0.102116] (-) TimerEvent: {}
[0.142563] (rf2o_laser_odometry) StdoutLine: {'line': b'-- The C compiler identification is GNU 11.4.0\n'}
[0.151138] (foxglove) StdoutLine: {'line': b'-- The C compiler identification is GNU 11.4.0\n'}
[0.158462] (ydlidar_ros2_driver) StdoutLine: {'line': b'-- The C compiler identification is GNU 11.4.0\n'}
[0.166004] (hardware) StdoutLine: {'line': b'-- The C compiler identification is GNU 11.4.0\n'}
[0.202243] (-) TimerEvent: {}
[0.259029] (rf2o_laser_odometry) StdoutLine: {'line': b'-- The CXX compiler identification is GNU 11.4.0\n'}
[0.273495] (foxglove) StdoutLine: {'line': b'-- The CXX compiler identification is GNU 11.4.0\n'}
[0.273811] (hardware) StdoutLine: {'line': b'-- The CXX compiler identification is GNU 11.4.0\n'}
[0.275028] (ydlidar_ros2_driver) StdoutLine: {'line': b'-- The CXX compiler identification is GNU 11.4.0\n'}
[0.275218] (rf2o_laser_odometry) StdoutLine: {'line': b'-- Detecting C compiler ABI info\n'}
[0.283670] (ydlidar_ros2_driver) StdoutLine: {'line': b'-- Detecting C compiler ABI info\n'}
[0.290728] (hardware) StdoutLine: {'line': b'-- Detecting C compiler ABI info\n'}
[0.291286] (foxglove) StdoutLine: {'line': b'-- Detecting C compiler ABI info\n'}
[0.304263] (-) TimerEvent: {}
[0.404782] (-) TimerEvent: {}
[0.413326] (rf2o_laser_odometry) StdoutLine: {'line': b'-- Detecting C compiler ABI info - done\n'}
[0.442292] (ydlidar_ros2_driver) StdoutLine: {'line': b'-- Detecting C compiler ABI info - done\n'}
[0.446434] (rf2o_laser_odometry) StdoutLine: {'line': b'-- Check for working C compiler: /usr/bin/cc - skipped\n'}
[0.446886] (rf2o_laser_odometry) StdoutLine: {'line': b'-- Detecting C compile features\n'}
[0.450149] (rf2o_laser_odometry) StdoutLine: {'line': b'-- Detecting C compile features - done\n'}
[0.461949] (foxglove) StdoutLine: {'line': b'-- Detecting C compiler ABI info - done\n'}
[0.462209] (ydlidar_ros2_driver) StdoutLine: {'line': b'-- Check for working C compiler: /usr/bin/cc - skipped\n'}
[0.463180] (hardware) StdoutLine: {'line': b'-- Detecting C compiler ABI info - done\n'}
[0.465385] (rf2o_laser_odometry) StdoutLine: {'line': b'-- Detecting CXX compiler ABI info\n'}
[0.465892] (ydlidar_ros2_driver) StdoutLine: {'line': b'-- Detecting C compile features\n'}
[0.466531] (ydlidar_ros2_driver) StdoutLine: {'line': b'-- Detecting C compile features - done\n'}
[0.472827] (ydlidar_ros2_driver) StdoutLine: {'line': b'-- Detecting CXX compiler ABI info\n'}
[0.473179] (foxglove) StdoutLine: {'line': b'-- Check for working C compiler: /usr/bin/cc - skipped\n'}
[0.473581] (foxglove) StdoutLine: {'line': b'-- Detecting C compile features\n'}
[0.474285] (foxglove) StdoutLine: {'line': b'-- Detecting C compile features - done\n'}
[0.475146] (hardware) StdoutLine: {'line': b'-- Check for working C compiler: /usr/bin/cc - skipped\n'}
[0.477956] (hardware) StdoutLine: {'line': b'-- Detecting C compile features\n'}
[0.478229] (hardware) StdoutLine: {'line': b'-- Detecting C compile features - done\n'}
[0.479962] (foxglove) StdoutLine: {'line': b'-- Detecting CXX compiler ABI info\n'}
[0.486005] (hardware) StdoutLine: {'line': b'-- Detecting CXX compiler ABI info\n'}
[0.505472] (-) TimerEvent: {}
[0.606060] (-) TimerEvent: {}
[0.634010] (foxglove) StdoutLine: {'line': b'-- Detecting CXX compiler ABI info - done\n'}
[0.645551] (foxglove) StdoutLine: {'line': b'-- Check for working CXX compiler: /usr/bin/c++ - skipped\n'}
[0.646086] (foxglove) StdoutLine: {'line': b'-- Detecting CXX compile features\n'}
[0.646736] (foxglove) StdoutLine: {'line': b'-- Detecting CXX compile features - done\n'}
[0.650841] (foxglove) StdoutLine: {'line': b'-- Found ament_cmake: 1.3.14 (/opt/ros/humble/share/ament_cmake/cmake)\n'}
[0.658030] (rf2o_laser_odometry) StdoutLine: {'line': b'-- Detecting CXX compiler ABI info - done\n'}
[0.667713] (ydlidar_ros2_driver) StdoutLine: {'line': b'-- Detecting CXX compiler ABI info - done\n'}
[0.672118] (rf2o_laser_odometry) StdoutLine: {'line': b'-- Check for working CXX compiler: /usr/bin/c++ - skipped\n'}
[0.672500] (rf2o_laser_odometry) StdoutLine: {'line': b'-- Detecting CXX compile features\n'}
[0.673187] (rf2o_laser_odometry) StdoutLine: {'line': b'-- Detecting CXX compile features - done\n'}
[0.681595] (rf2o_laser_odometry) StdoutLine: {'line': b'-- Found ament_cmake: 1.3.14 (/opt/ros/humble/share/ament_cmake/cmake)\n'}
[0.685596] (ydlidar_ros2_driver) StdoutLine: {'line': b'-- Check for working CXX compiler: /usr/bin/c++ - skipped\n'}
[0.686491] (ydlidar_ros2_driver) StdoutLine: {'line': b'-- Detecting CXX compile features\n'}
[0.687552] (ydlidar_ros2_driver) StdoutLine: {'line': b'-- Detecting CXX compile features - done\n'}
[0.692410] (ydlidar_ros2_driver) StdoutLine: {'line': b'-- Found ament_cmake: 1.3.14 (/opt/ros/humble/share/ament_cmake/cmake)\n'}
[0.698027] (hardware) StdoutLine: {'line': b'-- Detecting CXX compiler ABI info - done\n'}
[0.706173] (-) TimerEvent: {}
[0.736308] (hardware) StdoutLine: {'line': b'-- Check for working CXX compiler: /usr/bin/c++ - skipped\n'}
[0.736650] (hardware) StdoutLine: {'line': b'-- Detecting CXX compile features\n'}
[0.736781] (hardware) StdoutLine: {'line': b'-- Detecting CXX compile features - done\n'}
[0.744843] (hardware) StdoutLine: {'line': b'-- Found ament_cmake: 1.3.14 (/opt/ros/humble/share/ament_cmake/cmake)\n'}
[0.808857] (-) TimerEvent: {}
[0.909457] (-) TimerEvent: {}
[0.914026] (foxglove) StdoutLine: {'line': b'-- Found Python3: /usr/bin/python3 (found version "3.10.12") found components: Interpreter \n'}
[0.970027] (ydlidar_ros2_driver) StdoutLine: {'line': b'-- Found Python3: /usr/bin/python3 (found version "3.10.12") found components: Interpreter \n'}
[1.008536] (rf2o_laser_odometry) StdoutLine: {'line': b'-- Found Python3: /usr/bin/python3 (found version "3.10.12") found components: Interpreter \n'}
[1.009552] (-) TimerEvent: {}
[1.073954] (foxglove) StdoutLine: {'line': b'-- Override CMake install command with custom implementation using symlinks instead of copying resources\n'}
[1.109699] (-) TimerEvent: {}
[1.140470] (ydlidar_ros2_driver) StdoutLine: {'line': b'-- Override CMake install command with custom implementation using symlinks instead of copying resources\n'}
[1.152429] (foxglove) StdoutLine: {'line': b'-- Found ament_lint_auto: 0.12.15 (/opt/ros/humble/share/ament_lint_auto/cmake)\n'}
[1.158026] (rf2o_laser_odometry) StdoutLine: {'line': b'-- Override CMake install command with custom implementation using symlinks instead of copying resources\n'}
[1.168888] (hardware) StdoutLine: {'line': b'-- Found Python3: /usr/bin/python3 (found version "3.10.12") found components: Interpreter \n'}
[1.193502] (ydlidar_ros2_driver) StdoutLine: {'line': b'-- Found rclcpp: 16.0.19 (/opt/ros/humble/share/rclcpp/cmake)\n'}
[1.209827] (-) TimerEvent: {}
[1.211838] (rf2o_laser_odometry) StdoutLine: {'line': b'-- Found rclcpp: 16.0.19 (/opt/ros/humble/share/rclcpp/cmake)\n'}
[1.259930] (ydlidar_ros2_driver) StdoutLine: {'line': b'-- Found rosidl_generator_c: 3.1.8 (/opt/ros/humble/share/rosidl_generator_c/cmake)\n'}
[1.271151] (ydlidar_ros2_driver) StdoutLine: {'line': b'-- Found rosidl_adapter: 3.1.8 (/opt/ros/humble/share/rosidl_adapter/cmake)\n'}
[1.277688] (rf2o_laser_odometry) StdoutLine: {'line': b'-- Found rosidl_generator_c: 3.1.8 (/opt/ros/humble/share/rosidl_generator_c/cmake)\n'}
[1.282534] (hardware) StdoutLine: {'line': b'-- Override CMake install command with custom implementation using symlinks instead of copying resources\n'}
[1.287166] (rf2o_laser_odometry) StdoutLine: {'line': b'-- Found rosidl_adapter: 3.1.8 (/opt/ros/humble/share/rosidl_adapter/cmake)\n'}
[1.287586] (ydlidar_ros2_driver) StdoutLine: {'line': b'-- Found rosidl_generator_cpp: 3.1.8 (/opt/ros/humble/share/rosidl_generator_cpp/cmake)\n'}
[1.298820] (rf2o_laser_odometry) StdoutLine: {'line': b'-- Found rosidl_generator_cpp: 3.1.8 (/opt/ros/humble/share/rosidl_generator_cpp/cmake)\n'}
[1.304936] (ydlidar_ros2_driver) StdoutLine: {'line': b'-- Using all available rosidl_typesupport_c: rosidl_typesupport_fastrtps_c;rosidl_typesupport_introspection_c\n'}
[1.313967] (-) TimerEvent: {}
[1.315419] (rf2o_laser_odometry) StdoutLine: {'line': b'-- Using all available rosidl_typesupport_c: rosidl_typesupport_fastrtps_c;rosidl_typesupport_introspection_c\n'}
[1.318051] (foxglove) StdoutLine: {'line': b"-- Added test 'flake8' to check Python code syntax and style conventions\n"}
[1.322405] (foxglove) StdoutLine: {'line': b"-- Added test 'lint_cmake' to check CMake code style\n"}
[1.323208] (foxglove) StdoutLine: {'line': b"-- Added test 'pep257' to check Python code against some of the docstring style conventions in PEP 257\n"}
[1.324228] (foxglove) StdoutLine: {'line': b"-- Added test 'xmllint' to check XML markup files\n"}
[1.327791] (ydlidar_ros2_driver) StdoutLine: {'line': b'-- Using all available rosidl_typesupport_cpp: rosidl_typesupport_fastrtps_cpp;rosidl_typesupport_introspection_cpp\n'}
[1.328164] (foxglove) StdoutLine: {'line': b'-- Configuring done\n'}
[1.334013] (foxglove) StdoutLine: {'line': b'-- Generating done\n'}
[1.339234] (foxglove) StdoutLine: {'line': b'-- Build files have been written to: /ros2_ws/build/foxglove\n'}
[1.341600] (rf2o_laser_odometry) StdoutLine: {'line': b'-- Using all available rosidl_typesupport_cpp: rosidl_typesupport_fastrtps_cpp;rosidl_typesupport_introspection_cpp\n'}
[1.349719] (foxglove) CommandEnded: {'returncode': 0}
[1.350704] (foxglove) JobProgress: {'identifier': 'foxglove', 'progress': 'build'}
[1.354477] (foxglove) Command: {'cmd': ['/usr/bin/cmake', '--build', '/ros2_ws/build/foxglove', '--', '-j4', '-l4'], 'cwd': '/ros2_ws/build/foxglove', 'env': OrderedDict([('HOSTNAME', 'yahav'), ('SHLVL', '1'), ('LD_LIBRARY_PATH', '/ros2_ws/install/hardware/lib:/opt/ros/humble/opt/rviz_ogre_vendor/lib:/opt/ros/humble/lib/aarch64-linux-gnu:/opt/ros/humble/lib'), ('HOME', '/root'), ('PYTHONUNBUFFERED', '1'), ('ROS_PYTHON_VERSION', '3'), ('COLCON_PREFIX_PATH', '/ros2_ws/install'), ('ROS_DISTRO', 'humble'), ('_', '/usr/bin/colcon'), ('ROS_VERSION', '2'), ('TERM', 'xterm'), ('ROS_LOCALHOST_ONLY', '0'), ('PATH', '/opt/ros/humble/bin:/usr/local/sbin:/usr/local/bin:/usr/sbin:/usr/bin:/sbin:/bin'), ('DISPLAY', ''), ('LANG', 'C.UTF-8'), ('LS_COLORS', 'rs=0:di=01;34:ln=01;36:mh=00:pi=40;33:so=01;35:do=01;35:bd=40;33;01:cd=40;33;01:or=40;31;01:mi=00:su=37;41:sg=30;43:ca=30;41:tw=30;42:ow=34;42:st=37;44:ex=01;32:*.tar=01;31:*.tgz=01;31:*.arc=01;31:*.arj=01;31:*.taz=01;31:*.lha=01;31:*.lz4=01;31:*.lzh=01;31:*.lzma=01;31:*.tlz=01;31:*.txz=01;31:*.tzo=01;31:*.t7z=01;31:*.zip=01;31:*.z=01;31:*.dz=01;31:*.gz=01;31:*.lrz=01;31:*.lz=01;31:*.lzo=01;31:*.xz=01;31:*.zst=01;31:*.tzst=01;31:*.bz2=01;31:*.bz=01;31:*.tbz=01;31:*.tbz2=01;31:*.tz=01;31:*.deb=01;31:*.rpm=01;31:*.jar=01;31:*.war=01;31:*.ear=01;31:*.sar=01;31:*.rar=01;31:*.alz=01;31:*.ace=01;31:*.zoo=01;31:*.cpio=01;31:*.7z=01;31:*.rz=01;31:*.cab=01;31:*.wim=01;31:*.swm=01;31:*.dwm=01;31:*.esd=01;31:*.jpg=01;35:*.jpeg=01;35:*.mjpg=01;35:*.mjpeg=01;35:*.gif=01;35:*.bmp=01;35:*.pbm=01;35:*.pgm=01;35:*.ppm=01;35:*.tga=01;35:*.xbm=01;35:*.xpm=01;35:*.tif=01;35:*.tiff=01;35:*.png=01;35:*.svg=01;35:*.svgz=01;35:*.mng=01;35:*.pcx=01;35:*.mov=01;35:*.mpg=01;35:*.mpeg=01;35:*.m2v=01;35:*.mkv=01;35:*.webm=01;35:*.webp=01;35:*.ogm=01;35:*.mp4=01;35:*.m4v=01;35:*.mp4v=01;35:*.vob=01;35:*.qt=01;35:*.nuv=01;35:*.wmv=01;35:*.asf=01;35:*.rm=01;35:*.rmvb=01;35:*.flc=01;35:*.avi=01;35:*.fli=01;35:*.flv=01;35:*.gl=01;35:*.dl=01;35:*.xcf=01;35:*.xwd=01;35:*.yuv=01;35:*.cgm=01;35:*.emf=01;35:*.ogv=01;35:*.ogx=01;35:*.aac=00;36:*.au=00;36:*.flac=00;36:*.m4a=00;36:*.mid=00;36:*.midi=00;36:*.mka=00;36:*.mp3=00;36:*.mpc=00;36:*.ogg=00;36:*.ra=00;36:*.wav=00;36:*.oga=00;36:*.opus=00;36:*.spx=00;36:*.xspf=00;36:'), ('ROS_DOMAIN_ID', '0'), ('AMENT_PREFIX_PATH', '/ros2_ws/install/robot_bringup:/ros2_ws/install/localization:/ros2_ws/install/telemetry_data:/ros2_ws/install/shooting:/ros2_ws/install/rf2o_laser_odometry:/ros2_ws/install/hardware:/ros2_ws/install/ydlidar_ros2_driver:/ros2_ws/install/robot_description:/ros2_ws/install/navigation:/ros2_ws/install/main_brain:/ros2_ws/install/foxglove:/opt/ros/humble'), ('PWD', '/ros2_ws/build/foxglove'), ('LC_ALL', 'C.UTF-8'), ('PYTHONPATH', '/opt/ros/humble/lib/python3.10/site-packages:/opt/ros/humble/local/lib/python3.10/dist-packages'), ('COLCON', '1'), ('CMAKE_PREFIX_PATH', '/ros2_ws/install/robot_bringup:/ros2_ws/install/localization:/ros2_ws/install/telemetry_data:/ros2_ws/install/shooting:/ros2_ws/install/rf2o_laser_odometry:/ros2_ws/install/hardware:/ros2_ws/install/ydlidar_ros2_driver:/ros2_ws/install/robot_description:/ros2_ws/install/navigation:/ros2_ws/install/main_brain:/ros2_ws/install/foxglove:/opt/ros/humble')]), 'shell': False}
[1.358929] (hardware) StdoutLine: {'line': b'-- Found ackermann_steering_controller: 2.53.1 (/opt/ros/humble/share/ackermann_steering_controller/cmake)\n'}
[1.400055] (ydlidar_ros2_driver) StdoutLine: {'line': b'-- Found rmw_implementation_cmake: 6.1.2 (/opt/ros/humble/share/rmw_implementation_cmake/cmake)\n'}
[1.403683] (ydlidar_ros2_driver) StdoutLine: {'line': b'-- Found rmw_fastrtps_cpp: 6.2.10 (/opt/ros/humble/share/rmw_fastrtps_cpp/cmake)\n'}
[1.404653] (foxglove) CommandEnded: {'returncode': 0}
[1.405363] (foxglove) JobProgress: {'identifier': 'foxglove', 'progress': 'install'}
[1.414857] (-) TimerEvent: {}
[1.416498] (rf2o_laser_odometry) StdoutLine: {'line': b'-- Found rmw_implementation_cmake: 6.1.2 (/opt/ros/humble/share/rmw_implementation_cmake/cmake)\n'}
[1.416994] (foxglove) Command: {'cmd': ['/usr/bin/cmake', '--install', '/ros2_ws/build/foxglove'], 'cwd': '/ros2_ws/build/foxglove', 'env': OrderedDict([('HOSTNAME', 'yahav'), ('SHLVL', '1'), ('LD_LIBRARY_PATH', '/ros2_ws/install/hardware/lib:/opt/ros/humble/opt/rviz_ogre_vendor/lib:/opt/ros/humble/lib/aarch64-linux-gnu:/opt/ros/humble/lib'), ('HOME', '/root'), ('PYTHONUNBUFFERED', '1'), ('ROS_PYTHON_VERSION', '3'), ('COLCON_PREFIX_PATH', '/ros2_ws/install'), ('ROS_DISTRO', 'humble'), ('_', '/usr/bin/colcon'), ('ROS_VERSION', '2'), ('TERM', 'xterm'), ('ROS_LOCALHOST_ONLY', '0'), ('PATH', '/opt/ros/humble/bin:/usr/local/sbin:/usr/local/bin:/usr/sbin:/usr/bin:/sbin:/bin'), ('DISPLAY', ''), ('LANG', 'C.UTF-8'), ('LS_COLORS', 'rs=0:di=01;34:ln=01;36:mh=00:pi=40;33:so=01;35:do=01;35:bd=40;33;01:cd=40;33;01:or=40;31;01:mi=00:su=37;41:sg=30;43:ca=30;41:tw=30;42:ow=34;42:st=37;44:ex=01;32:*.tar=01;31:*.tgz=01;31:*.arc=01;31:*.arj=01;31:*.taz=01;31:*.lha=01;31:*.lz4=01;31:*.lzh=01;31:*.lzma=01;31:*.tlz=01;31:*.txz=01;31:*.tzo=01;31:*.t7z=01;31:*.zip=01;31:*.z=01;31:*.dz=01;31:*.gz=01;31:*.lrz=01;31:*.lz=01;31:*.lzo=01;31:*.xz=01;31:*.zst=01;31:*.tzst=01;31:*.bz2=01;31:*.bz=01;31:*.tbz=01;31:*.tbz2=01;31:*.tz=01;31:*.deb=01;31:*.rpm=01;31:*.jar=01;31:*.war=01;31:*.ear=01;31:*.sar=01;31:*.rar=01;31:*.alz=01;31:*.ace=01;31:*.zoo=01;31:*.cpio=01;31:*.7z=01;31:*.rz=01;31:*.cab=01;31:*.wim=01;31:*.swm=01;31:*.dwm=01;31:*.esd=01;31:*.jpg=01;35:*.jpeg=01;35:*.mjpg=01;35:*.mjpeg=01;35:*.gif=01;35:*.bmp=01;35:*.pbm=01;35:*.pgm=01;35:*.ppm=01;35:*.tga=01;35:*.xbm=01;35:*.xpm=01;35:*.tif=01;35:*.tiff=01;35:*.png=01;35:*.svg=01;35:*.svgz=01;35:*.mng=01;35:*.pcx=01;35:*.mov=01;35:*.mpg=01;35:*.mpeg=01;35:*.m2v=01;35:*.mkv=01;35:*.webm=01;35:*.webp=01;35:*.ogm=01;35:*.mp4=01;35:*.m4v=01;35:*.mp4v=01;35:*.vob=01;35:*.qt=01;35:*.nuv=01;35:*.wmv=01;35:*.asf=01;35:*.rm=01;35:*.rmvb=01;35:*.flc=01;35:*.avi=01;35:*.fli=01;35:*.flv=01;35:*.gl=01;35:*.dl=01;35:*.xcf=01;35:*.xwd=01;35:*.yuv=01;35:*.cgm=01;35:*.emf=01;35:*.ogv=01;35:*.ogx=01;35:*.aac=00;36:*.au=00;36:*.flac=00;36:*.m4a=00;36:*.mid=00;36:*.midi=00;36:*.mka=00;36:*.mp3=00;36:*.mpc=00;36:*.ogg=00;36:*.ra=00;36:*.wav=00;36:*.oga=00;36:*.opus=00;36:*.spx=00;36:*.xspf=00;36:'), ('ROS_DOMAIN_ID', '0'), ('AMENT_PREFIX_PATH', '/ros2_ws/install/robot_bringup:/ros2_ws/install/localization:/ros2_ws/install/telemetry_data:/ros2_ws/install/shooting:/ros2_ws/install/rf2o_laser_odometry:/ros2_ws/install/hardware:/ros2_ws/install/ydlidar_ros2_driver:/ros2_ws/install/robot_description:/ros2_ws/install/navigation:/ros2_ws/install/main_brain:/ros2_ws/install/foxglove:/opt/ros/humble'), ('PWD', '/ros2_ws/build/foxglove'), ('LC_ALL', 'C.UTF-8'), ('PYTHONPATH', '/opt/ros/humble/lib/python3.10/site-packages:/opt/ros/humble/local/lib/python3.10/dist-packages'), ('COLCON', '1'), ('CMAKE_PREFIX_PATH', '/ros2_ws/install/robot_bringup:/ros2_ws/install/localization:/ros2_ws/install/telemetry_data:/ros2_ws/install/shooting:/ros2_ws/install/rf2o_laser_odometry:/ros2_ws/install/hardware:/ros2_ws/install/ydlidar_ros2_driver:/ros2_ws/install/robot_description:/ros2_ws/install/navigation:/ros2_ws/install/main_brain:/ros2_ws/install/foxglove:/opt/ros/humble')]), 'shell': False}
[1.420575] (rf2o_laser_odometry) StdoutLine: {'line': b'-- Found rmw_fastrtps_cpp: 6.2.10 (/opt/ros/humble/share/rmw_fastrtps_cpp/cmake)\n'}
[1.430216] (hardware) StdoutLine: {'line': b'-- Found rosidl_generator_c: 3.1.8 (/opt/ros/humble/share/rosidl_generator_c/cmake)\n'}
[1.436913] (foxglove) StdoutLine: {'line': b'-- Install configuration: ""\n'}
[1.438104] (foxglove) StdoutLine: {'line': b'-- Execute custom install script\n'}
[1.441987] (foxglove) StdoutLine: {'line': b'-- Symlinking: /ros2_ws/install/foxglove/share/foxglove/launch/launch.py\n'}
[1.446907] (hardware) StdoutLine: {'line': b'-- Found rosidl_adapter: 3.1.8 (/opt/ros/humble/share/rosidl_adapter/cmake)\n'}
[1.454013] (foxglove) StdoutLine: {'line': b'-- Symlinking: /ros2_ws/install/foxglove/share/ament_index/resource_index/package_run_dependencies/foxglove\n'}
[1.462048] (foxglove) StdoutLine: {'line': b'-- Symlinking: /ros2_ws/install/foxglove/share/ament_index/resource_index/parent_prefix_path/foxglove\n'}
[1.468119] (foxglove) StdoutLine: {'line': b'-- Symlinking: /ros2_ws/install/foxglove/share/foxglove/environment/ament_prefix_path.sh\n'}
[1.479245] (foxglove) StdoutLine: {'line': b'-- Symlinking: /ros2_ws/install/foxglove/share/foxglove/environment/ament_prefix_path.dsv\n'}
[1.480855] (hardware) StdoutLine: {'line': b'-- Found rosidl_generator_cpp: 3.1.8 (/opt/ros/humble/share/rosidl_generator_cpp/cmake)\n'}
[1.490427] (foxglove) StdoutLine: {'line': b'-- Symlinking: /ros2_ws/install/foxglove/share/foxglove/environment/path.sh\n'}
[1.512595] (hardware) StdoutLine: {'line': b'-- Using all available rosidl_typesupport_c: rosidl_typesupport_fastrtps_c;rosidl_typesupport_introspection_c\n'}
[1.514255] (foxglove) StdoutLine: {'line': b'-- Symlinking: /ros2_ws/install/foxglove/share/foxglove/environment/path.dsv\n'}
[1.514947] (-) TimerEvent: {}
[1.531096] (foxglove) StdoutLine: {'line': b'-- Symlinking: /ros2_ws/install/foxglove/share/foxglove/local_setup.bash\n'}
[1.540616] (foxglove) StdoutLine: {'line': b'-- Symlinking: /ros2_ws/install/foxglove/share/foxglove/local_setup.sh\n'}
[1.547448] (hardware) StdoutLine: {'line': b'-- Using all available rosidl_typesupport_cpp: rosidl_typesupport_fastrtps_cpp;rosidl_typesupport_introspection_cpp\n'}
[1.551747] (foxglove) StdoutLine: {'line': b'-- Symlinking: /ros2_ws/install/foxglove/share/foxglove/local_setup.zsh\n'}
[1.564218] (foxglove) StdoutLine: {'line': b'-- Symlinking: /ros2_ws/install/foxglove/share/foxglove/local_setup.dsv\n'}
[1.568652] (ydlidar_ros2_driver) StdoutLine: {'line': b'-- Found OpenSSL: /usr/lib/aarch64-linux-gnu/libcrypto.so (found version "3.0.2")  \n'}
[1.570635] (rf2o_laser_odometry) StdoutLine: {'line': b'-- Found OpenSSL: /usr/lib/aarch64-linux-gnu/libcrypto.so (found version "3.0.2")  \n'}
[1.582802] (foxglove) StdoutLine: {'line': b'-- Symlinking: /ros2_ws/install/foxglove/share/foxglove/package.dsv\n'}
[1.595023] (foxglove) StdoutLine: {'line': b'-- Symlinking: /ros2_ws/install/foxglove/share/ament_index/resource_index/packages/foxglove\n'}
[1.606117] (rf2o_laser_odometry) StdoutLine: {'line': b'-- Found FastRTPS: /opt/ros/humble/include  \n'}
[1.606473] (ydlidar_ros2_driver) StdoutLine: {'line': b'-- Found FastRTPS: /opt/ros/humble/include  \n'}
[1.615700] (-) TimerEvent: {}
[1.622412] (foxglove) StdoutLine: {'line': b'-- Symlinking: /ros2_ws/install/foxglove/share/foxglove/cmake/foxgloveConfig.cmake\n'}
[1.625019] (hardware) StdoutLine: {'line': b'-- Found rmw_implementation_cmake: 6.1.2 (/opt/ros/humble/share/rmw_implementation_cmake/cmake)\n'}
[1.628236] (hardware) StdoutLine: {'line': b'-- Found rmw_fastrtps_cpp: 6.2.10 (/opt/ros/humble/share/rmw_fastrtps_cpp/cmake)\n'}
[1.635635] (foxglove) StdoutLine: {'line': b'-- Symlinking: /ros2_ws/install/foxglove/share/foxglove/cmake/foxgloveConfig-version.cmake\n'}
[1.666385] (foxglove) StdoutLine: {'line': b'-- Symlinking: /ros2_ws/install/foxglove/share/foxglove/package.xml\n'}
[1.675537] (rf2o_laser_odometry) StdoutLine: {'line': b"-- Using RMW implementation 'rmw_fastrtps_cpp' as default\n"}
[1.684214] (ydlidar_ros2_driver) StdoutLine: {'line': b"-- Using RMW implementation 'rmw_fastrtps_cpp' as default\n"}
[1.690118] (rf2o_laser_odometry) StdoutLine: {'line': b'-- Looking for pthread.h\n'}
[1.690450] (ydlidar_ros2_driver) StdoutLine: {'line': b'-- Looking for pthread.h\n'}
[1.710316] (foxglove) CommandEnded: {'returncode': 0}
[1.721615] (-) TimerEvent: {}
[1.767796] (hardware) StdoutLine: {'line': b'-- Found OpenSSL: /usr/lib/aarch64-linux-gnu/libcrypto.so (found version "3.0.2")  \n'}
[1.791825] (foxglove) JobEnded: {'identifier': 'foxglove', 'rc': 0}
[1.796269] (navigation) JobStarted: {'identifier': 'navigation'}
[1.807394] (navigation) JobProgress: {'identifier': 'navigation', 'progress': 'cmake'}
[1.808986] (navigation) Command: {'cmd': ['/usr/bin/cmake', '/ros2_ws/src/navigation', '-DAMENT_CMAKE_SYMLINK_INSTALL=1', '-DCMAKE_INSTALL_PREFIX=/ros2_ws/install/navigation'], 'cwd': '/ros2_ws/build/navigation', 'env': OrderedDict([('HOSTNAME', 'yahav'), ('SHLVL', '1'), ('LD_LIBRARY_PATH', '/ros2_ws/install/hardware/lib:/opt/ros/humble/opt/rviz_ogre_vendor/lib:/opt/ros/humble/lib/aarch64-linux-gnu:/opt/ros/humble/lib'), ('HOME', '/root'), ('PYTHONUNBUFFERED', '1'), ('ROS_PYTHON_VERSION', '3'), ('COLCON_PREFIX_PATH', '/ros2_ws/install'), ('ROS_DISTRO', 'humble'), ('_', '/usr/bin/colcon'), ('ROS_VERSION', '2'), ('TERM', 'xterm'), ('ROS_LOCALHOST_ONLY', '0'), ('PATH', '/opt/ros/humble/bin:/usr/local/sbin:/usr/local/bin:/usr/sbin:/usr/bin:/sbin:/bin'), ('DISPLAY', ''), ('LANG', 'C.UTF-8'), ('LS_COLORS', 'rs=0:di=01;34:ln=01;36:mh=00:pi=40;33:so=01;35:do=01;35:bd=40;33;01:cd=40;33;01:or=40;31;01:mi=00:su=37;41:sg=30;43:ca=30;41:tw=30;42:ow=34;42:st=37;44:ex=01;32:*.tar=01;31:*.tgz=01;31:*.arc=01;31:*.arj=01;31:*.taz=01;31:*.lha=01;31:*.lz4=01;31:*.lzh=01;31:*.lzma=01;31:*.tlz=01;31:*.txz=01;31:*.tzo=01;31:*.t7z=01;31:*.zip=01;31:*.z=01;31:*.dz=01;31:*.gz=01;31:*.lrz=01;31:*.lz=01;31:*.lzo=01;31:*.xz=01;31:*.zst=01;31:*.tzst=01;31:*.bz2=01;31:*.bz=01;31:*.tbz=01;31:*.tbz2=01;31:*.tz=01;31:*.deb=01;31:*.rpm=01;31:*.jar=01;31:*.war=01;31:*.ear=01;31:*.sar=01;31:*.rar=01;31:*.alz=01;31:*.ace=01;31:*.zoo=01;31:*.cpio=01;31:*.7z=01;31:*.rz=01;31:*.cab=01;31:*.wim=01;31:*.swm=01;31:*.dwm=01;31:*.esd=01;31:*.jpg=01;35:*.jpeg=01;35:*.mjpg=01;35:*.mjpeg=01;35:*.gif=01;35:*.bmp=01;35:*.pbm=01;35:*.pgm=01;35:*.ppm=01;35:*.tga=01;35:*.xbm=01;35:*.xpm=01;35:*.tif=01;35:*.tiff=01;35:*.png=01;35:*.svg=01;35:*.svgz=01;35:*.mng=01;35:*.pcx=01;35:*.mov=01;35:*.mpg=01;35:*.mpeg=01;35:*.m2v=01;35:*.mkv=01;35:*.webm=01;35:*.webp=01;35:*.ogm=01;35:*.mp4=01;35:*.m4v=01;35:*.mp4v=01;35:*.vob=01;35:*.qt=01;35:*.nuv=01;35:*.wmv=01;35:*.asf=01;35:*.rm=01;35:*.rmvb=01;35:*.flc=01;35:*.avi=01;35:*.fli=01;35:*.flv=01;35:*.gl=01;35:*.dl=01;35:*.xcf=01;35:*.xwd=01;35:*.yuv=01;35:*.cgm=01;35:*.emf=01;35:*.ogv=01;35:*.ogx=01;35:*.aac=00;36:*.au=00;36:*.flac=00;36:*.m4a=00;36:*.mid=00;36:*.midi=00;36:*.mka=00;36:*.mp3=00;36:*.mpc=00;36:*.ogg=00;36:*.ra=00;36:*.wav=00;36:*.oga=00;36:*.opus=00;36:*.spx=00;36:*.xspf=00;36:'), ('ROS_DOMAIN_ID', '0'), ('AMENT_PREFIX_PATH', '/ros2_ws/install/robot_bringup:/ros2_ws/install/localization:/ros2_ws/install/telemetry_data:/ros2_ws/install/shooting:/ros2_ws/install/rf2o_laser_odometry:/ros2_ws/install/hardware:/ros2_ws/install/ydlidar_ros2_driver:/ros2_ws/install/robot_description:/ros2_ws/install/navigation:/ros2_ws/install/main_brain:/ros2_ws/install/foxglove:/opt/ros/humble'), ('PWD', '/ros2_ws/build/navigation'), ('LC_ALL', 'C.UTF-8'), ('PYTHONPATH', '/opt/ros/humble/lib/python3.10/site-packages:/opt/ros/humble/local/lib/python3.10/dist-packages'), ('COLCON', '1'), ('CMAKE_PREFIX_PATH', '/ros2_ws/install/robot_bringup:/ros2_ws/install/localization:/ros2_ws/install/telemetry_data:/ros2_ws/install/shooting:/ros2_ws/install/rf2o_laser_odometry:/ros2_ws/install/hardware:/ros2_ws/install/ydlidar_ros2_driver:/ros2_ws/install/robot_description:/ros2_ws/install/navigation:/ros2_ws/install/main_brain:/ros2_ws/install/foxglove:/opt/ros/humble')]), 'shell': False}
[1.821747] (-) TimerEvent: {}
[1.823774] (rf2o_laser_odometry) StdoutLine: {'line': b'-- Looking for pthread.h - found\n'}
[1.824051] (rf2o_laser_odometry) StdoutLine: {'line': b'-- Performing Test CMAKE_HAVE_LIBC_PTHREAD\n'}
[1.826028] (hardware) StdoutLine: {'line': b'-- Found FastRTPS: /opt/ros/humble/include  \n'}
[1.874196] (ydlidar_ros2_driver) StdoutLine: {'line': b'-- Looking for pthread.h - found\n'}
[1.874484] (ydlidar_ros2_driver) StdoutLine: {'line': b'-- Performing Test CMAKE_HAVE_LIBC_PTHREAD\n'}
[1.891341] (navigation) StdoutLine: {'line': b'-- The C compiler identification is GNU 11.4.0\n'}
[1.921922] (-) TimerEvent: {}
[1.963500] (hardware) StdoutLine: {'line': b"-- Using RMW implementation 'rmw_fastrtps_cpp' as default\n"}
[1.988199] (hardware) StdoutLine: {'line': b'-- Looking for pthread.h\n'}
[1.988484] (navigation) StdoutLine: {'line': b'-- The CXX compiler identification is GNU 11.4.0\n'}
[1.997995] (rf2o_laser_odometry) StdoutLine: {'line': b'-- Performing Test CMAKE_HAVE_LIBC_PTHREAD - Success\n'}
[1.998409] (rf2o_laser_odometry) StdoutLine: {'line': b'-- Found Threads: TRUE  \n'}
[1.998648] (navigation) StdoutLine: {'line': b'-- Detecting C compiler ABI info\n'}
[2.006763] (ydlidar_ros2_driver) StdoutLine: {'line': b'-- Performing Test CMAKE_HAVE_LIBC_PTHREAD - Success\n'}
[2.010041] (ydlidar_ros2_driver) StdoutLine: {'line': b'-- Found Threads: TRUE  \n'}
[2.022156] (-) TimerEvent: {}
[2.099289] (navigation) StdoutLine: {'line': b'-- Detecting C compiler ABI info - done\n'}
[2.106498] (rf2o_laser_odometry) StdoutLine: {'line': b'-- Found geometry_msgs: 4.9.1 (/opt/ros/humble/share/geometry_msgs/cmake)\n'}
[2.110466] (navigation) StdoutLine: {'line': b'-- Check for working C compiler: /usr/bin/cc - skipped\n'}
[2.111524] (navigation) StdoutLine: {'line': b'-- Detecting C compile features\n'}
[2.112437] (navigation) StdoutLine: {'line': b'-- Detecting C compile features - done\n'}
[2.116585] (navigation) StdoutLine: {'line': b'-- Detecting CXX compiler ABI info\n'}
[2.119999] (ydlidar_ros2_driver) StdoutLine: {'line': b'-- Found sensor_msgs: 4.9.1 (/opt/ros/humble/share/sensor_msgs/cmake)\n'}
[2.123599] (-) TimerEvent: {}
[2.124714] (rf2o_laser_odometry) StdoutLine: {'line': b'-- Found tf2_geometry_msgs: 0.25.20 (/opt/ros/humble/share/tf2_geometry_msgs/cmake)\n'}
[2.137970] (hardware) StdoutLine: {'line': b'-- Looking for pthread.h - found\n'}
[2.138244] (hardware) StdoutLine: {'line': b'-- Performing Test CMAKE_HAVE_LIBC_PTHREAD\n'}
[2.171505] (rf2o_laser_odometry) StdoutLine: {'line': b'-- Found eigen3_cmake_module: 0.1.1 (/opt/ros/humble/share/eigen3_cmake_module/cmake)\n'}
[2.178200] (rf2o_laser_odometry) StdoutLine: {'line': b'-- Found Eigen3: TRUE (found version "3.4.0") \n'}
[2.179006] (rf2o_laser_odometry) StdoutLine: {'line': b'-- Ensuring Eigen3 include directory is part of orocos-kdl CMake target\n'}
[2.201764] (ydlidar_ros2_driver) StdoutLine: {'line': b'-- Found visualization_msgs: 4.9.1 (/opt/ros/humble/share/visualization_msgs/cmake)\n'}
[2.223750] (-) TimerEvent: {}
[2.245403] (hardware) StdoutLine: {'line': b'-- Performing Test CMAKE_HAVE_LIBC_PTHREAD - Success\n'}
[2.245674] (hardware) StdoutLine: {'line': b'-- Found Threads: TRUE  \n'}
[2.245777] (navigation) StdoutLine: {'line': b'-- Detecting CXX compiler ABI info - done\n'}
[2.255528] (ydlidar_ros2_driver) StdoutLine: {'line': b'-- Found std_srvs: 4.9.1 (/opt/ros/humble/share/std_srvs/cmake)\n'}
[2.260894] (navigation) StdoutLine: {'line': b'-- Check for working CXX compiler: /usr/bin/c++ - skipped\n'}
[2.261847] (navigation) StdoutLine: {'line': b'-- Detecting CXX compile features\n'}
[2.262811] (navigation) StdoutLine: {'line': b'-- Detecting CXX compile features - done\n'}
[2.269957] (navigation) StdoutLine: {'line': b'-- Found ament_cmake: 1.3.14 (/opt/ros/humble/share/ament_cmake/cmake)\n'}
[2.287718] (ydlidar_ros2_driver) StdoutLine: {'line': b'-- Found ament_lint_auto: 0.12.15 (/opt/ros/humble/share/ament_lint_auto/cmake)\n'}
[2.323878] (-) TimerEvent: {}
[2.376887] (rf2o_laser_odometry) StdoutLine: {'line': b'-- Found sensor_msgs: 4.9.1 (/opt/ros/humble/share/sensor_msgs/cmake)\n'}
[2.411726] (rf2o_laser_odometry) StdoutLine: {'line': b'-- Found nav_msgs: 4.9.1 (/opt/ros/humble/share/nav_msgs/cmake)\n'}
[2.425658] (-) TimerEvent: {}
[2.449061] (rf2o_laser_odometry) StdoutLine: {'line': b'-- Found Boost: /usr/lib/aarch64-linux-gnu/cmake/Boost-1.74.0/BoostConfig.cmake (found version "1.74.0")  \n'}
[2.458295] (ydlidar_ros2_driver) StdoutLine: {'line': b"-- Added test 'copyright' to check source files copyright and LICENSE\n"}
[2.459739] (ydlidar_ros2_driver) StdoutLine: {'line': b"-- Added test 'cppcheck' to perform static code analysis on C / C++ code\n"}
[2.459967] (ydlidar_ros2_driver) StdoutLine: {'line': b'-- Configured cppcheck include dirs: /ros2_ws/src/ydlidar_ros2_driver/src\n'}
[2.460072] (ydlidar_ros2_driver) StdoutLine: {'line': b'-- Configured cppcheck exclude dirs and/or files: \n'}
[2.461981] (ydlidar_ros2_driver) StdoutLine: {'line': b"-- Added test 'cpplint' to check C / C++ code against the Google style\n"}
[2.462174] (ydlidar_ros2_driver) StdoutLine: {'line': b'-- Configured cpplint exclude dirs and/or files: \n'}
[2.462858] (ydlidar_ros2_driver) StdoutLine: {'line': b"-- Added test 'flake8' to check Python code syntax and style conventions\n"}
[2.466002] (ydlidar_ros2_driver) StdoutLine: {'line': b"-- Added test 'lint_cmake' to check CMake code style\n"}
[2.466256] (ydlidar_ros2_driver) StdoutLine: {'line': b"-- Added test 'pep257' to check Python code against some of the docstring style conventions in PEP 257\n"}
[2.466505] (ydlidar_ros2_driver) StdoutLine: {'line': b"-- Added test 'uncrustify' to check C / C++ code style\n"}
[2.466698] (ydlidar_ros2_driver) StdoutLine: {'line': b'-- Configured uncrustify additional arguments: \n'}
[2.467640] (ydlidar_ros2_driver) StdoutLine: {'line': b"-- Added test 'xmllint' to check XML markup files\n"}
[2.474041] (ydlidar_ros2_driver) StdoutLine: {'line': b'-- Configuring done\n'}
[2.494075] (ydlidar_ros2_driver) StdoutLine: {'line': b'-- Generating done\n'}
[2.503431] (ydlidar_ros2_driver) StdoutLine: {'line': b'-- Build files have been written to: /ros2_ws/build/ydlidar_ros2_driver\n'}
[2.505334] (navigation) StdoutLine: {'line': b'-- Found Python3: /usr/bin/python3 (found version "3.10.12") found components: Interpreter \n'}
[2.525781] (-) TimerEvent: {}
[2.532011] (ydlidar_ros2_driver) CommandEnded: {'returncode': 0}
[2.532596] (ydlidar_ros2_driver) JobProgress: {'identifier': 'ydlidar_ros2_driver', 'progress': 'build'}
[2.532653] (ydlidar_ros2_driver) Command: {'cmd': ['/usr/bin/cmake', '--build', '/ros2_ws/build/ydlidar_ros2_driver', '--', '-j4', '-l4'], 'cwd': '/ros2_ws/build/ydlidar_ros2_driver', 'env': OrderedDict([('HOSTNAME', 'yahav'), ('SHLVL', '1'), ('LD_LIBRARY_PATH', '/ros2_ws/install/hardware/lib:/opt/ros/humble/opt/rviz_ogre_vendor/lib:/opt/ros/humble/lib/aarch64-linux-gnu:/opt/ros/humble/lib'), ('HOME', '/root'), ('PYTHONUNBUFFERED', '1'), ('ROS_PYTHON_VERSION', '3'), ('COLCON_PREFIX_PATH', '/ros2_ws/install'), ('ROS_DISTRO', 'humble'), ('_', '/usr/bin/colcon'), ('ROS_VERSION', '2'), ('TERM', 'xterm'), ('ROS_LOCALHOST_ONLY', '0'), ('PATH', '/opt/ros/humble/bin:/usr/local/sbin:/usr/local/bin:/usr/sbin:/usr/bin:/sbin:/bin'), ('DISPLAY', ''), ('LANG', 'C.UTF-8'), ('LS_COLORS', 'rs=0:di=01;34:ln=01;36:mh=00:pi=40;33:so=01;35:do=01;35:bd=40;33;01:cd=40;33;01:or=40;31;01:mi=00:su=37;41:sg=30;43:ca=30;41:tw=30;42:ow=34;42:st=37;44:ex=01;32:*.tar=01;31:*.tgz=01;31:*.arc=01;31:*.arj=01;31:*.taz=01;31:*.lha=01;31:*.lz4=01;31:*.lzh=01;31:*.lzma=01;31:*.tlz=01;31:*.txz=01;31:*.tzo=01;31:*.t7z=01;31:*.zip=01;31:*.z=01;31:*.dz=01;31:*.gz=01;31:*.lrz=01;31:*.lz=01;31:*.lzo=01;31:*.xz=01;31:*.zst=01;31:*.tzst=01;31:*.bz2=01;31:*.bz=01;31:*.tbz=01;31:*.tbz2=01;31:*.tz=01;31:*.deb=01;31:*.rpm=01;31:*.jar=01;31:*.war=01;31:*.ear=01;31:*.sar=01;31:*.rar=01;31:*.alz=01;31:*.ace=01;31:*.zoo=01;31:*.cpio=01;31:*.7z=01;31:*.rz=01;31:*.cab=01;31:*.wim=01;31:*.swm=01;31:*.dwm=01;31:*.esd=01;31:*.jpg=01;35:*.jpeg=01;35:*.mjpg=01;35:*.mjpeg=01;35:*.gif=01;35:*.bmp=01;35:*.pbm=01;35:*.pgm=01;35:*.ppm=01;35:*.tga=01;35:*.xbm=01;35:*.xpm=01;35:*.tif=01;35:*.tiff=01;35:*.png=01;35:*.svg=01;35:*.svgz=01;35:*.mng=01;35:*.pcx=01;35:*.mov=01;35:*.mpg=01;35:*.mpeg=01;35:*.m2v=01;35:*.mkv=01;35:*.webm=01;35:*.webp=01;35:*.ogm=01;35:*.mp4=01;35:*.m4v=01;35:*.mp4v=01;35:*.vob=01;35:*.qt=01;35:*.nuv=01;35:*.wmv=01;35:*.asf=01;35:*.rm=01;35:*.rmvb=01;35:*.flc=01;35:*.avi=01;35:*.fli=01;35:*.flv=01;35:*.gl=01;35:*.dl=01;35:*.xcf=01;35:*.xwd=01;35:*.yuv=01;35:*.cgm=01;35:*.emf=01;35:*.ogv=01;35:*.ogx=01;35:*.aac=00;36:*.au=00;36:*.flac=00;36:*.m4a=00;36:*.mid=00;36:*.midi=00;36:*.mka=00;36:*.mp3=00;36:*.mpc=00;36:*.ogg=00;36:*.ra=00;36:*.wav=00;36:*.oga=00;36:*.opus=00;36:*.spx=00;36:*.xspf=00;36:'), ('ROS_DOMAIN_ID', '0'), ('AMENT_PREFIX_PATH', '/ros2_ws/install/robot_bringup:/ros2_ws/install/localization:/ros2_ws/install/telemetry_data:/ros2_ws/install/shooting:/ros2_ws/install/rf2o_laser_odometry:/ros2_ws/install/hardware:/ros2_ws/install/ydlidar_ros2_driver:/ros2_ws/install/robot_description:/ros2_ws/install/navigation:/ros2_ws/install/main_brain:/ros2_ws/install/foxglove:/opt/ros/humble'), ('PWD', '/ros2_ws/build/ydlidar_ros2_driver'), ('LC_ALL', 'C.UTF-8'), ('PYTHONPATH', '/opt/ros/humble/lib/python3.10/site-packages:/opt/ros/humble/local/lib/python3.10/dist-packages'), ('COLCON', '1'), ('CMAKE_PREFIX_PATH', '/ros2_ws/install/robot_bringup:/ros2_ws/install/localization:/ros2_ws/install/telemetry_data:/ros2_ws/install/shooting:/ros2_ws/install/rf2o_laser_odometry:/ros2_ws/install/hardware:/ros2_ws/install/ydlidar_ros2_driver:/ros2_ws/install/robot_description:/ros2_ws/install/navigation:/ros2_ws/install/main_brain:/ros2_ws/install/foxglove:/opt/ros/humble')]), 'shell': False}
[2.617202] (rf2o_laser_odometry) StdoutLine: {'line': b'-- Configuring done\n'}
[2.623131] (ydlidar_ros2_driver) StdoutLine: {'line': b'[ 25%] \x1b[32mBuilding CXX object CMakeFiles/ydlidar_ros2_driver_client.dir/src/ydlidar_ros2_driver_client.cpp.o\x1b[0m\n'}
[2.626085] (-) TimerEvent: {}
[2.649061] (ydlidar_ros2_driver) StdoutLine: {'line': b'[ 50%] \x1b[32mBuilding CXX object CMakeFiles/ydlidar_ros2_driver_node.dir/src/ydlidar_ros2_driver_node.cpp.o\x1b[0m\n'}
[2.662052] (navigation) StdoutLine: {'line': b'-- Override CMake install command with custom implementation using symlinks instead of copying resources\n'}
[2.662357] (rf2o_laser_odometry) StdoutLine: {'line': b'-- Generating done\n'}
[2.670965] (rf2o_laser_odometry) StdoutLine: {'line': b'-- Build files have been written to: /ros2_ws/build/rf2o_laser_odometry\n'}
[2.693201] (rf2o_laser_odometry) CommandEnded: {'returncode': 0}
[2.693720] (rf2o_laser_odometry) JobProgress: {'identifier': 'rf2o_laser_odometry', 'progress': 'build'}
[2.693771] (rf2o_laser_odometry) Command: {'cmd': ['/usr/bin/cmake', '--build', '/ros2_ws/build/rf2o_laser_odometry', '--', '-j4', '-l4'], 'cwd': '/ros2_ws/build/rf2o_laser_odometry', 'env': OrderedDict([('HOSTNAME', 'yahav'), ('SHLVL', '1'), ('LD_LIBRARY_PATH', '/ros2_ws/install/hardware/lib:/opt/ros/humble/opt/rviz_ogre_vendor/lib:/opt/ros/humble/lib/aarch64-linux-gnu:/opt/ros/humble/lib'), ('HOME', '/root'), ('PYTHONUNBUFFERED', '1'), ('ROS_PYTHON_VERSION', '3'), ('COLCON_PREFIX_PATH', '/ros2_ws/install'), ('ROS_DISTRO', 'humble'), ('_', '/usr/bin/colcon'), ('ROS_VERSION', '2'), ('TERM', 'xterm'), ('ROS_LOCALHOST_ONLY', '0'), ('PATH', '/opt/ros/humble/bin:/usr/local/sbin:/usr/local/bin:/usr/sbin:/usr/bin:/sbin:/bin'), ('DISPLAY', ''), ('LANG', 'C.UTF-8'), ('LS_COLORS', 'rs=0:di=01;34:ln=01;36:mh=00:pi=40;33:so=01;35:do=01;35:bd=40;33;01:cd=40;33;01:or=40;31;01:mi=00:su=37;41:sg=30;43:ca=30;41:tw=30;42:ow=34;42:st=37;44:ex=01;32:*.tar=01;31:*.tgz=01;31:*.arc=01;31:*.arj=01;31:*.taz=01;31:*.lha=01;31:*.lz4=01;31:*.lzh=01;31:*.lzma=01;31:*.tlz=01;31:*.txz=01;31:*.tzo=01;31:*.t7z=01;31:*.zip=01;31:*.z=01;31:*.dz=01;31:*.gz=01;31:*.lrz=01;31:*.lz=01;31:*.lzo=01;31:*.xz=01;31:*.zst=01;31:*.tzst=01;31:*.bz2=01;31:*.bz=01;31:*.tbz=01;31:*.tbz2=01;31:*.tz=01;31:*.deb=01;31:*.rpm=01;31:*.jar=01;31:*.war=01;31:*.ear=01;31:*.sar=01;31:*.rar=01;31:*.alz=01;31:*.ace=01;31:*.zoo=01;31:*.cpio=01;31:*.7z=01;31:*.rz=01;31:*.cab=01;31:*.wim=01;31:*.swm=01;31:*.dwm=01;31:*.esd=01;31:*.jpg=01;35:*.jpeg=01;35:*.mjpg=01;35:*.mjpeg=01;35:*.gif=01;35:*.bmp=01;35:*.pbm=01;35:*.pgm=01;35:*.ppm=01;35:*.tga=01;35:*.xbm=01;35:*.xpm=01;35:*.tif=01;35:*.tiff=01;35:*.png=01;35:*.svg=01;35:*.svgz=01;35:*.mng=01;35:*.pcx=01;35:*.mov=01;35:*.mpg=01;35:*.mpeg=01;35:*.m2v=01;35:*.mkv=01;35:*.webm=01;35:*.webp=01;35:*.ogm=01;35:*.mp4=01;35:*.m4v=01;35:*.mp4v=01;35:*.vob=01;35:*.qt=01;35:*.nuv=01;35:*.wmv=01;35:*.asf=01;35:*.rm=01;35:*.rmvb=01;35:*.flc=01;35:*.avi=01;35:*.fli=01;35:*.flv=01;35:*.gl=01;35:*.dl=01;35:*.xcf=01;35:*.xwd=01;35:*.yuv=01;35:*.cgm=01;35:*.emf=01;35:*.ogv=01;35:*.ogx=01;35:*.aac=00;36:*.au=00;36:*.flac=00;36:*.m4a=00;36:*.mid=00;36:*.midi=00;36:*.mka=00;36:*.mp3=00;36:*.mpc=00;36:*.ogg=00;36:*.ra=00;36:*.wav=00;36:*.oga=00;36:*.opus=00;36:*.spx=00;36:*.xspf=00;36:'), ('ROS_DOMAIN_ID', '0'), ('AMENT_PREFIX_PATH', '/ros2_ws/install/robot_bringup:/ros2_ws/install/localization:/ros2_ws/install/telemetry_data:/ros2_ws/install/shooting:/ros2_ws/install/rf2o_laser_odometry:/ros2_ws/install/hardware:/ros2_ws/install/ydlidar_ros2_driver:/ros2_ws/install/robot_description:/ros2_ws/install/navigation:/ros2_ws/install/main_brain:/ros2_ws/install/foxglove:/opt/ros/humble'), ('PWD', '/ros2_ws/build/rf2o_laser_odometry'), ('LC_ALL', 'C.UTF-8'), ('PYTHONPATH', '/opt/ros/humble/lib/python3.10/site-packages:/opt/ros/humble/local/lib/python3.10/dist-packages'), ('COLCON', '1'), ('CMAKE_PREFIX_PATH', '/ros2_ws/install/robot_bringup:/ros2_ws/install/localization:/ros2_ws/install/telemetry_data:/ros2_ws/install/shooting:/ros2_ws/install/rf2o_laser_odometry:/ros2_ws/install/hardware:/ros2_ws/install/ydlidar_ros2_driver:/ros2_ws/install/robot_description:/ros2_ws/install/navigation:/ros2_ws/install/main_brain:/ros2_ws/install/foxglove:/opt/ros/humble')]), 'shell': False}
[2.730099] (navigation) StdoutLine: {'line': b'-- Found ament_lint_auto: 0.12.15 (/opt/ros/humble/share/ament_lint_auto/cmake)\n'}
[2.730461] (-) TimerEvent: {}
[2.790114] (rf2o_laser_odometry) StdoutLine: {'line': b'[ 20%] \x1b[32mBuilding CXX object CMakeFiles/rf2o_laser_odometry.dir/src/CLaserOdometry2D.cpp.o\x1b[0m\n'}
[2.791783] (rf2o_laser_odometry) StdoutLine: {'line': b'[ 40%] \x1b[32mBuilding CXX object CMakeFiles/rf2o_laser_odometry_node.dir/src/CLaserOdometry2D.cpp.o\x1b[0m\n'}
[2.800707] (rf2o_laser_odometry) StdoutLine: {'line': b'[ 60%] \x1b[32mBuilding CXX object CMakeFiles/rf2o_laser_odometry_node.dir/src/CLaserOdometry2DNode.cpp.o\x1b[0m\n'}
[2.830588] (-) TimerEvent: {}
[2.930992] (-) TimerEvent: {}
[2.960977] (navigation) StdoutLine: {'line': b"-- Added test 'flake8' to check Python code syntax and style conventions\n"}
[2.964533] (navigation) StdoutLine: {'line': b"-- Added test 'lint_cmake' to check CMake code style\n"}
[2.965988] (navigation) StdoutLine: {'line': b"-- Added test 'pep257' to check Python code against some of the docstring style conventions in PEP 257\n"}
[2.968891] (navigation) StdoutLine: {'line': b"-- Added test 'xmllint' to check XML markup files\n"}
[2.976256] (navigation) StdoutLine: {'line': b'-- Configuring done\n'}
[2.987340] (navigation) StdoutLine: {'line': b'-- Generating done\n'}
[2.987600] (navigation) StdoutLine: {'line': b'-- Build files have been written to: /ros2_ws/build/navigation\n'}
[3.000168] (navigation) CommandEnded: {'returncode': 0}
[3.002353] (navigation) JobProgress: {'identifier': 'navigation', 'progress': 'build'}
[3.002467] (navigation) Command: {'cmd': ['/usr/bin/cmake', '--build', '/ros2_ws/build/navigation', '--', '-j4', '-l4'], 'cwd': '/ros2_ws/build/navigation', 'env': OrderedDict([('HOSTNAME', 'yahav'), ('SHLVL', '1'), ('LD_LIBRARY_PATH', '/ros2_ws/install/hardware/lib:/opt/ros/humble/opt/rviz_ogre_vendor/lib:/opt/ros/humble/lib/aarch64-linux-gnu:/opt/ros/humble/lib'), ('HOME', '/root'), ('PYTHONUNBUFFERED', '1'), ('ROS_PYTHON_VERSION', '3'), ('COLCON_PREFIX_PATH', '/ros2_ws/install'), ('ROS_DISTRO', 'humble'), ('_', '/usr/bin/colcon'), ('ROS_VERSION', '2'), ('TERM', 'xterm'), ('ROS_LOCALHOST_ONLY', '0'), ('PATH', '/opt/ros/humble/bin:/usr/local/sbin:/usr/local/bin:/usr/sbin:/usr/bin:/sbin:/bin'), ('DISPLAY', ''), ('LANG', 'C.UTF-8'), ('LS_COLORS', 'rs=0:di=01;34:ln=01;36:mh=00:pi=40;33:so=01;35:do=01;35:bd=40;33;01:cd=40;33;01:or=40;31;01:mi=00:su=37;41:sg=30;43:ca=30;41:tw=30;42:ow=34;42:st=37;44:ex=01;32:*.tar=01;31:*.tgz=01;31:*.arc=01;31:*.arj=01;31:*.taz=01;31:*.lha=01;31:*.lz4=01;31:*.lzh=01;31:*.lzma=01;31:*.tlz=01;31:*.txz=01;31:*.tzo=01;31:*.t7z=01;31:*.zip=01;31:*.z=01;31:*.dz=01;31:*.gz=01;31:*.lrz=01;31:*.lz=01;31:*.lzo=01;31:*.xz=01;31:*.zst=01;31:*.tzst=01;31:*.bz2=01;31:*.bz=01;31:*.tbz=01;31:*.tbz2=01;31:*.tz=01;31:*.deb=01;31:*.rpm=01;31:*.jar=01;31:*.war=01;31:*.ear=01;31:*.sar=01;31:*.rar=01;31:*.alz=01;31:*.ace=01;31:*.zoo=01;31:*.cpio=01;31:*.7z=01;31:*.rz=01;31:*.cab=01;31:*.wim=01;31:*.swm=01;31:*.dwm=01;31:*.esd=01;31:*.jpg=01;35:*.jpeg=01;35:*.mjpg=01;35:*.mjpeg=01;35:*.gif=01;35:*.bmp=01;35:*.pbm=01;35:*.pgm=01;35:*.ppm=01;35:*.tga=01;35:*.xbm=01;35:*.xpm=01;35:*.tif=01;35:*.tiff=01;35:*.png=01;35:*.svg=01;35:*.svgz=01;35:*.mng=01;35:*.pcx=01;35:*.mov=01;35:*.mpg=01;35:*.mpeg=01;35:*.m2v=01;35:*.mkv=01;35:*.webm=01;35:*.webp=01;35:*.ogm=01;35:*.mp4=01;35:*.m4v=01;35:*.mp4v=01;35:*.vob=01;35:*.qt=01;35:*.nuv=01;35:*.wmv=01;35:*.asf=01;35:*.rm=01;35:*.rmvb=01;35:*.flc=01;35:*.avi=01;35:*.fli=01;35:*.flv=01;35:*.gl=01;35:*.dl=01;35:*.xcf=01;35:*.xwd=01;35:*.yuv=01;35:*.cgm=01;35:*.emf=01;35:*.ogv=01;35:*.ogx=01;35:*.aac=00;36:*.au=00;36:*.flac=00;36:*.m4a=00;36:*.mid=00;36:*.midi=00;36:*.mka=00;36:*.mp3=00;36:*.mpc=00;36:*.ogg=00;36:*.ra=00;36:*.wav=00;36:*.oga=00;36:*.opus=00;36:*.spx=00;36:*.xspf=00;36:'), ('ROS_DOMAIN_ID', '0'), ('AMENT_PREFIX_PATH', '/ros2_ws/install/robot_bringup:/ros2_ws/install/localization:/ros2_ws/install/telemetry_data:/ros2_ws/install/shooting:/ros2_ws/install/rf2o_laser_odometry:/ros2_ws/install/hardware:/ros2_ws/install/ydlidar_ros2_driver:/ros2_ws/install/robot_description:/ros2_ws/install/navigation:/ros2_ws/install/main_brain:/ros2_ws/install/foxglove:/opt/ros/humble'), ('PWD', '/ros2_ws/build/navigation'), ('LC_ALL', 'C.UTF-8'), ('PYTHONPATH', '/opt/ros/humble/lib/python3.10/site-packages:/opt/ros/humble/local/lib/python3.10/dist-packages'), ('COLCON', '1'), ('CMAKE_PREFIX_PATH', '/ros2_ws/install/robot_bringup:/ros2_ws/install/localization:/ros2_ws/install/telemetry_data:/ros2_ws/install/shooting:/ros2_ws/install/rf2o_laser_odometry:/ros2_ws/install/hardware:/ros2_ws/install/ydlidar_ros2_driver:/ros2_ws/install/robot_description:/ros2_ws/install/navigation:/ros2_ws/install/main_brain:/ros2_ws/install/foxglove:/opt/ros/humble')]), 'shell': False}
[3.033524] (-) TimerEvent: {}
[3.060800] (navigation) CommandEnded: {'returncode': 0}
[3.061658] (navigation) JobProgress: {'identifier': 'navigation', 'progress': 'install'}
[3.062364] (navigation) Command: {'cmd': ['/usr/bin/cmake', '--install', '/ros2_ws/build/navigation'], 'cwd': '/ros2_ws/build/navigation', 'env': OrderedDict([('HOSTNAME', 'yahav'), ('SHLVL', '1'), ('LD_LIBRARY_PATH', '/ros2_ws/install/hardware/lib:/opt/ros/humble/opt/rviz_ogre_vendor/lib:/opt/ros/humble/lib/aarch64-linux-gnu:/opt/ros/humble/lib'), ('HOME', '/root'), ('PYTHONUNBUFFERED', '1'), ('ROS_PYTHON_VERSION', '3'), ('COLCON_PREFIX_PATH', '/ros2_ws/install'), ('ROS_DISTRO', 'humble'), ('_', '/usr/bin/colcon'), ('ROS_VERSION', '2'), ('TERM', 'xterm'), ('ROS_LOCALHOST_ONLY', '0'), ('PATH', '/opt/ros/humble/bin:/usr/local/sbin:/usr/local/bin:/usr/sbin:/usr/bin:/sbin:/bin'), ('DISPLAY', ''), ('LANG', 'C.UTF-8'), ('LS_COLORS', 'rs=0:di=01;34:ln=01;36:mh=00:pi=40;33:so=01;35:do=01;35:bd=40;33;01:cd=40;33;01:or=40;31;01:mi=00:su=37;41:sg=30;43:ca=30;41:tw=30;42:ow=34;42:st=37;44:ex=01;32:*.tar=01;31:*.tgz=01;31:*.arc=01;31:*.arj=01;31:*.taz=01;31:*.lha=01;31:*.lz4=01;31:*.lzh=01;31:*.lzma=01;31:*.tlz=01;31:*.txz=01;31:*.tzo=01;31:*.t7z=01;31:*.zip=01;31:*.z=01;31:*.dz=01;31:*.gz=01;31:*.lrz=01;31:*.lz=01;31:*.lzo=01;31:*.xz=01;31:*.zst=01;31:*.tzst=01;31:*.bz2=01;31:*.bz=01;31:*.tbz=01;31:*.tbz2=01;31:*.tz=01;31:*.deb=01;31:*.rpm=01;31:*.jar=01;31:*.war=01;31:*.ear=01;31:*.sar=01;31:*.rar=01;31:*.alz=01;31:*.ace=01;31:*.zoo=01;31:*.cpio=01;31:*.7z=01;31:*.rz=01;31:*.cab=01;31:*.wim=01;31:*.swm=01;31:*.dwm=01;31:*.esd=01;31:*.jpg=01;35:*.jpeg=01;35:*.mjpg=01;35:*.mjpeg=01;35:*.gif=01;35:*.bmp=01;35:*.pbm=01;35:*.pgm=01;35:*.ppm=01;35:*.tga=01;35:*.xbm=01;35:*.xpm=01;35:*.tif=01;35:*.tiff=01;35:*.png=01;35:*.svg=01;35:*.svgz=01;35:*.mng=01;35:*.pcx=01;35:*.mov=01;35:*.mpg=01;35:*.mpeg=01;35:*.m2v=01;35:*.mkv=01;35:*.webm=01;35:*.webp=01;35:*.ogm=01;35:*.mp4=01;35:*.m4v=01;35:*.mp4v=01;35:*.vob=01;35:*.qt=01;35:*.nuv=01;35:*.wmv=01;35:*.asf=01;35:*.rm=01;35:*.rmvb=01;35:*.flc=01;35:*.avi=01;35:*.fli=01;35:*.flv=01;35:*.gl=01;35:*.dl=01;35:*.xcf=01;35:*.xwd=01;35:*.yuv=01;35:*.cgm=01;35:*.emf=01;35:*.ogv=01;35:*.ogx=01;35:*.aac=00;36:*.au=00;36:*.flac=00;36:*.m4a=00;36:*.mid=00;36:*.midi=00;36:*.mka=00;36:*.mp3=00;36:*.mpc=00;36:*.ogg=00;36:*.ra=00;36:*.wav=00;36:*.oga=00;36:*.opus=00;36:*.spx=00;36:*.xspf=00;36:'), ('ROS_DOMAIN_ID', '0'), ('AMENT_PREFIX_PATH', '/ros2_ws/install/robot_bringup:/ros2_ws/install/localization:/ros2_ws/install/telemetry_data:/ros2_ws/install/shooting:/ros2_ws/install/rf2o_laser_odometry:/ros2_ws/install/hardware:/ros2_ws/install/ydlidar_ros2_driver:/ros2_ws/install/robot_description:/ros2_ws/install/navigation:/ros2_ws/install/main_brain:/ros2_ws/install/foxglove:/opt/ros/humble'), ('PWD', '/ros2_ws/build/navigation'), ('LC_ALL', 'C.UTF-8'), ('PYTHONPATH', '/opt/ros/humble/lib/python3.10/site-packages:/opt/ros/humble/local/lib/python3.10/dist-packages'), ('COLCON', '1'), ('CMAKE_PREFIX_PATH', '/ros2_ws/install/robot_bringup:/ros2_ws/install/localization:/ros2_ws/install/telemetry_data:/ros2_ws/install/shooting:/ros2_ws/install/rf2o_laser_odometry:/ros2_ws/install/hardware:/ros2_ws/install/ydlidar_ros2_driver:/ros2_ws/install/robot_description:/ros2_ws/install/navigation:/ros2_ws/install/main_brain:/ros2_ws/install/foxglove:/opt/ros/humble')]), 'shell': False}
[3.086789] (navigation) StdoutLine: {'line': b'-- Install configuration: ""\n'}
[3.088101] (navigation) StdoutLine: {'line': b'-- Execute custom install script\n'}
[3.088293] (navigation) StdoutLine: {'line': b'-- Symlinking: /ros2_ws/install/navigation/share/navigation/launch/launch.py\n'}
[3.109230] (navigation) StdoutLine: {'line': b'-- Symlinking: /ros2_ws/install/navigation/share/navigation/config/nav2.yaml\n'}
[3.133623] (-) TimerEvent: {}
[3.138652] (navigation) StdoutLine: {'line': b'-- Symlinking: /ros2_ws/install/navigation/share/navigation/behavior_trees/ackermann_nav_through_poses.xml\n'}
[3.163561] (navigation) StdoutLine: {'line': b'-- Symlinking: /ros2_ws/install/navigation/share/navigation/behavior_trees/ackermann_nav_to_pose.xml\n'}
[3.186746] (navigation) StdoutLine: {'line': b'-- Symlinking: /ros2_ws/install/navigation/share/ament_index/resource_index/package_run_dependencies/navigation\n'}
[3.210195] (navigation) StdoutLine: {'line': b'-- Symlinking: /ros2_ws/install/navigation/share/ament_index/resource_index/parent_prefix_path/navigation\n'}
[3.229737] (navigation) StdoutLine: {'line': b'-- Symlinking: /ros2_ws/install/navigation/share/navigation/environment/ament_prefix_path.sh\n'}
[3.233796] (-) TimerEvent: {}
[3.242180] (navigation) StdoutLine: {'line': b'-- Symlinking: /ros2_ws/install/navigation/share/navigation/environment/ament_prefix_path.dsv\n'}
[3.253985] (navigation) StdoutLine: {'line': b'-- Symlinking: /ros2_ws/install/navigation/share/navigation/environment/path.sh\n'}
[3.263203] (navigation) StdoutLine: {'line': b'-- Symlinking: /ros2_ws/install/navigation/share/navigation/environment/path.dsv\n'}
[3.274299] (navigation) StdoutLine: {'line': b'-- Symlinking: /ros2_ws/install/navigation/share/navigation/local_setup.bash\n'}
[3.289991] (navigation) StdoutLine: {'line': b'-- Symlinking: /ros2_ws/install/navigation/share/navigation/local_setup.sh\n'}
[3.296383] (navigation) StdoutLine: {'line': b'-- Symlinking: /ros2_ws/install/navigation/share/navigation/local_setup.zsh\n'}
[3.304139] (hardware) StdoutLine: {'line': b'-- Found eigen3_cmake_module: 0.1.1 (/opt/ros/humble/share/eigen3_cmake_module/cmake)\n'}
[3.306478] (hardware) StdoutLine: {'line': b'-- Found Eigen3: TRUE (found version "3.4.0") \n'}
[3.306864] (hardware) StdoutLine: {'line': b'-- Ensuring Eigen3 include directory is part of orocos-kdl CMake target\n'}
[3.307343] (navigation) StdoutLine: {'line': b'-- Symlinking: /ros2_ws/install/navigation/share/navigation/local_setup.dsv\n'}
[3.318044] (navigation) StdoutLine: {'line': b'-- Symlinking: /ros2_ws/install/navigation/share/navigation/package.dsv\n'}
[3.331624] (navigation) StdoutLine: {'line': b'-- Symlinking: /ros2_ws/install/navigation/share/ament_index/resource_index/packages/navigation\n'}
[3.333950] (-) TimerEvent: {}
[3.342767] (navigation) StdoutLine: {'line': b'-- Symlinking: /ros2_ws/install/navigation/share/navigation/cmake/navigationConfig.cmake\n'}
[3.353880] (navigation) StdoutLine: {'line': b'-- Symlinking: /ros2_ws/install/navigation/share/navigation/cmake/navigationConfig-version.cmake\n'}
[3.364747] (navigation) StdoutLine: {'line': b'-- Symlinking: /ros2_ws/install/navigation/share/navigation/package.xml\n'}
[3.378175] (navigation) CommandEnded: {'returncode': 0}
[3.380240] (hardware) StdoutLine: {'line': b'-- Found joint_state_broadcaster: 2.53.1 (/opt/ros/humble/share/joint_state_broadcaster/cmake)\n'}
[3.408133] (navigation) JobEnded: {'identifier': 'navigation', 'rc': 0}
[3.409649] (main_brain) JobStarted: {'identifier': 'main_brain'}
[3.409845] (hardware) StdoutLine: {'line': b'-- Found PkgConfig: /usr/bin/pkg-config (found version "0.29.2") \n'}
[3.410440] (hardware) StdoutLine: {'line': b"-- Checking for module 'libgpiod'\n"}
[3.471009] (-) TimerEvent: {}
[3.472096] (hardware) StdoutLine: {'line': b'--   Found libgpiod, version 1.6.3\n'}
[3.475659] (main_brain) JobProgress: {'identifier': 'main_brain', 'progress': 'cmake'}
[3.481986] (main_brain) Command: {'cmd': ['/usr/bin/cmake', '/ros2_ws/src/main_brain', '-DAMENT_CMAKE_SYMLINK_INSTALL=1', '-DCMAKE_INSTALL_PREFIX=/ros2_ws/install/main_brain'], 'cwd': '/ros2_ws/build/main_brain', 'env': OrderedDict([('HOSTNAME', 'yahav'), ('SHLVL', '1'), ('LD_LIBRARY_PATH', '/ros2_ws/install/hardware/lib:/opt/ros/humble/opt/rviz_ogre_vendor/lib:/opt/ros/humble/lib/aarch64-linux-gnu:/opt/ros/humble/lib'), ('HOME', '/root'), ('PYTHONUNBUFFERED', '1'), ('ROS_PYTHON_VERSION', '3'), ('COLCON_PREFIX_PATH', '/ros2_ws/install'), ('ROS_DISTRO', 'humble'), ('_', '/usr/bin/colcon'), ('ROS_VERSION', '2'), ('TERM', 'xterm'), ('ROS_LOCALHOST_ONLY', '0'), ('PATH', '/opt/ros/humble/bin:/usr/local/sbin:/usr/local/bin:/usr/sbin:/usr/bin:/sbin:/bin'), ('DISPLAY', ''), ('LANG', 'C.UTF-8'), ('LS_COLORS', 'rs=0:di=01;34:ln=01;36:mh=00:pi=40;33:so=01;35:do=01;35:bd=40;33;01:cd=40;33;01:or=40;31;01:mi=00:su=37;41:sg=30;43:ca=30;41:tw=30;42:ow=34;42:st=37;44:ex=01;32:*.tar=01;31:*.tgz=01;31:*.arc=01;31:*.arj=01;31:*.taz=01;31:*.lha=01;31:*.lz4=01;31:*.lzh=01;31:*.lzma=01;31:*.tlz=01;31:*.txz=01;31:*.tzo=01;31:*.t7z=01;31:*.zip=01;31:*.z=01;31:*.dz=01;31:*.gz=01;31:*.lrz=01;31:*.lz=01;31:*.lzo=01;31:*.xz=01;31:*.zst=01;31:*.tzst=01;31:*.bz2=01;31:*.bz=01;31:*.tbz=01;31:*.tbz2=01;31:*.tz=01;31:*.deb=01;31:*.rpm=01;31:*.jar=01;31:*.war=01;31:*.ear=01;31:*.sar=01;31:*.rar=01;31:*.alz=01;31:*.ace=01;31:*.zoo=01;31:*.cpio=01;31:*.7z=01;31:*.rz=01;31:*.cab=01;31:*.wim=01;31:*.swm=01;31:*.dwm=01;31:*.esd=01;31:*.jpg=01;35:*.jpeg=01;35:*.mjpg=01;35:*.mjpeg=01;35:*.gif=01;35:*.bmp=01;35:*.pbm=01;35:*.pgm=01;35:*.ppm=01;35:*.tga=01;35:*.xbm=01;35:*.xpm=01;35:*.tif=01;35:*.tiff=01;35:*.png=01;35:*.svg=01;35:*.svgz=01;35:*.mng=01;35:*.pcx=01;35:*.mov=01;35:*.mpg=01;35:*.mpeg=01;35:*.m2v=01;35:*.mkv=01;35:*.webm=01;35:*.webp=01;35:*.ogm=01;35:*.mp4=01;35:*.m4v=01;35:*.mp4v=01;35:*.vob=01;35:*.qt=01;35:*.nuv=01;35:*.wmv=01;35:*.asf=01;35:*.rm=01;35:*.rmvb=01;35:*.flc=01;35:*.avi=01;35:*.fli=01;35:*.flv=01;35:*.gl=01;35:*.dl=01;35:*.xcf=01;35:*.xwd=01;35:*.yuv=01;35:*.cgm=01;35:*.emf=01;35:*.ogv=01;35:*.ogx=01;35:*.aac=00;36:*.au=00;36:*.flac=00;36:*.m4a=00;36:*.mid=00;36:*.midi=00;36:*.mka=00;36:*.mp3=00;36:*.mpc=00;36:*.ogg=00;36:*.ra=00;36:*.wav=00;36:*.oga=00;36:*.opus=00;36:*.spx=00;36:*.xspf=00;36:'), ('ROS_DOMAIN_ID', '0'), ('AMENT_PREFIX_PATH', '/ros2_ws/install/robot_bringup:/ros2_ws/install/localization:/ros2_ws/install/telemetry_data:/ros2_ws/install/shooting:/ros2_ws/install/rf2o_laser_odometry:/ros2_ws/install/hardware:/ros2_ws/install/ydlidar_ros2_driver:/ros2_ws/install/robot_description:/ros2_ws/install/navigation:/ros2_ws/install/main_brain:/ros2_ws/install/foxglove:/opt/ros/humble'), ('PWD', '/ros2_ws/build/main_brain'), ('LC_ALL', 'C.UTF-8'), ('PYTHONPATH', '/opt/ros/humble/lib/python3.10/site-packages:/opt/ros/humble/local/lib/python3.10/dist-packages'), ('COLCON', '1'), ('CMAKE_PREFIX_PATH', '/ros2_ws/install/robot_bringup:/ros2_ws/install/localization:/ros2_ws/install/telemetry_data:/ros2_ws/install/shooting:/ros2_ws/install/rf2o_laser_odometry:/ros2_ws/install/hardware:/ros2_ws/install/ydlidar_ros2_driver:/ros2_ws/install/robot_description:/ros2_ws/install/navigation:/ros2_ws/install/main_brain:/ros2_ws/install/foxglove:/opt/ros/humble')]), 'shell': False}
[3.573959] (-) TimerEvent: {}
[3.576309] (hardware) StdoutLine: {'line': b'-- Found ament_lint_auto: 0.12.15 (/opt/ros/humble/share/ament_lint_auto/cmake)\n'}
[3.677959] (-) TimerEvent: {}
[3.718939] (main_brain) StdoutLine: {'line': b'-- The C compiler identification is GNU 11.4.0\n'}
[3.782313] (-) TimerEvent: {}
[3.886059] (-) TimerEvent: {}
[3.986574] (-) TimerEvent: {}
[4.010117] (main_brain) StdoutLine: {'line': b'-- The CXX compiler identification is GNU 11.4.0\n'}
[4.013710] (hardware) StdoutLine: {'line': b"-- Added test 'cppcheck' to perform static code analysis on C / C++ code\n"}
[4.014228] (hardware) StdoutLine: {'line': b'-- Configured cppcheck include dirs: /ros2_ws/src/hardware/include\n'}
[4.014449] (hardware) StdoutLine: {'line': b'-- Configured cppcheck exclude dirs and/or files: \n'}
[4.017006] (hardware) StdoutLine: {'line': b"-- Added test 'flake8' to check Python code syntax and style conventions\n"}
[4.018611] (hardware) StdoutLine: {'line': b"-- Added test 'lint_cmake' to check CMake code style\n"}
[4.020031] (hardware) StdoutLine: {'line': b"-- Added test 'pep257' to check Python code against some of the docstring style conventions in PEP 257\n"}
[4.021981] (main_brain) StdoutLine: {'line': b'-- Detecting C compiler ABI info\n'}
[4.022633] (hardware) StdoutLine: {'line': b"-- Added test 'uncrustify' to check C / C++ code style\n"}
[4.022767] (hardware) StdoutLine: {'line': b'-- Configured uncrustify additional arguments: \n'}
[4.027500] (hardware) StdoutLine: {'line': b"-- Added test 'xmllint' to check XML markup files\n"}
[4.030158] (hardware) StdoutLine: {'line': b'-- Configuring done\n'}
[4.089994] (-) TimerEvent: {}
[4.129646] (hardware) StdoutLine: {'line': b'-- Generating done\n'}
[4.151693] (hardware) StdoutLine: {'line': b'-- Build files have been written to: /ros2_ws/build/hardware\n'}
[4.162860] (main_brain) StdoutLine: {'line': b'-- Detecting C compiler ABI info - done\n'}
[4.173965] (main_brain) StdoutLine: {'line': b'-- Check for working C compiler: /usr/bin/cc - skipped\n'}
[4.177168] (main_brain) StdoutLine: {'line': b'-- Detecting C compile features\n'}
[4.177385] (main_brain) StdoutLine: {'line': b'-- Detecting C compile features - done\n'}
[4.184896] (main_brain) StdoutLine: {'line': b'-- Detecting CXX compiler ABI info\n'}
[4.187072] (hardware) CommandEnded: {'returncode': 0}
[4.187865] (hardware) JobProgress: {'identifier': 'hardware', 'progress': 'build'}
[4.189971] (hardware) Command: {'cmd': ['/usr/bin/cmake', '--build', '/ros2_ws/build/hardware', '--', '-j4', '-l4'], 'cwd': '/ros2_ws/build/hardware', 'env': OrderedDict([('HOSTNAME', 'yahav'), ('SHLVL', '1'), ('LD_LIBRARY_PATH', '/ros2_ws/install/hardware/lib:/opt/ros/humble/opt/rviz_ogre_vendor/lib:/opt/ros/humble/lib/aarch64-linux-gnu:/opt/ros/humble/lib'), ('HOME', '/root'), ('PYTHONUNBUFFERED', '1'), ('ROS_PYTHON_VERSION', '3'), ('COLCON_PREFIX_PATH', '/ros2_ws/install'), ('ROS_DISTRO', 'humble'), ('_', '/usr/bin/colcon'), ('ROS_VERSION', '2'), ('TERM', 'xterm'), ('ROS_LOCALHOST_ONLY', '0'), ('PATH', '/opt/ros/humble/bin:/usr/local/sbin:/usr/local/bin:/usr/sbin:/usr/bin:/sbin:/bin'), ('DISPLAY', ''), ('LANG', 'C.UTF-8'), ('LS_COLORS', 'rs=0:di=01;34:ln=01;36:mh=00:pi=40;33:so=01;35:do=01;35:bd=40;33;01:cd=40;33;01:or=40;31;01:mi=00:su=37;41:sg=30;43:ca=30;41:tw=30;42:ow=34;42:st=37;44:ex=01;32:*.tar=01;31:*.tgz=01;31:*.arc=01;31:*.arj=01;31:*.taz=01;31:*.lha=01;31:*.lz4=01;31:*.lzh=01;31:*.lzma=01;31:*.tlz=01;31:*.txz=01;31:*.tzo=01;31:*.t7z=01;31:*.zip=01;31:*.z=01;31:*.dz=01;31:*.gz=01;31:*.lrz=01;31:*.lz=01;31:*.lzo=01;31:*.xz=01;31:*.zst=01;31:*.tzst=01;31:*.bz2=01;31:*.bz=01;31:*.tbz=01;31:*.tbz2=01;31:*.tz=01;31:*.deb=01;31:*.rpm=01;31:*.jar=01;31:*.war=01;31:*.ear=01;31:*.sar=01;31:*.rar=01;31:*.alz=01;31:*.ace=01;31:*.zoo=01;31:*.cpio=01;31:*.7z=01;31:*.rz=01;31:*.cab=01;31:*.wim=01;31:*.swm=01;31:*.dwm=01;31:*.esd=01;31:*.jpg=01;35:*.jpeg=01;35:*.mjpg=01;35:*.mjpeg=01;35:*.gif=01;35:*.bmp=01;35:*.pbm=01;35:*.pgm=01;35:*.ppm=01;35:*.tga=01;35:*.xbm=01;35:*.xpm=01;35:*.tif=01;35:*.tiff=01;35:*.png=01;35:*.svg=01;35:*.svgz=01;35:*.mng=01;35:*.pcx=01;35:*.mov=01;35:*.mpg=01;35:*.mpeg=01;35:*.m2v=01;35:*.mkv=01;35:*.webm=01;35:*.webp=01;35:*.ogm=01;35:*.mp4=01;35:*.m4v=01;35:*.mp4v=01;35:*.vob=01;35:*.qt=01;35:*.nuv=01;35:*.wmv=01;35:*.asf=01;35:*.rm=01;35:*.rmvb=01;35:*.flc=01;35:*.avi=01;35:*.fli=01;35:*.flv=01;35:*.gl=01;35:*.dl=01;35:*.xcf=01;35:*.xwd=01;35:*.yuv=01;35:*.cgm=01;35:*.emf=01;35:*.ogv=01;35:*.ogx=01;35:*.aac=00;36:*.au=00;36:*.flac=00;36:*.m4a=00;36:*.mid=00;36:*.midi=00;36:*.mka=00;36:*.mp3=00;36:*.mpc=00;36:*.ogg=00;36:*.ra=00;36:*.wav=00;36:*.oga=00;36:*.opus=00;36:*.spx=00;36:*.xspf=00;36:'), ('ROS_DOMAIN_ID', '0'), ('AMENT_PREFIX_PATH', '/ros2_ws/install/robot_bringup:/ros2_ws/install/localization:/ros2_ws/install/telemetry_data:/ros2_ws/install/shooting:/ros2_ws/install/rf2o_laser_odometry:/ros2_ws/install/hardware:/ros2_ws/install/ydlidar_ros2_driver:/ros2_ws/install/robot_description:/ros2_ws/install/navigation:/ros2_ws/install/main_brain:/ros2_ws/install/foxglove:/opt/ros/humble'), ('PWD', '/ros2_ws/build/hardware'), ('LC_ALL', 'C.UTF-8'), ('PYTHONPATH', '/opt/ros/humble/lib/python3.10/site-packages:/opt/ros/humble/local/lib/python3.10/dist-packages'), ('COLCON', '1'), ('CMAKE_PREFIX_PATH', '/ros2_ws/install/robot_bringup:/ros2_ws/install/localization:/ros2_ws/install/telemetry_data:/ros2_ws/install/shooting:/ros2_ws/install/rf2o_laser_odometry:/ros2_ws/install/hardware:/ros2_ws/install/ydlidar_ros2_driver:/ros2_ws/install/robot_description:/ros2_ws/install/navigation:/ros2_ws/install/main_brain:/ros2_ws/install/foxglove:/opt/ros/humble')]), 'shell': False}
[4.190513] (-) TimerEvent: {}
[4.297312] (-) TimerEvent: {}
[4.312968] (hardware) StdoutLine: {'line': b'[ 16%] \x1b[32mBuilding CXX object CMakeFiles/twist_to_ackermann.dir/src/twist_to_ackermann.cpp.o\x1b[0m\n'}
[4.331589] (hardware) StdoutLine: {'line': b'[ 33%] \x1b[32mBuilding CXX object CMakeFiles/motor_driver.dir/src/motor_driver.cpp.o\x1b[0m\n'}
[4.334523] (hardware) StdoutLine: {'line': b'[ 50%] \x1b[32mBuilding CXX object CMakeFiles/heading_pid_controller.dir/src/pid_controller.cpp.o\x1b[0m\n'}
[4.397442] (-) TimerEvent: {}
[4.502309] (-) TimerEvent: {}
[4.505142] (main_brain) StdoutLine: {'line': b'-- Detecting CXX compiler ABI info - done\n'}
[4.532482] (main_brain) StdoutLine: {'line': b'-- Check for working CXX compiler: /usr/bin/c++ - skipped\n'}
[4.533361] (main_brain) StdoutLine: {'line': b'-- Detecting CXX compile features\n'}
[4.537981] (main_brain) StdoutLine: {'line': b'-- Detecting CXX compile features - done\n'}
[4.545073] (main_brain) StdoutLine: {'line': b'-- Found ament_cmake: 1.3.14 (/opt/ros/humble/share/ament_cmake/cmake)\n'}
[4.602434] (-) TimerEvent: {}
[4.702952] (-) TimerEvent: {}
[4.803534] (-) TimerEvent: {}
[4.904120] (-) TimerEvent: {}
[4.989997] (main_brain) StdoutLine: {'line': b'-- Found Python3: /usr/bin/python3 (found version "3.10.12") found components: Interpreter \n'}
[5.004267] (-) TimerEvent: {}
[5.105138] (-) TimerEvent: {}
[5.205631] (-) TimerEvent: {}
[5.308023] (-) TimerEvent: {}
[5.329893] (main_brain) StdoutLine: {'line': b'-- Override CMake install command with custom implementation using symlinks instead of copying resources\n'}
[5.408187] (-) TimerEvent: {}
[5.450062] (main_brain) StdoutLine: {'line': b'-- Found rclcpp: 16.0.19 (/opt/ros/humble/share/rclcpp/cmake)\n'}
[5.508815] (-) TimerEvent: {}
[5.612643] (-) TimerEvent: {}
[5.643897] (main_brain) StdoutLine: {'line': b'-- Found rosidl_generator_c: 3.1.8 (/opt/ros/humble/share/rosidl_generator_c/cmake)\n'}
[5.664646] (main_brain) StdoutLine: {'line': b'-- Found rosidl_adapter: 3.1.8 (/opt/ros/humble/share/rosidl_adapter/cmake)\n'}
[5.702222] (main_brain) StdoutLine: {'line': b'-- Found rosidl_generator_cpp: 3.1.8 (/opt/ros/humble/share/rosidl_generator_cpp/cmake)\n'}
[5.712785] (-) TimerEvent: {}
[5.749440] (main_brain) StdoutLine: {'line': b'-- Using all available rosidl_typesupport_c: rosidl_typesupport_fastrtps_c;rosidl_typesupport_introspection_c\n'}
[5.812924] (-) TimerEvent: {}
[5.839755] (main_brain) StdoutLine: {'line': b'-- Using all available rosidl_typesupport_cpp: rosidl_typesupport_fastrtps_cpp;rosidl_typesupport_introspection_cpp\n'}
[5.913661] (-) TimerEvent: {}
[6.016458] (-) TimerEvent: {}
[6.117066] (-) TimerEvent: {}
[6.215050] (main_brain) StdoutLine: {'line': b'-- Found rmw_implementation_cmake: 6.1.2 (/opt/ros/humble/share/rmw_implementation_cmake/cmake)\n'}
[6.217203] (-) TimerEvent: {}
[6.225500] (main_brain) StdoutLine: {'line': b'-- Found rmw_fastrtps_cpp: 6.2.10 (/opt/ros/humble/share/rmw_fastrtps_cpp/cmake)\n'}
[6.317764] (-) TimerEvent: {}
[6.418558] (-) TimerEvent: {}
[6.520091] (-) TimerEvent: {}
[6.539916] (main_brain) StdoutLine: {'line': b'-- Found OpenSSL: /usr/lib/aarch64-linux-gnu/libcrypto.so (found version "3.0.2")  \n'}
[6.604462] (main_brain) StdoutLine: {'line': b'-- Found FastRTPS: /opt/ros/humble/include  \n'}
[6.620248] (-) TimerEvent: {}
[6.667334] (main_brain) StdoutLine: {'line': b"-- Using RMW implementation 'rmw_fastrtps_cpp' as default\n"}
[6.714332] (main_brain) StdoutLine: {'line': b'-- Looking for pthread.h\n'}
[6.720430] (-) TimerEvent: {}
[6.822079] (-) TimerEvent: {}
[6.891801] (main_brain) StdoutLine: {'line': b'-- Looking for pthread.h - found\n'}
[6.893827] (main_brain) StdoutLine: {'line': b'-- Performing Test CMAKE_HAVE_LIBC_PTHREAD\n'}
[6.922302] (-) TimerEvent: {}
[7.023727] (-) TimerEvent: {}
[7.124661] (-) TimerEvent: {}
[7.179590] (main_brain) StdoutLine: {'line': b'-- Performing Test CMAKE_HAVE_LIBC_PTHREAD - Success\n'}
[7.180445] (main_brain) StdoutLine: {'line': b'-- Found Threads: TRUE  \n'}
[7.224801] (-) TimerEvent: {}
[7.325564] (-) TimerEvent: {}
[7.428546] (-) TimerEvent: {}
[7.476646] (main_brain) StdoutLine: {'line': b'-- Found ament_lint_auto: 0.12.15 (/opt/ros/humble/share/ament_lint_auto/cmake)\n'}
[7.528654] (-) TimerEvent: {}
[7.629269] (-) TimerEvent: {}
[7.730714] (-) TimerEvent: {}
[7.831343] (-) TimerEvent: {}
[7.933248] (-) TimerEvent: {}
[7.984146] (main_brain) StdoutLine: {'line': b"-- Added test 'flake8' to check Python code syntax and style conventions\n"}
[7.987192] (main_brain) StdoutLine: {'line': b"-- Added test 'lint_cmake' to check CMake code style\n"}
[7.995415] (main_brain) StdoutLine: {'line': b"-- Added test 'pep257' to check Python code against some of the docstring style conventions in PEP 257\n"}
[7.997057] (main_brain) StdoutLine: {'line': b"-- Added test 'xmllint' to check XML markup files\n"}
[8.011742] (main_brain) StdoutLine: {'line': b'-- Configuring done\n'}
[8.035432] (-) TimerEvent: {}
[8.050061] (main_brain) StdoutLine: {'line': b'-- Generating done\n'}
[8.058374] (main_brain) StdoutLine: {'line': b'-- Build files have been written to: /ros2_ws/build/main_brain\n'}
[8.130107] (main_brain) CommandEnded: {'returncode': 0}
[8.131287] (main_brain) JobProgress: {'identifier': 'main_brain', 'progress': 'build'}
[8.133900] (main_brain) Command: {'cmd': ['/usr/bin/cmake', '--build', '/ros2_ws/build/main_brain', '--', '-j4', '-l4'], 'cwd': '/ros2_ws/build/main_brain', 'env': OrderedDict([('HOSTNAME', 'yahav'), ('SHLVL', '1'), ('LD_LIBRARY_PATH', '/ros2_ws/install/hardware/lib:/opt/ros/humble/opt/rviz_ogre_vendor/lib:/opt/ros/humble/lib/aarch64-linux-gnu:/opt/ros/humble/lib'), ('HOME', '/root'), ('PYTHONUNBUFFERED', '1'), ('ROS_PYTHON_VERSION', '3'), ('COLCON_PREFIX_PATH', '/ros2_ws/install'), ('ROS_DISTRO', 'humble'), ('_', '/usr/bin/colcon'), ('ROS_VERSION', '2'), ('TERM', 'xterm'), ('ROS_LOCALHOST_ONLY', '0'), ('PATH', '/opt/ros/humble/bin:/usr/local/sbin:/usr/local/bin:/usr/sbin:/usr/bin:/sbin:/bin'), ('DISPLAY', ''), ('LANG', 'C.UTF-8'), ('LS_COLORS', 'rs=0:di=01;34:ln=01;36:mh=00:pi=40;33:so=01;35:do=01;35:bd=40;33;01:cd=40;33;01:or=40;31;01:mi=00:su=37;41:sg=30;43:ca=30;41:tw=30;42:ow=34;42:st=37;44:ex=01;32:*.tar=01;31:*.tgz=01;31:*.arc=01;31:*.arj=01;31:*.taz=01;31:*.lha=01;31:*.lz4=01;31:*.lzh=01;31:*.lzma=01;31:*.tlz=01;31:*.txz=01;31:*.tzo=01;31:*.t7z=01;31:*.zip=01;31:*.z=01;31:*.dz=01;31:*.gz=01;31:*.lrz=01;31:*.lz=01;31:*.lzo=01;31:*.xz=01;31:*.zst=01;31:*.tzst=01;31:*.bz2=01;31:*.bz=01;31:*.tbz=01;31:*.tbz2=01;31:*.tz=01;31:*.deb=01;31:*.rpm=01;31:*.jar=01;31:*.war=01;31:*.ear=01;31:*.sar=01;31:*.rar=01;31:*.alz=01;31:*.ace=01;31:*.zoo=01;31:*.cpio=01;31:*.7z=01;31:*.rz=01;31:*.cab=01;31:*.wim=01;31:*.swm=01;31:*.dwm=01;31:*.esd=01;31:*.jpg=01;35:*.jpeg=01;35:*.mjpg=01;35:*.mjpeg=01;35:*.gif=01;35:*.bmp=01;35:*.pbm=01;35:*.pgm=01;35:*.ppm=01;35:*.tga=01;35:*.xbm=01;35:*.xpm=01;35:*.tif=01;35:*.tiff=01;35:*.png=01;35:*.svg=01;35:*.svgz=01;35:*.mng=01;35:*.pcx=01;35:*.mov=01;35:*.mpg=01;35:*.mpeg=01;35:*.m2v=01;35:*.mkv=01;35:*.webm=01;35:*.webp=01;35:*.ogm=01;35:*.mp4=01;35:*.m4v=01;35:*.mp4v=01;35:*.vob=01;35:*.qt=01;35:*.nuv=01;35:*.wmv=01;35:*.asf=01;35:*.rm=01;35:*.rmvb=01;35:*.flc=01;35:*.avi=01;35:*.fli=01;35:*.flv=01;35:*.gl=01;35:*.dl=01;35:*.xcf=01;35:*.xwd=01;35:*.yuv=01;35:*.cgm=01;35:*.emf=01;35:*.ogv=01;35:*.ogx=01;35:*.aac=00;36:*.au=00;36:*.flac=00;36:*.m4a=00;36:*.mid=00;36:*.midi=00;36:*.mka=00;36:*.mp3=00;36:*.mpc=00;36:*.ogg=00;36:*.ra=00;36:*.wav=00;36:*.oga=00;36:*.opus=00;36:*.spx=00;36:*.xspf=00;36:'), ('ROS_DOMAIN_ID', '0'), ('AMENT_PREFIX_PATH', '/ros2_ws/install/robot_bringup:/ros2_ws/install/localization:/ros2_ws/install/telemetry_data:/ros2_ws/install/shooting:/ros2_ws/install/rf2o_laser_odometry:/ros2_ws/install/hardware:/ros2_ws/install/ydlidar_ros2_driver:/ros2_ws/install/robot_description:/ros2_ws/install/navigation:/ros2_ws/install/main_brain:/ros2_ws/install/foxglove:/opt/ros/humble'), ('PWD', '/ros2_ws/build/main_brain'), ('LC_ALL', 'C.UTF-8'), ('PYTHONPATH', '/opt/ros/humble/lib/python3.10/site-packages:/opt/ros/humble/local/lib/python3.10/dist-packages'), ('COLCON', '1'), ('CMAKE_PREFIX_PATH', '/ros2_ws/install/robot_bringup:/ros2_ws/install/localization:/ros2_ws/install/telemetry_data:/ros2_ws/install/shooting:/ros2_ws/install/rf2o_laser_odometry:/ros2_ws/install/hardware:/ros2_ws/install/ydlidar_ros2_driver:/ros2_ws/install/robot_description:/ros2_ws/install/navigation:/ros2_ws/install/main_brain:/ros2_ws/install/foxglove:/opt/ros/humble')]), 'shell': False}
[8.140881] (-) TimerEvent: {}
[8.241348] (-) TimerEvent: {}
[8.286029] (main_brain) CommandEnded: {'returncode': 0}
[8.286663] (main_brain) JobProgress: {'identifier': 'main_brain', 'progress': 'install'}
[8.286725] (main_brain) Command: {'cmd': ['/usr/bin/cmake', '--install', '/ros2_ws/build/main_brain'], 'cwd': '/ros2_ws/build/main_brain', 'env': OrderedDict([('HOSTNAME', 'yahav'), ('SHLVL', '1'), ('LD_LIBRARY_PATH', '/ros2_ws/install/hardware/lib:/opt/ros/humble/opt/rviz_ogre_vendor/lib:/opt/ros/humble/lib/aarch64-linux-gnu:/opt/ros/humble/lib'), ('HOME', '/root'), ('PYTHONUNBUFFERED', '1'), ('ROS_PYTHON_VERSION', '3'), ('COLCON_PREFIX_PATH', '/ros2_ws/install'), ('ROS_DISTRO', 'humble'), ('_', '/usr/bin/colcon'), ('ROS_VERSION', '2'), ('TERM', 'xterm'), ('ROS_LOCALHOST_ONLY', '0'), ('PATH', '/opt/ros/humble/bin:/usr/local/sbin:/usr/local/bin:/usr/sbin:/usr/bin:/sbin:/bin'), ('DISPLAY', ''), ('LANG', 'C.UTF-8'), ('LS_COLORS', 'rs=0:di=01;34:ln=01;36:mh=00:pi=40;33:so=01;35:do=01;35:bd=40;33;01:cd=40;33;01:or=40;31;01:mi=00:su=37;41:sg=30;43:ca=30;41:tw=30;42:ow=34;42:st=37;44:ex=01;32:*.tar=01;31:*.tgz=01;31:*.arc=01;31:*.arj=01;31:*.taz=01;31:*.lha=01;31:*.lz4=01;31:*.lzh=01;31:*.lzma=01;31:*.tlz=01;31:*.txz=01;31:*.tzo=01;31:*.t7z=01;31:*.zip=01;31:*.z=01;31:*.dz=01;31:*.gz=01;31:*.lrz=01;31:*.lz=01;31:*.lzo=01;31:*.xz=01;31:*.zst=01;31:*.tzst=01;31:*.bz2=01;31:*.bz=01;31:*.tbz=01;31:*.tbz2=01;31:*.tz=01;31:*.deb=01;31:*.rpm=01;31:*.jar=01;31:*.war=01;31:*.ear=01;31:*.sar=01;31:*.rar=01;31:*.alz=01;31:*.ace=01;31:*.zoo=01;31:*.cpio=01;31:*.7z=01;31:*.rz=01;31:*.cab=01;31:*.wim=01;31:*.swm=01;31:*.dwm=01;31:*.esd=01;31:*.jpg=01;35:*.jpeg=01;35:*.mjpg=01;35:*.mjpeg=01;35:*.gif=01;35:*.bmp=01;35:*.pbm=01;35:*.pgm=01;35:*.ppm=01;35:*.tga=01;35:*.xbm=01;35:*.xpm=01;35:*.tif=01;35:*.tiff=01;35:*.png=01;35:*.svg=01;35:*.svgz=01;35:*.mng=01;35:*.pcx=01;35:*.mov=01;35:*.mpg=01;35:*.mpeg=01;35:*.m2v=01;35:*.mkv=01;35:*.webm=01;35:*.webp=01;35:*.ogm=01;35:*.mp4=01;35:*.m4v=01;35:*.mp4v=01;35:*.vob=01;35:*.qt=01;35:*.nuv=01;35:*.wmv=01;35:*.asf=01;35:*.rm=01;35:*.rmvb=01;35:*.flc=01;35:*.avi=01;35:*.fli=01;35:*.flv=01;35:*.gl=01;35:*.dl=01;35:*.xcf=01;35:*.xwd=01;35:*.yuv=01;35:*.cgm=01;35:*.emf=01;35:*.ogv=01;35:*.ogx=01;35:*.aac=00;36:*.au=00;36:*.flac=00;36:*.m4a=00;36:*.mid=00;36:*.midi=00;36:*.mka=00;36:*.mp3=00;36:*.mpc=00;36:*.ogg=00;36:*.ra=00;36:*.wav=00;36:*.oga=00;36:*.opus=00;36:*.spx=00;36:*.xspf=00;36:'), ('ROS_DOMAIN_ID', '0'), ('AMENT_PREFIX_PATH', '/ros2_ws/install/robot_bringup:/ros2_ws/install/localization:/ros2_ws/install/telemetry_data:/ros2_ws/install/shooting:/ros2_ws/install/rf2o_laser_odometry:/ros2_ws/install/hardware:/ros2_ws/install/ydlidar_ros2_driver:/ros2_ws/install/robot_description:/ros2_ws/install/navigation:/ros2_ws/install/main_brain:/ros2_ws/install/foxglove:/opt/ros/humble'), ('PWD', '/ros2_ws/build/main_brain'), ('LC_ALL', 'C.UTF-8'), ('PYTHONPATH', '/opt/ros/humble/lib/python3.10/site-packages:/opt/ros/humble/local/lib/python3.10/dist-packages'), ('COLCON', '1'), ('CMAKE_PREFIX_PATH', '/ros2_ws/install/robot_bringup:/ros2_ws/install/localization:/ros2_ws/install/telemetry_data:/ros2_ws/install/shooting:/ros2_ws/install/rf2o_laser_odometry:/ros2_ws/install/hardware:/ros2_ws/install/ydlidar_ros2_driver:/ros2_ws/install/robot_description:/ros2_ws/install/navigation:/ros2_ws/install/main_brain:/ros2_ws/install/foxglove:/opt/ros/humble')]), 'shell': False}
[8.307981] (main_brain) StdoutLine: {'line': b'-- Install configuration: ""\n'}
[8.314091] (main_brain) StdoutLine: {'line': b'-- Execute custom install script\n'}
[8.314381] (main_brain) StdoutLine: {'line': b'-- Symlinking: /ros2_ws/install/main_brain/share/ament_index/resource_index/package_run_dependencies/main_brain\n'}
[8.341488] (-) TimerEvent: {}
[8.349989] (main_brain) StdoutLine: {'line': b'-- Symlinking: /ros2_ws/install/main_brain/share/ament_index/resource_index/parent_prefix_path/main_brain\n'}
[8.373899] (main_brain) StdoutLine: {'line': b'-- Symlinking: /ros2_ws/install/main_brain/share/main_brain/environment/ament_prefix_path.sh\n'}
[8.401868] (main_brain) StdoutLine: {'line': b'-- Symlinking: /ros2_ws/install/main_brain/share/main_brain/environment/ament_prefix_path.dsv\n'}
[8.427265] (main_brain) StdoutLine: {'line': b'-- Symlinking: /ros2_ws/install/main_brain/share/main_brain/environment/path.sh\n'}
[8.441650] (-) TimerEvent: {}
[8.454600] (main_brain) StdoutLine: {'line': b'-- Symlinking: /ros2_ws/install/main_brain/share/main_brain/environment/path.dsv\n'}
[8.493019] (main_brain) StdoutLine: {'line': b'-- Symlinking: /ros2_ws/install/main_brain/share/main_brain/local_setup.bash\n'}
[8.529984] (main_brain) StdoutLine: {'line': b'-- Symlinking: /ros2_ws/install/main_brain/share/main_brain/local_setup.sh\n'}
[8.541794] (-) TimerEvent: {}
[8.557826] (main_brain) StdoutLine: {'line': b'-- Symlinking: /ros2_ws/install/main_brain/share/main_brain/local_setup.zsh\n'}
[8.609479] (main_brain) StdoutLine: {'line': b'-- Symlinking: /ros2_ws/install/main_brain/share/main_brain/local_setup.dsv\n'}
[8.622058] (main_brain) StdoutLine: {'line': b'-- Symlinking: /ros2_ws/install/main_brain/share/main_brain/package.dsv\n'}
[8.642042] (main_brain) StdoutLine: {'line': b'-- Symlinking: /ros2_ws/install/main_brain/share/ament_index/resource_index/packages/main_brain\n'}
[8.642356] (-) TimerEvent: {}
[8.666057] (main_brain) StdoutLine: {'line': b'-- Symlinking: /ros2_ws/install/main_brain/share/main_brain/cmake/main_brainConfig.cmake\n'}
[8.690880] (main_brain) StdoutLine: {'line': b'-- Symlinking: /ros2_ws/install/main_brain/share/main_brain/cmake/main_brainConfig-version.cmake\n'}
[8.714631] (main_brain) StdoutLine: {'line': b'-- Symlinking: /ros2_ws/install/main_brain/share/main_brain/package.xml\n'}
[8.742521] (-) TimerEvent: {}
[8.746550] (main_brain) CommandEnded: {'returncode': 0}
[8.824148] (main_brain) JobEnded: {'identifier': 'main_brain', 'rc': 0}
[8.830132] (robot_description) JobStarted: {'identifier': 'robot_description'}
[8.842951] (-) TimerEvent: {}
[8.866128] (robot_description) JobProgress: {'identifier': 'robot_description', 'progress': 'cmake'}
[8.866922] (robot_description) Command: {'cmd': ['/usr/bin/cmake', '/ros2_ws/src/robot_description', '-DAMENT_CMAKE_SYMLINK_INSTALL=1', '-DCMAKE_INSTALL_PREFIX=/ros2_ws/install/robot_description'], 'cwd': '/ros2_ws/build/robot_description', 'env': OrderedDict([('HOSTNAME', 'yahav'), ('SHLVL', '1'), ('LD_LIBRARY_PATH', '/ros2_ws/install/hardware/lib:/opt/ros/humble/opt/rviz_ogre_vendor/lib:/opt/ros/humble/lib/aarch64-linux-gnu:/opt/ros/humble/lib'), ('HOME', '/root'), ('PYTHONUNBUFFERED', '1'), ('ROS_PYTHON_VERSION', '3'), ('COLCON_PREFIX_PATH', '/ros2_ws/install'), ('ROS_DISTRO', 'humble'), ('_', '/usr/bin/colcon'), ('ROS_VERSION', '2'), ('TERM', 'xterm'), ('ROS_LOCALHOST_ONLY', '0'), ('PATH', '/opt/ros/humble/bin:/usr/local/sbin:/usr/local/bin:/usr/sbin:/usr/bin:/sbin:/bin'), ('DISPLAY', ''), ('LANG', 'C.UTF-8'), ('LS_COLORS', 'rs=0:di=01;34:ln=01;36:mh=00:pi=40;33:so=01;35:do=01;35:bd=40;33;01:cd=40;33;01:or=40;31;01:mi=00:su=37;41:sg=30;43:ca=30;41:tw=30;42:ow=34;42:st=37;44:ex=01;32:*.tar=01;31:*.tgz=01;31:*.arc=01;31:*.arj=01;31:*.taz=01;31:*.lha=01;31:*.lz4=01;31:*.lzh=01;31:*.lzma=01;31:*.tlz=01;31:*.txz=01;31:*.tzo=01;31:*.t7z=01;31:*.zip=01;31:*.z=01;31:*.dz=01;31:*.gz=01;31:*.lrz=01;31:*.lz=01;31:*.lzo=01;31:*.xz=01;31:*.zst=01;31:*.tzst=01;31:*.bz2=01;31:*.bz=01;31:*.tbz=01;31:*.tbz2=01;31:*.tz=01;31:*.deb=01;31:*.rpm=01;31:*.jar=01;31:*.war=01;31:*.ear=01;31:*.sar=01;31:*.rar=01;31:*.alz=01;31:*.ace=01;31:*.zoo=01;31:*.cpio=01;31:*.7z=01;31:*.rz=01;31:*.cab=01;31:*.wim=01;31:*.swm=01;31:*.dwm=01;31:*.esd=01;31:*.jpg=01;35:*.jpeg=01;35:*.mjpg=01;35:*.mjpeg=01;35:*.gif=01;35:*.bmp=01;35:*.pbm=01;35:*.pgm=01;35:*.ppm=01;35:*.tga=01;35:*.xbm=01;35:*.xpm=01;35:*.tif=01;35:*.tiff=01;35:*.png=01;35:*.svg=01;35:*.svgz=01;35:*.mng=01;35:*.pcx=01;35:*.mov=01;35:*.mpg=01;35:*.mpeg=01;35:*.m2v=01;35:*.mkv=01;35:*.webm=01;35:*.webp=01;35:*.ogm=01;35:*.mp4=01;35:*.m4v=01;35:*.mp4v=01;35:*.vob=01;35:*.qt=01;35:*.nuv=01;35:*.wmv=01;35:*.asf=01;35:*.rm=01;35:*.rmvb=01;35:*.flc=01;35:*.avi=01;35:*.fli=01;35:*.flv=01;35:*.gl=01;35:*.dl=01;35:*.xcf=01;35:*.xwd=01;35:*.yuv=01;35:*.cgm=01;35:*.emf=01;35:*.ogv=01;35:*.ogx=01;35:*.aac=00;36:*.au=00;36:*.flac=00;36:*.m4a=00;36:*.mid=00;36:*.midi=00;36:*.mka=00;36:*.mp3=00;36:*.mpc=00;36:*.ogg=00;36:*.ra=00;36:*.wav=00;36:*.oga=00;36:*.opus=00;36:*.spx=00;36:*.xspf=00;36:'), ('ROS_DOMAIN_ID', '0'), ('AMENT_PREFIX_PATH', '/ros2_ws/install/robot_bringup:/ros2_ws/install/localization:/ros2_ws/install/telemetry_data:/ros2_ws/install/shooting:/ros2_ws/install/rf2o_laser_odometry:/ros2_ws/install/hardware:/ros2_ws/install/ydlidar_ros2_driver:/ros2_ws/install/robot_description:/ros2_ws/install/navigation:/ros2_ws/install/main_brain:/ros2_ws/install/foxglove:/opt/ros/humble'), ('PWD', '/ros2_ws/build/robot_description'), ('LC_ALL', 'C.UTF-8'), ('PYTHONPATH', '/opt/ros/humble/lib/python3.10/site-packages:/opt/ros/humble/local/lib/python3.10/dist-packages'), ('COLCON', '1'), ('CMAKE_PREFIX_PATH', '/ros2_ws/install/robot_bringup:/ros2_ws/install/localization:/ros2_ws/install/telemetry_data:/ros2_ws/install/shooting:/ros2_ws/install/rf2o_laser_odometry:/ros2_ws/install/hardware:/ros2_ws/install/ydlidar_ros2_driver:/ros2_ws/install/robot_description:/ros2_ws/install/navigation:/ros2_ws/install/main_brain:/ros2_ws/install/foxglove:/opt/ros/humble')]), 'shell': False}
[8.943093] (-) TimerEvent: {}
[9.043824] (-) TimerEvent: {}
[9.064764] (robot_description) StdoutLine: {'line': b'-- The C compiler identification is GNU 11.4.0\n'}
[9.144004] (-) TimerEvent: {}
[9.244551] (-) TimerEvent: {}
[9.273441] (robot_description) StdoutLine: {'line': b'-- The CXX compiler identification is GNU 11.4.0\n'}
[9.305997] (robot_description) StdoutLine: {'line': b'-- Detecting C compiler ABI info\n'}
[9.344864] (-) TimerEvent: {}
[9.445412] (-) TimerEvent: {}
[9.538510] (robot_description) StdoutLine: {'line': b'-- Detecting C compiler ABI info - done\n'}
[9.545612] (-) TimerEvent: {}
[9.571711] (robot_description) StdoutLine: {'line': b'-- Check for working C compiler: /usr/bin/cc - skipped\n'}
[9.573409] (robot_description) StdoutLine: {'line': b'-- Detecting C compile features\n'}
[9.575551] (robot_description) StdoutLine: {'line': b'-- Detecting C compile features - done\n'}
[9.614047] (robot_description) StdoutLine: {'line': b'-- Detecting CXX compiler ABI info\n'}
[9.645734] (-) TimerEvent: {}
[9.746687] (-) TimerEvent: {}
[9.794089] (robot_description) StdoutLine: {'line': b'-- Detecting CXX compiler ABI info - done\n'}
[9.828393] (robot_description) StdoutLine: {'line': b'-- Check for working CXX compiler: /usr/bin/c++ - skipped\n'}
[9.842086] (robot_description) StdoutLine: {'line': b'-- Detecting CXX compile features\n'}
[9.842391] (robot_description) StdoutLine: {'line': b'-- Detecting CXX compile features - done\n'}
[9.854005] (robot_description) StdoutLine: {'line': b'-- Found ament_cmake: 1.3.14 (/opt/ros/humble/share/ament_cmake/cmake)\n'}
[9.854328] (-) TimerEvent: {}
[9.954724] (-) TimerEvent: {}
[10.055294] (-) TimerEvent: {}
[10.155916] (-) TimerEvent: {}
[10.256840] (-) TimerEvent: {}
[10.362190] (-) TimerEvent: {}
[10.436816] (robot_description) StdoutLine: {'line': b'-- Found Python3: /usr/bin/python3 (found version "3.10.12") found components: Interpreter \n'}
[10.466000] (-) TimerEvent: {}
[10.566515] (-) TimerEvent: {}
[10.667641] (-) TimerEvent: {}
[10.768087] (-) TimerEvent: {}
[10.841544] (robot_description) StdoutLine: {'line': b'-- Override CMake install command with custom implementation using symlinks instead of copying resources\n'}
[10.868223] (-) TimerEvent: {}
[10.968709] (-) TimerEvent: {}
[10.974925] (robot_description) StdoutLine: {'line': b'-- Found ament_lint_auto: 0.12.15 (/opt/ros/humble/share/ament_lint_auto/cmake)\n'}
[11.070023] (-) TimerEvent: {}
[11.175113] (-) TimerEvent: {}
[11.275593] (-) TimerEvent: {}
[11.369968] (robot_description) StdoutLine: {'line': b"-- Added test 'lint_cmake' to check CMake code style\n"}
[11.370330] (robot_description) StdoutLine: {'line': b"-- Added test 'xmllint' to check XML markup files\n"}
[11.384754] (robot_description) StdoutLine: {'line': b'-- Configuring done\n'}
[11.385151] (-) TimerEvent: {}
[11.385386] (robot_description) StdoutLine: {'line': b'-- Generating done\n'}
[11.389993] (robot_description) StdoutLine: {'line': b'-- Build files have been written to: /ros2_ws/build/robot_description\n'}
[11.414370] (robot_description) CommandEnded: {'returncode': 0}
[11.415147] (robot_description) JobProgress: {'identifier': 'robot_description', 'progress': 'build'}
[11.415200] (robot_description) Command: {'cmd': ['/usr/bin/cmake', '--build', '/ros2_ws/build/robot_description', '--', '-j4', '-l4'], 'cwd': '/ros2_ws/build/robot_description', 'env': OrderedDict([('HOSTNAME', 'yahav'), ('SHLVL', '1'), ('LD_LIBRARY_PATH', '/ros2_ws/install/hardware/lib:/opt/ros/humble/opt/rviz_ogre_vendor/lib:/opt/ros/humble/lib/aarch64-linux-gnu:/opt/ros/humble/lib'), ('HOME', '/root'), ('PYTHONUNBUFFERED', '1'), ('ROS_PYTHON_VERSION', '3'), ('COLCON_PREFIX_PATH', '/ros2_ws/install'), ('ROS_DISTRO', 'humble'), ('_', '/usr/bin/colcon'), ('ROS_VERSION', '2'), ('TERM', 'xterm'), ('ROS_LOCALHOST_ONLY', '0'), ('PATH', '/opt/ros/humble/bin:/usr/local/sbin:/usr/local/bin:/usr/sbin:/usr/bin:/sbin:/bin'), ('DISPLAY', ''), ('LANG', 'C.UTF-8'), ('LS_COLORS', 'rs=0:di=01;34:ln=01;36:mh=00:pi=40;33:so=01;35:do=01;35:bd=40;33;01:cd=40;33;01:or=40;31;01:mi=00:su=37;41:sg=30;43:ca=30;41:tw=30;42:ow=34;42:st=37;44:ex=01;32:*.tar=01;31:*.tgz=01;31:*.arc=01;31:*.arj=01;31:*.taz=01;31:*.lha=01;31:*.lz4=01;31:*.lzh=01;31:*.lzma=01;31:*.tlz=01;31:*.txz=01;31:*.tzo=01;31:*.t7z=01;31:*.zip=01;31:*.z=01;31:*.dz=01;31:*.gz=01;31:*.lrz=01;31:*.lz=01;31:*.lzo=01;31:*.xz=01;31:*.zst=01;31:*.tzst=01;31:*.bz2=01;31:*.bz=01;31:*.tbz=01;31:*.tbz2=01;31:*.tz=01;31:*.deb=01;31:*.rpm=01;31:*.jar=01;31:*.war=01;31:*.ear=01;31:*.sar=01;31:*.rar=01;31:*.alz=01;31:*.ace=01;31:*.zoo=01;31:*.cpio=01;31:*.7z=01;31:*.rz=01;31:*.cab=01;31:*.wim=01;31:*.swm=01;31:*.dwm=01;31:*.esd=01;31:*.jpg=01;35:*.jpeg=01;35:*.mjpg=01;35:*.mjpeg=01;35:*.gif=01;35:*.bmp=01;35:*.pbm=01;35:*.pgm=01;35:*.ppm=01;35:*.tga=01;35:*.xbm=01;35:*.xpm=01;35:*.tif=01;35:*.tiff=01;35:*.png=01;35:*.svg=01;35:*.svgz=01;35:*.mng=01;35:*.pcx=01;35:*.mov=01;35:*.mpg=01;35:*.mpeg=01;35:*.m2v=01;35:*.mkv=01;35:*.webm=01;35:*.webp=01;35:*.ogm=01;35:*.mp4=01;35:*.m4v=01;35:*.mp4v=01;35:*.vob=01;35:*.qt=01;35:*.nuv=01;35:*.wmv=01;35:*.asf=01;35:*.rm=01;35:*.rmvb=01;35:*.flc=01;35:*.avi=01;35:*.fli=01;35:*.flv=01;35:*.gl=01;35:*.dl=01;35:*.xcf=01;35:*.xwd=01;35:*.yuv=01;35:*.cgm=01;35:*.emf=01;35:*.ogv=01;35:*.ogx=01;35:*.aac=00;36:*.au=00;36:*.flac=00;36:*.m4a=00;36:*.mid=00;36:*.midi=00;36:*.mka=00;36:*.mp3=00;36:*.mpc=00;36:*.ogg=00;36:*.ra=00;36:*.wav=00;36:*.oga=00;36:*.opus=00;36:*.spx=00;36:*.xspf=00;36:'), ('ROS_DOMAIN_ID', '0'), ('AMENT_PREFIX_PATH', '/ros2_ws/install/robot_bringup:/ros2_ws/install/localization:/ros2_ws/install/telemetry_data:/ros2_ws/install/shooting:/ros2_ws/install/rf2o_laser_odometry:/ros2_ws/install/hardware:/ros2_ws/install/ydlidar_ros2_driver:/ros2_ws/install/robot_description:/ros2_ws/install/navigation:/ros2_ws/install/main_brain:/ros2_ws/install/foxglove:/opt/ros/humble'), ('PWD', '/ros2_ws/build/robot_description'), ('LC_ALL', 'C.UTF-8'), ('PYTHONPATH', '/opt/ros/humble/lib/python3.10/site-packages:/opt/ros/humble/local/lib/python3.10/dist-packages'), ('COLCON', '1'), ('CMAKE_PREFIX_PATH', '/ros2_ws/install/robot_bringup:/ros2_ws/install/localization:/ros2_ws/install/telemetry_data:/ros2_ws/install/shooting:/ros2_ws/install/rf2o_laser_odometry:/ros2_ws/install/hardware:/ros2_ws/install/ydlidar_ros2_driver:/ros2_ws/install/robot_description:/ros2_ws/install/navigation:/ros2_ws/install/main_brain:/ros2_ws/install/foxglove:/opt/ros/humble')]), 'shell': False}
[11.485988] (-) TimerEvent: {}
[11.575708] (robot_description) CommandEnded: {'returncode': 0}
[11.587565] (-) TimerEvent: {}
[11.587868] (robot_description) JobProgress: {'identifier': 'robot_description', 'progress': 'install'}
[11.587927] (robot_description) Command: {'cmd': ['/usr/bin/cmake', '--install', '/ros2_ws/build/robot_description'], 'cwd': '/ros2_ws/build/robot_description', 'env': OrderedDict([('HOSTNAME', 'yahav'), ('SHLVL', '1'), ('LD_LIBRARY_PATH', '/ros2_ws/install/hardware/lib:/opt/ros/humble/opt/rviz_ogre_vendor/lib:/opt/ros/humble/lib/aarch64-linux-gnu:/opt/ros/humble/lib'), ('HOME', '/root'), ('PYTHONUNBUFFERED', '1'), ('ROS_PYTHON_VERSION', '3'), ('COLCON_PREFIX_PATH', '/ros2_ws/install'), ('ROS_DISTRO', 'humble'), ('_', '/usr/bin/colcon'), ('ROS_VERSION', '2'), ('TERM', 'xterm'), ('ROS_LOCALHOST_ONLY', '0'), ('PATH', '/opt/ros/humble/bin:/usr/local/sbin:/usr/local/bin:/usr/sbin:/usr/bin:/sbin:/bin'), ('DISPLAY', ''), ('LANG', 'C.UTF-8'), ('LS_COLORS', 'rs=0:di=01;34:ln=01;36:mh=00:pi=40;33:so=01;35:do=01;35:bd=40;33;01:cd=40;33;01:or=40;31;01:mi=00:su=37;41:sg=30;43:ca=30;41:tw=30;42:ow=34;42:st=37;44:ex=01;32:*.tar=01;31:*.tgz=01;31:*.arc=01;31:*.arj=01;31:*.taz=01;31:*.lha=01;31:*.lz4=01;31:*.lzh=01;31:*.lzma=01;31:*.tlz=01;31:*.txz=01;31:*.tzo=01;31:*.t7z=01;31:*.zip=01;31:*.z=01;31:*.dz=01;31:*.gz=01;31:*.lrz=01;31:*.lz=01;31:*.lzo=01;31:*.xz=01;31:*.zst=01;31:*.tzst=01;31:*.bz2=01;31:*.bz=01;31:*.tbz=01;31:*.tbz2=01;31:*.tz=01;31:*.deb=01;31:*.rpm=01;31:*.jar=01;31:*.war=01;31:*.ear=01;31:*.sar=01;31:*.rar=01;31:*.alz=01;31:*.ace=01;31:*.zoo=01;31:*.cpio=01;31:*.7z=01;31:*.rz=01;31:*.cab=01;31:*.wim=01;31:*.swm=01;31:*.dwm=01;31:*.esd=01;31:*.jpg=01;35:*.jpeg=01;35:*.mjpg=01;35:*.mjpeg=01;35:*.gif=01;35:*.bmp=01;35:*.pbm=01;35:*.pgm=01;35:*.ppm=01;35:*.tga=01;35:*.xbm=01;35:*.xpm=01;35:*.tif=01;35:*.tiff=01;35:*.png=01;35:*.svg=01;35:*.svgz=01;35:*.mng=01;35:*.pcx=01;35:*.mov=01;35:*.mpg=01;35:*.mpeg=01;35:*.m2v=01;35:*.mkv=01;35:*.webm=01;35:*.webp=01;35:*.ogm=01;35:*.mp4=01;35:*.m4v=01;35:*.mp4v=01;35:*.vob=01;35:*.qt=01;35:*.nuv=01;35:*.wmv=01;35:*.asf=01;35:*.rm=01;35:*.rmvb=01;35:*.flc=01;35:*.avi=01;35:*.fli=01;35:*.flv=01;35:*.gl=01;35:*.dl=01;35:*.xcf=01;35:*.xwd=01;35:*.yuv=01;35:*.cgm=01;35:*.emf=01;35:*.ogv=01;35:*.ogx=01;35:*.aac=00;36:*.au=00;36:*.flac=00;36:*.m4a=00;36:*.mid=00;36:*.midi=00;36:*.mka=00;36:*.mp3=00;36:*.mpc=00;36:*.ogg=00;36:*.ra=00;36:*.wav=00;36:*.oga=00;36:*.opus=00;36:*.spx=00;36:*.xspf=00;36:'), ('ROS_DOMAIN_ID', '0'), ('AMENT_PREFIX_PATH', '/ros2_ws/install/robot_bringup:/ros2_ws/install/localization:/ros2_ws/install/telemetry_data:/ros2_ws/install/shooting:/ros2_ws/install/rf2o_laser_odometry:/ros2_ws/install/hardware:/ros2_ws/install/ydlidar_ros2_driver:/ros2_ws/install/robot_description:/ros2_ws/install/navigation:/ros2_ws/install/main_brain:/ros2_ws/install/foxglove:/opt/ros/humble'), ('PWD', '/ros2_ws/build/robot_description'), ('LC_ALL', 'C.UTF-8'), ('PYTHONPATH', '/opt/ros/humble/lib/python3.10/site-packages:/opt/ros/humble/local/lib/python3.10/dist-packages'), ('COLCON', '1'), ('CMAKE_PREFIX_PATH', '/ros2_ws/install/robot_bringup:/ros2_ws/install/localization:/ros2_ws/install/telemetry_data:/ros2_ws/install/shooting:/ros2_ws/install/rf2o_laser_odometry:/ros2_ws/install/hardware:/ros2_ws/install/ydlidar_ros2_driver:/ros2_ws/install/robot_description:/ros2_ws/install/navigation:/ros2_ws/install/main_brain:/ros2_ws/install/foxglove:/opt/ros/humble')]), 'shell': False}
[11.603234] (robot_description) StdoutLine: {'line': b'-- Install configuration: ""\n'}
[11.606263] (robot_description) StdoutLine: {'line': b'-- Execute custom install script\n'}
[11.608164] (robot_description) StdoutLine: {'line': b'-- Symlinking: /ros2_ws/install/robot_description/share/robot_description/urdf/base.xacro\n'}
[11.634331] (robot_description) StdoutLine: {'line': b'-- Symlinking: /ros2_ws/install/robot_description/share/robot_description/urdf/robot_urdf.xacro\n'}
[11.662069] (robot_description) StdoutLine: {'line': b'-- Symlinking: /ros2_ws/install/robot_description/share/robot_description/urdf/sensors.xacro\n'}
[11.686066] (robot_description) StdoutLine: {'line': b'-- Symlinking: /ros2_ws/install/robot_description/share/robot_description/urdf/wheels.xacro\n'}
[11.687718] (-) TimerEvent: {}
[11.715971] (robot_description) StdoutLine: {'line': b'-- Symlinking: /ros2_ws/install/robot_description/share/ament_index/resource_index/package_run_dependencies/robot_description\n'}
[11.742066] (robot_description) StdoutLine: {'line': b'-- Symlinking: /ros2_ws/install/robot_description/share/ament_index/resource_index/parent_prefix_path/robot_description\n'}
[11.767432] (robot_description) StdoutLine: {'line': b'-- Symlinking: /ros2_ws/install/robot_description/share/robot_description/environment/ament_prefix_path.sh\n'}
[11.787867] (-) TimerEvent: {}
[11.802002] (robot_description) StdoutLine: {'line': b'-- Symlinking: /ros2_ws/install/robot_description/share/robot_description/environment/ament_prefix_path.dsv\n'}
[11.822481] (robot_description) StdoutLine: {'line': b'-- Symlinking: /ros2_ws/install/robot_description/share/robot_description/environment/path.sh\n'}
[11.852495] (robot_description) StdoutLine: {'line': b'-- Symlinking: /ros2_ws/install/robot_description/share/robot_description/environment/path.dsv\n'}
[11.879036] (robot_description) StdoutLine: {'line': b'-- Symlinking: /ros2_ws/install/robot_description/share/robot_description/local_setup.bash\n'}
[11.888008] (-) TimerEvent: {}
[11.911096] (robot_description) StdoutLine: {'line': b'-- Symlinking: /ros2_ws/install/robot_description/share/robot_description/local_setup.sh\n'}
[11.959192] (robot_description) StdoutLine: {'line': b'-- Symlinking: /ros2_ws/install/robot_description/share/robot_description/local_setup.zsh\n'}
[11.984307] (robot_description) StdoutLine: {'line': b'-- Symlinking: /ros2_ws/install/robot_description/share/robot_description/local_setup.dsv\n'}
[11.989992] (-) TimerEvent: {}
[12.008358] (robot_description) StdoutLine: {'line': b'-- Symlinking: /ros2_ws/install/robot_description/share/robot_description/package.dsv\n'}
[12.036731] (robot_description) StdoutLine: {'line': b'-- Symlinking: /ros2_ws/install/robot_description/share/ament_index/resource_index/packages/robot_description\n'}
[12.075552] (robot_description) StdoutLine: {'line': b'-- Symlinking: /ros2_ws/install/robot_description/share/robot_description/cmake/robot_descriptionConfig.cmake\n'}
[12.094001] (-) TimerEvent: {}
[12.103075] (robot_description) StdoutLine: {'line': b'-- Symlinking: /ros2_ws/install/robot_description/share/robot_description/cmake/robot_descriptionConfig-version.cmake\n'}
[12.135197] (robot_description) StdoutLine: {'line': b'-- Symlinking: /ros2_ws/install/robot_description/share/robot_description/package.xml\n'}
[12.161979] (robot_description) CommandEnded: {'returncode': 0}
[12.196029] (-) TimerEvent: {}
[12.247198] (robot_description) JobEnded: {'identifier': 'robot_description', 'rc': 0}
[12.248335] (shooting) JobStarted: {'identifier': 'shooting'}
[12.274233] (shooting) JobProgress: {'identifier': 'shooting', 'progress': 'cmake'}
[12.281012] (shooting) Command: {'cmd': ['/usr/bin/cmake', '/ros2_ws/src/shooting', '-DAMENT_CMAKE_SYMLINK_INSTALL=1', '-DCMAKE_INSTALL_PREFIX=/ros2_ws/install/shooting'], 'cwd': '/ros2_ws/build/shooting', 'env': OrderedDict([('HOSTNAME', 'yahav'), ('SHLVL', '1'), ('LD_LIBRARY_PATH', '/ros2_ws/install/hardware/lib:/opt/ros/humble/opt/rviz_ogre_vendor/lib:/opt/ros/humble/lib/aarch64-linux-gnu:/opt/ros/humble/lib'), ('HOME', '/root'), ('PYTHONUNBUFFERED', '1'), ('ROS_PYTHON_VERSION', '3'), ('COLCON_PREFIX_PATH', '/ros2_ws/install'), ('ROS_DISTRO', 'humble'), ('_', '/usr/bin/colcon'), ('ROS_VERSION', '2'), ('TERM', 'xterm'), ('ROS_LOCALHOST_ONLY', '0'), ('PATH', '/opt/ros/humble/bin:/usr/local/sbin:/usr/local/bin:/usr/sbin:/usr/bin:/sbin:/bin'), ('DISPLAY', ''), ('LANG', 'C.UTF-8'), ('LS_COLORS', 'rs=0:di=01;34:ln=01;36:mh=00:pi=40;33:so=01;35:do=01;35:bd=40;33;01:cd=40;33;01:or=40;31;01:mi=00:su=37;41:sg=30;43:ca=30;41:tw=30;42:ow=34;42:st=37;44:ex=01;32:*.tar=01;31:*.tgz=01;31:*.arc=01;31:*.arj=01;31:*.taz=01;31:*.lha=01;31:*.lz4=01;31:*.lzh=01;31:*.lzma=01;31:*.tlz=01;31:*.txz=01;31:*.tzo=01;31:*.t7z=01;31:*.zip=01;31:*.z=01;31:*.dz=01;31:*.gz=01;31:*.lrz=01;31:*.lz=01;31:*.lzo=01;31:*.xz=01;31:*.zst=01;31:*.tzst=01;31:*.bz2=01;31:*.bz=01;31:*.tbz=01;31:*.tbz2=01;31:*.tz=01;31:*.deb=01;31:*.rpm=01;31:*.jar=01;31:*.war=01;31:*.ear=01;31:*.sar=01;31:*.rar=01;31:*.alz=01;31:*.ace=01;31:*.zoo=01;31:*.cpio=01;31:*.7z=01;31:*.rz=01;31:*.cab=01;31:*.wim=01;31:*.swm=01;31:*.dwm=01;31:*.esd=01;31:*.jpg=01;35:*.jpeg=01;35:*.mjpg=01;35:*.mjpeg=01;35:*.gif=01;35:*.bmp=01;35:*.pbm=01;35:*.pgm=01;35:*.ppm=01;35:*.tga=01;35:*.xbm=01;35:*.xpm=01;35:*.tif=01;35:*.tiff=01;35:*.png=01;35:*.svg=01;35:*.svgz=01;35:*.mng=01;35:*.pcx=01;35:*.mov=01;35:*.mpg=01;35:*.mpeg=01;35:*.m2v=01;35:*.mkv=01;35:*.webm=01;35:*.webp=01;35:*.ogm=01;35:*.mp4=01;35:*.m4v=01;35:*.mp4v=01;35:*.vob=01;35:*.qt=01;35:*.nuv=01;35:*.wmv=01;35:*.asf=01;35:*.rm=01;35:*.rmvb=01;35:*.flc=01;35:*.avi=01;35:*.fli=01;35:*.flv=01;35:*.gl=01;35:*.dl=01;35:*.xcf=01;35:*.xwd=01;35:*.yuv=01;35:*.cgm=01;35:*.emf=01;35:*.ogv=01;35:*.ogx=01;35:*.aac=00;36:*.au=00;36:*.flac=00;36:*.m4a=00;36:*.mid=00;36:*.midi=00;36:*.mka=00;36:*.mp3=00;36:*.mpc=00;36:*.ogg=00;36:*.ra=00;36:*.wav=00;36:*.oga=00;36:*.opus=00;36:*.spx=00;36:*.xspf=00;36:'), ('ROS_DOMAIN_ID', '0'), ('AMENT_PREFIX_PATH', '/ros2_ws/install/robot_bringup:/ros2_ws/install/localization:/ros2_ws/install/telemetry_data:/ros2_ws/install/shooting:/ros2_ws/install/rf2o_laser_odometry:/ros2_ws/install/hardware:/ros2_ws/install/ydlidar_ros2_driver:/ros2_ws/install/robot_description:/ros2_ws/install/navigation:/ros2_ws/install/main_brain:/ros2_ws/install/foxglove:/opt/ros/humble'), ('PWD', '/ros2_ws/build/shooting'), ('LC_ALL', 'C.UTF-8'), ('PYTHONPATH', '/opt/ros/humble/lib/python3.10/site-packages:/opt/ros/humble/local/lib/python3.10/dist-packages'), ('COLCON', '1'), ('CMAKE_PREFIX_PATH', '/ros2_ws/install/robot_bringup:/ros2_ws/install/localization:/ros2_ws/install/telemetry_data:/ros2_ws/install/shooting:/ros2_ws/install/rf2o_laser_odometry:/ros2_ws/install/hardware:/ros2_ws/install/ydlidar_ros2_driver:/ros2_ws/install/robot_description:/ros2_ws/install/navigation:/ros2_ws/install/main_brain:/ros2_ws/install/foxglove:/opt/ros/humble')]), 'shell': False}
[12.297976] (-) TimerEvent: {}
[12.395788] (shooting) StdoutLine: {'line': b'-- The C compiler identification is GNU 11.4.0\n'}
[12.399502] (-) TimerEvent: {}
[12.500029] (-) TimerEvent: {}
[12.546262] (shooting) StdoutLine: {'line': b'-- The CXX compiler identification is GNU 11.4.0\n'}
[12.564678] (shooting) StdoutLine: {'line': b'-- Detecting C compiler ABI info\n'}
[12.601963] (-) TimerEvent: {}
[12.702450] (-) TimerEvent: {}
[12.802921] (-) TimerEvent: {}
[12.875965] (shooting) StdoutLine: {'line': b'-- Detecting C compiler ABI info - done\n'}
[12.898223] (shooting) StdoutLine: {'line': b'-- Check for working C compiler: /usr/bin/cc - skipped\n'}
[12.898638] (shooting) StdoutLine: {'line': b'-- Detecting C compile features\n'}
[12.899279] (shooting) StdoutLine: {'line': b'-- Detecting C compile features - done\n'}
[12.903063] (-) TimerEvent: {}
[12.912985] (shooting) StdoutLine: {'line': b'-- Detecting CXX compiler ABI info\n'}
[13.003200] (-) TimerEvent: {}
[13.110042] (-) TimerEvent: {}
[13.197053] (shooting) StdoutLine: {'line': b'-- Detecting CXX compiler ABI info - done\n'}
[13.213966] (-) TimerEvent: {}
[13.220193] (shooting) StdoutLine: {'line': b'-- Check for working CXX compiler: /usr/bin/c++ - skipped\n'}
[13.222558] (shooting) StdoutLine: {'line': b'-- Detecting CXX compile features\n'}
[13.227319] (shooting) StdoutLine: {'line': b'-- Detecting CXX compile features - done\n'}
[13.242070] (shooting) StdoutLine: {'line': b'-- Found ament_cmake: 1.3.14 (/opt/ros/humble/share/ament_cmake/cmake)\n'}
[13.314083] (-) TimerEvent: {}
[13.417962] (-) TimerEvent: {}
[13.518425] (-) TimerEvent: {}
[13.621981] (-) TimerEvent: {}
[13.722426] (-) TimerEvent: {}
[13.811399] (shooting) StdoutLine: {'line': b'-- Found Python3: /usr/bin/python3 (found version "3.10.12") found components: Interpreter \n'}
[13.822579] (-) TimerEvent: {}
[13.923038] (-) TimerEvent: {}
[13.945654] (shooting) StdoutLine: {'line': b'-- Override CMake install command with custom implementation using symlinks instead of copying resources\n'}
[14.017991] (shooting) StdoutLine: {'line': b'-- Found rclcpp: 16.0.19 (/opt/ros/humble/share/rclcpp/cmake)\n'}
[14.023167] (-) TimerEvent: {}
[14.124350] (-) TimerEvent: {}
[14.224878] (-) TimerEvent: {}
[14.287453] (shooting) StdoutLine: {'line': b'-- Found rosidl_generator_c: 3.1.8 (/opt/ros/humble/share/rosidl_generator_c/cmake)\n'}
[14.325018] (-) TimerEvent: {}
[14.328590] (shooting) StdoutLine: {'line': b'-- Found rosidl_adapter: 3.1.8 (/opt/ros/humble/share/rosidl_adapter/cmake)\n'}
[14.393981] (shooting) StdoutLine: {'line': b'-- Found rosidl_generator_cpp: 3.1.8 (/opt/ros/humble/share/rosidl_generator_cpp/cmake)\n'}
[14.425153] (-) TimerEvent: {}
[14.461984] (shooting) StdoutLine: {'line': b'-- Using all available rosidl_typesupport_c: rosidl_typesupport_fastrtps_c;rosidl_typesupport_introspection_c\n'}
[14.525288] (-) TimerEvent: {}
[14.571318] (shooting) StdoutLine: {'line': b'-- Using all available rosidl_typesupport_cpp: rosidl_typesupport_fastrtps_cpp;rosidl_typesupport_introspection_cpp\n'}
[14.625425] (-) TimerEvent: {}
[14.729125] (-) TimerEvent: {}
[14.829625] (-) TimerEvent: {}
[14.852212] (shooting) StdoutLine: {'line': b'-- Found rmw_implementation_cmake: 6.1.2 (/opt/ros/humble/share/rmw_implementation_cmake/cmake)\n'}
[14.869248] (shooting) StdoutLine: {'line': b'-- Found rmw_fastrtps_cpp: 6.2.10 (/opt/ros/humble/share/rmw_fastrtps_cpp/cmake)\n'}
[14.929762] (-) TimerEvent: {}
[15.030290] (-) TimerEvent: {}
[15.134051] (-) TimerEvent: {}
[15.234519] (-) TimerEvent: {}
[15.296744] (shooting) StdoutLine: {'line': b'-- Found OpenSSL: /usr/lib/aarch64-linux-gnu/libcrypto.so (found version "3.0.2")  \n'}
[15.336980] (-) TimerEvent: {}
[15.429328] (shooting) StdoutLine: {'line': b'-- Found FastRTPS: /opt/ros/humble/include  \n'}
[15.441977] (-) TimerEvent: {}
[15.545972] (-) TimerEvent: {}
[15.593775] (shooting) StdoutLine: {'line': b"-- Using RMW implementation 'rmw_fastrtps_cpp' as default\n"}
[15.649962] (-) TimerEvent: {}
[15.665086] (shooting) StdoutLine: {'line': b'-- Looking for pthread.h\n'}
[15.753991] (-) TimerEvent: {}
[15.854484] (-) TimerEvent: {}
[15.938465] (shooting) StdoutLine: {'line': b'-- Looking for pthread.h - found\n'}
[15.943011] (shooting) StdoutLine: {'line': b'-- Performing Test CMAKE_HAVE_LIBC_PTHREAD\n'}
[15.954616] (-) TimerEvent: {}
[16.055098] (-) TimerEvent: {}
[16.155995] (-) TimerEvent: {}
[16.178060] (shooting) StdoutLine: {'line': b'-- Performing Test CMAKE_HAVE_LIBC_PTHREAD - Success\n'}
[16.189992] (shooting) StdoutLine: {'line': b'-- Found Threads: TRUE  \n'}
[16.256144] (-) TimerEvent: {}
[16.356604] (-) TimerEvent: {}
[16.457090] (-) TimerEvent: {}
[16.557582] (-) TimerEvent: {}
[16.564057] (shooting) StdoutLine: {'line': b'-- Found std_srvs: 4.9.1 (/opt/ros/humble/share/std_srvs/cmake)\n'}
[16.613449] (shooting) StdoutLine: {'line': b'-- Found ament_lint_auto: 0.12.15 (/opt/ros/humble/share/ament_lint_auto/cmake)\n'}
[16.661996] (-) TimerEvent: {}
[16.762490] (-) TimerEvent: {}
[16.863162] (-) TimerEvent: {}
[16.965985] (-) TimerEvent: {}
[17.066970] (-) TimerEvent: {}
[17.152407] (shooting) StdoutLine: {'line': b"-- Added test 'cppcheck' to perform static code analysis on C / C++ code\n"}
[17.157293] (shooting) StdoutLine: {'line': b'-- Configured cppcheck include dirs: $<BUILD_INTERFACE:/ros2_ws/src/shooting/include>\n'}
[17.161993] (shooting) StdoutLine: {'line': b'-- Configured cppcheck exclude dirs and/or files: \n'}
[17.162341] (shooting) StdoutLine: {'line': b"-- Added test 'flake8' to check Python code syntax and style conventions\n"}
[17.167109] (-) TimerEvent: {}
[17.170310] (shooting) StdoutLine: {'line': b"-- Added test 'lint_cmake' to check CMake code style\n"}
[17.171179] (shooting) StdoutLine: {'line': b"-- Added test 'pep257' to check Python code against some of the docstring style conventions in PEP 257\n"}
[17.177816] (shooting) StdoutLine: {'line': b"-- Added test 'uncrustify' to check C / C++ code style\n"}
[17.178532] (shooting) StdoutLine: {'line': b'-- Configured uncrustify additional arguments: \n'}
[17.190173] (shooting) StdoutLine: {'line': b"-- Added test 'xmllint' to check XML markup files\n"}
[17.195799] (shooting) StdoutLine: {'line': b'-- Configuring done\n'}
[17.259021] (shooting) StdoutLine: {'line': b'-- Generating done\n'}
[17.267230] (-) TimerEvent: {}
[17.279097] (shooting) StdoutLine: {'line': b'-- Build files have been written to: /ros2_ws/build/shooting\n'}
[17.338002] (shooting) CommandEnded: {'returncode': 0}
[17.338660] (shooting) JobProgress: {'identifier': 'shooting', 'progress': 'build'}
[17.338728] (shooting) Command: {'cmd': ['/usr/bin/cmake', '--build', '/ros2_ws/build/shooting', '--', '-j4', '-l4'], 'cwd': '/ros2_ws/build/shooting', 'env': OrderedDict([('HOSTNAME', 'yahav'), ('SHLVL', '1'), ('LD_LIBRARY_PATH', '/ros2_ws/install/hardware/lib:/opt/ros/humble/opt/rviz_ogre_vendor/lib:/opt/ros/humble/lib/aarch64-linux-gnu:/opt/ros/humble/lib'), ('HOME', '/root'), ('PYTHONUNBUFFERED', '1'), ('ROS_PYTHON_VERSION', '3'), ('COLCON_PREFIX_PATH', '/ros2_ws/install'), ('ROS_DISTRO', 'humble'), ('_', '/usr/bin/colcon'), ('ROS_VERSION', '2'), ('TERM', 'xterm'), ('ROS_LOCALHOST_ONLY', '0'), ('PATH', '/opt/ros/humble/bin:/usr/local/sbin:/usr/local/bin:/usr/sbin:/usr/bin:/sbin:/bin'), ('DISPLAY', ''), ('LANG', 'C.UTF-8'), ('LS_COLORS', 'rs=0:di=01;34:ln=01;36:mh=00:pi=40;33:so=01;35:do=01;35:bd=40;33;01:cd=40;33;01:or=40;31;01:mi=00:su=37;41:sg=30;43:ca=30;41:tw=30;42:ow=34;42:st=37;44:ex=01;32:*.tar=01;31:*.tgz=01;31:*.arc=01;31:*.arj=01;31:*.taz=01;31:*.lha=01;31:*.lz4=01;31:*.lzh=01;31:*.lzma=01;31:*.tlz=01;31:*.txz=01;31:*.tzo=01;31:*.t7z=01;31:*.zip=01;31:*.z=01;31:*.dz=01;31:*.gz=01;31:*.lrz=01;31:*.lz=01;31:*.lzo=01;31:*.xz=01;31:*.zst=01;31:*.tzst=01;31:*.bz2=01;31:*.bz=01;31:*.tbz=01;31:*.tbz2=01;31:*.tz=01;31:*.deb=01;31:*.rpm=01;31:*.jar=01;31:*.war=01;31:*.ear=01;31:*.sar=01;31:*.rar=01;31:*.alz=01;31:*.ace=01;31:*.zoo=01;31:*.cpio=01;31:*.7z=01;31:*.rz=01;31:*.cab=01;31:*.wim=01;31:*.swm=01;31:*.dwm=01;31:*.esd=01;31:*.jpg=01;35:*.jpeg=01;35:*.mjpg=01;35:*.mjpeg=01;35:*.gif=01;35:*.bmp=01;35:*.pbm=01;35:*.pgm=01;35:*.ppm=01;35:*.tga=01;35:*.xbm=01;35:*.xpm=01;35:*.tif=01;35:*.tiff=01;35:*.png=01;35:*.svg=01;35:*.svgz=01;35:*.mng=01;35:*.pcx=01;35:*.mov=01;35:*.mpg=01;35:*.mpeg=01;35:*.m2v=01;35:*.mkv=01;35:*.webm=01;35:*.webp=01;35:*.ogm=01;35:*.mp4=01;35:*.m4v=01;35:*.mp4v=01;35:*.vob=01;35:*.qt=01;35:*.nuv=01;35:*.wmv=01;35:*.asf=01;35:*.rm=01;35:*.rmvb=01;35:*.flc=01;35:*.avi=01;35:*.fli=01;35:*.flv=01;35:*.gl=01;35:*.dl=01;35:*.xcf=01;35:*.xwd=01;35:*.yuv=01;35:*.cgm=01;35:*.emf=01;35:*.ogv=01;35:*.ogx=01;35:*.aac=00;36:*.au=00;36:*.flac=00;36:*.m4a=00;36:*.mid=00;36:*.midi=00;36:*.mka=00;36:*.mp3=00;36:*.mpc=00;36:*.ogg=00;36:*.ra=00;36:*.wav=00;36:*.oga=00;36:*.opus=00;36:*.spx=00;36:*.xspf=00;36:'), ('ROS_DOMAIN_ID', '0'), ('AMENT_PREFIX_PATH', '/ros2_ws/install/robot_bringup:/ros2_ws/install/localization:/ros2_ws/install/telemetry_data:/ros2_ws/install/shooting:/ros2_ws/install/rf2o_laser_odometry:/ros2_ws/install/hardware:/ros2_ws/install/ydlidar_ros2_driver:/ros2_ws/install/robot_description:/ros2_ws/install/navigation:/ros2_ws/install/main_brain:/ros2_ws/install/foxglove:/opt/ros/humble'), ('PWD', '/ros2_ws/build/shooting'), ('LC_ALL', 'C.UTF-8'), ('PYTHONPATH', '/opt/ros/humble/lib/python3.10/site-packages:/opt/ros/humble/local/lib/python3.10/dist-packages'), ('COLCON', '1'), ('CMAKE_PREFIX_PATH', '/ros2_ws/install/robot_bringup:/ros2_ws/install/localization:/ros2_ws/install/telemetry_data:/ros2_ws/install/shooting:/ros2_ws/install/rf2o_laser_odometry:/ros2_ws/install/hardware:/ros2_ws/install/ydlidar_ros2_driver:/ros2_ws/install/robot_description:/ros2_ws/install/navigation:/ros2_ws/install/main_brain:/ros2_ws/install/foxglove:/opt/ros/humble')]), 'shell': False}
[17.369740] (-) TimerEvent: {}
[17.470944] (-) TimerEvent: {}
[17.491803] (shooting) StdoutLine: {'line': b'[ 50%] \x1b[32mBuilding CXX object CMakeFiles/shooting_node.dir/src/shooting_node.cpp.o\x1b[0m\n'}
[17.571084] (-) TimerEvent: {}
[17.671746] (-) TimerEvent: {}
[17.777979] (-) TimerEvent: {}
[17.879433] (-) TimerEvent: {}
[17.979970] (-) TimerEvent: {}
[18.081364] (-) TimerEvent: {}
[18.186289] (-) TimerEvent: {}
[18.289983] (-) TimerEvent: {}
[18.394021] (-) TimerEvent: {}
[18.497988] (-) TimerEvent: {}
[18.601993] (-) TimerEvent: {}
[18.702477] (-) TimerEvent: {}
[18.803066] (-) TimerEvent: {}
[18.903657] (-) TimerEvent: {}
[19.004229] (-) TimerEvent: {}
[19.104846] (-) TimerEvent: {}
[19.205405] (-) TimerEvent: {}
[19.306068] (-) TimerEvent: {}
[19.407023] (-) TimerEvent: {}
[19.513979] (-) TimerEvent: {}
[19.617960] (-) TimerEvent: {}
[19.720977] (-) TimerEvent: {}
[19.821651] (-) TimerEvent: {}
[19.923345] (-) TimerEvent: {}
[20.023896] (-) TimerEvent: {}
[20.124514] (-) TimerEvent: {}
[20.225058] (-) TimerEvent: {}
[20.325598] (-) TimerEvent: {}
[20.432512] (-) TimerEvent: {}
[20.532993] (-) TimerEvent: {}
[20.633993] (-) TimerEvent: {}
[20.735168] (-) TimerEvent: {}
[20.836134] (-) TimerEvent: {}
[20.945966] (-) TimerEvent: {}
[21.049205] (-) TimerEvent: {}
[21.149955] (-) TimerEvent: {}
[21.251252] (-) TimerEvent: {}
[21.352274] (-) TimerEvent: {}
[21.453987] (-) TimerEvent: {}
[21.557057] (-) TimerEvent: {}
[21.663787] (-) TimerEvent: {}
[21.764291] (-) TimerEvent: {}
[21.864779] (-) TimerEvent: {}
[21.965326] (-) TimerEvent: {}
[22.066237] (-) TimerEvent: {}
[22.167680] (-) TimerEvent: {}
[22.268415] (-) TimerEvent: {}
[22.369357] (-) TimerEvent: {}
[22.472628] (-) TimerEvent: {}
[22.573559] (-) TimerEvent: {}
[22.674461] (-) TimerEvent: {}
[22.775255] (-) TimerEvent: {}
[22.879959] (-) TimerEvent: {}
[22.985968] (-) TimerEvent: {}
[23.086473] (-) TimerEvent: {}
[23.189974] (-) TimerEvent: {}
[23.290471] (-) TimerEvent: {}
[23.391058] (-) TimerEvent: {}
[23.491601] (-) TimerEvent: {}
[23.592145] (-) TimerEvent: {}
[23.692631] (-) TimerEvent: {}
[23.796853] (-) TimerEvent: {}
[23.897766] (-) TimerEvent: {}
[24.006002] (-) TimerEvent: {}
[24.109987] (-) TimerEvent: {}
[24.210491] (-) TimerEvent: {}
[24.313982] (-) TimerEvent: {}
[24.414476] (-) TimerEvent: {}
[24.515094] (-) TimerEvent: {}
[24.622038] (-) TimerEvent: {}
[24.722502] (-) TimerEvent: {}
[24.823026] (-) TimerEvent: {}
[24.925087] (-) TimerEvent: {}
[25.026411] (-) TimerEvent: {}
[25.126990] (-) TimerEvent: {}
[25.233979] (-) TimerEvent: {}
[25.334510] (-) TimerEvent: {}
[25.435001] (-) TimerEvent: {}
[25.535527] (-) TimerEvent: {}
[25.636336] (-) TimerEvent: {}
[25.745266] (-) TimerEvent: {}
[25.849993] (-) TimerEvent: {}
[25.950500] (-) TimerEvent: {}
[26.050988] (-) TimerEvent: {}
[26.151475] (-) TimerEvent: {}
[26.251959] (-) TimerEvent: {}
[26.366001] (-) TimerEvent: {}
[26.469981] (-) TimerEvent: {}
[26.570514] (-) TimerEvent: {}
[26.673960] (-) TimerEvent: {}
[26.774468] (-) TimerEvent: {}
[26.877973] (-) TimerEvent: {}
[26.978460] (-) TimerEvent: {}
[27.085442] (-) TimerEvent: {}
[27.187554] (-) TimerEvent: {}
[27.288525] (-) TimerEvent: {}
[27.389516] (-) TimerEvent: {}
[27.493971] (-) TimerEvent: {}
[27.595014] (-) TimerEvent: {}
[27.695928] (-) TimerEvent: {}
[27.796833] (-) TimerEvent: {}
[27.901973] (-) TimerEvent: {}
[28.006998] (-) TimerEvent: {}
[28.112880] (-) TimerEvent: {}
[28.217959] (-) TimerEvent: {}
[28.318446] (-) TimerEvent: {}
[28.418920] (-) TimerEvent: {}
[28.519431] (-) TimerEvent: {}
[28.622986] (-) TimerEvent: {}
[28.727081] (-) TimerEvent: {}
[28.827960] (-) TimerEvent: {}
[28.928495] (-) TimerEvent: {}
[29.029421] (-) TimerEvent: {}
[29.129930] (-) TimerEvent: {}
[29.237975] (-) TimerEvent: {}
[29.338456] (-) TimerEvent: {}
[29.441985] (-) TimerEvent: {}
[29.542848] (-) TimerEvent: {}
[29.650027] (-) TimerEvent: {}
[29.757964] (-) TimerEvent: {}
[29.858622] (-) TimerEvent: {}
[29.959241] (-) TimerEvent: {}
[30.060099] (-) TimerEvent: {}
[30.165970] (-) TimerEvent: {}
[30.266523] (-) TimerEvent: {}
[30.369965] (-) TimerEvent: {}
[30.470627] (-) TimerEvent: {}
[30.571501] (-) TimerEvent: {}
[30.646342] (hardware) StdoutLine: {'line': b'[ 66%] \x1b[32m\x1b[1mLinking CXX executable twist_to_ackermann\x1b[0m\n'}
[30.671641] (-) TimerEvent: {}
[30.772305] (-) TimerEvent: {}
[30.878007] (-) TimerEvent: {}
[30.914045] (ydlidar_ros2_driver) StdoutLine: {'line': b'[ 75%] \x1b[32m\x1b[1mLinking CXX executable ydlidar_ros2_driver_node\x1b[0m\n'}
[30.978466] (-) TimerEvent: {}
[31.081952] (-) TimerEvent: {}
[31.182579] (-) TimerEvent: {}
[31.283556] (-) TimerEvent: {}
[31.384486] (-) TimerEvent: {}
[31.485247] (-) TimerEvent: {}
[31.589986] (-) TimerEvent: {}
[31.694060] (-) TimerEvent: {}
[31.796413] (-) TimerEvent: {}
[31.897237] (-) TimerEvent: {}
[31.998058] (-) TimerEvent: {}
[32.098670] (-) TimerEvent: {}
[32.201984] (-) TimerEvent: {}
[32.302595] (-) TimerEvent: {}
[32.409985] (-) TimerEvent: {}
[32.510681] (-) TimerEvent: {}
[32.611511] (-) TimerEvent: {}
[32.712214] (-) TimerEvent: {}
[32.821619] (-) TimerEvent: {}
[32.925959] (-) TimerEvent: {}
[33.026749] (-) TimerEvent: {}
[33.129043] (-) TimerEvent: {}
[33.229999] (-) TimerEvent: {}
[33.285546] (ydlidar_ros2_driver) StdoutLine: {'line': b'[ 75%] Built target ydlidar_ros2_driver_node\n'}
[33.330138] (-) TimerEvent: {}
[33.434016] (-) TimerEvent: {}
[33.458204] (hardware) StdoutLine: {'line': b'[ 66%] Built target twist_to_ackermann\n'}
[33.534127] (-) TimerEvent: {}
[33.634896] (-) TimerEvent: {}
[33.738020] (-) TimerEvent: {}
[33.838921] (-) TimerEvent: {}
[33.939685] (-) TimerEvent: {}
[34.040331] (-) TimerEvent: {}
[34.145971] (-) TimerEvent: {}
[34.246495] (-) TimerEvent: {}
[34.347027] (-) TimerEvent: {}
[34.447661] (-) TimerEvent: {}
[34.548194] (-) TimerEvent: {}
[34.648641] (-) TimerEvent: {}
[34.749095] (-) TimerEvent: {}
[34.849573] (-) TimerEvent: {}
[34.953977] (-) TimerEvent: {}
[35.056582] (-) TimerEvent: {}
[35.157084] (-) TimerEvent: {}
[35.257614] (-) TimerEvent: {}
[35.358132] (-) TimerEvent: {}
[35.461976] (-) TimerEvent: {}
[35.563346] (-) TimerEvent: {}
[35.663817] (-) TimerEvent: {}
[35.764323] (-) TimerEvent: {}
[35.864921] (-) TimerEvent: {}
[35.967656] (-) TimerEvent: {}
[36.068267] (-) TimerEvent: {}
[36.168779] (-) TimerEvent: {}
[36.270694] (-) TimerEvent: {}
[36.371284] (-) TimerEvent: {}
[36.471766] (-) TimerEvent: {}
[36.574909] (-) TimerEvent: {}
[36.680784] (-) TimerEvent: {}
[36.781256] (-) TimerEvent: {}
[36.881749] (-) TimerEvent: {}
[36.983246] (-) TimerEvent: {}
[37.085973] (-) TimerEvent: {}
[37.187010] (-) TimerEvent: {}
[37.287688] (-) TimerEvent: {}
[37.388495] (-) TimerEvent: {}
[37.489275] (-) TimerEvent: {}
[37.590036] (-) TimerEvent: {}
[37.693962] (-) TimerEvent: {}
[37.796492] (-) TimerEvent: {}
[37.897149] (-) TimerEvent: {}
[37.997828] (-) TimerEvent: {}
[38.100349] (-) TimerEvent: {}
[38.205977] (-) TimerEvent: {}
[38.309121] (-) TimerEvent: {}
[38.409737] (-) TimerEvent: {}
[38.513978] (-) TimerEvent: {}
[38.614568] (-) TimerEvent: {}
[38.715222] (-) TimerEvent: {}
[38.815667] (-) TimerEvent: {}
[38.916317] (-) TimerEvent: {}
[39.017136] (-) TimerEvent: {}
[39.121967] (-) TimerEvent: {}
[39.222715] (-) TimerEvent: {}
[39.323244] (-) TimerEvent: {}
[39.423952] (-) TimerEvent: {}
[39.524619] (-) TimerEvent: {}
[39.625191] (-) TimerEvent: {}
[39.729983] (-) TimerEvent: {}
[39.830603] (-) TimerEvent: {}
[39.931266] (-) TimerEvent: {}
[40.033972] (-) TimerEvent: {}
[40.136989] (-) TimerEvent: {}
[40.237628] (-) TimerEvent: {}
[40.341980] (-) TimerEvent: {}
[40.445983] (-) TimerEvent: {}
[40.546593] (-) TimerEvent: {}
[40.649961] (-) TimerEvent: {}
[40.750557] (-) TimerEvent: {}
[40.851167] (-) TimerEvent: {}
[40.955626] (-) TimerEvent: {}
[41.070186] (-) TimerEvent: {}
[41.178503] (-) TimerEvent: {}
[41.281088] (-) TimerEvent: {}
[41.382047] (-) TimerEvent: {}
[41.482706] (-) TimerEvent: {}
[42.096763] (-) TimerEvent: {}
[42.201968] (-) TimerEvent: {}
[42.220030] (ydlidar_ros2_driver) StdoutLine: {'line': b'[100%] \x1b[32m\x1b[1mLinking CXX executable ydlidar_ros2_driver_client\x1b[0m\n'}
[42.305997] (-) TimerEvent: {}
[42.406713] (-) TimerEvent: {}
[42.507785] (-) TimerEvent: {}
[42.612964] (-) TimerEvent: {}
[42.713750] (-) TimerEvent: {}
[42.818027] (-) TimerEvent: {}
[42.921989] (-) TimerEvent: {}
[43.022980] (-) TimerEvent: {}
[43.123992] (-) TimerEvent: {}
[43.224763] (-) TimerEvent: {}
[43.325605] (-) TimerEvent: {}
[43.428397] (-) TimerEvent: {}
[43.529126] (-) TimerEvent: {}
[43.629896] (-) TimerEvent: {}
[43.730648] (-) TimerEvent: {}
[43.834161] (ydlidar_ros2_driver) StdoutLine: {'line': b'[100%] Built target ydlidar_ros2_driver_client\n'}
[43.834513] (-) TimerEvent: {}
[43.868053] (ydlidar_ros2_driver) CommandEnded: {'returncode': 0}
[43.878349] (ydlidar_ros2_driver) JobProgress: {'identifier': 'ydlidar_ros2_driver', 'progress': 'install'}
[43.878501] (ydlidar_ros2_driver) Command: {'cmd': ['/usr/bin/cmake', '--install', '/ros2_ws/build/ydlidar_ros2_driver'], 'cwd': '/ros2_ws/build/ydlidar_ros2_driver', 'env': OrderedDict([('HOSTNAME', 'yahav'), ('SHLVL', '1'), ('LD_LIBRARY_PATH', '/ros2_ws/install/hardware/lib:/opt/ros/humble/opt/rviz_ogre_vendor/lib:/opt/ros/humble/lib/aarch64-linux-gnu:/opt/ros/humble/lib'), ('HOME', '/root'), ('PYTHONUNBUFFERED', '1'), ('ROS_PYTHON_VERSION', '3'), ('COLCON_PREFIX_PATH', '/ros2_ws/install'), ('ROS_DISTRO', 'humble'), ('_', '/usr/bin/colcon'), ('ROS_VERSION', '2'), ('TERM', 'xterm'), ('ROS_LOCALHOST_ONLY', '0'), ('PATH', '/opt/ros/humble/bin:/usr/local/sbin:/usr/local/bin:/usr/sbin:/usr/bin:/sbin:/bin'), ('DISPLAY', ''), ('LANG', 'C.UTF-8'), ('LS_COLORS', 'rs=0:di=01;34:ln=01;36:mh=00:pi=40;33:so=01;35:do=01;35:bd=40;33;01:cd=40;33;01:or=40;31;01:mi=00:su=37;41:sg=30;43:ca=30;41:tw=30;42:ow=34;42:st=37;44:ex=01;32:*.tar=01;31:*.tgz=01;31:*.arc=01;31:*.arj=01;31:*.taz=01;31:*.lha=01;31:*.lz4=01;31:*.lzh=01;31:*.lzma=01;31:*.tlz=01;31:*.txz=01;31:*.tzo=01;31:*.t7z=01;31:*.zip=01;31:*.z=01;31:*.dz=01;31:*.gz=01;31:*.lrz=01;31:*.lz=01;31:*.lzo=01;31:*.xz=01;31:*.zst=01;31:*.tzst=01;31:*.bz2=01;31:*.bz=01;31:*.tbz=01;31:*.tbz2=01;31:*.tz=01;31:*.deb=01;31:*.rpm=01;31:*.jar=01;31:*.war=01;31:*.ear=01;31:*.sar=01;31:*.rar=01;31:*.alz=01;31:*.ace=01;31:*.zoo=01;31:*.cpio=01;31:*.7z=01;31:*.rz=01;31:*.cab=01;31:*.wim=01;31:*.swm=01;31:*.dwm=01;31:*.esd=01;31:*.jpg=01;35:*.jpeg=01;35:*.mjpg=01;35:*.mjpeg=01;35:*.gif=01;35:*.bmp=01;35:*.pbm=01;35:*.pgm=01;35:*.ppm=01;35:*.tga=01;35:*.xbm=01;35:*.xpm=01;35:*.tif=01;35:*.tiff=01;35:*.png=01;35:*.svg=01;35:*.svgz=01;35:*.mng=01;35:*.pcx=01;35:*.mov=01;35:*.mpg=01;35:*.mpeg=01;35:*.m2v=01;35:*.mkv=01;35:*.webm=01;35:*.webp=01;35:*.ogm=01;35:*.mp4=01;35:*.m4v=01;35:*.mp4v=01;35:*.vob=01;35:*.qt=01;35:*.nuv=01;35:*.wmv=01;35:*.asf=01;35:*.rm=01;35:*.rmvb=01;35:*.flc=01;35:*.avi=01;35:*.fli=01;35:*.flv=01;35:*.gl=01;35:*.dl=01;35:*.xcf=01;35:*.xwd=01;35:*.yuv=01;35:*.cgm=01;35:*.emf=01;35:*.ogv=01;35:*.ogx=01;35:*.aac=00;36:*.au=00;36:*.flac=00;36:*.m4a=00;36:*.mid=00;36:*.midi=00;36:*.mka=00;36:*.mp3=00;36:*.mpc=00;36:*.ogg=00;36:*.ra=00;36:*.wav=00;36:*.oga=00;36:*.opus=00;36:*.spx=00;36:*.xspf=00;36:'), ('ROS_DOMAIN_ID', '0'), ('AMENT_PREFIX_PATH', '/ros2_ws/install/robot_bringup:/ros2_ws/install/localization:/ros2_ws/install/telemetry_data:/ros2_ws/install/shooting:/ros2_ws/install/rf2o_laser_odometry:/ros2_ws/install/hardware:/ros2_ws/install/ydlidar_ros2_driver:/ros2_ws/install/robot_description:/ros2_ws/install/navigation:/ros2_ws/install/main_brain:/ros2_ws/install/foxglove:/opt/ros/humble'), ('PWD', '/ros2_ws/build/ydlidar_ros2_driver'), ('LC_ALL', 'C.UTF-8'), ('PYTHONPATH', '/opt/ros/humble/lib/python3.10/site-packages:/opt/ros/humble/local/lib/python3.10/dist-packages'), ('COLCON', '1'), ('CMAKE_PREFIX_PATH', '/ros2_ws/install/robot_bringup:/ros2_ws/install/localization:/ros2_ws/install/telemetry_data:/ros2_ws/install/shooting:/ros2_ws/install/rf2o_laser_odometry:/ros2_ws/install/hardware:/ros2_ws/install/ydlidar_ros2_driver:/ros2_ws/install/robot_description:/ros2_ws/install/navigation:/ros2_ws/install/main_brain:/ros2_ws/install/foxglove:/opt/ros/humble')]), 'shell': False}
[43.898508] (ydlidar_ros2_driver) StdoutLine: {'line': b'-- Install configuration: ""\n'}
[43.899221] (ydlidar_ros2_driver) StdoutLine: {'line': b'-- Execute custom install script\n'}
[43.900372] (ydlidar_ros2_driver) StdoutLine: {'line': b'-- Symlinking: /ros2_ws/install/ydlidar_ros2_driver/lib/ydlidar_ros2_driver/ydlidar_ros2_driver_node\n'}
[43.925625] (ydlidar_ros2_driver) StdoutLine: {'line': b'-- Symlinking: /ros2_ws/install/ydlidar_ros2_driver/lib/ydlidar_ros2_driver/ydlidar_ros2_driver_client\n'}
[43.937984] (-) TimerEvent: {}
[43.972518] (ydlidar_ros2_driver) StdoutLine: {'line': b'-- Symlinking: /ros2_ws/install/ydlidar_ros2_driver/share/ydlidar_ros2_driver/launch/ydlidar.py\n'}
[43.997600] (ydlidar_ros2_driver) StdoutLine: {'line': b'-- Symlinking: /ros2_ws/install/ydlidar_ros2_driver/share/ydlidar_ros2_driver/launch/ydlidar_launch.py\n'}
[44.027776] (ydlidar_ros2_driver) StdoutLine: {'line': b'-- Symlinking: /ros2_ws/install/ydlidar_ros2_driver/share/ydlidar_ros2_driver/launch/ydlidar_launch_view.py\n'}
[44.041981] (-) TimerEvent: {}
[44.055493] (ydlidar_ros2_driver) StdoutLine: {'line': b'-- Symlinking: /ros2_ws/install/ydlidar_ros2_driver/share/ydlidar_ros2_driver/params/G1.yaml\n'}
[44.084254] (ydlidar_ros2_driver) StdoutLine: {'line': b'-- Symlinking: /ros2_ws/install/ydlidar_ros2_driver/share/ydlidar_ros2_driver/params/G2.yaml\n'}
[44.114516] (ydlidar_ros2_driver) StdoutLine: {'line': b'-- Symlinking: /ros2_ws/install/ydlidar_ros2_driver/share/ydlidar_ros2_driver/params/G4.yaml\n'}
[44.142118] (-) TimerEvent: {}
[44.146467] (ydlidar_ros2_driver) StdoutLine: {'line': b'-- Symlinking: /ros2_ws/install/ydlidar_ros2_driver/share/ydlidar_ros2_driver/params/G6.yaml\n'}
[44.161982] (ydlidar_ros2_driver) StdoutLine: {'line': b'-- Symlinking: /ros2_ws/install/ydlidar_ros2_driver/share/ydlidar_ros2_driver/params/GS2.yaml\n'}
[44.182635] (ydlidar_ros2_driver) StdoutLine: {'line': b'-- Symlinking: /ros2_ws/install/ydlidar_ros2_driver/share/ydlidar_ros2_driver/params/GS5.yaml\n'}
[44.208451] (ydlidar_ros2_driver) StdoutLine: {'line': b'-- Symlinking: /ros2_ws/install/ydlidar_ros2_driver/share/ydlidar_ros2_driver/params/TEA.yaml\n'}
[44.241395] (ydlidar_ros2_driver) StdoutLine: {'line': b'-- Symlinking: /ros2_ws/install/ydlidar_ros2_driver/share/ydlidar_ros2_driver/params/TG.yaml\n'}
[44.245973] (-) TimerEvent: {}
[44.274006] (ydlidar_ros2_driver) StdoutLine: {'line': b'-- Symlinking: /ros2_ws/install/ydlidar_ros2_driver/share/ydlidar_ros2_driver/params/Tmini-Plus-SH.yaml\n'}
[44.300976] (ydlidar_ros2_driver) StdoutLine: {'line': b'-- Symlinking: /ros2_ws/install/ydlidar_ros2_driver/share/ydlidar_ros2_driver/params/Tmini.yaml\n'}
[44.313239] (ydlidar_ros2_driver) StdoutLine: {'line': b'-- Symlinking: /ros2_ws/install/ydlidar_ros2_driver/share/ydlidar_ros2_driver/params/X2.yaml\n'}
[44.345989] (ydlidar_ros2_driver) StdoutLine: {'line': b'-- Symlinking: /ros2_ws/install/ydlidar_ros2_driver/share/ydlidar_ros2_driver/params/X3.yaml\n'}
[44.346379] (-) TimerEvent: {}
[44.371613] (ydlidar_ros2_driver) StdoutLine: {'line': b'-- Symlinking: /ros2_ws/install/ydlidar_ros2_driver/share/ydlidar_ros2_driver/params/X4-Pro.yaml\n'}
[44.397297] (ydlidar_ros2_driver) StdoutLine: {'line': b'-- Symlinking: /ros2_ws/install/ydlidar_ros2_driver/share/ydlidar_ros2_driver/params/X4.yaml\n'}
[44.420724] (ydlidar_ros2_driver) StdoutLine: {'line': b'-- Symlinking: /ros2_ws/install/ydlidar_ros2_driver/share/ydlidar_ros2_driver/params/sdm15.yaml\n'}
[44.446526] (-) TimerEvent: {}
[44.448924] (ydlidar_ros2_driver) StdoutLine: {'line': b'-- Symlinking: /ros2_ws/install/ydlidar_ros2_driver/share/ydlidar_ros2_driver/params/ydlidar.yaml\n'}
[44.477992] (ydlidar_ros2_driver) StdoutLine: {'line': b'-- Symlinking: /ros2_ws/install/ydlidar_ros2_driver/share/ydlidar_ros2_driver/startup/initenv.sh\n'}
[44.500348] (ydlidar_ros2_driver) StdoutLine: {'line': b'-- Symlinking: /ros2_ws/install/ydlidar_ros2_driver/share/ydlidar_ros2_driver/config/ydlidar.rviz\n'}
[44.528275] (ydlidar_ros2_driver) StdoutLine: {'line': b'-- Symlinking: /ros2_ws/install/ydlidar_ros2_driver/share/ament_index/resource_index/package_run_dependencies/ydlidar_ros2_driver\n'}
[44.549970] (-) TimerEvent: {}
[44.558754] (ydlidar_ros2_driver) StdoutLine: {'line': b'-- Symlinking: /ros2_ws/install/ydlidar_ros2_driver/share/ament_index/resource_index/parent_prefix_path/ydlidar_ros2_driver\n'}
[44.595750] (ydlidar_ros2_driver) StdoutLine: {'line': b'-- Symlinking: /ros2_ws/install/ydlidar_ros2_driver/share/ydlidar_ros2_driver/environment/ament_prefix_path.sh\n'}
[44.638072] (ydlidar_ros2_driver) StdoutLine: {'line': b'-- Symlinking: /ros2_ws/install/ydlidar_ros2_driver/share/ydlidar_ros2_driver/environment/ament_prefix_path.dsv\n'}
[44.653246] (-) TimerEvent: {}
[44.684543] (ydlidar_ros2_driver) StdoutLine: {'line': b'-- Symlinking: /ros2_ws/install/ydlidar_ros2_driver/share/ydlidar_ros2_driver/environment/path.sh\n'}
[44.708287] (ydlidar_ros2_driver) StdoutLine: {'line': b'-- Symlinking: /ros2_ws/install/ydlidar_ros2_driver/share/ydlidar_ros2_driver/environment/path.dsv\n'}
[44.742148] (ydlidar_ros2_driver) StdoutLine: {'line': b'-- Symlinking: /ros2_ws/install/ydlidar_ros2_driver/share/ydlidar_ros2_driver/local_setup.bash\n'}
[44.757131] (-) TimerEvent: {}
[44.764096] (ydlidar_ros2_driver) StdoutLine: {'line': b'-- Symlinking: /ros2_ws/install/ydlidar_ros2_driver/share/ydlidar_ros2_driver/local_setup.sh\n'}
[44.795058] (ydlidar_ros2_driver) StdoutLine: {'line': b'-- Symlinking: /ros2_ws/install/ydlidar_ros2_driver/share/ydlidar_ros2_driver/local_setup.zsh\n'}
[44.826993] (ydlidar_ros2_driver) StdoutLine: {'line': b'-- Symlinking: /ros2_ws/install/ydlidar_ros2_driver/share/ydlidar_ros2_driver/local_setup.dsv\n'}
[44.854858] (ydlidar_ros2_driver) StdoutLine: {'line': b'-- Symlinking: /ros2_ws/install/ydlidar_ros2_driver/share/ydlidar_ros2_driver/package.dsv\n'}
[44.857472] (-) TimerEvent: {}
[44.885980] (ydlidar_ros2_driver) StdoutLine: {'line': b'-- Symlinking: /ros2_ws/install/ydlidar_ros2_driver/share/ament_index/resource_index/packages/ydlidar_ros2_driver\n'}
[44.919221] (ydlidar_ros2_driver) StdoutLine: {'line': b'-- Symlinking: /ros2_ws/install/ydlidar_ros2_driver/share/ydlidar_ros2_driver/cmake/ydlidar_ros2_driverConfig.cmake\n'}
[44.958862] (-) TimerEvent: {}
[44.982212] (ydlidar_ros2_driver) StdoutLine: {'line': b'-- Symlinking: /ros2_ws/install/ydlidar_ros2_driver/share/ydlidar_ros2_driver/cmake/ydlidar_ros2_driverConfig-version.cmake\n'}
[45.030466] (ydlidar_ros2_driver) StdoutLine: {'line': b'-- Symlinking: /ros2_ws/install/ydlidar_ros2_driver/share/ydlidar_ros2_driver/package.xml\n'}
[45.061990] (-) TimerEvent: {}
[45.068567] (ydlidar_ros2_driver) CommandEnded: {'returncode': 0}
[45.170025] (ydlidar_ros2_driver) JobEnded: {'identifier': 'ydlidar_ros2_driver', 'rc': 0}
[45.170973] (-) TimerEvent: {}
[45.171490] (telemetry_data) JobStarted: {'identifier': 'telemetry_data'}
[45.199366] (telemetry_data) JobProgress: {'identifier': 'telemetry_data', 'progress': 'cmake'}
[45.202088] (telemetry_data) Command: {'cmd': ['/usr/bin/cmake', '/ros2_ws/src/telemetry_data', '-DAMENT_CMAKE_SYMLINK_INSTALL=1', '-DCMAKE_INSTALL_PREFIX=/ros2_ws/install/telemetry_data'], 'cwd': '/ros2_ws/build/telemetry_data', 'env': OrderedDict([('HOSTNAME', 'yahav'), ('SHLVL', '1'), ('LD_LIBRARY_PATH', '/ros2_ws/install/hardware/lib:/opt/ros/humble/opt/rviz_ogre_vendor/lib:/opt/ros/humble/lib/aarch64-linux-gnu:/opt/ros/humble/lib'), ('HOME', '/root'), ('PYTHONUNBUFFERED', '1'), ('ROS_PYTHON_VERSION', '3'), ('COLCON_PREFIX_PATH', '/ros2_ws/install'), ('ROS_DISTRO', 'humble'), ('_', '/usr/bin/colcon'), ('ROS_VERSION', '2'), ('TERM', 'xterm'), ('ROS_LOCALHOST_ONLY', '0'), ('PATH', '/opt/ros/humble/bin:/usr/local/sbin:/usr/local/bin:/usr/sbin:/usr/bin:/sbin:/bin'), ('DISPLAY', ''), ('LANG', 'C.UTF-8'), ('LS_COLORS', 'rs=0:di=01;34:ln=01;36:mh=00:pi=40;33:so=01;35:do=01;35:bd=40;33;01:cd=40;33;01:or=40;31;01:mi=00:su=37;41:sg=30;43:ca=30;41:tw=30;42:ow=34;42:st=37;44:ex=01;32:*.tar=01;31:*.tgz=01;31:*.arc=01;31:*.arj=01;31:*.taz=01;31:*.lha=01;31:*.lz4=01;31:*.lzh=01;31:*.lzma=01;31:*.tlz=01;31:*.txz=01;31:*.tzo=01;31:*.t7z=01;31:*.zip=01;31:*.z=01;31:*.dz=01;31:*.gz=01;31:*.lrz=01;31:*.lz=01;31:*.lzo=01;31:*.xz=01;31:*.zst=01;31:*.tzst=01;31:*.bz2=01;31:*.bz=01;31:*.tbz=01;31:*.tbz2=01;31:*.tz=01;31:*.deb=01;31:*.rpm=01;31:*.jar=01;31:*.war=01;31:*.ear=01;31:*.sar=01;31:*.rar=01;31:*.alz=01;31:*.ace=01;31:*.zoo=01;31:*.cpio=01;31:*.7z=01;31:*.rz=01;31:*.cab=01;31:*.wim=01;31:*.swm=01;31:*.dwm=01;31:*.esd=01;31:*.jpg=01;35:*.jpeg=01;35:*.mjpg=01;35:*.mjpeg=01;35:*.gif=01;35:*.bmp=01;35:*.pbm=01;35:*.pgm=01;35:*.ppm=01;35:*.tga=01;35:*.xbm=01;35:*.xpm=01;35:*.tif=01;35:*.tiff=01;35:*.png=01;35:*.svg=01;35:*.svgz=01;35:*.mng=01;35:*.pcx=01;35:*.mov=01;35:*.mpg=01;35:*.mpeg=01;35:*.m2v=01;35:*.mkv=01;35:*.webm=01;35:*.webp=01;35:*.ogm=01;35:*.mp4=01;35:*.m4v=01;35:*.mp4v=01;35:*.vob=01;35:*.qt=01;35:*.nuv=01;35:*.wmv=01;35:*.asf=01;35:*.rm=01;35:*.rmvb=01;35:*.flc=01;35:*.avi=01;35:*.fli=01;35:*.flv=01;35:*.gl=01;35:*.dl=01;35:*.xcf=01;35:*.xwd=01;35:*.yuv=01;35:*.cgm=01;35:*.emf=01;35:*.ogv=01;35:*.ogx=01;35:*.aac=00;36:*.au=00;36:*.flac=00;36:*.m4a=00;36:*.mid=00;36:*.midi=00;36:*.mka=00;36:*.mp3=00;36:*.mpc=00;36:*.ogg=00;36:*.ra=00;36:*.wav=00;36:*.oga=00;36:*.opus=00;36:*.spx=00;36:*.xspf=00;36:'), ('ROS_DOMAIN_ID', '0'), ('AMENT_PREFIX_PATH', '/ros2_ws/install/robot_bringup:/ros2_ws/install/localization:/ros2_ws/install/telemetry_data:/ros2_ws/install/shooting:/ros2_ws/install/rf2o_laser_odometry:/ros2_ws/install/hardware:/ros2_ws/install/ydlidar_ros2_driver:/ros2_ws/install/robot_description:/ros2_ws/install/navigation:/ros2_ws/install/main_brain:/ros2_ws/install/foxglove:/opt/ros/humble'), ('PWD', '/ros2_ws/build/telemetry_data'), ('LC_ALL', 'C.UTF-8'), ('PYTHONPATH', '/opt/ros/humble/lib/python3.10/site-packages:/opt/ros/humble/local/lib/python3.10/dist-packages'), ('COLCON', '1'), ('CMAKE_PREFIX_PATH', '/ros2_ws/install/robot_bringup:/ros2_ws/install/localization:/ros2_ws/install/telemetry_data:/ros2_ws/install/shooting:/ros2_ws/install/rf2o_laser_odometry:/ros2_ws/install/hardware:/ros2_ws/install/ydlidar_ros2_driver:/ros2_ws/install/robot_description:/ros2_ws/install/navigation:/ros2_ws/install/main_brain:/ros2_ws/install/foxglove:/opt/ros/humble')]), 'shell': False}
[45.271125] (-) TimerEvent: {}
[45.373267] (-) TimerEvent: {}
[45.469168] (telemetry_data) StdoutLine: {'line': b'-- The C compiler identification is GNU 11.4.0\n'}
[45.475051] (-) TimerEvent: {}
[45.575548] (-) TimerEvent: {}
[45.676230] (-) TimerEvent: {}
[45.770081] (telemetry_data) StdoutLine: {'line': b'-- The CXX compiler identification is GNU 11.4.0\n'}
[45.776354] (-) TimerEvent: {}
[45.807070] (telemetry_data) StdoutLine: {'line': b'-- Detecting C compiler ABI info\n'}
[45.878032] (hardware) StdoutLine: {'line': b'[ 83%] \x1b[32m\x1b[1mLinking CXX shared library libmotor_driver.so\x1b[0m\n'}
[45.878381] (-) TimerEvent: {}
[45.978801] (-) TimerEvent: {}
[46.051900] (telemetry_data) StdoutLine: {'line': b'-- Detecting C compiler ABI info - done\n'}
[46.077820] (telemetry_data) StdoutLine: {'line': b'-- Check for working C compiler: /usr/bin/cc - skipped\n'}
[46.078166] (telemetry_data) StdoutLine: {'line': b'-- Detecting C compile features\n'}
[46.078326] (telemetry_data) StdoutLine: {'line': b'-- Detecting C compile features - done\n'}
[46.078906] (-) TimerEvent: {}
[46.100309] (telemetry_data) StdoutLine: {'line': b'-- Detecting CXX compiler ABI info\n'}
[46.179052] (-) TimerEvent: {}
[46.279672] (-) TimerEvent: {}
[46.380532] (-) TimerEvent: {}
[46.481032] (-) TimerEvent: {}
[46.496080] (telemetry_data) StdoutLine: {'line': b'-- Detecting CXX compiler ABI info - done\n'}
[46.526067] (telemetry_data) StdoutLine: {'line': b'-- Check for working CXX compiler: /usr/bin/c++ - skipped\n'}
[46.526815] (telemetry_data) StdoutLine: {'line': b'-- Detecting CXX compile features\n'}
[46.537981] (telemetry_data) StdoutLine: {'line': b'-- Detecting CXX compile features - done\n'}
[46.543041] (telemetry_data) StdoutLine: {'line': b'-- Found ament_cmake: 1.3.14 (/opt/ros/humble/share/ament_cmake/cmake)\n'}
[46.581170] (-) TimerEvent: {}
[46.681659] (-) TimerEvent: {}
[46.782225] (-) TimerEvent: {}
[46.882890] (-) TimerEvent: {}
[46.934465] (telemetry_data) StdoutLine: {'line': b'-- Found Python3: /usr/bin/python3 (found version "3.10.12") found components: Interpreter \n'}
[46.983035] (-) TimerEvent: {}
[47.083542] (-) TimerEvent: {}
[47.184042] (-) TimerEvent: {}
[47.284573] (-) TimerEvent: {}
[47.334174] (telemetry_data) StdoutLine: {'line': b'-- Override CMake install command with custom implementation using symlinks instead of copying resources\n'}
[47.384718] (-) TimerEvent: {}
[47.486531] (-) TimerEvent: {}
[47.517006] (telemetry_data) StdoutLine: {'line': b'-- Found rclcpp: 16.0.19 (/opt/ros/humble/share/rclcpp/cmake)\n'}
[47.589974] (-) TimerEvent: {}
[47.616517] (telemetry_data) StdoutLine: {'line': b'-- Found rosidl_generator_c: 3.1.8 (/opt/ros/humble/share/rosidl_generator_c/cmake)\n'}
[47.626754] (telemetry_data) StdoutLine: {'line': b'-- Found rosidl_adapter: 3.1.8 (/opt/ros/humble/share/rosidl_adapter/cmake)\n'}
[47.643683] (telemetry_data) StdoutLine: {'line': b'-- Found rosidl_generator_cpp: 3.1.8 (/opt/ros/humble/share/rosidl_generator_cpp/cmake)\n'}
[47.684648] (telemetry_data) StdoutLine: {'line': b'-- Using all available rosidl_typesupport_c: rosidl_typesupport_fastrtps_c;rosidl_typesupport_introspection_c\n'}
[47.690098] (-) TimerEvent: {}
[47.719452] (telemetry_data) StdoutLine: {'line': b'-- Using all available rosidl_typesupport_cpp: rosidl_typesupport_fastrtps_cpp;rosidl_typesupport_introspection_cpp\n'}
[47.790256] (-) TimerEvent: {}
[47.839682] (telemetry_data) StdoutLine: {'line': b'-- Found rmw_implementation_cmake: 6.1.2 (/opt/ros/humble/share/rmw_implementation_cmake/cmake)\n'}
[47.850001] (telemetry_data) StdoutLine: {'line': b'-- Found rmw_fastrtps_cpp: 6.2.10 (/opt/ros/humble/share/rmw_fastrtps_cpp/cmake)\n'}
[47.890446] (-) TimerEvent: {}
[47.991460] (-) TimerEvent: {}
[48.081266] (telemetry_data) StdoutLine: {'line': b'-- Found OpenSSL: /usr/lib/aarch64-linux-gnu/libcrypto.so (found version "3.0.2")  \n'}
[48.091563] (-) TimerEvent: {}
[48.134755] (telemetry_data) StdoutLine: {'line': b'-- Found FastRTPS: /opt/ros/humble/include  \n'}
[48.191732] (-) TimerEvent: {}
[48.201492] (telemetry_data) StdoutLine: {'line': b"-- Using RMW implementation 'rmw_fastrtps_cpp' as default\n"}
[48.219331] (telemetry_data) StdoutLine: {'line': b'-- Looking for pthread.h\n'}
[48.291872] (-) TimerEvent: {}
[48.392443] (-) TimerEvent: {}
[48.476499] (telemetry_data) StdoutLine: {'line': b'-- Looking for pthread.h - found\n'}
[48.477798] (telemetry_data) StdoutLine: {'line': b'-- Performing Test CMAKE_HAVE_LIBC_PTHREAD\n'}
[48.492551] (-) TimerEvent: {}
[48.593036] (-) TimerEvent: {}
[48.639481] (telemetry_data) StdoutLine: {'line': b'-- Performing Test CMAKE_HAVE_LIBC_PTHREAD - Success\n'}
[48.641491] (telemetry_data) StdoutLine: {'line': b'-- Found Threads: TRUE  \n'}
[48.693355] (-) TimerEvent: {}
[48.793960] (-) TimerEvent: {}
[48.840944] (telemetry_data) StdoutLine: {'line': b'-- Found nav_msgs: 4.9.1 (/opt/ros/humble/share/nav_msgs/cmake)\n'}
[48.894093] (-) TimerEvent: {}
[48.994591] (-) TimerEvent: {}
[49.016652] (telemetry_data) StdoutLine: {'line': b'-- Found Boost: /usr/lib/aarch64-linux-gnu/cmake/Boost-1.74.0/BoostConfig.cmake (found version "1.74.0")  \n'}
[49.034879] (telemetry_data) StdoutLine: {'line': b'-- Found ament_lint_auto: 0.12.15 (/opt/ros/humble/share/ament_lint_auto/cmake)\n'}
[49.094730] (-) TimerEvent: {}
[49.166055] (hardware) StdoutLine: {'line': b'[ 83%] Built target motor_driver\n'}
[49.197351] (-) TimerEvent: {}
[49.297959] (-) TimerEvent: {}
[49.380604] (telemetry_data) StdoutLine: {'line': b"-- Added test 'cppcheck' to perform static code analysis on C / C++ code\n"}
[49.382261] (telemetry_data) StdoutLine: {'line': b'-- Configured cppcheck include dirs: $<BUILD_INTERFACE:/ros2_ws/src/telemetry_data/include>\n'}
[49.383380] (telemetry_data) StdoutLine: {'line': b'-- Configured cppcheck exclude dirs and/or files: \n'}
[49.389967] (telemetry_data) StdoutLine: {'line': b"-- Added test 'flake8' to check Python code syntax and style conventions\n"}
[49.390302] (telemetry_data) StdoutLine: {'line': b"-- Added test 'lint_cmake' to check CMake code style\n"}
[49.390981] (telemetry_data) StdoutLine: {'line': b"-- Added test 'pep257' to check Python code against some of the docstring style conventions in PEP 257\n"}
[49.395633] (telemetry_data) StdoutLine: {'line': b"-- Added test 'uncrustify' to check C / C++ code style\n"}
[49.396188] (telemetry_data) StdoutLine: {'line': b'-- Configured uncrustify additional arguments: \n'}
[49.397902] (telemetry_data) StdoutLine: {'line': b"-- Added test 'xmllint' to check XML markup files\n"}
[49.398194] (-) TimerEvent: {}
[49.404352] (telemetry_data) StdoutLine: {'line': b'-- Configuring done\n'}
[49.450051] (telemetry_data) StdoutLine: {'line': b'-- Generating done\n'}
[49.465996] (telemetry_data) StdoutLine: {'line': b'-- Build files have been written to: /ros2_ws/build/telemetry_data\n'}
[49.498338] (-) TimerEvent: {}
[49.525691] (telemetry_data) CommandEnded: {'returncode': 0}
[49.527907] (telemetry_data) JobProgress: {'identifier': 'telemetry_data', 'progress': 'build'}
[49.528445] (telemetry_data) Command: {'cmd': ['/usr/bin/cmake', '--build', '/ros2_ws/build/telemetry_data', '--', '-j4', '-l4'], 'cwd': '/ros2_ws/build/telemetry_data', 'env': OrderedDict([('HOSTNAME', 'yahav'), ('SHLVL', '1'), ('LD_LIBRARY_PATH', '/ros2_ws/install/hardware/lib:/opt/ros/humble/opt/rviz_ogre_vendor/lib:/opt/ros/humble/lib/aarch64-linux-gnu:/opt/ros/humble/lib'), ('HOME', '/root'), ('PYTHONUNBUFFERED', '1'), ('ROS_PYTHON_VERSION', '3'), ('COLCON_PREFIX_PATH', '/ros2_ws/install'), ('ROS_DISTRO', 'humble'), ('_', '/usr/bin/colcon'), ('ROS_VERSION', '2'), ('TERM', 'xterm'), ('ROS_LOCALHOST_ONLY', '0'), ('PATH', '/opt/ros/humble/bin:/usr/local/sbin:/usr/local/bin:/usr/sbin:/usr/bin:/sbin:/bin'), ('DISPLAY', ''), ('LANG', 'C.UTF-8'), ('LS_COLORS', 'rs=0:di=01;34:ln=01;36:mh=00:pi=40;33:so=01;35:do=01;35:bd=40;33;01:cd=40;33;01:or=40;31;01:mi=00:su=37;41:sg=30;43:ca=30;41:tw=30;42:ow=34;42:st=37;44:ex=01;32:*.tar=01;31:*.tgz=01;31:*.arc=01;31:*.arj=01;31:*.taz=01;31:*.lha=01;31:*.lz4=01;31:*.lzh=01;31:*.lzma=01;31:*.tlz=01;31:*.txz=01;31:*.tzo=01;31:*.t7z=01;31:*.zip=01;31:*.z=01;31:*.dz=01;31:*.gz=01;31:*.lrz=01;31:*.lz=01;31:*.lzo=01;31:*.xz=01;31:*.zst=01;31:*.tzst=01;31:*.bz2=01;31:*.bz=01;31:*.tbz=01;31:*.tbz2=01;31:*.tz=01;31:*.deb=01;31:*.rpm=01;31:*.jar=01;31:*.war=01;31:*.ear=01;31:*.sar=01;31:*.rar=01;31:*.alz=01;31:*.ace=01;31:*.zoo=01;31:*.cpio=01;31:*.7z=01;31:*.rz=01;31:*.cab=01;31:*.wim=01;31:*.swm=01;31:*.dwm=01;31:*.esd=01;31:*.jpg=01;35:*.jpeg=01;35:*.mjpg=01;35:*.mjpeg=01;35:*.gif=01;35:*.bmp=01;35:*.pbm=01;35:*.pgm=01;35:*.ppm=01;35:*.tga=01;35:*.xbm=01;35:*.xpm=01;35:*.tif=01;35:*.tiff=01;35:*.png=01;35:*.svg=01;35:*.svgz=01;35:*.mng=01;35:*.pcx=01;35:*.mov=01;35:*.mpg=01;35:*.mpeg=01;35:*.m2v=01;35:*.mkv=01;35:*.webm=01;35:*.webp=01;35:*.ogm=01;35:*.mp4=01;35:*.m4v=01;35:*.mp4v=01;35:*.vob=01;35:*.qt=01;35:*.nuv=01;35:*.wmv=01;35:*.asf=01;35:*.rm=01;35:*.rmvb=01;35:*.flc=01;35:*.avi=01;35:*.fli=01;35:*.flv=01;35:*.gl=01;35:*.dl=01;35:*.xcf=01;35:*.xwd=01;35:*.yuv=01;35:*.cgm=01;35:*.emf=01;35:*.ogv=01;35:*.ogx=01;35:*.aac=00;36:*.au=00;36:*.flac=00;36:*.m4a=00;36:*.mid=00;36:*.midi=00;36:*.mka=00;36:*.mp3=00;36:*.mpc=00;36:*.ogg=00;36:*.ra=00;36:*.wav=00;36:*.oga=00;36:*.opus=00;36:*.spx=00;36:*.xspf=00;36:'), ('ROS_DOMAIN_ID', '0'), ('AMENT_PREFIX_PATH', '/ros2_ws/install/robot_bringup:/ros2_ws/install/localization:/ros2_ws/install/telemetry_data:/ros2_ws/install/shooting:/ros2_ws/install/rf2o_laser_odometry:/ros2_ws/install/hardware:/ros2_ws/install/ydlidar_ros2_driver:/ros2_ws/install/robot_description:/ros2_ws/install/navigation:/ros2_ws/install/main_brain:/ros2_ws/install/foxglove:/opt/ros/humble'), ('PWD', '/ros2_ws/build/telemetry_data'), ('LC_ALL', 'C.UTF-8'), ('PYTHONPATH', '/opt/ros/humble/lib/python3.10/site-packages:/opt/ros/humble/local/lib/python3.10/dist-packages'), ('COLCON', '1'), ('CMAKE_PREFIX_PATH', '/ros2_ws/install/robot_bringup:/ros2_ws/install/localization:/ros2_ws/install/telemetry_data:/ros2_ws/install/shooting:/ros2_ws/install/rf2o_laser_odometry:/ros2_ws/install/hardware:/ros2_ws/install/ydlidar_ros2_driver:/ros2_ws/install/robot_description:/ros2_ws/install/navigation:/ros2_ws/install/main_brain:/ros2_ws/install/foxglove:/opt/ros/humble')]), 'shell': False}
[49.599495] (-) TimerEvent: {}
[49.618621] (telemetry_data) StdoutLine: {'line': b'[ 33%] \x1b[32mBuilding CXX object CMakeFiles/telegraf_bridge.dir/src/telegraf_bridge.cpp.o\x1b[0m\n'}
[49.699657] (-) TimerEvent: {}
[49.801057] (-) TimerEvent: {}
[49.904257] (-) TimerEvent: {}
[50.007293] (-) TimerEvent: {}
[50.108475] (-) TimerEvent: {}
[50.209058] (-) TimerEvent: {}
[50.309517] (-) TimerEvent: {}
[50.413960] (-) TimerEvent: {}
[50.517649] (-) TimerEvent: {}
[50.618254] (-) TimerEvent: {}
[50.718839] (-) TimerEvent: {}
[50.819439] (-) TimerEvent: {}
[50.920764] (-) TimerEvent: {}
[51.026004] (-) TimerEvent: {}
[51.126575] (-) TimerEvent: {}
[51.227124] (-) TimerEvent: {}
[51.327728] (-) TimerEvent: {}
[51.428361] (-) TimerEvent: {}
[51.528878] (-) TimerEvent: {}
[51.629492] (-) TimerEvent: {}
[51.729974] (-) TimerEvent: {}
[51.830460] (-) TimerEvent: {}
[51.931403] (-) TimerEvent: {}
[52.034829] (-) TimerEvent: {}
[52.137960] (-) TimerEvent: {}
[52.238423] (-) TimerEvent: {}
[52.341974] (-) TimerEvent: {}
[52.442477] (-) TimerEvent: {}
[52.546010] (-) TimerEvent: {}
[52.646599] (-) TimerEvent: {}
[52.747309] (-) TimerEvent: {}
[52.848039] (-) TimerEvent: {}
[52.949000] (-) TimerEvent: {}
[53.049962] (-) TimerEvent: {}
[53.150878] (-) TimerEvent: {}
[53.251634] (-) TimerEvent: {}
[53.352400] (-) TimerEvent: {}
[53.458478] (-) TimerEvent: {}
[53.566140] (-) TimerEvent: {}
[53.669760] (-) TimerEvent: {}
[53.773970] (-) TimerEvent: {}
[53.875163] (-) TimerEvent: {}
[53.976503] (-) TimerEvent: {}
[54.077733] (-) TimerEvent: {}
[54.183061] (-) TimerEvent: {}
[54.293966] (-) TimerEvent: {}
[54.397961] (-) TimerEvent: {}
[54.498822] (-) TimerEvent: {}
[54.599461] (-) TimerEvent: {}
[54.700252] (-) TimerEvent: {}
[54.801059] (-) TimerEvent: {}
[54.908759] (-) TimerEvent: {}
[55.009499] (-) TimerEvent: {}
[55.110346] (-) TimerEvent: {}
[55.211128] (-) TimerEvent: {}
[55.311957] (-) TimerEvent: {}
[55.413372] (-) TimerEvent: {}
[55.514062] (-) TimerEvent: {}
[55.614894] (-) TimerEvent: {}
[55.722141] (-) TimerEvent: {}
[55.822853] (-) TimerEvent: {}
[55.923403] (-) TimerEvent: {}
[56.024061] (-) TimerEvent: {}
[56.124803] (-) TimerEvent: {}
[56.225652] (-) TimerEvent: {}
[56.326427] (-) TimerEvent: {}
[56.427152] (-) TimerEvent: {}
[56.527595] (-) TimerEvent: {}
[56.630192] (-) TimerEvent: {}
[56.661174] (shooting) StdoutLine: {'line': b'[100%] \x1b[32m\x1b[1mLinking CXX executable shooting_node\x1b[0m\n'}
[56.730317] (-) TimerEvent: {}
[56.830798] (-) TimerEvent: {}
[56.931534] (-) TimerEvent: {}
[57.032437] (-) TimerEvent: {}
[57.137473] (-) TimerEvent: {}
[57.249968] (-) TimerEvent: {}
[57.350679] (-) TimerEvent: {}
[57.451927] (-) TimerEvent: {}
[57.552863] (-) TimerEvent: {}
[57.653966] (-) TimerEvent: {}
[57.755103] (-) TimerEvent: {}
[57.858264] (-) TimerEvent: {}
[57.960033] (-) TimerEvent: {}
[58.062536] (-) TimerEvent: {}
[58.165582] (-) TimerEvent: {}
[58.267937] (-) TimerEvent: {}
[58.368867] (-) TimerEvent: {}
[58.435499] (shooting) StdoutLine: {'line': b'[100%] Built target shooting_node\n'}
[58.454386] (shooting) CommandEnded: {'returncode': 0}
[58.455412] (shooting) JobProgress: {'identifier': 'shooting', 'progress': 'install'}
[58.455817] (shooting) Command: {'cmd': ['/usr/bin/cmake', '--install', '/ros2_ws/build/shooting'], 'cwd': '/ros2_ws/build/shooting', 'env': OrderedDict([('HOSTNAME', 'yahav'), ('SHLVL', '1'), ('LD_LIBRARY_PATH', '/ros2_ws/install/hardware/lib:/opt/ros/humble/opt/rviz_ogre_vendor/lib:/opt/ros/humble/lib/aarch64-linux-gnu:/opt/ros/humble/lib'), ('HOME', '/root'), ('PYTHONUNBUFFERED', '1'), ('ROS_PYTHON_VERSION', '3'), ('COLCON_PREFIX_PATH', '/ros2_ws/install'), ('ROS_DISTRO', 'humble'), ('_', '/usr/bin/colcon'), ('ROS_VERSION', '2'), ('TERM', 'xterm'), ('ROS_LOCALHOST_ONLY', '0'), ('PATH', '/opt/ros/humble/bin:/usr/local/sbin:/usr/local/bin:/usr/sbin:/usr/bin:/sbin:/bin'), ('DISPLAY', ''), ('LANG', 'C.UTF-8'), ('LS_COLORS', 'rs=0:di=01;34:ln=01;36:mh=00:pi=40;33:so=01;35:do=01;35:bd=40;33;01:cd=40;33;01:or=40;31;01:mi=00:su=37;41:sg=30;43:ca=30;41:tw=30;42:ow=34;42:st=37;44:ex=01;32:*.tar=01;31:*.tgz=01;31:*.arc=01;31:*.arj=01;31:*.taz=01;31:*.lha=01;31:*.lz4=01;31:*.lzh=01;31:*.lzma=01;31:*.tlz=01;31:*.txz=01;31:*.tzo=01;31:*.t7z=01;31:*.zip=01;31:*.z=01;31:*.dz=01;31:*.gz=01;31:*.lrz=01;31:*.lz=01;31:*.lzo=01;31:*.xz=01;31:*.zst=01;31:*.tzst=01;31:*.bz2=01;31:*.bz=01;31:*.tbz=01;31:*.tbz2=01;31:*.tz=01;31:*.deb=01;31:*.rpm=01;31:*.jar=01;31:*.war=01;31:*.ear=01;31:*.sar=01;31:*.rar=01;31:*.alz=01;31:*.ace=01;31:*.zoo=01;31:*.cpio=01;31:*.7z=01;31:*.rz=01;31:*.cab=01;31:*.wim=01;31:*.swm=01;31:*.dwm=01;31:*.esd=01;31:*.jpg=01;35:*.jpeg=01;35:*.mjpg=01;35:*.mjpeg=01;35:*.gif=01;35:*.bmp=01;35:*.pbm=01;35:*.pgm=01;35:*.ppm=01;35:*.tga=01;35:*.xbm=01;35:*.xpm=01;35:*.tif=01;35:*.tiff=01;35:*.png=01;35:*.svg=01;35:*.svgz=01;35:*.mng=01;35:*.pcx=01;35:*.mov=01;35:*.mpg=01;35:*.mpeg=01;35:*.m2v=01;35:*.mkv=01;35:*.webm=01;35:*.webp=01;35:*.ogm=01;35:*.mp4=01;35:*.m4v=01;35:*.mp4v=01;35:*.vob=01;35:*.qt=01;35:*.nuv=01;35:*.wmv=01;35:*.asf=01;35:*.rm=01;35:*.rmvb=01;35:*.flc=01;35:*.avi=01;35:*.fli=01;35:*.flv=01;35:*.gl=01;35:*.dl=01;35:*.xcf=01;35:*.xwd=01;35:*.yuv=01;35:*.cgm=01;35:*.emf=01;35:*.ogv=01;35:*.ogx=01;35:*.aac=00;36:*.au=00;36:*.flac=00;36:*.m4a=00;36:*.mid=00;36:*.midi=00;36:*.mka=00;36:*.mp3=00;36:*.mpc=00;36:*.ogg=00;36:*.ra=00;36:*.wav=00;36:*.oga=00;36:*.opus=00;36:*.spx=00;36:*.xspf=00;36:'), ('ROS_DOMAIN_ID', '0'), ('AMENT_PREFIX_PATH', '/ros2_ws/install/robot_bringup:/ros2_ws/install/localization:/ros2_ws/install/telemetry_data:/ros2_ws/install/shooting:/ros2_ws/install/rf2o_laser_odometry:/ros2_ws/install/hardware:/ros2_ws/install/ydlidar_ros2_driver:/ros2_ws/install/robot_description:/ros2_ws/install/navigation:/ros2_ws/install/main_brain:/ros2_ws/install/foxglove:/opt/ros/humble'), ('PWD', '/ros2_ws/build/shooting'), ('LC_ALL', 'C.UTF-8'), ('PYTHONPATH', '/opt/ros/humble/lib/python3.10/site-packages:/opt/ros/humble/local/lib/python3.10/dist-packages'), ('COLCON', '1'), ('CMAKE_PREFIX_PATH', '/ros2_ws/install/robot_bringup:/ros2_ws/install/localization:/ros2_ws/install/telemetry_data:/ros2_ws/install/shooting:/ros2_ws/install/rf2o_laser_odometry:/ros2_ws/install/hardware:/ros2_ws/install/ydlidar_ros2_driver:/ros2_ws/install/robot_description:/ros2_ws/install/navigation:/ros2_ws/install/main_brain:/ros2_ws/install/foxglove:/opt/ros/humble')]), 'shell': False}
[58.468986] (-) TimerEvent: {}
[58.480803] (shooting) StdoutLine: {'line': b'-- Install configuration: ""\n'}
[58.481267] (shooting) StdoutLine: {'line': b'-- Execute custom install script\n'}
[58.482549] (shooting) StdoutLine: {'line': b'-- Symlinking: /ros2_ws/install/shooting/lib/shooting/shooting_node\n'}
[58.496480] (shooting) StdoutLine: {'line': b'-- Symlinking: /ros2_ws/install/shooting/share/shooting/launch/launch.py\n'}
[58.508375] (shooting) StdoutLine: {'line': b'-- Symlinking: /ros2_ws/install/shooting/share/ament_index/resource_index/package_run_dependencies/shooting\n'}
[58.520279] (shooting) StdoutLine: {'line': b'-- Symlinking: /ros2_ws/install/shooting/share/ament_index/resource_index/parent_prefix_path/shooting\n'}
[58.533501] (shooting) StdoutLine: {'line': b'-- Symlinking: /ros2_ws/install/shooting/share/shooting/environment/ament_prefix_path.sh\n'}
[58.546476] (shooting) StdoutLine: {'line': b'-- Symlinking: /ros2_ws/install/shooting/share/shooting/environment/ament_prefix_path.dsv\n'}
[58.562992] (shooting) StdoutLine: {'line': b'-- Symlinking: /ros2_ws/install/shooting/share/shooting/environment/path.sh\n'}
[58.569118] (-) TimerEvent: {}
[58.572856] (shooting) StdoutLine: {'line': b'-- Symlinking: /ros2_ws/install/shooting/share/shooting/environment/path.dsv\n'}
[58.588520] (shooting) StdoutLine: {'line': b'-- Symlinking: /ros2_ws/install/shooting/share/shooting/local_setup.bash\n'}
[58.601987] (shooting) StdoutLine: {'line': b'-- Symlinking: /ros2_ws/install/shooting/share/shooting/local_setup.sh\n'}
[58.616940] (shooting) StdoutLine: {'line': b'-- Symlinking: /ros2_ws/install/shooting/share/shooting/local_setup.zsh\n'}
[58.629427] (shooting) StdoutLine: {'line': b'-- Symlinking: /ros2_ws/install/shooting/share/shooting/local_setup.dsv\n'}
[58.640618] (shooting) StdoutLine: {'line': b'-- Symlinking: /ros2_ws/install/shooting/share/shooting/package.dsv\n'}
[58.657640] (shooting) StdoutLine: {'line': b'-- Symlinking: /ros2_ws/install/shooting/share/ament_index/resource_index/packages/shooting\n'}
[58.669263] (-) TimerEvent: {}
[58.682841] (shooting) StdoutLine: {'line': b'-- Symlinking: /ros2_ws/install/shooting/share/shooting/cmake/shootingConfig.cmake\n'}
[58.720670] (shooting) StdoutLine: {'line': b'-- Symlinking: /ros2_ws/install/shooting/share/shooting/cmake/shootingConfig-version.cmake\n'}
[58.764527] (shooting) StdoutLine: {'line': b'-- Symlinking: /ros2_ws/install/shooting/share/shooting/package.xml\n'}
[58.769433] (-) TimerEvent: {}
[58.790003] (shooting) CommandEnded: {'returncode': 0}
[58.823656] (shooting) JobEnded: {'identifier': 'shooting', 'rc': 0}
[58.869567] (-) TimerEvent: {}
[58.970659] (-) TimerEvent: {}
[59.072976] (-) TimerEvent: {}
[59.174152] (-) TimerEvent: {}
[59.276014] (-) TimerEvent: {}
[59.380230] (-) TimerEvent: {}
[59.482139] (-) TimerEvent: {}
[59.582579] (-) TimerEvent: {}
[59.686149] (-) TimerEvent: {}
[59.786876] (-) TimerEvent: {}
[59.888275] (-) TimerEvent: {}
[59.988725] (-) TimerEvent: {}
[60.089175] (-) TimerEvent: {}
[60.193978] (-) TimerEvent: {}
[60.294426] (-) TimerEvent: {}
[60.394878] (-) TimerEvent: {}
[60.495336] (-) TimerEvent: {}
[60.595828] (-) TimerEvent: {}
[60.696420] (-) TimerEvent: {}
[60.796959] (-) TimerEvent: {}
[60.897559] (-) TimerEvent: {}
[60.998308] (-) TimerEvent: {}
[61.101985] (-) TimerEvent: {}
[61.202488] (-) TimerEvent: {}
[61.263671] (hardware) StdoutLine: {'line': b'[100%] \x1b[32m\x1b[1mLinking CXX executable heading_pid_controller\x1b[0m\n'}
[61.302753] (-) TimerEvent: {}
[61.403636] (-) TimerEvent: {}
[61.504693] (-) TimerEvent: {}
[61.605344] (-) TimerEvent: {}
[61.707627] (-) TimerEvent: {}
[61.811202] (-) TimerEvent: {}
[61.926402] (-) TimerEvent: {}
[62.027358] (-) TimerEvent: {}
[62.127869] (-) TimerEvent: {}
[62.228517] (-) TimerEvent: {}
[62.329082] (-) TimerEvent: {}
[62.429642] (-) TimerEvent: {}
[62.530326] (-) TimerEvent: {}
[62.631415] (-) TimerEvent: {}
[62.732251] (-) TimerEvent: {}
[62.838644] (-) TimerEvent: {}
[62.939837] (-) TimerEvent: {}
[63.043695] (-) TimerEvent: {}
[63.099801] (hardware) StdoutLine: {'line': b'[100%] Built target heading_pid_controller\n'}
[63.130874] (hardware) CommandEnded: {'returncode': 0}
[63.131839] (hardware) JobProgress: {'identifier': 'hardware', 'progress': 'install'}
[63.132361] (hardware) Command: {'cmd': ['/usr/bin/cmake', '--install', '/ros2_ws/build/hardware'], 'cwd': '/ros2_ws/build/hardware', 'env': OrderedDict([('HOSTNAME', 'yahav'), ('SHLVL', '1'), ('LD_LIBRARY_PATH', '/ros2_ws/install/hardware/lib:/opt/ros/humble/opt/rviz_ogre_vendor/lib:/opt/ros/humble/lib/aarch64-linux-gnu:/opt/ros/humble/lib'), ('HOME', '/root'), ('PYTHONUNBUFFERED', '1'), ('ROS_PYTHON_VERSION', '3'), ('COLCON_PREFIX_PATH', '/ros2_ws/install'), ('ROS_DISTRO', 'humble'), ('_', '/usr/bin/colcon'), ('ROS_VERSION', '2'), ('TERM', 'xterm'), ('ROS_LOCALHOST_ONLY', '0'), ('PATH', '/opt/ros/humble/bin:/usr/local/sbin:/usr/local/bin:/usr/sbin:/usr/bin:/sbin:/bin'), ('DISPLAY', ''), ('LANG', 'C.UTF-8'), ('LS_COLORS', 'rs=0:di=01;34:ln=01;36:mh=00:pi=40;33:so=01;35:do=01;35:bd=40;33;01:cd=40;33;01:or=40;31;01:mi=00:su=37;41:sg=30;43:ca=30;41:tw=30;42:ow=34;42:st=37;44:ex=01;32:*.tar=01;31:*.tgz=01;31:*.arc=01;31:*.arj=01;31:*.taz=01;31:*.lha=01;31:*.lz4=01;31:*.lzh=01;31:*.lzma=01;31:*.tlz=01;31:*.txz=01;31:*.tzo=01;31:*.t7z=01;31:*.zip=01;31:*.z=01;31:*.dz=01;31:*.gz=01;31:*.lrz=01;31:*.lz=01;31:*.lzo=01;31:*.xz=01;31:*.zst=01;31:*.tzst=01;31:*.bz2=01;31:*.bz=01;31:*.tbz=01;31:*.tbz2=01;31:*.tz=01;31:*.deb=01;31:*.rpm=01;31:*.jar=01;31:*.war=01;31:*.ear=01;31:*.sar=01;31:*.rar=01;31:*.alz=01;31:*.ace=01;31:*.zoo=01;31:*.cpio=01;31:*.7z=01;31:*.rz=01;31:*.cab=01;31:*.wim=01;31:*.swm=01;31:*.dwm=01;31:*.esd=01;31:*.jpg=01;35:*.jpeg=01;35:*.mjpg=01;35:*.mjpeg=01;35:*.gif=01;35:*.bmp=01;35:*.pbm=01;35:*.pgm=01;35:*.ppm=01;35:*.tga=01;35:*.xbm=01;35:*.xpm=01;35:*.tif=01;35:*.tiff=01;35:*.png=01;35:*.svg=01;35:*.svgz=01;35:*.mng=01;35:*.pcx=01;35:*.mov=01;35:*.mpg=01;35:*.mpeg=01;35:*.m2v=01;35:*.mkv=01;35:*.webm=01;35:*.webp=01;35:*.ogm=01;35:*.mp4=01;35:*.m4v=01;35:*.mp4v=01;35:*.vob=01;35:*.qt=01;35:*.nuv=01;35:*.wmv=01;35:*.asf=01;35:*.rm=01;35:*.rmvb=01;35:*.flc=01;35:*.avi=01;35:*.fli=01;35:*.flv=01;35:*.gl=01;35:*.dl=01;35:*.xcf=01;35:*.xwd=01;35:*.yuv=01;35:*.cgm=01;35:*.emf=01;35:*.ogv=01;35:*.ogx=01;35:*.aac=00;36:*.au=00;36:*.flac=00;36:*.m4a=00;36:*.mid=00;36:*.midi=00;36:*.mka=00;36:*.mp3=00;36:*.mpc=00;36:*.ogg=00;36:*.ra=00;36:*.wav=00;36:*.oga=00;36:*.opus=00;36:*.spx=00;36:*.xspf=00;36:'), ('ROS_DOMAIN_ID', '0'), ('AMENT_PREFIX_PATH', '/ros2_ws/install/robot_bringup:/ros2_ws/install/localization:/ros2_ws/install/telemetry_data:/ros2_ws/install/shooting:/ros2_ws/install/rf2o_laser_odometry:/ros2_ws/install/hardware:/ros2_ws/install/ydlidar_ros2_driver:/ros2_ws/install/robot_description:/ros2_ws/install/navigation:/ros2_ws/install/main_brain:/ros2_ws/install/foxglove:/opt/ros/humble'), ('PWD', '/ros2_ws/build/hardware'), ('LC_ALL', 'C.UTF-8'), ('PYTHONPATH', '/opt/ros/humble/lib/python3.10/site-packages:/opt/ros/humble/local/lib/python3.10/dist-packages'), ('COLCON', '1'), ('CMAKE_PREFIX_PATH', '/ros2_ws/install/robot_bringup:/ros2_ws/install/localization:/ros2_ws/install/telemetry_data:/ros2_ws/install/shooting:/ros2_ws/install/rf2o_laser_odometry:/ros2_ws/install/hardware:/ros2_ws/install/ydlidar_ros2_driver:/ros2_ws/install/robot_description:/ros2_ws/install/navigation:/ros2_ws/install/main_brain:/ros2_ws/install/foxglove:/opt/ros/humble')]), 'shell': False}
[63.142534] (hardware) StdoutLine: {'line': b'-- Install configuration: ""\n'}
[63.142788] (-) TimerEvent: {}
[63.144026] (hardware) StdoutLine: {'line': b'-- Execute custom install script\n'}
[63.146314] (hardware) StdoutLine: {'line': b'-- Symlinking: /ros2_ws/install/hardware/share/hardware//hardware_interface_plugins.xml\n'}
[63.156942] (hardware) StdoutLine: {'line': b'-- Symlinking: /ros2_ws/install/hardware/lib/libmotor_driver.so\n'}
[63.169284] (hardware) StdoutLine: {'line': b'-- Symlinking: /ros2_ws/install/hardware/lib/hardware/twist_to_ackermann\n'}
[63.181126] (hardware) StdoutLine: {'line': b'-- Symlinking: /ros2_ws/install/hardware/lib/hardware/heading_pid_controller\n'}
[63.192215] (hardware) StdoutLine: {'line': b'-- Symlinking: /ros2_ws/install/hardware/share/hardware/config/ackermann_steering_controller.yaml\n'}
[63.205980] (hardware) StdoutLine: {'line': b'-- Symlinking: /ros2_ws/install/hardware/share/hardware/config/controller_manager.yaml\n'}
[63.214132] (hardware) StdoutLine: {'line': b'-- Symlinking: /ros2_ws/install/hardware/share/hardware/config/joint_state_broadcaster.yaml\n'}
[63.227668] (hardware) StdoutLine: {'line': b'-- Symlinking: /ros2_ws/install/hardware/share/hardware/config/pid_params.yaml\n'}
[63.241498] (hardware) StdoutLine: {'line': b'-- Up-to-date symlink: /ros2_ws/install/hardware/share/hardware/config/ackermann_steering_controller.yaml\n'}
[63.241992] (hardware) StdoutLine: {'line': b'-- Up-to-date symlink: /ros2_ws/install/hardware/share/hardware/config/controller_manager.yaml\n'}
[63.242164] (hardware) StdoutLine: {'line': b'-- Up-to-date symlink: /ros2_ws/install/hardware/share/hardware/config/joint_state_broadcaster.yaml\n'}
[63.242303] (hardware) StdoutLine: {'line': b'-- Up-to-date symlink: /ros2_ws/install/hardware/share/hardware/config/pid_params.yaml\n'}
[63.242414] (hardware) StdoutLine: {'line': b'-- Symlinking: /ros2_ws/install/hardware/share/hardware/launch/launch.py\n'}
[63.242903] (-) TimerEvent: {}
[63.254621] (hardware) StdoutLine: {'line': b'-- Symlinking: /ros2_ws/install/hardware/share/hardware/ros2_control.xacro\n'}
[63.266787] (hardware) StdoutLine: {'line': b'-- Up-to-date symlink: /ros2_ws/install/hardware/share/hardware/hardware_interface_plugins.xml\n'}
[63.267103] (hardware) StdoutLine: {'line': b'-- Symlinking: /ros2_ws/install/hardware/share/ament_index/resource_index/package_run_dependencies/hardware\n'}
[63.279317] (hardware) StdoutLine: {'line': b'-- Symlinking: /ros2_ws/install/hardware/share/ament_index/resource_index/parent_prefix_path/hardware\n'}
[63.290341] (hardware) StdoutLine: {'line': b'-- Symlinking: /ros2_ws/install/hardware/share/hardware/environment/ament_prefix_path.sh\n'}
[63.301697] (hardware) StdoutLine: {'line': b'-- Symlinking: /ros2_ws/install/hardware/share/hardware/environment/ament_prefix_path.dsv\n'}
[63.313084] (hardware) StdoutLine: {'line': b'-- Symlinking: /ros2_ws/install/hardware/share/hardware/environment/path.sh\n'}
[63.326755] (hardware) StdoutLine: {'line': b'-- Symlinking: /ros2_ws/install/hardware/share/hardware/environment/path.dsv\n'}
[63.338924] (hardware) StdoutLine: {'line': b'-- Symlinking: /ros2_ws/install/hardware/share/hardware/local_setup.bash\n'}
[63.343084] (-) TimerEvent: {}
[63.352484] (hardware) StdoutLine: {'line': b'-- Symlinking: /ros2_ws/install/hardware/share/hardware/local_setup.sh\n'}
[63.364125] (hardware) StdoutLine: {'line': b'-- Symlinking: /ros2_ws/install/hardware/share/hardware/local_setup.zsh\n'}
[63.377376] (hardware) StdoutLine: {'line': b'-- Symlinking: /ros2_ws/install/hardware/share/hardware/local_setup.dsv\n'}
[63.390600] (hardware) StdoutLine: {'line': b'-- Symlinking: /ros2_ws/install/hardware/share/hardware/package.dsv\n'}
[63.404115] (hardware) StdoutLine: {'line': b'-- Symlinking: /ros2_ws/install/hardware/share/ament_index/resource_index/packages/hardware\n'}
[63.421345] (hardware) StdoutLine: {'line': b'-- Symlinking: /ros2_ws/install/hardware/share/ament_index/resource_index/hardware_interface__pluginlib__plugin/hardware\n'}
[63.433348] (hardware) StdoutLine: {'line': b'-- Symlinking: /ros2_ws/install/hardware/share/hardware/cmake/hardwareConfig.cmake\n'}
[63.443218] (-) TimerEvent: {}
[63.445927] (hardware) StdoutLine: {'line': b'-- Symlinking: /ros2_ws/install/hardware/share/hardware/cmake/hardwareConfig-version.cmake\n'}
[63.455907] (hardware) StdoutLine: {'line': b'-- Symlinking: /ros2_ws/install/hardware/share/hardware/package.xml\n'}
[63.468590] (hardware) CommandEnded: {'returncode': 0}
[63.536724] (hardware) JobEnded: {'identifier': 'hardware', 'rc': 0}
[63.543329] (-) TimerEvent: {}
[63.643759] (-) TimerEvent: {}
[63.744174] (-) TimerEvent: {}
[63.844596] (-) TimerEvent: {}
[63.945027] (-) TimerEvent: {}
[64.045506] (-) TimerEvent: {}
[64.145978] (-) TimerEvent: {}
[64.246416] (-) TimerEvent: {}
[64.350157] (-) TimerEvent: {}
[64.450723] (-) TimerEvent: {}
[64.551203] (-) TimerEvent: {}
[64.651630] (-) TimerEvent: {}
[64.752046] (-) TimerEvent: {}
[64.852501] (-) TimerEvent: {}
[64.953053] (-) TimerEvent: {}
[65.053657] (-) TimerEvent: {}
[65.154976] (-) TimerEvent: {}
[65.258179] (-) TimerEvent: {}
[65.362210] (-) TimerEvent: {}
[65.462672] (-) TimerEvent: {}
[65.563165] (-) TimerEvent: {}
[65.663589] (-) TimerEvent: {}
[65.764048] (-) TimerEvent: {}
[65.864507] (-) TimerEvent: {}
[65.964998] (-) TimerEvent: {}
[66.065485] (-) TimerEvent: {}
[66.165956] (-) TimerEvent: {}
[66.266441] (-) TimerEvent: {}
[66.366946] (-) TimerEvent: {}
[66.467411] (-) TimerEvent: {}
[66.569987] (-) TimerEvent: {}
[66.670431] (-) TimerEvent: {}
[66.770844] (-) TimerEvent: {}
[66.871269] (-) TimerEvent: {}
[66.971717] (-) TimerEvent: {}
[67.072157] (-) TimerEvent: {}
[67.172668] (-) TimerEvent: {}
[67.285980] (-) TimerEvent: {}
[67.386489] (-) TimerEvent: {}
[67.486911] (-) TimerEvent: {}
[67.588693] (-) TimerEvent: {}
[67.689289] (-) TimerEvent: {}
[67.789872] (-) TimerEvent: {}
[67.892013] (-) TimerEvent: {}
[67.992600] (-) TimerEvent: {}
[68.093399] (-) TimerEvent: {}
[68.195870] (-) TimerEvent: {}
[68.296491] (-) TimerEvent: {}
[68.396949] (-) TimerEvent: {}
[68.497407] (-) TimerEvent: {}
[68.597922] (-) TimerEvent: {}
[68.699685] (-) TimerEvent: {}
[68.800261] (-) TimerEvent: {}
[68.901274] (-) TimerEvent: {}
[69.001743] (-) TimerEvent: {}
[69.102447] (-) TimerEvent: {}
[69.203660] (-) TimerEvent: {}
[69.304421] (-) TimerEvent: {}
[69.405247] (-) TimerEvent: {}
[69.505916] (-) TimerEvent: {}
[69.606347] (-) TimerEvent: {}
[69.708389] (-) TimerEvent: {}
[69.808926] (-) TimerEvent: {}
[69.909604] (-) TimerEvent: {}
[70.013779] (-) TimerEvent: {}
[70.114489] (-) TimerEvent: {}
[70.215060] (-) TimerEvent: {}
[70.315720] (-) TimerEvent: {}
[70.416502] (-) TimerEvent: {}
[70.517194] (-) TimerEvent: {}
[70.620910] (-) TimerEvent: {}
[70.721572] (-) TimerEvent: {}
[70.822217] (-) TimerEvent: {}
[70.922906] (-) TimerEvent: {}
[71.023474] (-) TimerEvent: {}
[71.124297] (-) TimerEvent: {}
[71.225266] (-) TimerEvent: {}
[71.330359] (-) TimerEvent: {}
[71.430887] (-) TimerEvent: {}
[71.531451] (-) TimerEvent: {}
[71.538343] (telemetry_data) StdoutLine: {'line': b'[ 66%] \x1b[32mBuilding CXX object CMakeFiles/telegraf_bridge.dir/src/telemetry_sender.cpp.o\x1b[0m\n'}
[71.631567] (-) TimerEvent: {}
[71.732200] (-) TimerEvent: {}
[71.832940] (-) TimerEvent: {}
[71.933691] (-) TimerEvent: {}
[72.034270] (-) TimerEvent: {}
[72.138290] (-) TimerEvent: {}
[72.238753] (-) TimerEvent: {}
[72.790283] (-) TimerEvent: {}
[72.890754] (-) TimerEvent: {}
[72.993963] (-) TimerEvent: {}
[73.094369] (-) TimerEvent: {}
[73.194817] (-) TimerEvent: {}
[73.295267] (-) TimerEvent: {}
[73.395711] (-) TimerEvent: {}
[73.496200] (-) TimerEvent: {}
[73.596657] (-) TimerEvent: {}
[73.697096] (-) TimerEvent: {}
[73.802020] (-) TimerEvent: {}
[73.902654] (-) TimerEvent: {}
[74.003261] (-) TimerEvent: {}
[74.103742] (-) TimerEvent: {}
[74.204295] (-) TimerEvent: {}
[74.304888] (-) TimerEvent: {}
[74.389967] (rf2o_laser_odometry) StdoutLine: {'line': b'[ 80%] \x1b[32m\x1b[1mLinking CXX static library librf2o_laser_odometry.a\x1b[0m\n'}
[74.405033] (-) TimerEvent: {}
[74.429726] (rf2o_laser_odometry) StdoutLine: {'line': b'[100%] \x1b[32m\x1b[1mLinking CXX executable rf2o_laser_odometry_node\x1b[0m\n'}
[74.505295] (-) TimerEvent: {}
[74.606021] (-) TimerEvent: {}
[74.706589] (-) TimerEvent: {}
[74.808595] (-) TimerEvent: {}
[74.911079] (-) TimerEvent: {}
[74.928337] (rf2o_laser_odometry) StdoutLine: {'line': b'[100%] Built target rf2o_laser_odometry\n'}
[75.011190] (-) TimerEvent: {}
[75.111666] (-) TimerEvent: {}
[75.212432] (-) TimerEvent: {}
[75.313242] (-) TimerEvent: {}
[75.413976] (-) TimerEvent: {}
[75.514626] (-) TimerEvent: {}
[75.615762] (-) TimerEvent: {}
[75.716301] (-) TimerEvent: {}
[75.817228] (-) TimerEvent: {}
[75.917884] (-) TimerEvent: {}
[76.018630] (-) TimerEvent: {}
[76.119566] (-) TimerEvent: {}
[76.220661] (-) TimerEvent: {}
[76.321323] (-) TimerEvent: {}
[76.422273] (-) TimerEvent: {}
[76.522699] (-) TimerEvent: {}
[76.623213] (-) TimerEvent: {}
[76.723754] (-) TimerEvent: {}
[76.780764] (telemetry_data) StdoutLine: {'line': b'[100%] \x1b[32m\x1b[1mLinking CXX executable telegraf_bridge\x1b[0m\n'}
[76.824019] (-) TimerEvent: {}
[76.925887] (-) TimerEvent: {}
[77.026675] (-) TimerEvent: {}
[77.128743] (-) TimerEvent: {}
[77.230501] (-) TimerEvent: {}
[77.331023] (-) TimerEvent: {}
[77.431615] (-) TimerEvent: {}
[77.532187] (-) TimerEvent: {}
[77.546161] (rf2o_laser_odometry) StdoutLine: {'line': b'[100%] Built target rf2o_laser_odometry_node\n'}
[77.558002] (rf2o_laser_odometry) CommandEnded: {'returncode': 0}
[77.559727] (rf2o_laser_odometry) JobProgress: {'identifier': 'rf2o_laser_odometry', 'progress': 'install'}
[77.559879] (rf2o_laser_odometry) Command: {'cmd': ['/usr/bin/cmake', '--install', '/ros2_ws/build/rf2o_laser_odometry'], 'cwd': '/ros2_ws/build/rf2o_laser_odometry', 'env': OrderedDict([('HOSTNAME', 'yahav'), ('SHLVL', '1'), ('LD_LIBRARY_PATH', '/ros2_ws/install/hardware/lib:/opt/ros/humble/opt/rviz_ogre_vendor/lib:/opt/ros/humble/lib/aarch64-linux-gnu:/opt/ros/humble/lib'), ('HOME', '/root'), ('PYTHONUNBUFFERED', '1'), ('ROS_PYTHON_VERSION', '3'), ('COLCON_PREFIX_PATH', '/ros2_ws/install'), ('ROS_DISTRO', 'humble'), ('_', '/usr/bin/colcon'), ('ROS_VERSION', '2'), ('TERM', 'xterm'), ('ROS_LOCALHOST_ONLY', '0'), ('PATH', '/opt/ros/humble/bin:/usr/local/sbin:/usr/local/bin:/usr/sbin:/usr/bin:/sbin:/bin'), ('DISPLAY', ''), ('LANG', 'C.UTF-8'), ('LS_COLORS', 'rs=0:di=01;34:ln=01;36:mh=00:pi=40;33:so=01;35:do=01;35:bd=40;33;01:cd=40;33;01:or=40;31;01:mi=00:su=37;41:sg=30;43:ca=30;41:tw=30;42:ow=34;42:st=37;44:ex=01;32:*.tar=01;31:*.tgz=01;31:*.arc=01;31:*.arj=01;31:*.taz=01;31:*.lha=01;31:*.lz4=01;31:*.lzh=01;31:*.lzma=01;31:*.tlz=01;31:*.txz=01;31:*.tzo=01;31:*.t7z=01;31:*.zip=01;31:*.z=01;31:*.dz=01;31:*.gz=01;31:*.lrz=01;31:*.lz=01;31:*.lzo=01;31:*.xz=01;31:*.zst=01;31:*.tzst=01;31:*.bz2=01;31:*.bz=01;31:*.tbz=01;31:*.tbz2=01;31:*.tz=01;31:*.deb=01;31:*.rpm=01;31:*.jar=01;31:*.war=01;31:*.ear=01;31:*.sar=01;31:*.rar=01;31:*.alz=01;31:*.ace=01;31:*.zoo=01;31:*.cpio=01;31:*.7z=01;31:*.rz=01;31:*.cab=01;31:*.wim=01;31:*.swm=01;31:*.dwm=01;31:*.esd=01;31:*.jpg=01;35:*.jpeg=01;35:*.mjpg=01;35:*.mjpeg=01;35:*.gif=01;35:*.bmp=01;35:*.pbm=01;35:*.pgm=01;35:*.ppm=01;35:*.tga=01;35:*.xbm=01;35:*.xpm=01;35:*.tif=01;35:*.tiff=01;35:*.png=01;35:*.svg=01;35:*.svgz=01;35:*.mng=01;35:*.pcx=01;35:*.mov=01;35:*.mpg=01;35:*.mpeg=01;35:*.m2v=01;35:*.mkv=01;35:*.webm=01;35:*.webp=01;35:*.ogm=01;35:*.mp4=01;35:*.m4v=01;35:*.mp4v=01;35:*.vob=01;35:*.qt=01;35:*.nuv=01;35:*.wmv=01;35:*.asf=01;35:*.rm=01;35:*.rmvb=01;35:*.flc=01;35:*.avi=01;35:*.fli=01;35:*.flv=01;35:*.gl=01;35:*.dl=01;35:*.xcf=01;35:*.xwd=01;35:*.yuv=01;35:*.cgm=01;35:*.emf=01;35:*.ogv=01;35:*.ogx=01;35:*.aac=00;36:*.au=00;36:*.flac=00;36:*.m4a=00;36:*.mid=00;36:*.midi=00;36:*.mka=00;36:*.mp3=00;36:*.mpc=00;36:*.ogg=00;36:*.ra=00;36:*.wav=00;36:*.oga=00;36:*.opus=00;36:*.spx=00;36:*.xspf=00;36:'), ('ROS_DOMAIN_ID', '0'), ('AMENT_PREFIX_PATH', '/ros2_ws/install/robot_bringup:/ros2_ws/install/localization:/ros2_ws/install/telemetry_data:/ros2_ws/install/shooting:/ros2_ws/install/rf2o_laser_odometry:/ros2_ws/install/hardware:/ros2_ws/install/ydlidar_ros2_driver:/ros2_ws/install/robot_description:/ros2_ws/install/navigation:/ros2_ws/install/main_brain:/ros2_ws/install/foxglove:/opt/ros/humble'), ('PWD', '/ros2_ws/build/rf2o_laser_odometry'), ('LC_ALL', 'C.UTF-8'), ('PYTHONPATH', '/opt/ros/humble/lib/python3.10/site-packages:/opt/ros/humble/local/lib/python3.10/dist-packages'), ('COLCON', '1'), ('CMAKE_PREFIX_PATH', '/ros2_ws/install/robot_bringup:/ros2_ws/install/localization:/ros2_ws/install/telemetry_data:/ros2_ws/install/shooting:/ros2_ws/install/rf2o_laser_odometry:/ros2_ws/install/hardware:/ros2_ws/install/ydlidar_ros2_driver:/ros2_ws/install/robot_description:/ros2_ws/install/navigation:/ros2_ws/install/main_brain:/ros2_ws/install/foxglove:/opt/ros/humble')]), 'shell': False}
[77.569725] (rf2o_laser_odometry) StdoutLine: {'line': b'-- Install configuration: ""\n'}
[77.570367] (rf2o_laser_odometry) StdoutLine: {'line': b'-- Execute custom install script\n'}
[77.571283] (rf2o_laser_odometry) StdoutLine: {'line': b'-- Symlinking: /ros2_ws/install/rf2o_laser_odometry/lib/rf2o_laser_odometry/rf2o_laser_odometry_node\n'}
[77.583331] (rf2o_laser_odometry) StdoutLine: {'line': b'-- Symlinking: /ros2_ws/install/rf2o_laser_odometry/share/rf2o_laser_odometry/launch/rf2o_laser_odometry.launch.py\n'}
[77.592545] (rf2o_laser_odometry) StdoutLine: {'line': b'-- Symlinking: /ros2_ws/install/rf2o_laser_odometry/share/ament_index/resource_index/package_run_dependencies/rf2o_laser_odometry\n'}
[77.601710] (rf2o_laser_odometry) StdoutLine: {'line': b'-- Symlinking: /ros2_ws/install/rf2o_laser_odometry/share/ament_index/resource_index/parent_prefix_path/rf2o_laser_odometry\n'}
[77.610710] (rf2o_laser_odometry) StdoutLine: {'line': b'-- Symlinking: /ros2_ws/install/rf2o_laser_odometry/share/rf2o_laser_odometry/environment/ament_prefix_path.sh\n'}
[77.626523] (rf2o_laser_odometry) StdoutLine: {'line': b'-- Symlinking: /ros2_ws/install/rf2o_laser_odometry/share/rf2o_laser_odometry/environment/ament_prefix_path.dsv\n'}
[77.633251] (-) TimerEvent: {}
[77.635433] (rf2o_laser_odometry) StdoutLine: {'line': b'-- Symlinking: /ros2_ws/install/rf2o_laser_odometry/share/rf2o_laser_odometry/environment/path.sh\n'}
[77.644238] (rf2o_laser_odometry) StdoutLine: {'line': b'-- Symlinking: /ros2_ws/install/rf2o_laser_odometry/share/rf2o_laser_odometry/environment/path.dsv\n'}
[77.653516] (rf2o_laser_odometry) StdoutLine: {'line': b'-- Symlinking: /ros2_ws/install/rf2o_laser_odometry/share/rf2o_laser_odometry/local_setup.bash\n'}
[77.662487] (rf2o_laser_odometry) StdoutLine: {'line': b'-- Symlinking: /ros2_ws/install/rf2o_laser_odometry/share/rf2o_laser_odometry/local_setup.sh\n'}
[77.671592] (rf2o_laser_odometry) StdoutLine: {'line': b'-- Symlinking: /ros2_ws/install/rf2o_laser_odometry/share/rf2o_laser_odometry/local_setup.zsh\n'}
[77.682125] (rf2o_laser_odometry) StdoutLine: {'line': b'-- Symlinking: /ros2_ws/install/rf2o_laser_odometry/share/rf2o_laser_odometry/local_setup.dsv\n'}
[77.693468] (rf2o_laser_odometry) StdoutLine: {'line': b'-- Symlinking: /ros2_ws/install/rf2o_laser_odometry/share/rf2o_laser_odometry/package.dsv\n'}
[77.703791] (rf2o_laser_odometry) StdoutLine: {'line': b'-- Symlinking: /ros2_ws/install/rf2o_laser_odometry/share/ament_index/resource_index/packages/rf2o_laser_odometry\n'}
[77.709050] (telemetry_data) StdoutLine: {'line': b'[100%] Built target telegraf_bridge\n'}
[77.712997] (rf2o_laser_odometry) StdoutLine: {'line': b'-- Symlinking: /ros2_ws/install/rf2o_laser_odometry/share/rf2o_laser_odometry/cmake/rf2o_laser_odometryConfig.cmake\n'}
[77.722269] (telemetry_data) CommandEnded: {'returncode': 0}
[77.723912] (telemetry_data) JobProgress: {'identifier': 'telemetry_data', 'progress': 'install'}
[77.724145] (telemetry_data) Command: {'cmd': ['/usr/bin/cmake', '--install', '/ros2_ws/build/telemetry_data'], 'cwd': '/ros2_ws/build/telemetry_data', 'env': OrderedDict([('HOSTNAME', 'yahav'), ('SHLVL', '1'), ('LD_LIBRARY_PATH', '/ros2_ws/install/hardware/lib:/opt/ros/humble/opt/rviz_ogre_vendor/lib:/opt/ros/humble/lib/aarch64-linux-gnu:/opt/ros/humble/lib'), ('HOME', '/root'), ('PYTHONUNBUFFERED', '1'), ('ROS_PYTHON_VERSION', '3'), ('COLCON_PREFIX_PATH', '/ros2_ws/install'), ('ROS_DISTRO', 'humble'), ('_', '/usr/bin/colcon'), ('ROS_VERSION', '2'), ('TERM', 'xterm'), ('ROS_LOCALHOST_ONLY', '0'), ('PATH', '/opt/ros/humble/bin:/usr/local/sbin:/usr/local/bin:/usr/sbin:/usr/bin:/sbin:/bin'), ('DISPLAY', ''), ('LANG', 'C.UTF-8'), ('LS_COLORS', 'rs=0:di=01;34:ln=01;36:mh=00:pi=40;33:so=01;35:do=01;35:bd=40;33;01:cd=40;33;01:or=40;31;01:mi=00:su=37;41:sg=30;43:ca=30;41:tw=30;42:ow=34;42:st=37;44:ex=01;32:*.tar=01;31:*.tgz=01;31:*.arc=01;31:*.arj=01;31:*.taz=01;31:*.lha=01;31:*.lz4=01;31:*.lzh=01;31:*.lzma=01;31:*.tlz=01;31:*.txz=01;31:*.tzo=01;31:*.t7z=01;31:*.zip=01;31:*.z=01;31:*.dz=01;31:*.gz=01;31:*.lrz=01;31:*.lz=01;31:*.lzo=01;31:*.xz=01;31:*.zst=01;31:*.tzst=01;31:*.bz2=01;31:*.bz=01;31:*.tbz=01;31:*.tbz2=01;31:*.tz=01;31:*.deb=01;31:*.rpm=01;31:*.jar=01;31:*.war=01;31:*.ear=01;31:*.sar=01;31:*.rar=01;31:*.alz=01;31:*.ace=01;31:*.zoo=01;31:*.cpio=01;31:*.7z=01;31:*.rz=01;31:*.cab=01;31:*.wim=01;31:*.swm=01;31:*.dwm=01;31:*.esd=01;31:*.jpg=01;35:*.jpeg=01;35:*.mjpg=01;35:*.mjpeg=01;35:*.gif=01;35:*.bmp=01;35:*.pbm=01;35:*.pgm=01;35:*.ppm=01;35:*.tga=01;35:*.xbm=01;35:*.xpm=01;35:*.tif=01;35:*.tiff=01;35:*.png=01;35:*.svg=01;35:*.svgz=01;35:*.mng=01;35:*.pcx=01;35:*.mov=01;35:*.mpg=01;35:*.mpeg=01;35:*.m2v=01;35:*.mkv=01;35:*.webm=01;35:*.webp=01;35:*.ogm=01;35:*.mp4=01;35:*.m4v=01;35:*.mp4v=01;35:*.vob=01;35:*.qt=01;35:*.nuv=01;35:*.wmv=01;35:*.asf=01;35:*.rm=01;35:*.rmvb=01;35:*.flc=01;35:*.avi=01;35:*.fli=01;35:*.flv=01;35:*.gl=01;35:*.dl=01;35:*.xcf=01;35:*.xwd=01;35:*.yuv=01;35:*.cgm=01;35:*.emf=01;35:*.ogv=01;35:*.ogx=01;35:*.aac=00;36:*.au=00;36:*.flac=00;36:*.m4a=00;36:*.mid=00;36:*.midi=00;36:*.mka=00;36:*.mp3=00;36:*.mpc=00;36:*.ogg=00;36:*.ra=00;36:*.wav=00;36:*.oga=00;36:*.opus=00;36:*.spx=00;36:*.xspf=00;36:'), ('ROS_DOMAIN_ID', '0'), ('AMENT_PREFIX_PATH', '/ros2_ws/install/robot_bringup:/ros2_ws/install/localization:/ros2_ws/install/telemetry_data:/ros2_ws/install/shooting:/ros2_ws/install/rf2o_laser_odometry:/ros2_ws/install/hardware:/ros2_ws/install/ydlidar_ros2_driver:/ros2_ws/install/robot_description:/ros2_ws/install/navigation:/ros2_ws/install/main_brain:/ros2_ws/install/foxglove:/opt/ros/humble'), ('PWD', '/ros2_ws/build/telemetry_data'), ('LC_ALL', 'C.UTF-8'), ('PYTHONPATH', '/opt/ros/humble/lib/python3.10/site-packages:/opt/ros/humble/local/lib/python3.10/dist-packages'), ('COLCON', '1'), ('CMAKE_PREFIX_PATH', '/ros2_ws/install/robot_bringup:/ros2_ws/install/localization:/ros2_ws/install/telemetry_data:/ros2_ws/install/shooting:/ros2_ws/install/rf2o_laser_odometry:/ros2_ws/install/hardware:/ros2_ws/install/ydlidar_ros2_driver:/ros2_ws/install/robot_description:/ros2_ws/install/navigation:/ros2_ws/install/main_brain:/ros2_ws/install/foxglove:/opt/ros/humble')]), 'shell': False}
[77.727193] (rf2o_laser_odometry) StdoutLine: {'line': b'-- Symlinking: /ros2_ws/install/rf2o_laser_odometry/share/rf2o_laser_odometry/cmake/rf2o_laser_odometryConfig-version.cmake\n'}
[77.731726] (telemetry_data) StdoutLine: {'line': b'-- Install configuration: ""\n'}
[77.732644] (rf2o_laser_odometry) StdoutLine: {'line': b'-- Symlinking: /ros2_ws/install/rf2o_laser_odometry/share/rf2o_laser_odometry/package.xml\n'}
[77.732819] (telemetry_data) StdoutLine: {'line': b'-- Execute custom install script\n'}
[77.733320] (-) TimerEvent: {}
[77.733728] (telemetry_data) StdoutLine: {'line': b'-- Symlinking: /ros2_ws/install/telemetry_data/lib/telemetry_data/telegraf_bridge\n'}
[77.743583] (telemetry_data) StdoutLine: {'line': b'-- Symlinking: /ros2_ws/install/telemetry_data/share/telemetry_data/launch/launch.py\n'}
[77.744574] (rf2o_laser_odometry) CommandEnded: {'returncode': 0}
[77.754031] (telemetry_data) StdoutLine: {'line': b'-- Symlinking: /ros2_ws/install/telemetry_data/share/ament_index/resource_index/package_run_dependencies/telemetry_data\n'}
[77.762349] (telemetry_data) StdoutLine: {'line': b'-- Symlinking: /ros2_ws/install/telemetry_data/share/ament_index/resource_index/parent_prefix_path/telemetry_data\n'}
[77.767603] (rf2o_laser_odometry) JobEnded: {'identifier': 'rf2o_laser_odometry', 'rc': 0}
[77.769384] (localization) JobStarted: {'identifier': 'localization'}
[77.771195] (telemetry_data) StdoutLine: {'line': b'-- Symlinking: /ros2_ws/install/telemetry_data/share/telemetry_data/environment/ament_prefix_path.sh\n'}
[77.779471] (localization) JobProgress: {'identifier': 'localization', 'progress': 'cmake'}
[77.780485] (telemetry_data) StdoutLine: {'line': b'-- Symlinking: /ros2_ws/install/telemetry_data/share/telemetry_data/environment/ament_prefix_path.dsv\n'}
[77.781035] (localization) Command: {'cmd': ['/usr/bin/cmake', '/ros2_ws/src/localization', '-DAMENT_CMAKE_SYMLINK_INSTALL=1', '-DCMAKE_INSTALL_PREFIX=/ros2_ws/install/localization'], 'cwd': '/ros2_ws/build/localization', 'env': OrderedDict([('HOSTNAME', 'yahav'), ('SHLVL', '1'), ('LD_LIBRARY_PATH', '/ros2_ws/install/hardware/lib:/opt/ros/humble/opt/rviz_ogre_vendor/lib:/opt/ros/humble/lib/aarch64-linux-gnu:/opt/ros/humble/lib'), ('HOME', '/root'), ('PYTHONUNBUFFERED', '1'), ('ROS_PYTHON_VERSION', '3'), ('COLCON_PREFIX_PATH', '/ros2_ws/install'), ('ROS_DISTRO', 'humble'), ('_', '/usr/bin/colcon'), ('ROS_VERSION', '2'), ('TERM', 'xterm'), ('ROS_LOCALHOST_ONLY', '0'), ('PATH', '/opt/ros/humble/bin:/usr/local/sbin:/usr/local/bin:/usr/sbin:/usr/bin:/sbin:/bin'), ('DISPLAY', ''), ('LANG', 'C.UTF-8'), ('LS_COLORS', 'rs=0:di=01;34:ln=01;36:mh=00:pi=40;33:so=01;35:do=01;35:bd=40;33;01:cd=40;33;01:or=40;31;01:mi=00:su=37;41:sg=30;43:ca=30;41:tw=30;42:ow=34;42:st=37;44:ex=01;32:*.tar=01;31:*.tgz=01;31:*.arc=01;31:*.arj=01;31:*.taz=01;31:*.lha=01;31:*.lz4=01;31:*.lzh=01;31:*.lzma=01;31:*.tlz=01;31:*.txz=01;31:*.tzo=01;31:*.t7z=01;31:*.zip=01;31:*.z=01;31:*.dz=01;31:*.gz=01;31:*.lrz=01;31:*.lz=01;31:*.lzo=01;31:*.xz=01;31:*.zst=01;31:*.tzst=01;31:*.bz2=01;31:*.bz=01;31:*.tbz=01;31:*.tbz2=01;31:*.tz=01;31:*.deb=01;31:*.rpm=01;31:*.jar=01;31:*.war=01;31:*.ear=01;31:*.sar=01;31:*.rar=01;31:*.alz=01;31:*.ace=01;31:*.zoo=01;31:*.cpio=01;31:*.7z=01;31:*.rz=01;31:*.cab=01;31:*.wim=01;31:*.swm=01;31:*.dwm=01;31:*.esd=01;31:*.jpg=01;35:*.jpeg=01;35:*.mjpg=01;35:*.mjpeg=01;35:*.gif=01;35:*.bmp=01;35:*.pbm=01;35:*.pgm=01;35:*.ppm=01;35:*.tga=01;35:*.xbm=01;35:*.xpm=01;35:*.tif=01;35:*.tiff=01;35:*.png=01;35:*.svg=01;35:*.svgz=01;35:*.mng=01;35:*.pcx=01;35:*.mov=01;35:*.mpg=01;35:*.mpeg=01;35:*.m2v=01;35:*.mkv=01;35:*.webm=01;35:*.webp=01;35:*.ogm=01;35:*.mp4=01;35:*.m4v=01;35:*.mp4v=01;35:*.vob=01;35:*.qt=01;35:*.nuv=01;35:*.wmv=01;35:*.asf=01;35:*.rm=01;35:*.rmvb=01;35:*.flc=01;35:*.avi=01;35:*.fli=01;35:*.flv=01;35:*.gl=01;35:*.dl=01;35:*.xcf=01;35:*.xwd=01;35:*.yuv=01;35:*.cgm=01;35:*.emf=01;35:*.ogv=01;35:*.ogx=01;35:*.aac=00;36:*.au=00;36:*.flac=00;36:*.m4a=00;36:*.mid=00;36:*.midi=00;36:*.mka=00;36:*.mp3=00;36:*.mpc=00;36:*.ogg=00;36:*.ra=00;36:*.wav=00;36:*.oga=00;36:*.opus=00;36:*.spx=00;36:*.xspf=00;36:'), ('ROS_DOMAIN_ID', '0'), ('AMENT_PREFIX_PATH', '/ros2_ws/install/robot_bringup:/ros2_ws/install/localization:/ros2_ws/install/telemetry_data:/ros2_ws/install/shooting:/ros2_ws/install/rf2o_laser_odometry:/ros2_ws/install/hardware:/ros2_ws/install/ydlidar_ros2_driver:/ros2_ws/install/robot_description:/ros2_ws/install/navigation:/ros2_ws/install/main_brain:/ros2_ws/install/foxglove:/opt/ros/humble'), ('PWD', '/ros2_ws/build/localization'), ('LC_ALL', 'C.UTF-8'), ('PYTHONPATH', '/opt/ros/humble/lib/python3.10/site-packages:/opt/ros/humble/local/lib/python3.10/dist-packages'), ('COLCON', '1'), ('CMAKE_PREFIX_PATH', '/ros2_ws/install/ydlidar_ros2_driver:/ros2_ws/install/rf2o_laser_odometry:/ros2_ws/install/robot_bringup:/ros2_ws/install/localization:/ros2_ws/install/telemetry_data:/ros2_ws/install/shooting:/ros2_ws/install/hardware:/ros2_ws/install/robot_description:/ros2_ws/install/navigation:/ros2_ws/install/main_brain:/ros2_ws/install/foxglove:/opt/ros/humble')]), 'shell': False}
[77.789695] (telemetry_data) StdoutLine: {'line': b'-- Symlinking: /ros2_ws/install/telemetry_data/share/telemetry_data/environment/path.sh\n'}
[77.799157] (telemetry_data) StdoutLine: {'line': b'-- Symlinking: /ros2_ws/install/telemetry_data/share/telemetry_data/environment/path.dsv\n'}
[77.814031] (telemetry_data) StdoutLine: {'line': b'-- Symlinking: /ros2_ws/install/telemetry_data/share/telemetry_data/local_setup.bash\n'}
[77.821161] (telemetry_data) StdoutLine: {'line': b'-- Symlinking: /ros2_ws/install/telemetry_data/share/telemetry_data/local_setup.sh\n'}
[77.830857] (telemetry_data) StdoutLine: {'line': b'-- Symlinking: /ros2_ws/install/telemetry_data/share/telemetry_data/local_setup.zsh\n'}
[77.833470] (-) TimerEvent: {}
[77.842185] (telemetry_data) StdoutLine: {'line': b'-- Symlinking: /ros2_ws/install/telemetry_data/share/telemetry_data/local_setup.dsv\n'}
[77.852814] (localization) StdoutLine: {'line': b'-- The C compiler identification is GNU 11.4.0\n'}
[77.853497] (telemetry_data) StdoutLine: {'line': b'-- Symlinking: /ros2_ws/install/telemetry_data/share/telemetry_data/package.dsv\n'}
[77.861955] (telemetry_data) StdoutLine: {'line': b'-- Symlinking: /ros2_ws/install/telemetry_data/share/ament_index/resource_index/packages/telemetry_data\n'}
[77.871792] (telemetry_data) StdoutLine: {'line': b'-- Symlinking: /ros2_ws/install/telemetry_data/share/telemetry_data/cmake/telemetry_dataConfig.cmake\n'}
[77.880371] (telemetry_data) StdoutLine: {'line': b'-- Symlinking: /ros2_ws/install/telemetry_data/share/telemetry_data/cmake/telemetry_dataConfig-version.cmake\n'}
[77.890214] (telemetry_data) StdoutLine: {'line': b'-- Symlinking: /ros2_ws/install/telemetry_data/share/telemetry_data/package.xml\n'}
[77.902421] (telemetry_data) CommandEnded: {'returncode': 0}
[77.921057] (localization) StdoutLine: {'line': b'-- The CXX compiler identification is GNU 11.4.0\n'}
[77.928036] (telemetry_data) JobEnded: {'identifier': 'telemetry_data', 'rc': 0}
[77.931604] (localization) StdoutLine: {'line': b'-- Detecting C compiler ABI info\n'}
[77.933799] (-) TimerEvent: {}
[78.035343] (-) TimerEvent: {}
[78.058831] (localization) StdoutLine: {'line': b'-- Detecting C compiler ABI info - done\n'}
[78.069774] (localization) StdoutLine: {'line': b'-- Check for working C compiler: /usr/bin/cc - skipped\n'}
[78.070093] (localization) StdoutLine: {'line': b'-- Detecting C compile features\n'}
[78.070592] (localization) StdoutLine: {'line': b'-- Detecting C compile features - done\n'}
[78.074689] (localization) StdoutLine: {'line': b'-- Detecting CXX compiler ABI info\n'}
[78.135454] (-) TimerEvent: {}
[78.174027] (localization) StdoutLine: {'line': b'-- Detecting CXX compiler ABI info - done\n'}
[78.180504] (localization) StdoutLine: {'line': b'-- Check for working CXX compiler: /usr/bin/c++ - skipped\n'}
[78.181099] (localization) StdoutLine: {'line': b'-- Detecting CXX compile features\n'}
[78.181505] (localization) StdoutLine: {'line': b'-- Detecting CXX compile features - done\n'}
[78.186087] (localization) StdoutLine: {'line': b'-- Found ament_cmake: 1.3.14 (/opt/ros/humble/share/ament_cmake/cmake)\n'}
[78.236452] (-) TimerEvent: {}
[78.332203] (localization) StdoutLine: {'line': b'-- Found Python3: /usr/bin/python3 (found version "3.10.12") found components: Interpreter \n'}
[78.336537] (-) TimerEvent: {}
[78.409068] (localization) StdoutLine: {'line': b'-- Override CMake install command with custom implementation using symlinks instead of copying resources\n'}
[78.436645] (-) TimerEvent: {}
[78.451630] (localization) StdoutLine: {'line': b'-- Found tf2_ros: 0.25.20 (/opt/ros/humble/share/tf2_ros/cmake)\n'}
[78.506473] (localization) StdoutLine: {'line': b'-- Found rosidl_generator_c: 3.1.8 (/opt/ros/humble/share/rosidl_generator_c/cmake)\n'}
[78.514767] (localization) StdoutLine: {'line': b'-- Found rosidl_adapter: 3.1.8 (/opt/ros/humble/share/rosidl_adapter/cmake)\n'}
[78.526937] (localization) StdoutLine: {'line': b'-- Found rosidl_generator_cpp: 3.1.8 (/opt/ros/humble/share/rosidl_generator_cpp/cmake)\n'}
[78.536726] (-) TimerEvent: {}
[78.544318] (localization) StdoutLine: {'line': b'-- Using all available rosidl_typesupport_c: rosidl_typesupport_fastrtps_c;rosidl_typesupport_introspection_c\n'}
[78.570309] (localization) StdoutLine: {'line': b'-- Using all available rosidl_typesupport_cpp: rosidl_typesupport_fastrtps_cpp;rosidl_typesupport_introspection_cpp\n'}
[78.636839] (-) TimerEvent: {}
[78.690878] (localization) StdoutLine: {'line': b'-- Found rmw_implementation_cmake: 6.1.2 (/opt/ros/humble/share/rmw_implementation_cmake/cmake)\n'}
[78.695250] (localization) StdoutLine: {'line': b'-- Found rmw_fastrtps_cpp: 6.2.10 (/opt/ros/humble/share/rmw_fastrtps_cpp/cmake)\n'}
[78.736946] (-) TimerEvent: {}
[78.778476] (localization) StdoutLine: {'line': b'-- Found OpenSSL: /usr/lib/aarch64-linux-gnu/libcrypto.so (found version "3.0.2")  \n'}
[78.808728] (localization) StdoutLine: {'line': b'-- Found FastRTPS: /opt/ros/humble/include  \n'}
[78.837051] (-) TimerEvent: {}
[78.857525] (localization) StdoutLine: {'line': b"-- Using RMW implementation 'rmw_fastrtps_cpp' as default\n"}
[78.869904] (localization) StdoutLine: {'line': b'-- Looking for pthread.h\n'}
[78.937931] (-) TimerEvent: {}
[78.947157] (localization) StdoutLine: {'line': b'-- Looking for pthread.h - found\n'}
[78.947487] (localization) StdoutLine: {'line': b'-- Performing Test CMAKE_HAVE_LIBC_PTHREAD\n'}
[79.038069] (-) TimerEvent: {}
[79.038556] (localization) StdoutLine: {'line': b'-- Performing Test CMAKE_HAVE_LIBC_PTHREAD - Success\n'}
[79.042047] (localization) StdoutLine: {'line': b'-- Found Threads: TRUE  \n'}
[79.138168] (-) TimerEvent: {}
[79.238578] (-) TimerEvent: {}
[79.247758] (localization) StdoutLine: {'line': b'-- Found ament_lint_auto: 0.12.15 (/opt/ros/humble/share/ament_lint_auto/cmake)\n'}
[79.338683] (-) TimerEvent: {}
[79.351090] (localization) StdoutLine: {'line': b"-- Added test 'flake8' to check Python code syntax and style conventions\n"}
[79.351570] (localization) StdoutLine: {'line': b"-- Added test 'lint_cmake' to check CMake code style\n"}
[79.352255] (localization) StdoutLine: {'line': b"-- Added test 'pep257' to check Python code against some of the docstring style conventions in PEP 257\n"}
[79.353312] (localization) StdoutLine: {'line': b"-- Added test 'xmllint' to check XML markup files\n"}
[79.357246] (localization) StdoutLine: {'line': b'-- Configuring done\n'}
[79.360393] (localization) StdoutLine: {'line': b'-- Generating done\n'}
[79.363073] (localization) StdoutLine: {'line': b'-- Build files have been written to: /ros2_ws/build/localization\n'}
[79.378148] (localization) CommandEnded: {'returncode': 0}
[79.378981] (localization) JobProgress: {'identifier': 'localization', 'progress': 'build'}
[79.379022] (localization) Command: {'cmd': ['/usr/bin/cmake', '--build', '/ros2_ws/build/localization', '--', '-j4', '-l4'], 'cwd': '/ros2_ws/build/localization', 'env': OrderedDict([('HOSTNAME', 'yahav'), ('SHLVL', '1'), ('LD_LIBRARY_PATH', '/ros2_ws/install/hardware/lib:/opt/ros/humble/opt/rviz_ogre_vendor/lib:/opt/ros/humble/lib/aarch64-linux-gnu:/opt/ros/humble/lib'), ('HOME', '/root'), ('PYTHONUNBUFFERED', '1'), ('ROS_PYTHON_VERSION', '3'), ('COLCON_PREFIX_PATH', '/ros2_ws/install'), ('ROS_DISTRO', 'humble'), ('_', '/usr/bin/colcon'), ('ROS_VERSION', '2'), ('TERM', 'xterm'), ('ROS_LOCALHOST_ONLY', '0'), ('PATH', '/opt/ros/humble/bin:/usr/local/sbin:/usr/local/bin:/usr/sbin:/usr/bin:/sbin:/bin'), ('DISPLAY', ''), ('LANG', 'C.UTF-8'), ('LS_COLORS', 'rs=0:di=01;34:ln=01;36:mh=00:pi=40;33:so=01;35:do=01;35:bd=40;33;01:cd=40;33;01:or=40;31;01:mi=00:su=37;41:sg=30;43:ca=30;41:tw=30;42:ow=34;42:st=37;44:ex=01;32:*.tar=01;31:*.tgz=01;31:*.arc=01;31:*.arj=01;31:*.taz=01;31:*.lha=01;31:*.lz4=01;31:*.lzh=01;31:*.lzma=01;31:*.tlz=01;31:*.txz=01;31:*.tzo=01;31:*.t7z=01;31:*.zip=01;31:*.z=01;31:*.dz=01;31:*.gz=01;31:*.lrz=01;31:*.lz=01;31:*.lzo=01;31:*.xz=01;31:*.zst=01;31:*.tzst=01;31:*.bz2=01;31:*.bz=01;31:*.tbz=01;31:*.tbz2=01;31:*.tz=01;31:*.deb=01;31:*.rpm=01;31:*.jar=01;31:*.war=01;31:*.ear=01;31:*.sar=01;31:*.rar=01;31:*.alz=01;31:*.ace=01;31:*.zoo=01;31:*.cpio=01;31:*.7z=01;31:*.rz=01;31:*.cab=01;31:*.wim=01;31:*.swm=01;31:*.dwm=01;31:*.esd=01;31:*.jpg=01;35:*.jpeg=01;35:*.mjpg=01;35:*.mjpeg=01;35:*.gif=01;35:*.bmp=01;35:*.pbm=01;35:*.pgm=01;35:*.ppm=01;35:*.tga=01;35:*.xbm=01;35:*.xpm=01;35:*.tif=01;35:*.tiff=01;35:*.png=01;35:*.svg=01;35:*.svgz=01;35:*.mng=01;35:*.pcx=01;35:*.mov=01;35:*.mpg=01;35:*.mpeg=01;35:*.m2v=01;35:*.mkv=01;35:*.webm=01;35:*.webp=01;35:*.ogm=01;35:*.mp4=01;35:*.m4v=01;35:*.mp4v=01;35:*.vob=01;35:*.qt=01;35:*.nuv=01;35:*.wmv=01;35:*.asf=01;35:*.rm=01;35:*.rmvb=01;35:*.flc=01;35:*.avi=01;35:*.fli=01;35:*.flv=01;35:*.gl=01;35:*.dl=01;35:*.xcf=01;35:*.xwd=01;35:*.yuv=01;35:*.cgm=01;35:*.emf=01;35:*.ogv=01;35:*.ogx=01;35:*.aac=00;36:*.au=00;36:*.flac=00;36:*.m4a=00;36:*.mid=00;36:*.midi=00;36:*.mka=00;36:*.mp3=00;36:*.mpc=00;36:*.ogg=00;36:*.ra=00;36:*.wav=00;36:*.oga=00;36:*.opus=00;36:*.spx=00;36:*.xspf=00;36:'), ('ROS_DOMAIN_ID', '0'), ('AMENT_PREFIX_PATH', '/ros2_ws/install/robot_bringup:/ros2_ws/install/localization:/ros2_ws/install/telemetry_data:/ros2_ws/install/shooting:/ros2_ws/install/rf2o_laser_odometry:/ros2_ws/install/hardware:/ros2_ws/install/ydlidar_ros2_driver:/ros2_ws/install/robot_description:/ros2_ws/install/navigation:/ros2_ws/install/main_brain:/ros2_ws/install/foxglove:/opt/ros/humble'), ('PWD', '/ros2_ws/build/localization'), ('LC_ALL', 'C.UTF-8'), ('PYTHONPATH', '/opt/ros/humble/lib/python3.10/site-packages:/opt/ros/humble/local/lib/python3.10/dist-packages'), ('COLCON', '1'), ('CMAKE_PREFIX_PATH', '/ros2_ws/install/ydlidar_ros2_driver:/ros2_ws/install/rf2o_laser_odometry:/ros2_ws/install/robot_bringup:/ros2_ws/install/localization:/ros2_ws/install/telemetry_data:/ros2_ws/install/shooting:/ros2_ws/install/hardware:/ros2_ws/install/robot_description:/ros2_ws/install/navigation:/ros2_ws/install/main_brain:/ros2_ws/install/foxglove:/opt/ros/humble')]), 'shell': False}
[79.418317] (localization) CommandEnded: {'returncode': 0}
[79.419011] (localization) JobProgress: {'identifier': 'localization', 'progress': 'install'}
[79.419326] (localization) Command: {'cmd': ['/usr/bin/cmake', '--install', '/ros2_ws/build/localization'], 'cwd': '/ros2_ws/build/localization', 'env': OrderedDict([('HOSTNAME', 'yahav'), ('SHLVL', '1'), ('LD_LIBRARY_PATH', '/ros2_ws/install/hardware/lib:/opt/ros/humble/opt/rviz_ogre_vendor/lib:/opt/ros/humble/lib/aarch64-linux-gnu:/opt/ros/humble/lib'), ('HOME', '/root'), ('PYTHONUNBUFFERED', '1'), ('ROS_PYTHON_VERSION', '3'), ('COLCON_PREFIX_PATH', '/ros2_ws/install'), ('ROS_DISTRO', 'humble'), ('_', '/usr/bin/colcon'), ('ROS_VERSION', '2'), ('TERM', 'xterm'), ('ROS_LOCALHOST_ONLY', '0'), ('PATH', '/opt/ros/humble/bin:/usr/local/sbin:/usr/local/bin:/usr/sbin:/usr/bin:/sbin:/bin'), ('DISPLAY', ''), ('LANG', 'C.UTF-8'), ('LS_COLORS', 'rs=0:di=01;34:ln=01;36:mh=00:pi=40;33:so=01;35:do=01;35:bd=40;33;01:cd=40;33;01:or=40;31;01:mi=00:su=37;41:sg=30;43:ca=30;41:tw=30;42:ow=34;42:st=37;44:ex=01;32:*.tar=01;31:*.tgz=01;31:*.arc=01;31:*.arj=01;31:*.taz=01;31:*.lha=01;31:*.lz4=01;31:*.lzh=01;31:*.lzma=01;31:*.tlz=01;31:*.txz=01;31:*.tzo=01;31:*.t7z=01;31:*.zip=01;31:*.z=01;31:*.dz=01;31:*.gz=01;31:*.lrz=01;31:*.lz=01;31:*.lzo=01;31:*.xz=01;31:*.zst=01;31:*.tzst=01;31:*.bz2=01;31:*.bz=01;31:*.tbz=01;31:*.tbz2=01;31:*.tz=01;31:*.deb=01;31:*.rpm=01;31:*.jar=01;31:*.war=01;31:*.ear=01;31:*.sar=01;31:*.rar=01;31:*.alz=01;31:*.ace=01;31:*.zoo=01;31:*.cpio=01;31:*.7z=01;31:*.rz=01;31:*.cab=01;31:*.wim=01;31:*.swm=01;31:*.dwm=01;31:*.esd=01;31:*.jpg=01;35:*.jpeg=01;35:*.mjpg=01;35:*.mjpeg=01;35:*.gif=01;35:*.bmp=01;35:*.pbm=01;35:*.pgm=01;35:*.ppm=01;35:*.tga=01;35:*.xbm=01;35:*.xpm=01;35:*.tif=01;35:*.tiff=01;35:*.png=01;35:*.svg=01;35:*.svgz=01;35:*.mng=01;35:*.pcx=01;35:*.mov=01;35:*.mpg=01;35:*.mpeg=01;35:*.m2v=01;35:*.mkv=01;35:*.webm=01;35:*.webp=01;35:*.ogm=01;35:*.mp4=01;35:*.m4v=01;35:*.mp4v=01;35:*.vob=01;35:*.qt=01;35:*.nuv=01;35:*.wmv=01;35:*.asf=01;35:*.rm=01;35:*.rmvb=01;35:*.flc=01;35:*.avi=01;35:*.fli=01;35:*.flv=01;35:*.gl=01;35:*.dl=01;35:*.xcf=01;35:*.xwd=01;35:*.yuv=01;35:*.cgm=01;35:*.emf=01;35:*.ogv=01;35:*.ogx=01;35:*.aac=00;36:*.au=00;36:*.flac=00;36:*.m4a=00;36:*.mid=00;36:*.midi=00;36:*.mka=00;36:*.mp3=00;36:*.mpc=00;36:*.ogg=00;36:*.ra=00;36:*.wav=00;36:*.oga=00;36:*.opus=00;36:*.spx=00;36:*.xspf=00;36:'), ('ROS_DOMAIN_ID', '0'), ('AMENT_PREFIX_PATH', '/ros2_ws/install/robot_bringup:/ros2_ws/install/localization:/ros2_ws/install/telemetry_data:/ros2_ws/install/shooting:/ros2_ws/install/rf2o_laser_odometry:/ros2_ws/install/hardware:/ros2_ws/install/ydlidar_ros2_driver:/ros2_ws/install/robot_description:/ros2_ws/install/navigation:/ros2_ws/install/main_brain:/ros2_ws/install/foxglove:/opt/ros/humble'), ('PWD', '/ros2_ws/build/localization'), ('LC_ALL', 'C.UTF-8'), ('PYTHONPATH', '/opt/ros/humble/lib/python3.10/site-packages:/opt/ros/humble/local/lib/python3.10/dist-packages'), ('COLCON', '1'), ('CMAKE_PREFIX_PATH', '/ros2_ws/install/ydlidar_ros2_driver:/ros2_ws/install/rf2o_laser_odometry:/ros2_ws/install/robot_bringup:/ros2_ws/install/localization:/ros2_ws/install/telemetry_data:/ros2_ws/install/shooting:/ros2_ws/install/hardware:/ros2_ws/install/robot_description:/ros2_ws/install/navigation:/ros2_ws/install/main_brain:/ros2_ws/install/foxglove:/opt/ros/humble')]), 'shell': False}
[79.427086] (localization) StdoutLine: {'line': b'-- Install configuration: ""\n'}
[79.428503] (localization) StdoutLine: {'line': b'-- Execute custom install script\n'}
[79.428622] (localization) StdoutLine: {'line': b'-- Symlinking: /ros2_ws/install/localization/share/localization/config/ekf.yaml\n'}
[79.436003] (localization) StdoutLine: {'line': b'-- Symlinking: /ros2_ws/install/localization/share/localization/config/ekf_global.yaml\n'}
[79.438766] (-) TimerEvent: {}
[79.444249] (localization) StdoutLine: {'line': b'-- Symlinking: /ros2_ws/install/localization/share/localization/config/ekf_local.yaml\n'}
[79.453184] (localization) StdoutLine: {'line': b'-- Symlinking: /ros2_ws/install/localization/share/localization/config/lidar.yaml\n'}
[79.461238] (localization) StdoutLine: {'line': b'-- Symlinking: /ros2_ws/install/localization/share/localization/config/rf2o.yaml\n'}
[79.469213] (localization) StdoutLine: {'line': b'-- Symlinking: /ros2_ws/install/localization/share/localization/config/slam.yaml\n'}
[79.477834] (localization) StdoutLine: {'line': b'-- Symlinking: /ros2_ws/install/localization/share/localization/launch/launch.py\n'}
[79.485896] (localization) StdoutLine: {'line': b'-- Symlinking: /ros2_ws/install/localization/share/ament_index/resource_index/package_run_dependencies/localization\n'}
[79.495604] (localization) StdoutLine: {'line': b'-- Symlinking: /ros2_ws/install/localization/share/ament_index/resource_index/parent_prefix_path/localization\n'}
[79.504315] (localization) StdoutLine: {'line': b'-- Symlinking: /ros2_ws/install/localization/share/localization/environment/ament_prefix_path.sh\n'}
[79.512221] (localization) StdoutLine: {'line': b'-- Symlinking: /ros2_ws/install/localization/share/localization/environment/ament_prefix_path.dsv\n'}
[79.520214] (localization) StdoutLine: {'line': b'-- Symlinking: /ros2_ws/install/localization/share/localization/environment/path.sh\n'}
[79.529339] (localization) StdoutLine: {'line': b'-- Symlinking: /ros2_ws/install/localization/share/localization/environment/path.dsv\n'}
[79.537309] (localization) StdoutLine: {'line': b'-- Symlinking: /ros2_ws/install/localization/share/localization/local_setup.bash\n'}
[79.538852] (-) TimerEvent: {}
[79.545836] (localization) StdoutLine: {'line': b'-- Symlinking: /ros2_ws/install/localization/share/localization/local_setup.sh\n'}
[79.554295] (localization) StdoutLine: {'line': b'-- Symlinking: /ros2_ws/install/localization/share/localization/local_setup.zsh\n'}
[79.562482] (localization) StdoutLine: {'line': b'-- Symlinking: /ros2_ws/install/localization/share/localization/local_setup.dsv\n'}
[79.571168] (localization) StdoutLine: {'line': b'-- Symlinking: /ros2_ws/install/localization/share/localization/package.dsv\n'}
[79.580219] (localization) StdoutLine: {'line': b'-- Symlinking: /ros2_ws/install/localization/share/ament_index/resource_index/packages/localization\n'}
[79.588830] (localization) StdoutLine: {'line': b'-- Symlinking: /ros2_ws/install/localization/share/localization/cmake/localizationConfig.cmake\n'}
[79.596827] (localization) StdoutLine: {'line': b'-- Symlinking: /ros2_ws/install/localization/share/localization/cmake/localizationConfig-version.cmake\n'}
[79.604787] (localization) StdoutLine: {'line': b'-- Symlinking: /ros2_ws/install/localization/share/localization/package.xml\n'}
[79.614719] (localization) CommandEnded: {'returncode': 0}
[79.636784] (localization) JobEnded: {'identifier': 'localization', 'rc': 0}
[79.638869] (-) TimerEvent: {}
[79.639239] (robot_bringup) JobStarted: {'identifier': 'robot_bringup'}
[79.651382] (robot_bringup) JobProgress: {'identifier': 'robot_bringup', 'progress': 'cmake'}
[79.652088] (robot_bringup) Command: {'cmd': ['/usr/bin/cmake', '/ros2_ws/src/robot_bringup', '-DAMENT_CMAKE_SYMLINK_INSTALL=1', '-DCMAKE_INSTALL_PREFIX=/ros2_ws/install/robot_bringup'], 'cwd': '/ros2_ws/build/robot_bringup', 'env': OrderedDict([('HOSTNAME', 'yahav'), ('SHLVL', '1'), ('LD_LIBRARY_PATH', '/ros2_ws/install/hardware/lib:/opt/ros/humble/opt/rviz_ogre_vendor/lib:/opt/ros/humble/lib/aarch64-linux-gnu:/opt/ros/humble/lib'), ('HOME', '/root'), ('PYTHONUNBUFFERED', '1'), ('ROS_PYTHON_VERSION', '3'), ('COLCON_PREFIX_PATH', '/ros2_ws/install'), ('ROS_DISTRO', 'humble'), ('_', '/usr/bin/colcon'), ('ROS_VERSION', '2'), ('TERM', 'xterm'), ('ROS_LOCALHOST_ONLY', '0'), ('PATH', '/opt/ros/humble/bin:/usr/local/sbin:/usr/local/bin:/usr/sbin:/usr/bin:/sbin:/bin'), ('DISPLAY', ''), ('LANG', 'C.UTF-8'), ('LS_COLORS', 'rs=0:di=01;34:ln=01;36:mh=00:pi=40;33:so=01;35:do=01;35:bd=40;33;01:cd=40;33;01:or=40;31;01:mi=00:su=37;41:sg=30;43:ca=30;41:tw=30;42:ow=34;42:st=37;44:ex=01;32:*.tar=01;31:*.tgz=01;31:*.arc=01;31:*.arj=01;31:*.taz=01;31:*.lha=01;31:*.lz4=01;31:*.lzh=01;31:*.lzma=01;31:*.tlz=01;31:*.txz=01;31:*.tzo=01;31:*.t7z=01;31:*.zip=01;31:*.z=01;31:*.dz=01;31:*.gz=01;31:*.lrz=01;31:*.lz=01;31:*.lzo=01;31:*.xz=01;31:*.zst=01;31:*.tzst=01;31:*.bz2=01;31:*.bz=01;31:*.tbz=01;31:*.tbz2=01;31:*.tz=01;31:*.deb=01;31:*.rpm=01;31:*.jar=01;31:*.war=01;31:*.ear=01;31:*.sar=01;31:*.rar=01;31:*.alz=01;31:*.ace=01;31:*.zoo=01;31:*.cpio=01;31:*.7z=01;31:*.rz=01;31:*.cab=01;31:*.wim=01;31:*.swm=01;31:*.dwm=01;31:*.esd=01;31:*.jpg=01;35:*.jpeg=01;35:*.mjpg=01;35:*.mjpeg=01;35:*.gif=01;35:*.bmp=01;35:*.pbm=01;35:*.pgm=01;35:*.ppm=01;35:*.tga=01;35:*.xbm=01;35:*.xpm=01;35:*.tif=01;35:*.tiff=01;35:*.png=01;35:*.svg=01;35:*.svgz=01;35:*.mng=01;35:*.pcx=01;35:*.mov=01;35:*.mpg=01;35:*.mpeg=01;35:*.m2v=01;35:*.mkv=01;35:*.webm=01;35:*.webp=01;35:*.ogm=01;35:*.mp4=01;35:*.m4v=01;35:*.mp4v=01;35:*.vob=01;35:*.qt=01;35:*.nuv=01;35:*.wmv=01;35:*.asf=01;35:*.rm=01;35:*.rmvb=01;35:*.flc=01;35:*.avi=01;35:*.fli=01;35:*.flv=01;35:*.gl=01;35:*.dl=01;35:*.xcf=01;35:*.xwd=01;35:*.yuv=01;35:*.cgm=01;35:*.emf=01;35:*.ogv=01;35:*.ogx=01;35:*.aac=00;36:*.au=00;36:*.flac=00;36:*.m4a=00;36:*.mid=00;36:*.midi=00;36:*.mka=00;36:*.mp3=00;36:*.mpc=00;36:*.ogg=00;36:*.ra=00;36:*.wav=00;36:*.oga=00;36:*.opus=00;36:*.spx=00;36:*.xspf=00;36:'), ('ROS_DOMAIN_ID', '0'), ('AMENT_PREFIX_PATH', '/ros2_ws/install/robot_bringup:/ros2_ws/install/localization:/ros2_ws/install/telemetry_data:/ros2_ws/install/shooting:/ros2_ws/install/rf2o_laser_odometry:/ros2_ws/install/hardware:/ros2_ws/install/ydlidar_ros2_driver:/ros2_ws/install/robot_description:/ros2_ws/install/navigation:/ros2_ws/install/main_brain:/ros2_ws/install/foxglove:/opt/ros/humble'), ('PWD', '/ros2_ws/build/robot_bringup'), ('LC_ALL', 'C.UTF-8'), ('PYTHONPATH', '/opt/ros/humble/lib/python3.10/site-packages:/opt/ros/humble/local/lib/python3.10/dist-packages'), ('COLCON', '1'), ('CMAKE_PREFIX_PATH', '/ros2_ws/install/localization:/ros2_ws/install/ydlidar_ros2_driver:/ros2_ws/install/rf2o_laser_odometry:/ros2_ws/install/navigation:/ros2_ws/install/hardware:/ros2_ws/install/foxglove:/ros2_ws/install/robot_bringup:/ros2_ws/install/telemetry_data:/ros2_ws/install/shooting:/ros2_ws/install/robot_description:/ros2_ws/install/main_brain:/opt/ros/humble')]), 'shell': False}
[79.712211] (robot_bringup) StdoutLine: {'line': b'-- The C compiler identification is GNU 11.4.0\n'}
[79.739004] (-) TimerEvent: {}
[79.780070] (robot_bringup) StdoutLine: {'line': b'-- The CXX compiler identification is GNU 11.4.0\n'}
[79.787109] (robot_bringup) StdoutLine: {'line': b'-- Detecting C compiler ABI info\n'}
[79.839113] (-) TimerEvent: {}
[79.858526] (robot_bringup) StdoutLine: {'line': b'-- Detecting C compiler ABI info - done\n'}
[79.868499] (robot_bringup) StdoutLine: {'line': b'-- Check for working C compiler: /usr/bin/cc - skipped\n'}
[79.868772] (robot_bringup) StdoutLine: {'line': b'-- Detecting C compile features\n'}
[79.869251] (robot_bringup) StdoutLine: {'line': b'-- Detecting C compile features - done\n'}
[79.872983] (robot_bringup) StdoutLine: {'line': b'-- Detecting CXX compiler ABI info\n'}
[79.939257] (-) TimerEvent: {}
[79.956935] (robot_bringup) StdoutLine: {'line': b'-- Detecting CXX compiler ABI info - done\n'}
[79.963556] (robot_bringup) StdoutLine: {'line': b'-- Check for working CXX compiler: /usr/bin/c++ - skipped\n'}
[79.963867] (robot_bringup) StdoutLine: {'line': b'-- Detecting CXX compile features\n'}
[79.964424] (robot_bringup) StdoutLine: {'line': b'-- Detecting CXX compile features - done\n'}
[79.968145] (robot_bringup) StdoutLine: {'line': b'-- Found ament_cmake: 1.3.14 (/opt/ros/humble/share/ament_cmake/cmake)\n'}
[80.039341] (-) TimerEvent: {}
[80.109164] (robot_bringup) StdoutLine: {'line': b'-- Found Python3: /usr/bin/python3 (found version "3.10.12") found components: Interpreter \n'}
[80.139442] (-) TimerEvent: {}
[80.187388] (robot_bringup) StdoutLine: {'line': b'-- Override CMake install command with custom implementation using symlinks instead of copying resources\n'}
[80.230207] (robot_bringup) StdoutLine: {'line': b'-- Found ament_lint_auto: 0.12.15 (/opt/ros/humble/share/ament_lint_auto/cmake)\n'}
[80.239548] (-) TimerEvent: {}
[80.341925] (-) TimerEvent: {}
[80.355479] (robot_bringup) StdoutLine: {'line': b"-- Added test 'flake8' to check Python code syntax and style conventions\n"}
[80.356122] (robot_bringup) StdoutLine: {'line': b"-- Added test 'lint_cmake' to check CMake code style\n"}
[80.357474] (robot_bringup) StdoutLine: {'line': b"-- Added test 'pep257' to check Python code against some of the docstring style conventions in PEP 257\n"}
[80.358584] (robot_bringup) StdoutLine: {'line': b"-- Added test 'xmllint' to check XML markup files\n"}
[80.360759] (robot_bringup) StdoutLine: {'line': b'-- Configuring done\n'}
[80.365980] (robot_bringup) StdoutLine: {'line': b'-- Generating done\n'}
[80.369991] (robot_bringup) StdoutLine: {'line': b'-- Build files have been written to: /ros2_ws/build/robot_bringup\n'}
[80.375426] (robot_bringup) CommandEnded: {'returncode': 0}
[80.375857] (robot_bringup) JobProgress: {'identifier': 'robot_bringup', 'progress': 'build'}
[80.375893] (robot_bringup) Command: {'cmd': ['/usr/bin/cmake', '--build', '/ros2_ws/build/robot_bringup', '--', '-j4', '-l4'], 'cwd': '/ros2_ws/build/robot_bringup', 'env': OrderedDict([('HOSTNAME', 'yahav'), ('SHLVL', '1'), ('LD_LIBRARY_PATH', '/ros2_ws/install/hardware/lib:/opt/ros/humble/opt/rviz_ogre_vendor/lib:/opt/ros/humble/lib/aarch64-linux-gnu:/opt/ros/humble/lib'), ('HOME', '/root'), ('PYTHONUNBUFFERED', '1'), ('ROS_PYTHON_VERSION', '3'), ('COLCON_PREFIX_PATH', '/ros2_ws/install'), ('ROS_DISTRO', 'humble'), ('_', '/usr/bin/colcon'), ('ROS_VERSION', '2'), ('TERM', 'xterm'), ('ROS_LOCALHOST_ONLY', '0'), ('PATH', '/opt/ros/humble/bin:/usr/local/sbin:/usr/local/bin:/usr/sbin:/usr/bin:/sbin:/bin'), ('DISPLAY', ''), ('LANG', 'C.UTF-8'), ('LS_COLORS', 'rs=0:di=01;34:ln=01;36:mh=00:pi=40;33:so=01;35:do=01;35:bd=40;33;01:cd=40;33;01:or=40;31;01:mi=00:su=37;41:sg=30;43:ca=30;41:tw=30;42:ow=34;42:st=37;44:ex=01;32:*.tar=01;31:*.tgz=01;31:*.arc=01;31:*.arj=01;31:*.taz=01;31:*.lha=01;31:*.lz4=01;31:*.lzh=01;31:*.lzma=01;31:*.tlz=01;31:*.txz=01;31:*.tzo=01;31:*.t7z=01;31:*.zip=01;31:*.z=01;31:*.dz=01;31:*.gz=01;31:*.lrz=01;31:*.lz=01;31:*.lzo=01;31:*.xz=01;31:*.zst=01;31:*.tzst=01;31:*.bz2=01;31:*.bz=01;31:*.tbz=01;31:*.tbz2=01;31:*.tz=01;31:*.deb=01;31:*.rpm=01;31:*.jar=01;31:*.war=01;31:*.ear=01;31:*.sar=01;31:*.rar=01;31:*.alz=01;31:*.ace=01;31:*.zoo=01;31:*.cpio=01;31:*.7z=01;31:*.rz=01;31:*.cab=01;31:*.wim=01;31:*.swm=01;31:*.dwm=01;31:*.esd=01;31:*.jpg=01;35:*.jpeg=01;35:*.mjpg=01;35:*.mjpeg=01;35:*.gif=01;35:*.bmp=01;35:*.pbm=01;35:*.pgm=01;35:*.ppm=01;35:*.tga=01;35:*.xbm=01;35:*.xpm=01;35:*.tif=01;35:*.tiff=01;35:*.png=01;35:*.svg=01;35:*.svgz=01;35:*.mng=01;35:*.pcx=01;35:*.mov=01;35:*.mpg=01;35:*.mpeg=01;35:*.m2v=01;35:*.mkv=01;35:*.webm=01;35:*.webp=01;35:*.ogm=01;35:*.mp4=01;35:*.m4v=01;35:*.mp4v=01;35:*.vob=01;35:*.qt=01;35:*.nuv=01;35:*.wmv=01;35:*.asf=01;35:*.rm=01;35:*.rmvb=01;35:*.flc=01;35:*.avi=01;35:*.fli=01;35:*.flv=01;35:*.gl=01;35:*.dl=01;35:*.xcf=01;35:*.xwd=01;35:*.yuv=01;35:*.cgm=01;35:*.emf=01;35:*.ogv=01;35:*.ogx=01;35:*.aac=00;36:*.au=00;36:*.flac=00;36:*.m4a=00;36:*.mid=00;36:*.midi=00;36:*.mka=00;36:*.mp3=00;36:*.mpc=00;36:*.ogg=00;36:*.ra=00;36:*.wav=00;36:*.oga=00;36:*.opus=00;36:*.spx=00;36:*.xspf=00;36:'), ('ROS_DOMAIN_ID', '0'), ('AMENT_PREFIX_PATH', '/ros2_ws/install/robot_bringup:/ros2_ws/install/localization:/ros2_ws/install/telemetry_data:/ros2_ws/install/shooting:/ros2_ws/install/rf2o_laser_odometry:/ros2_ws/install/hardware:/ros2_ws/install/ydlidar_ros2_driver:/ros2_ws/install/robot_description:/ros2_ws/install/navigation:/ros2_ws/install/main_brain:/ros2_ws/install/foxglove:/opt/ros/humble'), ('PWD', '/ros2_ws/build/robot_bringup'), ('LC_ALL', 'C.UTF-8'), ('PYTHONPATH', '/opt/ros/humble/lib/python3.10/site-packages:/opt/ros/humble/local/lib/python3.10/dist-packages'), ('COLCON', '1'), ('CMAKE_PREFIX_PATH', '/ros2_ws/install/localization:/ros2_ws/install/ydlidar_ros2_driver:/ros2_ws/install/rf2o_laser_odometry:/ros2_ws/install/navigation:/ros2_ws/install/hardware:/ros2_ws/install/foxglove:/ros2_ws/install/robot_bringup:/ros2_ws/install/telemetry_data:/ros2_ws/install/shooting:/ros2_ws/install/robot_description:/ros2_ws/install/main_brain:/opt/ros/humble')]), 'shell': False}
[80.411553] (robot_bringup) CommandEnded: {'returncode': 0}
[80.411989] (robot_bringup) JobProgress: {'identifier': 'robot_bringup', 'progress': 'install'}
[80.412025] (robot_bringup) Command: {'cmd': ['/usr/bin/cmake', '--install', '/ros2_ws/build/robot_bringup'], 'cwd': '/ros2_ws/build/robot_bringup', 'env': OrderedDict([('HOSTNAME', 'yahav'), ('SHLVL', '1'), ('LD_LIBRARY_PATH', '/ros2_ws/install/hardware/lib:/opt/ros/humble/opt/rviz_ogre_vendor/lib:/opt/ros/humble/lib/aarch64-linux-gnu:/opt/ros/humble/lib'), ('HOME', '/root'), ('PYTHONUNBUFFERED', '1'), ('ROS_PYTHON_VERSION', '3'), ('COLCON_PREFIX_PATH', '/ros2_ws/install'), ('ROS_DISTRO', 'humble'), ('_', '/usr/bin/colcon'), ('ROS_VERSION', '2'), ('TERM', 'xterm'), ('ROS_LOCALHOST_ONLY', '0'), ('PATH', '/opt/ros/humble/bin:/usr/local/sbin:/usr/local/bin:/usr/sbin:/usr/bin:/sbin:/bin'), ('DISPLAY', ''), ('LANG', 'C.UTF-8'), ('LS_COLORS', 'rs=0:di=01;34:ln=01;36:mh=00:pi=40;33:so=01;35:do=01;35:bd=40;33;01:cd=40;33;01:or=40;31;01:mi=00:su=37;41:sg=30;43:ca=30;41:tw=30;42:ow=34;42:st=37;44:ex=01;32:*.tar=01;31:*.tgz=01;31:*.arc=01;31:*.arj=01;31:*.taz=01;31:*.lha=01;31:*.lz4=01;31:*.lzh=01;31:*.lzma=01;31:*.tlz=01;31:*.txz=01;31:*.tzo=01;31:*.t7z=01;31:*.zip=01;31:*.z=01;31:*.dz=01;31:*.gz=01;31:*.lrz=01;31:*.lz=01;31:*.lzo=01;31:*.xz=01;31:*.zst=01;31:*.tzst=01;31:*.bz2=01;31:*.bz=01;31:*.tbz=01;31:*.tbz2=01;31:*.tz=01;31:*.deb=01;31:*.rpm=01;31:*.jar=01;31:*.war=01;31:*.ear=01;31:*.sar=01;31:*.rar=01;31:*.alz=01;31:*.ace=01;31:*.zoo=01;31:*.cpio=01;31:*.7z=01;31:*.rz=01;31:*.cab=01;31:*.wim=01;31:*.swm=01;31:*.dwm=01;31:*.esd=01;31:*.jpg=01;35:*.jpeg=01;35:*.mjpg=01;35:*.mjpeg=01;35:*.gif=01;35:*.bmp=01;35:*.pbm=01;35:*.pgm=01;35:*.ppm=01;35:*.tga=01;35:*.xbm=01;35:*.xpm=01;35:*.tif=01;35:*.tiff=01;35:*.png=01;35:*.svg=01;35:*.svgz=01;35:*.mng=01;35:*.pcx=01;35:*.mov=01;35:*.mpg=01;35:*.mpeg=01;35:*.m2v=01;35:*.mkv=01;35:*.webm=01;35:*.webp=01;35:*.ogm=01;35:*.mp4=01;35:*.m4v=01;35:*.mp4v=01;35:*.vob=01;35:*.qt=01;35:*.nuv=01;35:*.wmv=01;35:*.asf=01;35:*.rm=01;35:*.rmvb=01;35:*.flc=01;35:*.avi=01;35:*.fli=01;35:*.flv=01;35:*.gl=01;35:*.dl=01;35:*.xcf=01;35:*.xwd=01;35:*.yuv=01;35:*.cgm=01;35:*.emf=01;35:*.ogv=01;35:*.ogx=01;35:*.aac=00;36:*.au=00;36:*.flac=00;36:*.m4a=00;36:*.mid=00;36:*.midi=00;36:*.mka=00;36:*.mp3=00;36:*.mpc=00;36:*.ogg=00;36:*.ra=00;36:*.wav=00;36:*.oga=00;36:*.opus=00;36:*.spx=00;36:*.xspf=00;36:'), ('ROS_DOMAIN_ID', '0'), ('AMENT_PREFIX_PATH', '/ros2_ws/install/robot_bringup:/ros2_ws/install/localization:/ros2_ws/install/telemetry_data:/ros2_ws/install/shooting:/ros2_ws/install/rf2o_laser_odometry:/ros2_ws/install/hardware:/ros2_ws/install/ydlidar_ros2_driver:/ros2_ws/install/robot_description:/ros2_ws/install/navigation:/ros2_ws/install/main_brain:/ros2_ws/install/foxglove:/opt/ros/humble'), ('PWD', '/ros2_ws/build/robot_bringup'), ('LC_ALL', 'C.UTF-8'), ('PYTHONPATH', '/opt/ros/humble/lib/python3.10/site-packages:/opt/ros/humble/local/lib/python3.10/dist-packages'), ('COLCON', '1'), ('CMAKE_PREFIX_PATH', '/ros2_ws/install/localization:/ros2_ws/install/ydlidar_ros2_driver:/ros2_ws/install/rf2o_laser_odometry:/ros2_ws/install/navigation:/ros2_ws/install/hardware:/ros2_ws/install/foxglove:/ros2_ws/install/robot_bringup:/ros2_ws/install/telemetry_data:/ros2_ws/install/shooting:/ros2_ws/install/robot_description:/ros2_ws/install/main_brain:/opt/ros/humble')]), 'shell': False}
[80.418640] (robot_bringup) StdoutLine: {'line': b'-- Install configuration: ""\n'}
[80.419209] (robot_bringup) StdoutLine: {'line': b'-- Execute custom install script\n'}
[80.419592] (robot_bringup) StdoutLine: {'line': b'-- Symlinking: /ros2_ws/install/robot_bringup/share/robot_bringup/launch/launch.py\n'}
[80.428962] (robot_bringup) StdoutLine: {'line': b'-- Symlinking: /ros2_ws/install/robot_bringup/share/ament_index/resource_index/package_run_dependencies/robot_bringup\n'}
[80.436895] (robot_bringup) StdoutLine: {'line': b'-- Symlinking: /ros2_ws/install/robot_bringup/share/ament_index/resource_index/parent_prefix_path/robot_bringup\n'}
[80.442013] (-) TimerEvent: {}
[80.445444] (robot_bringup) StdoutLine: {'line': b'-- Symlinking: /ros2_ws/install/robot_bringup/share/robot_bringup/environment/ament_prefix_path.sh\n'}
[80.454130] (robot_bringup) StdoutLine: {'line': b'-- Symlinking: /ros2_ws/install/robot_bringup/share/robot_bringup/environment/ament_prefix_path.dsv\n'}
[80.462183] (robot_bringup) StdoutLine: {'line': b'-- Symlinking: /ros2_ws/install/robot_bringup/share/robot_bringup/environment/path.sh\n'}
[80.470135] (robot_bringup) StdoutLine: {'line': b'-- Symlinking: /ros2_ws/install/robot_bringup/share/robot_bringup/environment/path.dsv\n'}
[80.478975] (robot_bringup) StdoutLine: {'line': b'-- Symlinking: /ros2_ws/install/robot_bringup/share/robot_bringup/local_setup.bash\n'}
[80.487409] (robot_bringup) StdoutLine: {'line': b'-- Symlinking: /ros2_ws/install/robot_bringup/share/robot_bringup/local_setup.sh\n'}
[80.495530] (robot_bringup) StdoutLine: {'line': b'-- Symlinking: /ros2_ws/install/robot_bringup/share/robot_bringup/local_setup.zsh\n'}
[80.503516] (robot_bringup) StdoutLine: {'line': b'-- Symlinking: /ros2_ws/install/robot_bringup/share/robot_bringup/local_setup.dsv\n'}
[80.511710] (robot_bringup) StdoutLine: {'line': b'-- Symlinking: /ros2_ws/install/robot_bringup/share/robot_bringup/package.dsv\n'}
[80.519949] (robot_bringup) StdoutLine: {'line': b'-- Symlinking: /ros2_ws/install/robot_bringup/share/ament_index/resource_index/packages/robot_bringup\n'}
[80.528410] (robot_bringup) StdoutLine: {'line': b'-- Symlinking: /ros2_ws/install/robot_bringup/share/robot_bringup/cmake/robot_bringupConfig.cmake\n'}
[80.537196] (robot_bringup) StdoutLine: {'line': b'-- Symlinking: /ros2_ws/install/robot_bringup/share/robot_bringup/cmake/robot_bringupConfig-version.cmake\n'}
[80.542097] (-) TimerEvent: {}
[80.545570] (robot_bringup) StdoutLine: {'line': b'-- Symlinking: /ros2_ws/install/robot_bringup/share/robot_bringup/package.xml\n'}
[80.555851] (robot_bringup) CommandEnded: {'returncode': 0}
[80.572752] (robot_bringup) JobEnded: {'identifier': 'robot_bringup', 'rc': 0}
[80.574234] (-) EventReactorShutdown: {}
